<?xml version="1.0" encoding="UTF-8" standalone="no" ?>
<COLLADA xmlns="http://www.collada.org/2005/11/COLLADASchema" version="1.4.1">
    <asset>
        <contributor>
            <authoring_tool>SketchUp 17.2.2555</authoring_tool>
        </contributor>
        <created>2017-04-10T21:38:36Z</created>
        <modified>2017-04-10T21:38:36Z</modified>
        <unit meter="0.0254" name="inch" />
        <up_axis>Z_UP</up_axis>
    </asset>
    <library_cameras>
        <camera id="ID1" name="skp_camera_Last_Saved_SketchUp_View">
            <optics>
                <technique_common>
                    <orthographic>
                        <xmag>1</xmag>
                        <aspect_ratio>0</aspect_ratio>
                        <znear>1</znear>
                        <zfar>1000</zfar>
                    </orthographic>
                </technique_common>
            </optics>
        </camera>
    </library_cameras>
    <library_visual_scenes>
        <visual_scene id="ID2">
            <node name="SketchUp">
                <node name="skp_camera_Last_Saved_SketchUp_View">
                    <matrix>0.6688548 -0.4686635 0.5770509 181.2638 0.743393 0.4216717 -0.5191914 -113.1857 0 0.7762393 0.6304383 191.5617 0 0 0 1</matrix>
                    <instance_camera url="#ID1" />
                </node>
                <node id="ID3" name="instance_0">
                    <matrix>-1 1.925563e-13 2.012156e-13 44.78234 -2.775933e-13 -0.6306758 -0.7760464 37.87802 -2.253081e-14 -0.7760464 0.6306758 40.2205 0 0 0 1</matrix>
                    <instance_node url="#ID4" />
                </node>
            </node>
        </visual_scene>
    </library_visual_scenes>
    <library_nodes>
        <node id="ID4" name="spiked_shield">
            <instance_geometry url="#ID5">
                <bind_material>
                    <technique_common>
                        <instance_material symbol="Material2" target="#ID6">
                            <bind_vertex_input semantic="UVSET0" input_semantic="TEXCOORD" input_set="0" />
                        </instance_material>
                    </technique_common>
                </bind_material>
            </instance_geometry>
            <instance_geometry url="#ID18">
                <bind_material>
                    <technique_common>
                        <instance_material symbol="Material2" target="#ID19">
                            <bind_vertex_input semantic="UVSET0" input_semantic="TEXCOORD" input_set="0" />
                        </instance_material>
                    </technique_common>
                </bind_material>
            </instance_geometry>
            <instance_geometry url="#ID31">
                <bind_material>
                    <technique_common>
                        <instance_material symbol="Material2" target="#ID6">
                            <bind_vertex_input semantic="UVSET0" input_semantic="TEXCOORD" input_set="0" />
                        </instance_material>
                    </technique_common>
                </bind_material>
            </instance_geometry>
            <instance_geometry url="#ID39">
                <bind_material>
                    <technique_common>
                        <instance_material symbol="Material2" target="#ID41">
                            <bind_vertex_input semantic="UVSET0" input_semantic="TEXCOORD" input_set="0" />
                        </instance_material>
                    </technique_common>
                </bind_material>
            </instance_geometry>
            <instance_geometry url="#ID47">
                <bind_material>
                    <technique_common>
                        <instance_material symbol="Material2" target="#ID19">
                            <bind_vertex_input semantic="UVSET0" input_semantic="TEXCOORD" input_set="0" />
                        </instance_material>
                    </technique_common>
                </bind_material>
            </instance_geometry>
            <instance_geometry url="#ID55">
                <bind_material>
                    <technique_common>
                        <instance_material symbol="Material2" target="#ID6">
                            <bind_vertex_input semantic="UVSET0" input_semantic="TEXCOORD" input_set="0" />
                        </instance_material>
                    </technique_common>
                </bind_material>
            </instance_geometry>
            <instance_geometry url="#ID63">
                <bind_material>
                    <technique_common>
                        <instance_material symbol="Material2" target="#ID6">
                            <bind_vertex_input semantic="UVSET0" input_semantic="TEXCOORD" input_set="0" />
                        </instance_material>
                    </technique_common>
                </bind_material>
            </instance_geometry>
            <instance_geometry url="#ID71">
                <bind_material>
                    <technique_common>
                        <instance_material symbol="Material2" target="#ID41">
                            <bind_vertex_input semantic="UVSET0" input_semantic="TEXCOORD" input_set="0" />
                        </instance_material>
                    </technique_common>
                </bind_material>
            </instance_geometry>
            <instance_geometry url="#ID77">
                <bind_material>
                    <technique_common>
                        <instance_material symbol="Material2" target="#ID19">
                            <bind_vertex_input semantic="UVSET0" input_semantic="TEXCOORD" input_set="0" />
                        </instance_material>
                    </technique_common>
                </bind_material>
            </instance_geometry>
            <instance_geometry url="#ID85">
                <bind_material>
                    <technique_common>
                        <instance_material symbol="Material2" target="#ID86">
                            <bind_vertex_input semantic="UVSET0" input_semantic="TEXCOORD" input_set="0" />
                        </instance_material>
                    </technique_common>
                </bind_material>
            </instance_geometry>
            <instance_geometry url="#ID98">
                <bind_material>
                    <technique_common>
                        <instance_material symbol="Material2" target="#ID99">
                            <bind_vertex_input semantic="UVSET0" input_semantic="TEXCOORD" input_set="0" />
                        </instance_material>
                    </technique_common>
                </bind_material>
            </instance_geometry>
            <instance_geometry url="#ID104">
                <bind_material>
                    <technique_common>
                        <instance_material symbol="Material2" target="#ID99">
                            <bind_vertex_input semantic="UVSET0" input_semantic="TEXCOORD" input_set="0" />
                        </instance_material>
                    </technique_common>
                </bind_material>
            </instance_geometry>
        </node>
    </library_nodes>
    <library_geometries>
        <geometry id="ID5">
            <mesh>
                <source id="ID11">
                    <float_array id="ID15" count="576">31.33678 20.77183 1.574803 35.25388 21.16728 0.984252 34.31059 25.16866 0.984252 30.98305 22.27235 1.574803 31.24341 17.68995 1.574803 35.12939 17.0581 0.984252 35.25388 21.16728 0.984252 31.33678 20.77183 1.574803 30.62932 23.77286 5.511811 30.98305 22.27235 1.574803 34.31059 25.16866 0.984252 30.79949 16.2136 1.574803 33.94561 13.12116 0.984252 35.12939 17.0581 0.984252 31.24341 17.68995 1.574803 30.62932 23.77286 5.511811 27.86836 22.72602 1.377953 30.98305 22.27235 1.574803 30.62932 23.77286 5.511811 34.31059 25.16866 0.984252 29.89927 25.1307 1.574803 30.35558 14.73724 5.511811 33.94561 13.12116 0.984252 30.79949 16.2136 1.574803 30.62932 23.77286 5.511811 29.89927 25.1307 1.574803 27.86836 22.72602 1.377953 29.89927 25.1307 1.574803 34.31059 25.16866 0.984252 32.36382 28.78955 0.984252 29.16923 26.48854 1.574803 30.35558 14.73724 5.511811 29.54468 13.42609 1.574803 33.94561 13.12116 0.984252 30.35558 14.73724 5.511811 30.79949 16.2136 1.574803 27.66305 15.9493 1.377953 29.16923 26.48854 1.574803 32.36382 28.78955 0.984252 29.54622 31.78321 0.984252 27.05603 28.73378 1.574803 30.35558 14.73724 5.511811 27.66305 15.9493 1.377953 29.54468 13.42609 1.574803 28.73378 12.11494 1.574803 31.78321 9.624757 0.984252 33.94561 13.12116 0.984252 29.54468 13.42609 1.574803 27.05603 28.73378 1.574803 29.54622 31.78321 0.984252 26.04981 33.94561 0.984252 25.74488 29.54468 1.574803 26.48854 10.00174 1.574803 28.78955 6.807159 0.984252 31.78321 9.624757 0.984252 28.73378 12.11494 1.574803 24.43373 30.35558 5.511811 25.74488 29.54468 1.574803 26.04981 33.94561 0.984252 25.1307 9.2717 1.574803 25.16866 4.860382 0.984252 28.78955 6.807159 0.984252 26.48854 10.00174 1.574803 24.43373 30.35558 5.511811 23.22167 27.66305 1.377953 25.74488 29.54468 1.574803 24.43373 30.35558 5.511811 26.04981 33.94561 0.984252 22.95738 30.79949 1.574803 23.77286 8.541658 5.511811 25.16866 4.860382 0.984252 25.1307 9.2717 1.574803 24.43373 30.35558 5.511811 22.95738 30.79949 1.574803 23.22167 27.66305 1.377953 22.95738 30.79949 1.574803 26.04981 33.94561 0.984252 22.11287 35.12939 0.984252 21.48103 31.24341 1.574803 23.77286 8.541658 5.511811 22.27235 8.187927 1.574803 25.16866 4.860382 0.984252 23.77286 8.541658 5.511811 25.1307 9.2717 1.574803 22.72602 11.30262 1.377953 21.48103 31.24341 1.574803 22.11287 35.12939 0.984252 18.0037 35.25388 0.984252 18.39914 31.33678 1.574803 23.77286 8.541658 5.511811 22.72602 11.30262 1.377953 22.27235 8.187927 1.574803 20.77183 7.834195 1.574803 21.16728 3.917097 0.984252 25.16866 4.860382 0.984252 22.27235 8.187927 1.574803 18.39914 31.33678 1.574803 18.0037 35.25388 0.984252 14.00232 34.31059 0.984252 16.89863 30.98305 1.574803 17.68995 7.927562 1.574803 17.0581 4.041588 0.984252 21.16728 3.917097 0.984252 20.77183 7.834195 1.574803 15.39811 30.62932 5.511811 16.89863 30.98305 1.574803 14.00232 34.31059 0.984252 16.2136 8.37148 1.574803 13.12116 5.225369 0.984252 17.0581 4.041588 0.984252 17.68995 7.927562 1.574803 15.39811 30.62932 5.511811 16.44495 27.86836 1.377953 16.89863 30.98305 1.574803 15.39811 30.62932 5.511811 14.00232 34.31059 0.984252 14.04027 29.89927 1.574803 14.73724 8.815398 5.511811 13.12116 5.225369 0.984252 16.2136 8.37148 1.574803 15.39811 30.62932 5.511811 14.04027 29.89927 1.574803 16.44495 27.86836 1.377953 14.04027 29.89927 1.574803 14.00232 34.31059 0.984252 10.38142 32.36382 0.984252 12.68244 29.16923 1.574803 14.73724 8.815398 5.511811 13.42609 9.626298 1.574803 13.12116 5.225369 0.984252 14.73724 8.815398 5.511811 16.2136 8.37148 1.574803 15.9493 11.50792 1.377953 12.68244 29.16923 1.574803 10.38142 32.36382 0.984252 7.387768 29.54622 0.984252 10.4372 27.05603 1.574803 14.73724 8.815398 5.511811 15.9493 11.50792 1.377953 13.42609 9.626298 1.574803 12.11494 10.4372 1.574803 9.624757 7.387768 0.984252 13.12116 5.225369 0.984252 13.42609 9.626298 1.574803 10.4372 27.05603 1.574803 7.387768 29.54622 0.984252 5.225369 26.04981 0.984252 9.626298 25.74488 1.574803 10.00174 12.68244 1.574803 6.807159 10.38142 0.984252 9.624757 7.387768 0.984252 12.11494 10.4372 1.574803 8.815398 24.43373 5.511811 9.626298 25.74488 1.574803 5.225369 26.04981 0.984252 9.2717 14.04027 1.574803 4.860382 14.00232 0.984252 6.807159 10.38142 0.984252 10.00174 12.68244 1.574803 8.815398 24.43373 5.511811 11.50792 23.22167 1.377953 9.626298 25.74488 1.574803 8.815398 24.43373 5.511811 5.225369 26.04981 0.984252 8.37148 22.95738 1.574803 8.541658 15.39811 5.511811 4.860382 14.00232 0.984252 9.2717 14.04027 1.574803 8.815398 24.43373 5.511811 8.37148 22.95738 1.574803 11.50792 23.22167 1.377953 8.37148 22.95738 1.574803 5.225369 26.04981 0.984252 4.041588 22.11287 0.984252 7.927562 21.48103 1.574803 8.541658 15.39811 5.511811 8.187927 16.89863 1.574803 4.860382 14.00232 0.984252 8.541658 15.39811 5.511811 9.2717 14.04027 1.574803 11.30262 16.44495 1.377953 7.927562 21.48103 1.574803 4.041588 22.11287 0.984252 3.917097 18.0037 0.984252 7.834195 18.39914 1.574803 8.541658 15.39811 5.511811 11.30262 16.44495 1.377953 8.187927 16.89863 1.574803 7.834195 18.39914 1.574803 3.917097 18.0037 0.984252 4.860382 14.00232 0.984252 8.187927 16.89863 1.574803</float_array>
                    <technique_common>
                        <accessor count="192" source="#ID15" stride="3">
                            <param name="X" type="float" />
                            <param name="Y" type="float" />
                            <param name="Z" type="float" />
                        </accessor>
                    </technique_common>
                </source>
                <source id="ID12">
                    <float_array id="ID16" count="576">0.1456009 0.03432394 0.9887478 0.1456009 0.03432394 0.9887478 0.1456009 0.03432394 0.9887478 0.1456009 0.03432394 0.9887478 0.1495234 -0.004529904 0.9887478 0.1495234 -0.004529904 0.9887478 0.1495234 -0.004529904 0.9887478 0.1495234 -0.004529904 0.9887478 0.6536812 -0.6857429 0.32009 0.6536812 -0.6857429 0.32009 0.6536812 -0.6857429 0.32009 0.143256 -0.04307504 0.9887478 0.143256 -0.04307504 0.9887478 0.143256 -0.04307504 0.9887478 0.143256 -0.04307504 0.9887478 -0.15655 -0.9275098 0.3394374 -0.15655 -0.9275098 0.3394374 -0.15655 -0.9275098 0.3394374 0.03470487 0.9467513 0.32009 0.03470487 0.9467513 0.32009 0.03470487 0.9467513 0.32009 0.6939943 0.6449142 0.32009 0.6939943 0.6449142 0.32009 0.6939943 0.6449142 0.32009 -0.7321391 0.5905545 0.3394374 -0.7321391 0.5905545 0.3394374 -0.7321391 0.5905545 0.3394374 0.131756 0.07083866 0.9887478 0.131756 0.07083866 0.9887478 0.131756 0.07083866 0.9887478 0.131756 0.07083866 0.9887478 -0.02267103 -0.9471158 0.32009 -0.02267103 -0.9471158 0.32009 -0.02267103 -0.9471158 0.32009 -0.1001154 0.9352856 0.3394374 -0.1001154 0.9352856 0.3394374 -0.1001154 0.9352856 0.3394374 0.1089321 0.1025258 0.9887478 0.1089321 0.1025258 0.9887478 0.1089321 0.1025258 0.9887478 0.1089321 0.1025258 0.9887478 -0.766546 -0.5451509 0.3394374 -0.766546 -0.5451509 0.3394374 -0.766546 -0.5451509 0.3394374 0.1272261 -0.07868469 0.9887478 0.1272261 -0.07868469 0.9887478 0.1272261 -0.07868469 0.9887478 0.1272261 -0.07868469 0.9887478 0.07868469 0.1272261 0.9887478 0.07868469 0.1272261 0.9887478 0.07868469 0.1272261 0.9887478 0.07868469 0.1272261 0.9887478 0.1025258 -0.1089321 0.9887478 0.1025258 -0.1089321 0.9887478 0.1025258 -0.1089321 0.9887478 0.1025258 -0.1089321 0.9887478 0.9471158 -0.02267103 0.32009 0.9471158 -0.02267103 0.32009 0.9471158 -0.02267103 0.32009 0.07083866 -0.131756 0.9887478 0.07083866 -0.131756 0.9887478 0.07083866 -0.131756 0.9887478 0.07083866 -0.131756 0.9887478 0.5451509 -0.766546 0.3394374 0.5451509 -0.766546 0.3394374 0.5451509 -0.766546 0.3394374 -0.6449142 0.6939943 0.32009 -0.6449142 0.6939943 0.32009 -0.6449142 0.6939943 0.32009 0.9467513 -0.03470487 0.32009 0.9467513 -0.03470487 0.32009 0.9467513 -0.03470487 0.32009 -0.9352856 -0.1001154 0.3394374 -0.9352856 -0.1001154 0.3394374 -0.9352856 -0.1001154 0.3394374 0.04307504 0.143256 0.9887478 0.04307504 0.143256 0.9887478 0.04307504 0.143256 0.9887478 0.04307504 0.143256 0.9887478 -0.6857429 -0.6536812 0.32009 -0.6857429 -0.6536812 0.32009 -0.6857429 -0.6536812 0.32009 0.5905545 0.7321391 0.3394374 0.5905545 0.7321391 0.3394374 0.5905545 0.7321391 0.3394374 0.004529904 0.1495234 0.9887478 0.004529904 0.1495234 0.9887478 0.004529904 0.1495234 0.9887478 0.004529904 0.1495234 0.9887478 -0.9275098 0.15655 0.3394374 -0.9275098 0.15655 0.3394374 -0.9275098 0.15655 0.3394374 0.03432394 -0.1456009 0.9887478 0.03432394 -0.1456009 0.9887478 0.03432394 -0.1456009 0.9887478 0.03432394 -0.1456009 0.9887478 -0.03432394 0.1456009 0.9887478 -0.03432394 0.1456009 0.9887478 -0.03432394 0.1456009 0.9887478 -0.03432394 0.1456009 0.9887478 -0.004529904 -0.1495234 0.9887478 -0.004529904 -0.1495234 0.9887478 -0.004529904 -0.1495234 0.9887478 -0.004529904 -0.1495234 0.9887478 0.6857429 0.6536812 0.32009 0.6857429 0.6536812 0.32009 0.6857429 0.6536812 0.32009 -0.04307504 -0.143256 0.9887478 -0.04307504 -0.143256 0.9887478 -0.04307504 -0.143256 0.9887478 -0.04307504 -0.143256 0.9887478 0.9275098 -0.15655 0.3394374 0.9275098 -0.15655 0.3394374 0.9275098 -0.15655 0.3394374 -0.9467513 0.03470487 0.32009 -0.9467513 0.03470487 0.32009 -0.9467513 0.03470487 0.32009 0.6449142 -0.6939943 0.32009 0.6449142 -0.6939943 0.32009 0.6449142 -0.6939943 0.32009 -0.5905545 -0.7321391 0.3394374 -0.5905545 -0.7321391 0.3394374 -0.5905545 -0.7321391 0.3394374 -0.07083866 0.131756 0.9887478 -0.07083866 0.131756 0.9887478 -0.07083866 0.131756 0.9887478 -0.07083866 0.131756 0.9887478 -0.9471158 0.02267103 0.32009 -0.9471158 0.02267103 0.32009 -0.9471158 0.02267103 0.32009 0.9352856 0.1001154 0.3394374 0.9352856 0.1001154 0.3394374 0.9352856 0.1001154 0.3394374 -0.1025258 0.1089321 0.9887478 -0.1025258 0.1089321 0.9887478 -0.1025258 0.1089321 0.9887478 -0.1025258 0.1089321 0.9887478 -0.5451509 0.766546 0.3394374 -0.5451509 0.766546 0.3394374 -0.5451509 0.766546 0.3394374 -0.07868469 -0.1272261 0.9887478 -0.07868469 -0.1272261 0.9887478 -0.07868469 -0.1272261 0.9887478 -0.07868469 -0.1272261 0.9887478 -0.1272261 0.07868469 0.9887478 -0.1272261 0.07868469 0.9887478 -0.1272261 0.07868469 0.9887478 -0.1272261 0.07868469 0.9887478 -0.1089321 -0.1025258 0.9887478 -0.1089321 -0.1025258 0.9887478 -0.1089321 -0.1025258 0.9887478 -0.1089321 -0.1025258 0.9887478 0.02267103 0.9471158 0.32009 0.02267103 0.9471158 0.32009 0.02267103 0.9471158 0.32009 -0.131756 -0.07083866 0.9887478 -0.131756 -0.07083866 0.9887478 -0.131756 -0.07083866 0.9887478 -0.131756 -0.07083866 0.9887478 0.766546 0.5451509 0.3394374 0.766546 0.5451509 0.3394374 0.766546 0.5451509 0.3394374 -0.6939943 -0.6449142 0.32009 -0.6939943 -0.6449142 0.32009 -0.6939943 -0.6449142 0.32009 -0.03470487 -0.9467513 0.32009 -0.03470487 -0.9467513 0.32009 -0.03470487 -0.9467513 0.32009 0.1001154 -0.9352856 0.3394374 0.1001154 -0.9352856 0.3394374 0.1001154 -0.9352856 0.3394374 -0.143256 0.04307504 0.9887478 -0.143256 0.04307504 0.9887478 -0.143256 0.04307504 0.9887478 -0.143256 0.04307504 0.9887478 -0.6536812 0.6857429 0.32009 -0.6536812 0.6857429 0.32009 -0.6536812 0.6857429 0.32009 0.7321391 -0.5905545 0.3394374 0.7321391 -0.5905545 0.3394374 0.7321391 -0.5905545 0.3394374 -0.1495234 0.004529904 0.9887478 -0.1495234 0.004529904 0.9887478 -0.1495234 0.004529904 0.9887478 -0.1495234 0.004529904 0.9887478 0.15655 0.9275098 0.3394374 0.15655 0.9275098 0.3394374 0.15655 0.9275098 0.3394374 -0.1456009 -0.03432394 0.9887478 -0.1456009 -0.03432394 0.9887478 -0.1456009 -0.03432394 0.9887478 -0.1456009 -0.03432394 0.9887478</float_array>
                    <technique_common>
                        <accessor count="192" source="#ID16" stride="3">
                            <param name="X" type="float" />
                            <param name="Y" type="float" />
                            <param name="Z" type="float" />
                        </accessor>
                    </technique_common>
                </source>
                <source id="ID14">
                    <float_array id="ID17" count="384">4.268941 -9.553959 4.14047 -10.5409 5.168235 -10.5409 4.654352 -9.553959 6.069374 -8.10787 5.940903 -9.094807 6.968668 -9.094807 6.840198 -8.10787 11.60435 5.847805 11.40952 4.808893 12.51127 4.653056 7.815336 -6.250313 7.301453 -7.237249 8.329218 -7.237249 8.200748 -6.250313 7.716571 9.070156 7.079515 7.971461 7.866204 8.023779 -8.78617 3.708563 -9.693089 2.513814 -8.591347 2.669651 -2.418084 2.944506 -3.325003 1.749757 -2.223261 1.905594 -11.38091 6.945467 -11.53054 5.89909 -10.74385 5.846771 2.536733 -10.49003 2.02285 -11.47697 3.050616 -11.47697 2.922145 -10.49003 8.868197 7.840704 8.673374 6.801792 9.775116 6.645955 -9.47867 4.729177 -9.628303 3.6828 -8.841614 3.630482 -0.1391728 -10.85229 -0.2676435 -11.83923 0.7601218 -11.83923 0.6316511 -10.85229 1.091907 9.592066 0.4548511 8.493371 1.24154 8.54569 8.257872 -4.107876 8.129401 -5.094812 9.157166 -5.094812 8.643284 -4.107876 -2.446447 -10.61606 -2.574918 -11.603 -1.547153 -11.603 -2.061035 -10.61606 8.496794 -1.826563 8.368324 -2.8135 9.396089 -2.8135 9.267618 -1.826563 9.13661 3.819319 8.941787 2.780407 10.04353 2.62457 8.515821 0.4381577 8.001938 -0.548779 9.029704 -0.548779 8.901233 0.4381577 11.31369 7.111068 10.67663 6.012372 11.46332 6.064691 -11.60122 5.690171 -12.50814 4.495422 -11.4064 4.651259 3.7727 3.845575 2.865782 2.650826 3.967523 2.806663 -8.109079 8.969193 -8.258712 7.922816 -7.472023 7.870497 -4.227854 -9.797428 -4.741736 -10.78436 -3.713971 -10.78436 -3.842442 -9.797428 2.530959 8.630602 2.336136 7.59169 3.437878 7.435853 -3.51667 3.618596 -3.666302 2.572219 -2.879614 2.5199 -6.491963 -8.452187 -6.620434 -9.439123 -5.592668 -9.439123 -5.721139 -8.452187 -4.679667 8.371071 -5.316723 7.272375 -4.530035 7.324694 7.183685 2.531949 7.055214 1.545013 8.082979 1.545013 7.569097 2.531949 -7.954509 -6.672012 -8.082979 -7.658949 -7.055214 -7.658949 -7.569097 -6.672012 5.721139 4.312124 5.592668 3.325187 6.620434 3.325187 6.491963 4.312124 2.910553 2.943504 2.71573 1.904592 3.817471 1.748755 4.227854 5.657365 3.713971 4.670428 4.741736 4.670428 4.613266 5.657365 9.776113 4.862409 9.139057 3.763713 9.925746 3.816032 -9.214212 7.728532 -10.12113 6.533783 -9.019389 6.689619 6.159707 5.883935 5.252788 4.689186 6.354529 4.845023 -1.579776 9.614884 -1.729409 8.568507 -0.9427201 8.516188 -8.515821 -4.578221 -9.029704 -5.565157 -8.001938 -5.565157 -8.130409 -4.578221 -3.695099 7.754788 -3.889921 6.715876 -2.78818 6.560039 3.012634 4.264287 2.863001 3.21791 3.649689 3.165591 -9.267618 -2.3135 -9.396089 -3.300437 -8.368324 -3.300437 -8.496794 -2.3135 -6.217242 6.122412 -6.854297 5.023716 -6.067609 5.076035 1.675623 6.475997 1.547153 5.48906 2.574918 5.48906 2.061035 6.475997 -9.028696 -0.03218714 -9.157166 -1.019124 -8.129401 -1.019124 -8.643284 -0.03218714 -0.6316511 6.712231 -0.7601218 5.725294 0.2676435 5.725294 0.1391728 6.712231 -3.426685 3.733402 -3.621508 2.69449 -2.519767 2.538653 -2.536733 6.349968 -3.050616 5.363031 -2.02285 5.363031 -2.151321 6.349968 4.004539 3.641413 3.367483 2.542718 4.154171 2.595037 -3.023427 8.6296 -3.930346 7.434851 -2.828605 7.590688 3.344658 7.865544 2.43774 6.670795 3.539481 6.826632 4.382224 8.504303 4.232592 7.457926 5.01928 7.405607 -7.815336 2.11025 -8.329218 1.123313 -7.301453 1.123313 -7.429924 2.11025 -6.162836 5.726301 -6.357659 4.687389 -5.255917 4.531552 6.284463 6.288013 6.13483 5.241636 6.921518 5.189317 -6.840198 3.967808 -6.968668 2.980871 -5.940903 2.980871 -6.069374 3.967808 -2.620126 4.163324 -3.257181 3.064628 -2.470493 3.116947 -5.039764 5.413896 -5.168235 4.42696 -4.14047 4.42696 -4.654352 5.413896</float_array>
                    <technique_common>
                        <accessor count="192" source="#ID17" stride="2">
                            <param name="S" type="float" />
                            <param name="T" type="float" />
                        </accessor>
                    </technique_common>
                </source>
                <vertices id="ID13">
                    <input semantic="POSITION" source="#ID11" />
                    <input semantic="NORMAL" source="#ID12" />
                </vertices>
                <polylist count="56" material="Material2">
                    <input offset="0" semantic="VERTEX" source="#ID13" />
                    <input offset="1" semantic="TEXCOORD" source="#ID14" />
                    <vcount>4 4 3 4 3 3 3 3 4 3 3 4 3 4 4 4 3 4 3 3 3 3 4 3 3 4 3 4 4 4 3 4 3 3 3 3 4 3 3 4 3 4 4 4 3 4 3 3 3 3 4 3 3 4 3 4</vcount>
                    <p>0 0 1 1 2 2 3 3 4 4 5 5 6 6 7 7 8 8 9 9 10 10 11 11 12 12 13 13 14 14 15 15 16 16 17 17 18 18 19 19 20 20 21 21 22 22 23 23 24 24 25 25 26 26 27 27 28 28 29 29 30 30 31 31 32 32 33 33 34 34 35 35 36 36 37 37 38 38 39 39 40 40 41 41 42 42 43 43 44 44 45 45 46 46 47 47 48 48 49 49 50 50 51 51 52 52 53 53 54 54 55 55 56 56 57 57 58 58 59 59 60 60 61 61 62 62 63 63 64 64 65 65 66 66 67 67 68 68 69 69 70 70 71 71 72 72 73 73 74 74 75 75 76 76 77 77 78 78 79 79 80 80 81 81 82 82 83 83 84 84 85 85 86 86 87 87 88 88 89 89 90 90 91 91 92 92 93 93 94 94 95 95 96 96 97 97 98 98 99 99 100 100 101 101 102 102 103 103 104 104 105 105 106 106 107 107 108 108 109 109 110 110 111 111 112 112 113 113 114 114 115 115 116 116 117 117 118 118 119 119 120 120 121 121 122 122 123 123 124 124 125 125 126 126 127 127 128 128 129 129 130 130 131 131 132 132 133 133 134 134 135 135 136 136 137 137 138 138 139 139 140 140 141 141 142 142 143 143 144 144 145 145 146 146 147 147 148 148 149 149 150 150 151 151 152 152 153 153 154 154 155 155 156 156 157 157 158 158 159 159 160 160 161 161 162 162 163 163 164 164 165 165 166 166 167 167 168 168 169 169 170 170 171 171 172 172 173 173 174 174 175 175 176 176 177 177 178 178 179 179 180 180 181 181 182 182 183 183 184 184 185 185 186 186 187 187 188 188 189 189 190 190 191 191</p>
                </polylist>
            </mesh>
        </geometry>
        <geometry id="ID18">
            <mesh>
                <source id="ID24">
                    <float_array id="ID28" count="336">24.15963 15.85021 1.181102 28.73378 12.11494 1.574803 29.54468 13.42609 1.574803 27.66305 15.9493 1.377953 24.97053 17.16137 1.181102 23.03701 14.79361 1.181102 26.48854 10.00174 1.574803 28.73378 12.11494 1.574803 24.15963 15.85021 1.181102 24.97053 17.16137 1.181102 27.66305 15.9493 1.377953 30.79949 16.2136 1.574803 31.24341 17.68995 1.574803 25.41445 18.63772 1.181102 21.67918 14.06357 1.181102 22.72602 11.30262 1.377953 25.1307 9.2717 1.574803 26.48854 10.00174 1.574803 23.03701 14.79361 1.181102 31.24341 17.68995 1.574803 31.33678 20.77183 1.574803 25.46113 20.17866 1.181102 25.41445 18.63772 1.181102 20.77183 7.834195 1.574803 22.27235 8.187927 1.574803 22.72602 11.30262 1.377953 21.67918 14.06357 1.181102 20.17866 13.70984 1.181102 25.1074 21.67918 1.181102 25.46113 20.17866 1.181102 31.33678 20.77183 1.574803 30.98305 22.27235 1.574803 27.86836 22.72602 1.377953 18.63772 13.75652 1.181102 17.68995 7.927562 1.574803 20.77183 7.834195 1.574803 20.17866 13.70984 1.181102 24.37736 23.03701 1.181102 25.1074 21.67918 1.181102 27.86836 22.72602 1.377953 29.89927 25.1307 1.574803 29.16923 26.48854 1.574803 15.9493 11.50792 1.377953 16.2136 8.37148 1.574803 17.68995 7.927562 1.574803 18.63772 13.75652 1.181102 17.16137 14.20044 1.181102 29.16923 26.48854 1.574803 27.05603 28.73378 1.574803 23.32076 24.15963 1.181102 24.37736 23.03701 1.181102 12.11494 10.4372 1.574803 13.42609 9.626298 1.574803 15.9493 11.50792 1.377953 17.16137 14.20044 1.181102 15.85021 15.01134 1.181102 22.00961 24.97053 1.181102 23.32076 24.15963 1.181102 27.05603 28.73378 1.574803 25.74488 29.54468 1.574803 23.22167 27.66305 1.377953 15.85021 15.01134 1.181102 14.79361 16.13396 1.181102 10.00174 12.68244 1.574803 12.11494 10.4372 1.574803 20.53326 25.41445 1.181102 22.00961 24.97053 1.181102 23.22167 27.66305 1.377953 22.95738 30.79949 1.574803 21.48103 31.24341 1.574803 10.00174 12.68244 1.574803 14.79361 16.13396 1.181102 14.06357 17.4918 1.181102 11.30262 16.44495 1.377953 9.2717 14.04027 1.574803 20.53326 25.41445 1.181102 21.48103 31.24341 1.574803 18.39914 31.33678 1.574803 18.99232 25.46113 1.181102 8.187927 16.89863 1.574803 11.30262 16.44495 1.377953 14.06357 17.4918 1.181102 13.70984 18.99232 1.181102 7.834195 18.39914 1.574803 16.44495 27.86836 1.377953 17.4918 25.1074 1.181102 18.99232 25.46113 1.181102 18.39914 31.33678 1.574803 16.89863 30.98305 1.574803 13.70984 18.99232 1.181102 13.75652 20.53326 1.181102 7.927562 21.48103 1.574803 7.834195 18.39914 1.574803 12.68244 29.16923 1.574803 16.13396 24.37736 1.181102 17.4918 25.1074 1.181102 16.44495 27.86836 1.377953 14.04027 29.89927 1.574803 7.927562 21.48103 1.574803 13.75652 20.53326 1.181102 14.20044 22.00961 1.181102 11.50792 23.22167 1.377953 8.37148 22.95738 1.574803 16.13396 24.37736 1.181102 12.68244 29.16923 1.574803 10.4372 27.05603 1.574803 15.01134 23.32076 1.181102 9.626298 25.74488 1.574803 11.50792 23.22167 1.377953 14.20044 22.00961 1.181102 15.01134 23.32076 1.181102 10.4372 27.05603 1.574803</float_array>
                    <technique_common>
                        <accessor count="112" source="#ID28" stride="3">
                            <param name="X" type="float" />
                            <param name="Y" type="float" />
                            <param name="Z" type="float" />
                        </accessor>
                    </technique_common>
                </source>
                <source id="ID25">
                    <float_array id="ID29" count="336">-0.05705956 0.03528926 0.9977469 -0.05705956 0.03528926 0.9977469 -0.05705956 0.03528926 0.9977469 -0.05705956 0.03528926 0.9977469 -0.05705956 0.03528926 0.9977469 -0.04598177 0.04885491 0.9977469 -0.04598177 0.04885491 0.9977469 -0.04598177 0.04885491 0.9977469 -0.04598177 0.04885491 0.9977469 -0.06424884 0.01931871 0.9977469 -0.06424884 0.01931871 0.9977469 -0.06424884 0.01931871 0.9977469 -0.06424884 0.01931871 0.9977469 -0.06424884 0.01931871 0.9977469 -0.0317704 0.05909118 0.9977469 -0.0317704 0.05909118 0.9977469 -0.0317704 0.05909118 0.9977469 -0.0317704 0.05909118 0.9977469 -0.0317704 0.05909118 0.9977469 -0.06705966 0.002031615 0.9977469 -0.06705966 0.002031615 0.9977469 -0.06705966 0.002031615 0.9977469 -0.06705966 0.002031615 0.9977469 -0.01539393 0.06530048 0.9977469 -0.01539393 0.06530048 0.9977469 -0.01539393 0.06530048 0.9977469 -0.01539393 0.06530048 0.9977469 -0.01539393 0.06530048 0.9977469 -0.06530048 -0.01539393 0.9977469 -0.06530048 -0.01539393 0.9977469 -0.06530048 -0.01539393 0.9977469 -0.06530048 -0.01539393 0.9977469 -0.06530048 -0.01539393 0.9977469 0.002031615 0.06705966 0.9977469 0.002031615 0.06705966 0.9977469 0.002031615 0.06705966 0.9977469 0.002031615 0.06705966 0.9977469 -0.05909118 -0.0317704 0.9977469 -0.05909118 -0.0317704 0.9977469 -0.05909118 -0.0317704 0.9977469 -0.05909118 -0.0317704 0.9977469 -0.05909118 -0.0317704 0.9977469 0.01931871 0.06424884 0.9977469 0.01931871 0.06424884 0.9977469 0.01931871 0.06424884 0.9977469 0.01931871 0.06424884 0.9977469 0.01931871 0.06424884 0.9977469 -0.04885491 -0.04598177 0.9977469 -0.04885491 -0.04598177 0.9977469 -0.04885491 -0.04598177 0.9977469 -0.04885491 -0.04598177 0.9977469 0.03528926 0.05705956 0.9977469 0.03528926 0.05705956 0.9977469 0.03528926 0.05705956 0.9977469 0.03528926 0.05705956 0.9977469 0.03528926 0.05705956 0.9977469 -0.03528926 -0.05705956 0.9977469 -0.03528926 -0.05705956 0.9977469 -0.03528926 -0.05705956 0.9977469 -0.03528926 -0.05705956 0.9977469 -0.03528926 -0.05705956 0.9977469 0.04885491 0.04598177 0.9977469 0.04885491 0.04598177 0.9977469 0.04885491 0.04598177 0.9977469 0.04885491 0.04598177 0.9977469 -0.01931871 -0.06424884 0.9977469 -0.01931871 -0.06424884 0.9977469 -0.01931871 -0.06424884 0.9977469 -0.01931871 -0.06424884 0.9977469 -0.01931871 -0.06424884 0.9977469 0.05909118 0.0317704 0.9977469 0.05909118 0.0317704 0.9977469 0.05909118 0.0317704 0.9977469 0.05909118 0.0317704 0.9977469 0.05909118 0.0317704 0.9977469 -0.002031615 -0.06705966 0.9977469 -0.002031615 -0.06705966 0.9977469 -0.002031615 -0.06705966 0.9977469 -0.002031615 -0.06705966 0.9977469 0.06530048 0.01539393 0.9977469 0.06530048 0.01539393 0.9977469 0.06530048 0.01539393 0.9977469 0.06530048 0.01539393 0.9977469 0.06530048 0.01539393 0.9977469 0.01539393 -0.06530048 0.9977469 0.01539393 -0.06530048 0.9977469 0.01539393 -0.06530048 0.9977469 0.01539393 -0.06530048 0.9977469 0.01539393 -0.06530048 0.9977469 0.06705966 -0.002031615 0.9977469 0.06705966 -0.002031615 0.9977469 0.06705966 -0.002031615 0.9977469 0.06705966 -0.002031615 0.9977469 0.0317704 -0.05909118 0.9977469 0.0317704 -0.05909118 0.9977469 0.0317704 -0.05909118 0.9977469 0.0317704 -0.05909118 0.9977469 0.0317704 -0.05909118 0.9977469 0.06424884 -0.01931871 0.9977469 0.06424884 -0.01931871 0.9977469 0.06424884 -0.01931871 0.9977469 0.06424884 -0.01931871 0.9977469 0.06424884 -0.01931871 0.9977469 0.04598177 -0.04885491 0.9977469 0.04598177 -0.04885491 0.9977469 0.04598177 -0.04885491 0.9977469 0.04598177 -0.04885491 0.9977469 0.05705956 -0.03528926 0.9977469 0.05705956 -0.03528926 0.9977469 0.05705956 -0.03528926 0.9977469 0.05705956 -0.03528926 0.9977469 0.05705956 -0.03528926 0.9977469</float_array>
                    <technique_common>
                        <accessor count="112" source="#ID29" stride="3">
                            <param name="X" type="float" />
                            <param name="Y" type="float" />
                            <param name="Z" type="float" />
                        </accessor>
                    </technique_common>
                </source>
                <source id="ID27">
                    <float_array id="ID30" count="224">-2.816859 1.293342 -2.752624 1.78236 -2.881095 1.78236 -2.977448 1.537851 -2.94533 1.293342 -2.8965 0.5259838 -2.832265 1.015001 -3.089206 1.015001 -3.024971 0.5259838 -2.540877 2.013988 -2.508759 2.258497 -2.605112 2.503005 -2.733583 2.503005 -2.669347 2.013988 -2.774372 -0.2357939 -2.742254 0.008714912 -2.838607 0.2532237 -2.967078 0.2532237 -2.902842 -0.2357939 -2.023125 3.127827 -2.280066 3.127827 -2.215831 2.638809 -2.08736 2.638809 -2.394562 -0.4510591 -2.523032 -0.4510591 -2.619385 -0.6955679 -2.587268 -0.9400767 -2.458797 -0.9400767 -1.615686 3.125226 -1.487215 3.125226 -1.42298 3.614244 -1.551451 3.614244 -1.647804 3.369735 -1.971282 -1.538869 -1.907046 -1.049851 -2.163988 -1.049851 -2.099752 -1.538869 -0.909813 3.44009 -0.7813423 3.44009 -0.7492246 3.684599 -0.8455776 3.929108 -0.9740483 3.929108 -1.312932 -1.746855 -1.409285 -1.502346 -1.537755 -1.502346 -1.47352 -1.991364 -1.345049 -1.991364 0.04639095 4.050961 -0.2105504 4.050961 -0.146315 3.561943 -0.01784438 3.561943 -0.5585411 -1.777707 -0.6870118 -1.777707 -0.7833648 -2.022216 -0.7512471 -2.266725 -0.6227765 -2.266725 0.6227765 3.482482 0.7512471 3.482482 0.8154825 3.971499 0.6870118 3.971499 0.5906588 3.726991 0.01784438 -2.346186 0.146315 -2.346186 0.2105504 -1.857168 -0.04639095 -1.857168 1.345049 3.207121 1.47352 3.207121 1.505638 3.45163 1.409285 3.696139 1.280814 3.696139 0.717107 -1.735315 0.7813423 -2.224333 0.909813 -2.224333 0.9419306 -1.979824 0.8455776 -1.735315 2.099752 2.754626 2.163988 3.243644 1.907046 3.243644 1.971282 2.754626 1.551451 -1.420451 1.455098 -1.66496 1.487215 -1.909469 1.615686 -1.909469 1.679921 -1.420451 2.426679 2.400343 2.458797 2.155834 2.587268 2.155834 2.651503 2.644851 2.523032 2.644851 2.08736 -1.423052 2.215831 -1.423052 2.280066 -0.9340346 2.023125 -0.9340346 2.710136 1.940569 2.774372 1.451551 2.902842 1.451551 2.93496 1.69606 2.838607 1.940569 2.476641 -0.3092132 2.540877 -0.7982308 2.669347 -0.7982308 2.701465 -0.553722 2.605112 -0.3092132 3.024971 0.6897734 3.089206 1.178791 2.832265 1.178791 2.8965 0.6897734 2.881095 0.4114323 2.784742 0.1669235 2.816859 -0.07758531 2.94533 -0.07758531 3.009565 0.4114323</float_array>
                    <technique_common>
                        <accessor count="112" source="#ID30" stride="2">
                            <param name="S" type="float" />
                            <param name="T" type="float" />
                        </accessor>
                    </technique_common>
                </source>
                <vertices id="ID26">
                    <input semantic="POSITION" source="#ID24" />
                    <input semantic="NORMAL" source="#ID25" />
                </vertices>
                <polylist count="24" material="Material2">
                    <input offset="0" semantic="VERTEX" source="#ID26" />
                    <input offset="1" semantic="TEXCOORD" source="#ID27" />
                    <vcount>5 4 5 5 4 5 5 4 5 5 4 5 5 4 5 5 4 5 5 4 5 5 4 5</vcount>
                    <p>0 0 1 1 2 2 3 3 4 4 5 5 6 6 7 7 8 8 9 9 10 10 11 11 12 12 13 13 14 14 15 15 16 16 17 17 18 18 19 19 20 20 21 21 22 22 23 23 24 24 25 25 26 26 27 27 28 28 29 29 30 30 31 31 32 32 33 33 34 34 35 35 36 36 37 37 38 38 39 39 40 40 41 41 42 42 43 43 44 44 45 45 46 46 47 47 48 48 49 49 50 50 51 51 52 52 53 53 54 54 55 55 56 56 57 57 58 58 59 59 60 60 61 61 62 62 63 63 64 64 65 65 66 66 67 67 68 68 69 69 70 70 71 71 72 72 73 73 74 74 75 75 76 76 77 77 78 78 79 79 80 80 81 81 82 82 83 83 84 84 85 85 86 86 87 87 88 88 89 89 90 90 91 91 92 92 93 93 94 94 95 95 96 96 97 97 98 98 99 99 100 100 101 101 102 102 103 103 104 104 105 105 106 106 107 107 108 108 109 109 110 110 111 111</p>
                </polylist>
            </mesh>
        </geometry>
        <geometry id="ID31">
            <mesh>
                <source id="ID32">
                    <float_array id="ID36" count="360">25.41445 18.63772 1.181102 25.46113 20.17866 1.181102 21.0544 19.73378 2.755906 21.04273 19.34854 2.755906 25.46113 20.17866 1.181102 25.1074 21.67918 1.181102 20.96597 20.10891 2.755906 21.0544 19.73378 2.755906 18.23923 20.19152 2.755906 18.12825 19.82243 2.755906 18.11658 19.43719 2.755906 18.20501 19.06207 2.755906 18.38752 18.72261 2.755906 18.65167 18.44195 2.755906 18.97946 18.23923 2.755906 19.34854 18.12825 2.755906 19.73378 18.11658 2.755906 20.10891 18.20501 2.755906 20.44837 18.38752 2.755906 20.72902 18.65167 2.755906 20.93175 18.97946 2.755906 21.04273 19.34854 2.755906 21.0544 19.73378 2.755906 20.96597 20.10891 2.755906 20.78346 20.44837 2.755906 20.51931 20.72902 2.755906 20.19152 20.93175 2.755906 19.82243 21.04273 2.755906 19.43719 21.0544 2.755906 19.06207 20.96597 2.755906 18.72261 20.78346 2.755906 18.44195 20.51931 2.755906 24.97053 17.16137 1.181102 25.41445 18.63772 1.181102 21.04273 19.34854 2.755906 20.93175 18.97946 2.755906 25.1074 21.67918 1.181102 24.37736 23.03701 1.181102 20.78346 20.44837 2.755906 20.96597 20.10891 2.755906 18.12825 19.82243 2.755906 18.23923 20.19152 2.755906 14.20044 22.00961 1.181102 13.75652 20.53326 1.181102 18.11658 19.43719 2.755906 18.12825 19.82243 2.755906 13.75652 20.53326 1.181102 13.70984 18.99232 1.181102 18.20501 19.06207 2.755906 18.11658 19.43719 2.755906 13.70984 18.99232 1.181102 14.06357 17.4918 1.181102 18.38752 18.72261 2.755906 18.20501 19.06207 2.755906 14.06357 17.4918 1.181102 14.79361 16.13396 1.181102 18.65167 18.44195 2.755906 18.38752 18.72261 2.755906 14.79361 16.13396 1.181102 15.85021 15.01134 1.181102 17.16137 14.20044 1.181102 18.97946 18.23923 2.755906 18.65167 18.44195 2.755906 15.85021 15.01134 1.181102 18.63772 13.75652 1.181102 19.34854 18.12825 2.755906 18.97946 18.23923 2.755906 17.16137 14.20044 1.181102 20.17866 13.70984 1.181102 19.73378 18.11658 2.755906 19.34854 18.12825 2.755906 18.63772 13.75652 1.181102 21.67918 14.06357 1.181102 20.10891 18.20501 2.755906 19.73378 18.11658 2.755906 20.17866 13.70984 1.181102 23.03701 14.79361 1.181102 20.44837 18.38752 2.755906 20.10891 18.20501 2.755906 21.67918 14.06357 1.181102 24.15963 15.85021 1.181102 20.72902 18.65167 2.755906 20.44837 18.38752 2.755906 23.03701 14.79361 1.181102 24.15963 15.85021 1.181102 24.97053 17.16137 1.181102 20.93175 18.97946 2.755906 20.72902 18.65167 2.755906 24.37736 23.03701 1.181102 23.32076 24.15963 1.181102 20.51931 20.72902 2.755906 20.78346 20.44837 2.755906 22.00961 24.97053 1.181102 20.19152 20.93175 2.755906 20.51931 20.72902 2.755906 23.32076 24.15963 1.181102 20.53326 25.41445 1.181102 19.82243 21.04273 2.755906 20.19152 20.93175 2.755906 22.00961 24.97053 1.181102 18.99232 25.46113 1.181102 19.43719 21.0544 2.755906 19.82243 21.04273 2.755906 20.53326 25.41445 1.181102 17.4918 25.1074 1.181102 19.06207 20.96597 2.755906 19.43719 21.0544 2.755906 18.99232 25.46113 1.181102 16.13396 24.37736 1.181102 18.72261 20.78346 2.755906 19.06207 20.96597 2.755906 17.4918 25.1074 1.181102 15.01134 23.32076 1.181102 18.44195 20.51931 2.755906 18.72261 20.78346 2.755906 16.13396 24.37736 1.181102 18.23923 20.19152 2.755906 18.44195 20.51931 2.755906 15.01134 23.32076 1.181102 14.20044 22.00961 1.181102</float_array>
                    <technique_common>
                        <accessor count="120" source="#ID36" stride="3">
                            <param name="X" type="float" />
                            <param name="Y" type="float" />
                            <param name="Z" type="float" />
                        </accessor>
                    </technique_common>
                </source>
                <source id="ID33">
                    <float_array id="ID37" count="360">0.3374175 -0.01022228 0.9412996 0.3374175 -0.01022228 0.9412996 0.3374175 -0.01022228 0.9412996 0.3374175 -0.01022228 0.9412996 0.328566 0.07745611 0.9412996 0.328566 0.07745611 0.9412996 0.328566 0.07745611 0.9412996 0.328566 0.07745611 0.9412996 0 0 1 0 0 1 0 0 1 0 0 1 0 0 1 0 0 1 0 0 1 0 0 1 0 0 1 0 0 1 0 0 1 0 0 1 0 0 1 0 0 1 0 0 1 0 0 1 0 0 1 0 0 1 0 0 1 0 0 1 0 0 1 0 0 1 0 0 1 0 0 1 0.3232745 -0.09720403 0.9412996 0.3232745 -0.09720403 0.9412996 0.3232745 -0.09720403 0.9412996 0.3232745 -0.09720403 0.9412996 0.2973232 0.159856 0.9412996 0.2973232 0.159856 0.9412996 0.2973232 0.159856 0.9412996 0.2973232 0.159856 0.9412996 -0.3232745 0.09720403 0.9412996 -0.3232745 0.09720403 0.9412996 -0.3232745 0.09720403 0.9412996 -0.3232745 0.09720403 0.9412996 -0.3374175 0.01022228 0.9412996 -0.3374175 0.01022228 0.9412996 -0.3374175 0.01022228 0.9412996 -0.3374175 0.01022228 0.9412996 -0.328566 -0.07745611 0.9412996 -0.328566 -0.07745611 0.9412996 -0.328566 -0.07745611 0.9412996 -0.328566 -0.07745611 0.9412996 -0.2973232 -0.159856 0.9412996 -0.2973232 -0.159856 0.9412996 -0.2973232 -0.159856 0.9412996 -0.2973232 -0.159856 0.9412996 -0.2458184 -0.2313619 0.9412996 -0.2458184 -0.2313619 0.9412996 -0.2458184 -0.2313619 0.9412996 -0.2458184 -0.2313619 0.9412996 -0.1775615 -0.287101 0.9412996 -0.1775615 -0.287101 0.9412996 -0.1775615 -0.287101 0.9412996 -0.1775615 -0.287101 0.9412996 -0.09720403 -0.3232745 0.9412996 -0.09720403 -0.3232745 0.9412996 -0.09720403 -0.3232745 0.9412996 -0.09720403 -0.3232745 0.9412996 -0.01022228 -0.3374175 0.9412996 -0.01022228 -0.3374175 0.9412996 -0.01022228 -0.3374175 0.9412996 -0.01022228 -0.3374175 0.9412996 0.07745611 -0.328566 0.9412996 0.07745611 -0.328566 0.9412996 0.07745611 -0.328566 0.9412996 0.07745611 -0.328566 0.9412996 0.159856 -0.2973232 0.9412996 0.159856 -0.2973232 0.9412996 0.159856 -0.2973232 0.9412996 0.159856 -0.2973232 0.9412996 0.2313619 -0.2458184 0.9412996 0.2313619 -0.2458184 0.9412996 0.2313619 -0.2458184 0.9412996 0.2313619 -0.2458184 0.9412996 0.287101 -0.1775615 0.9412996 0.287101 -0.1775615 0.9412996 0.287101 -0.1775615 0.9412996 0.287101 -0.1775615 0.9412996 0.2458184 0.2313619 0.9412996 0.2458184 0.2313619 0.9412996 0.2458184 0.2313619 0.9412996 0.2458184 0.2313619 0.9412996 0.1775615 0.287101 0.9412996 0.1775615 0.287101 0.9412996 0.1775615 0.287101 0.9412996 0.1775615 0.287101 0.9412996 0.09720403 0.3232745 0.9412996 0.09720403 0.3232745 0.9412996 0.09720403 0.3232745 0.9412996 0.09720403 0.3232745 0.9412996 0.01022228 0.3374175 0.9412996 0.01022228 0.3374175 0.9412996 0.01022228 0.3374175 0.9412996 0.01022228 0.3374175 0.9412996 -0.07745611 0.328566 0.9412996 -0.07745611 0.328566 0.9412996 -0.07745611 0.328566 0.9412996 -0.07745611 0.328566 0.9412996 -0.159856 0.2973232 0.9412996 -0.159856 0.2973232 0.9412996 -0.159856 0.2973232 0.9412996 -0.159856 0.2973232 0.9412996 -0.2313619 0.2458184 0.9412996 -0.2313619 0.2458184 0.9412996 -0.2313619 0.2458184 0.9412996 -0.2313619 0.2458184 0.9412996 -0.287101 0.1775615 0.9412996 -0.287101 0.1775615 0.9412996 -0.287101 0.1775615 0.9412996 -0.287101 0.1775615 0.9412996</float_array>
                    <technique_common>
                        <accessor count="120" source="#ID37" stride="3">
                            <param name="X" type="float" />
                            <param name="Y" type="float" />
                            <param name="Z" type="float" />
                        </accessor>
                    </technique_common>
                </source>
                <source id="ID35">
                    <float_array id="ID38" count="240">6.26208 -5.29851 6.647492 -5.29851 6.502962 -4.132239 6.406609 -4.132239 4.461646 -6.675204 4.847058 -6.675204 4.702529 -5.508932 4.606176 -5.508932 5.962647 6.418416 5.934902 6.326144 5.931985 6.229835 5.954093 6.136053 5.999721 6.051188 6.065758 5.981024 6.147705 5.930343 6.239977 5.902598 6.336286 5.899681 6.430068 5.921789 6.514933 5.967416 6.585097 6.033454 6.635778 6.115401 6.663523 6.207673 6.66644 6.303982 6.644332 6.397764 6.598705 6.482629 6.532667 6.552793 6.45072 6.603474 6.358448 6.631219 6.262139 6.634136 6.168357 6.612028 6.083492 6.566401 6.013329 6.500363 7.62263 -3.530093 8.008042 -3.530093 7.863512 -2.363822 7.767159 -2.363822 2.344027 -7.566355 2.729439 -7.566355 2.584909 -6.400084 2.488556 -6.400084 -7.767159 5.595532 -7.863512 5.595532 -8.008042 4.429261 -7.62263 4.429261 -6.406609 7.363949 -6.502962 7.363949 -6.647492 6.197678 -6.26208 6.197678 -4.606176 8.740643 -4.702529 8.740643 -4.847058 7.574372 -4.461646 7.574372 -2.488556 9.631794 -2.584909 9.631794 -2.729439 8.465523 -2.344027 8.465523 -0.1980626 9.976673 -0.2944156 9.976673 -0.4389451 8.810402 -0.05353315 8.810402 2.253741 8.585504 2.109212 9.751775 2.012859 9.751775 1.868329 8.585504 4.42056 7.806157 4.27603 8.972428 4.179677 8.972428 4.035148 7.806157 6.299257 6.525471 6.154727 7.691742 6.058374 7.691742 5.913845 6.525471 7.761803 4.830724 7.617273 5.996995 7.52092 5.996995 7.376391 4.830724 8.708527 2.83741 8.563998 4.003681 8.467645 4.003681 8.323115 2.83741 9.074912 0.681369 8.930383 1.84764 8.83403 1.84764 8.6895 0.681369 8.450578 -1.490468 8.83599 -1.490468 8.69146 -0.3241965 8.595107 -0.3241965 0.05353315 -7.911233 0.4389451 -7.911233 0.2944156 -6.744962 0.1980626 -6.744962 -1.868329 -7.686335 -2.012859 -6.520064 -2.109212 -6.520064 -2.253741 -7.686335 -4.035148 -6.906988 -4.179677 -5.740717 -4.27603 -5.740717 -4.42056 -6.906988 -5.913845 -5.626303 -6.058374 -4.460032 -6.154727 -4.460032 -6.299257 -5.626303 -7.376391 -3.931556 -7.52092 -2.765285 -7.617273 -2.765285 -7.761803 -3.931556 -8.323115 -1.938241 -8.467645 -0.7719704 -8.563998 -0.7719704 -8.708527 -1.938241 -8.6895 0.2177994 -8.83403 1.38407 -8.930383 1.38407 -9.074912 0.2177994 -8.595107 3.555907 -8.69146 3.555907 -8.83599 2.389636 -8.450578 2.389636</float_array>
                    <technique_common>
                        <accessor count="120" source="#ID38" stride="2">
                            <param name="S" type="float" />
                            <param name="T" type="float" />
                        </accessor>
                    </technique_common>
                </source>
                <vertices id="ID34">
                    <input semantic="POSITION" source="#ID32" />
                    <input semantic="NORMAL" source="#ID33" />
                </vertices>
                <polylist count="25" material="Material2">
                    <input offset="0" semantic="VERTEX" source="#ID34" />
                    <input offset="1" semantic="TEXCOORD" source="#ID35" />
                    <vcount>4 4 24 4 4 4 4 4 4 4 4 4 4 4 4 4 4 4 4 4 4 4 4 4 4</vcount>
                    <p>0 0 1 1 2 2 3 3 4 4 5 5 6 6 7 7 8 8 9 9 10 10 11 11 12 12 13 13 14 14 15 15 16 16 17 17 18 18 19 19 20 20 21 21 22 22 23 23 24 24 25 25 26 26 27 27 28 28 29 29 30 30 31 31 32 32 33 33 34 34 35 35 36 36 37 37 38 38 39 39 40 40 41 41 42 42 43 43 44 44 45 45 46 46 47 47 48 48 49 49 50 50 51 51 52 52 53 53 54 54 55 55 56 56 57 57 58 58 59 59 60 60 61 61 62 62 63 63 64 64 65 65 66 66 67 67 68 68 69 69 70 70 71 71 72 72 73 73 74 74 75 75 76 76 77 77 78 78 79 79 80 80 81 81 82 82 83 83 84 84 85 85 86 86 87 87 88 88 89 89 90 90 91 91 92 92 93 93 94 94 95 95 96 96 97 97 98 98 99 99 100 100 101 101 102 102 103 103 104 104 105 105 106 106 107 107 108 108 109 109 110 110 111 111 112 112 113 113 114 114 115 115 116 116 117 117 118 118 119 119</p>
                </polylist>
            </mesh>
        </geometry>
        <geometry id="ID39">
            <mesh>
                <source id="ID42">
                    <float_array id="ID45" count="72">25.86655 3.019744 0.6889764 29.94006 5.209868 0.6889764 33.30792 8.379666 0.6889764 35.74062 12.31312 0.6889764 37.07237 16.74218 0.6889764 37.21243 21.365 0.6889764 36.15123 25.86655 0.6889764 33.96111 29.94006 0.6889764 30.79131 33.30792 0.6889764 26.85785 35.74062 0.6889764 22.4288 37.07237 0.6889764 17.80597 37.21243 0.6889764 13.30442 36.15123 0.6889764 9.230914 33.96111 0.6889764 5.863053 30.79131 0.6889764 3.430354 26.85785 0.6889764 2.0986 22.4288 0.6889764 1.958549 17.80597 0.6889764 3.019744 13.30442 0.6889764 5.209868 9.230914 0.6889764 8.379666 5.863053 0.6889764 12.31312 3.430354 0.6889764 16.74218 2.0986 0.6889764 21.365 1.958549 0.6889764</float_array>
                    <technique_common>
                        <accessor count="24" source="#ID45" stride="3">
                            <param name="X" type="float" />
                            <param name="Y" type="float" />
                            <param name="Z" type="float" />
                        </accessor>
                    </technique_common>
                </source>
                <source id="ID43">
                    <float_array id="ID46" count="72">0 0 1 0 0 1 0 0 1 0 0 1 0 0 1 0 0 1 0 0 1 0 0 1 0 0 1 0 0 1 0 0 1 0 0 1 0 0 1 0 0 1 0 0 1 0 0 1 0 0 1 0 0 1 0 0 1 0 0 1 0 0 1 0 0 1 0 0 1 0 0 1</float_array>
                    <technique_common>
                        <accessor count="24" source="#ID46" stride="3">
                            <param name="X" type="float" />
                            <param name="Y" type="float" />
                            <param name="Z" type="float" />
                        </accessor>
                    </technique_common>
                </source>
                <vertices id="ID44">
                    <input semantic="POSITION" source="#ID42" />
                    <input semantic="NORMAL" source="#ID43" />
                </vertices>
                <polylist count="1" material="Material2">
                    <input offset="0" semantic="VERTEX" source="#ID44" />
                    <vcount>24</vcount>
                    <p>0 1 2 3 4 5 6 7 8 9 10 11 12 13 14 15 16 17 18 19 20 21 22 23</p>
                </polylist>
            </mesh>
        </geometry>
        <geometry id="ID47">
            <mesh>
                <source id="ID48">
                    <float_array id="ID52" count="288">25.16866 4.860382 0.984252 25.86655 3.019744 0.6889764 29.94006 5.209868 0.6889764 28.78955 6.807159 0.984252 21.16728 3.917097 0.984252 21.365 1.958549 0.6889764 25.86655 3.019744 0.6889764 25.16866 4.860382 0.984252 28.78955 6.807159 0.984252 29.94006 5.209868 0.6889764 33.30792 8.379666 0.6889764 31.78321 9.624757 0.984252 17.0581 4.041588 0.984252 16.74218 2.0986 0.6889764 21.365 1.958549 0.6889764 21.16728 3.917097 0.984252 31.78321 9.624757 0.984252 33.30792 8.379666 0.6889764 35.74062 12.31312 0.6889764 33.94561 13.12116 0.984252 13.12116 5.225369 0.984252 12.31312 3.430354 0.6889764 16.74218 2.0986 0.6889764 17.0581 4.041588 0.984252 33.94561 13.12116 0.984252 35.74062 12.31312 0.6889764 37.07237 16.74218 0.6889764 35.12939 17.0581 0.984252 9.624757 7.387768 0.984252 8.379666 5.863053 0.6889764 12.31312 3.430354 0.6889764 13.12116 5.225369 0.984252 35.12939 17.0581 0.984252 37.07237 16.74218 0.6889764 37.21243 21.365 0.6889764 35.25388 21.16728 0.984252 6.807159 10.38142 0.984252 5.209868 9.230914 0.6889764 8.379666 5.863053 0.6889764 9.624757 7.387768 0.984252 35.25388 21.16728 0.984252 37.21243 21.365 0.6889764 36.15123 25.86655 0.6889764 34.31059 25.16866 0.984252 4.860382 14.00232 0.984252 3.019744 13.30442 0.6889764 5.209868 9.230914 0.6889764 6.807159 10.38142 0.984252 34.31059 25.16866 0.984252 36.15123 25.86655 0.6889764 33.96111 29.94006 0.6889764 32.36382 28.78955 0.984252 3.917097 18.0037 0.984252 1.958549 17.80597 0.6889764 3.019744 13.30442 0.6889764 4.860382 14.00232 0.984252 32.36382 28.78955 0.984252 33.96111 29.94006 0.6889764 30.79131 33.30792 0.6889764 29.54622 31.78321 0.984252 4.041588 22.11287 0.984252 2.0986 22.4288 0.6889764 1.958549 17.80597 0.6889764 3.917097 18.0037 0.984252 29.54622 31.78321 0.984252 30.79131 33.30792 0.6889764 26.85785 35.74062 0.6889764 26.04981 33.94561 0.984252 5.225369 26.04981 0.984252 3.430354 26.85785 0.6889764 2.0986 22.4288 0.6889764 4.041588 22.11287 0.984252 26.04981 33.94561 0.984252 26.85785 35.74062 0.6889764 22.4288 37.07237 0.6889764 22.11287 35.12939 0.984252 7.387768 29.54622 0.984252 5.863053 30.79131 0.6889764 3.430354 26.85785 0.6889764 5.225369 26.04981 0.984252 22.11287 35.12939 0.984252 22.4288 37.07237 0.6889764 17.80597 37.21243 0.6889764 18.0037 35.25388 0.984252 10.38142 32.36382 0.984252 9.230914 33.96111 0.6889764 5.863053 30.79131 0.6889764 7.387768 29.54622 0.984252 18.0037 35.25388 0.984252 17.80597 37.21243 0.6889764 13.30442 36.15123 0.6889764 14.00232 34.31059 0.984252 14.00232 34.31059 0.984252 13.30442 36.15123 0.6889764 9.230914 33.96111 0.6889764 10.38142 32.36382 0.984252</float_array>
                    <technique_common>
                        <accessor count="96" source="#ID52" stride="3">
                            <param name="X" type="float" />
                            <param name="Y" type="float" />
                            <param name="Z" type="float" />
                        </accessor>
                    </technique_common>
                </source>
                <source id="ID49">
                    <float_array id="ID53" count="288">0.07083866 -0.131756 0.9887478 0.07083866 -0.131756 0.9887478 0.07083866 -0.131756 0.9887478 0.07083866 -0.131756 0.9887478 0.03432394 -0.1456009 0.9887478 0.03432394 -0.1456009 0.9887478 0.03432394 -0.1456009 0.9887478 0.03432394 -0.1456009 0.9887478 0.1025258 -0.1089321 0.9887478 0.1025258 -0.1089321 0.9887478 0.1025258 -0.1089321 0.9887478 0.1025258 -0.1089321 0.9887478 -0.004529904 -0.1495234 0.9887478 -0.004529904 -0.1495234 0.9887478 -0.004529904 -0.1495234 0.9887478 -0.004529904 -0.1495234 0.9887478 0.1272261 -0.07868469 0.9887478 0.1272261 -0.07868469 0.9887478 0.1272261 -0.07868469 0.9887478 0.1272261 -0.07868469 0.9887478 -0.04307504 -0.143256 0.9887478 -0.04307504 -0.143256 0.9887478 -0.04307504 -0.143256 0.9887478 -0.04307504 -0.143256 0.9887478 0.143256 -0.04307504 0.9887478 0.143256 -0.04307504 0.9887478 0.143256 -0.04307504 0.9887478 0.143256 -0.04307504 0.9887478 -0.07868469 -0.1272261 0.9887478 -0.07868469 -0.1272261 0.9887478 -0.07868469 -0.1272261 0.9887478 -0.07868469 -0.1272261 0.9887478 0.1495234 -0.004529904 0.9887478 0.1495234 -0.004529904 0.9887478 0.1495234 -0.004529904 0.9887478 0.1495234 -0.004529904 0.9887478 -0.1089321 -0.1025258 0.9887478 -0.1089321 -0.1025258 0.9887478 -0.1089321 -0.1025258 0.9887478 -0.1089321 -0.1025258 0.9887478 0.1456009 0.03432394 0.9887478 0.1456009 0.03432394 0.9887478 0.1456009 0.03432394 0.9887478 0.1456009 0.03432394 0.9887478 -0.131756 -0.07083866 0.9887478 -0.131756 -0.07083866 0.9887478 -0.131756 -0.07083866 0.9887478 -0.131756 -0.07083866 0.9887478 0.131756 0.07083866 0.9887478 0.131756 0.07083866 0.9887478 0.131756 0.07083866 0.9887478 0.131756 0.07083866 0.9887478 -0.1456009 -0.03432394 0.9887478 -0.1456009 -0.03432394 0.9887478 -0.1456009 -0.03432394 0.9887478 -0.1456009 -0.03432394 0.9887478 0.1089321 0.1025258 0.9887478 0.1089321 0.1025258 0.9887478 0.1089321 0.1025258 0.9887478 0.1089321 0.1025258 0.9887478 -0.1495234 0.004529904 0.9887478 -0.1495234 0.004529904 0.9887478 -0.1495234 0.004529904 0.9887478 -0.1495234 0.004529904 0.9887478 0.07868469 0.1272261 0.9887478 0.07868469 0.1272261 0.9887478 0.07868469 0.1272261 0.9887478 0.07868469 0.1272261 0.9887478 -0.143256 0.04307504 0.9887478 -0.143256 0.04307504 0.9887478 -0.143256 0.04307504 0.9887478 -0.143256 0.04307504 0.9887478 0.04307504 0.143256 0.9887478 0.04307504 0.143256 0.9887478 0.04307504 0.143256 0.9887478 0.04307504 0.143256 0.9887478 -0.1272261 0.07868469 0.9887478 -0.1272261 0.07868469 0.9887478 -0.1272261 0.07868469 0.9887478 -0.1272261 0.07868469 0.9887478 0.004529904 0.1495234 0.9887478 0.004529904 0.1495234 0.9887478 0.004529904 0.1495234 0.9887478 0.004529904 0.1495234 0.9887478 -0.1025258 0.1089321 0.9887478 -0.1025258 0.1089321 0.9887478 -0.1025258 0.1089321 0.9887478 -0.1025258 0.1089321 0.9887478 -0.03432394 0.1456009 0.9887478 -0.03432394 0.1456009 0.9887478 -0.03432394 0.1456009 0.9887478 -0.03432394 0.1456009 0.9887478 -0.07083866 0.131756 0.9887478 -0.07083866 0.131756 0.9887478 -0.07083866 0.131756 0.9887478 -0.07083866 0.131756 0.9887478</float_array>
                    <technique_common>
                        <accessor count="96" source="#ID53" stride="3">
                            <param name="X" type="float" />
                            <param name="Y" type="float" />
                            <param name="Z" type="float" />
                        </accessor>
                    </technique_common>
                </source>
                <source id="ID51">
                    <float_array id="ID54" count="192">2.667313 -0.1829263 2.645901 -0.3474158 3.031313 -0.3474158 3.009901 -0.1829263 2.351738 0.5150042 2.330326 0.3505148 2.715738 0.3505148 2.694326 0.5150042 2.789441 -0.9378332 2.768029 -1.102323 3.153441 -1.102323 3.13203 -0.9378332 1.864223 1.108396 1.842811 0.9439062 2.228223 0.9439062 2.206811 1.108396 2.7098 -1.698271 2.688389 -1.86276 3.073801 -1.86276 3.052389 -1.698271 1.23799 1.556809 1.216579 1.39232 1.601991 1.39232 1.580579 1.556809 2.433818 -2.412416 2.412406 -2.576906 2.797818 -2.576906 2.776406 -2.412416 0.5157176 1.829687 0.4943058 1.665197 0.8797178 1.665197 0.858306 1.829687 1.980301 -3.031602 1.958889 -3.196092 2.344301 -3.196092 2.322889 -3.031602 -0.2533739 1.908431 -0.2747857 1.743942 0.1106263 1.743942 0.0892145 1.908431 1.380157 -3.513632 1.358745 -3.678121 1.744157 -3.678121 1.722745 -3.513632 -1.016872 1.787677 -1.038284 1.623188 -0.6528716 1.623188 -0.6742834 1.787677 0.6742834 -3.825656 0.6528716 -3.990145 1.038284 -3.990145 1.016872 -3.825656 -1.722745 1.475653 -1.744157 1.311164 -1.358745 1.311164 -1.380157 1.475653 -0.0892145 -3.94641 -0.1106263 -4.1109 0.2747857 -4.1109 0.2533739 -3.94641 -2.322889 0.9936236 -2.344301 0.8291341 -1.958889 0.8291341 -1.980301 0.9936236 -0.858306 -3.867665 -0.8797178 -4.032155 -0.4943058 -4.032155 -0.5157176 -3.867665 -2.776406 0.3744377 -2.797818 0.2099482 -2.412406 0.2099482 -2.433818 0.3744377 -1.580579 -3.594788 -1.601991 -3.759278 -1.216579 -3.759278 -1.23799 -3.594788 -3.052389 -0.339708 -3.073801 -0.5041974 -2.688389 -0.5041974 -2.7098 -0.339708 -2.206811 -3.146374 -2.228223 -3.310864 -1.842811 -3.310864 -1.864223 -3.146374 -3.13203 -1.100146 -3.153441 -1.264635 -2.768029 -1.264635 -2.789441 -1.100146 -2.694326 -2.552983 -2.715738 -2.717472 -2.330326 -2.717472 -2.351738 -2.552983 -3.009901 -1.855052 -3.031313 -2.019542 -2.645901 -2.019542 -2.667313 -1.855052</float_array>
                    <technique_common>
                        <accessor count="96" source="#ID54" stride="2">
                            <param name="S" type="float" />
                            <param name="T" type="float" />
                        </accessor>
                    </technique_common>
                </source>
                <vertices id="ID50">
                    <input semantic="POSITION" source="#ID48" />
                    <input semantic="NORMAL" source="#ID49" />
                </vertices>
                <polylist count="24" material="Material2">
                    <input offset="0" semantic="VERTEX" source="#ID50" />
                    <input offset="1" semantic="TEXCOORD" source="#ID51" />
                    <vcount>4 4 4 4 4 4 4 4 4 4 4 4 4 4 4 4 4 4 4 4 4 4 4 4</vcount>
                    <p>0 0 1 1 2 2 3 3 4 4 5 5 6 6 7 7 8 8 9 9 10 10 11 11 12 12 13 13 14 14 15 15 16 16 17 17 18 18 19 19 20 20 21 21 22 22 23 23 24 24 25 25 26 26 27 27 28 28 29 29 30 30 31 31 32 32 33 33 34 34 35 35 36 36 37 37 38 38 39 39 40 40 41 41 42 42 43 43 44 44 45 45 46 46 47 47 48 48 49 49 50 50 51 51 52 52 53 53 54 54 55 55 56 56 57 57 58 58 59 59 60 60 61 61 62 62 63 63 64 64 65 65 66 66 67 67 68 68 69 69 70 70 71 71 72 72 73 73 74 74 75 75 76 76 77 77 78 78 79 79 80 80 81 81 82 82 83 83 84 84 85 85 86 86 87 87 88 88 89 89 90 90 91 91 92 92 93 93 94 94 95 95</p>
                </polylist>
            </mesh>
        </geometry>
        <geometry id="ID55">
            <mesh>
                <source id="ID56">
                    <float_array id="ID60" count="720">1.179106 12.60653 0.3937008 0 17.60825 0.3937008 0 17.60825 0 1.179106 12.60653 0 1.179106 12.60653 0.3937008 3.019744 13.30442 0.6889764 1.958549 17.80597 0.6889764 0 17.60825 0.3937008 0 17.60825 0.3937008 0.1556126 22.74472 0.3937008 0.1556126 22.74472 0 0 17.60825 0 0.1556126 22.74472 0 1.635339 27.66589 0 4.338338 32.0364 -1.065814e-14 8.080406 35.5584 -1.065814e-14 12.60653 37.99187 0 17.60825 39.17097 0 22.74472 39.01536 0 27.66589 37.53564 0 32.0364 34.83264 0 35.5584 31.09057 0 37.99187 26.56445 0 39.17097 21.56272 0 39.01536 16.42625 0 37.53564 11.50508 0 34.83264 7.134574 0 31.09057 3.612576 0 26.56445 1.179106 0 21.56272 0 0 16.42625 0.1556126 0 11.50508 1.635339 -1.065814e-14 7.134574 4.338338 -1.065814e-14 3.612576 8.080406 0 1.179106 12.60653 0 0 17.60825 0 13.13511 5.256347 0 9.646245 7.414082 0 6.834725 10.40128 0 4.892148 14.01436 0 3.950898 18.00711 -1.065814e-14 4.075119 22.10742 0 5.256347 26.03587 -1.065814e-14 7.414082 29.52473 0 10.40128 32.33625 0 14.01436 34.27883 0 18.00711 35.22008 0 22.10742 35.09585 0 26.03587 33.91463 0 29.52473 31.75689 0 32.33625 28.7697 0 34.27883 25.15661 -1.065814e-14 35.22008 21.16386 0 35.09585 17.06355 0 33.91463 13.13511 0 31.75689 9.646245 0 28.7697 6.834725 0 25.15661 4.892148 0 21.16386 3.950898 0 17.06355 4.075119 -1.065814e-14 3.612576 8.080406 0.3937008 1.179106 12.60653 0.3937008 1.179106 12.60653 0 3.612576 8.080406 0 3.612576 8.080406 0.3937008 5.209868 9.230914 0.6889764 3.019744 13.30442 0.6889764 1.179106 12.60653 0.3937008 0 17.60825 0.3937008 1.958549 17.80597 0.6889764 2.0986 22.4288 0.6889764 0.1556126 22.74472 0.3937008 0.1556126 22.74472 0.3937008 1.635339 27.66589 0.3937008 1.635339 27.66589 0 0.1556126 22.74472 0 1.635339 27.66589 0.3937008 4.338338 32.0364 0.3937008 4.338338 32.0364 -1.065814e-14 1.635339 27.66589 0 4.338338 32.0364 0.3937008 8.080406 35.5584 0.3937008 8.080406 35.5584 -1.065814e-14 4.338338 32.0364 -1.065814e-14 8.080406 35.5584 0.3937008 12.60653 37.99187 0.3937008 12.60653 37.99187 0 8.080406 35.5584 -1.065814e-14 12.60653 37.99187 0.3937008 17.60825 39.17097 0.3937008 17.60825 39.17097 0 12.60653 37.99187 0 17.60825 39.17097 0.3937008 22.74472 39.01536 0.3937008 22.74472 39.01536 0 17.60825 39.17097 0 22.74472 39.01536 0.3937008 27.66589 37.53564 0.3937008 27.66589 37.53564 0 22.74472 39.01536 0 27.66589 37.53564 0.3937008 32.0364 34.83264 0.3937008 32.0364 34.83264 0 27.66589 37.53564 0 32.0364 34.83264 0.3937008 35.5584 31.09057 0.3937008 35.5584 31.09057 0 32.0364 34.83264 0 35.5584 31.09057 0.3937008 37.99187 26.56445 0.3937008 37.99187 26.56445 0 35.5584 31.09057 0 37.99187 26.56445 0.3937008 39.17097 21.56272 0.3937008 39.17097 21.56272 0 37.99187 26.56445 0 39.17097 21.56272 0.3937008 39.01536 16.42625 0.3937008 39.01536 16.42625 0 39.17097 21.56272 0 39.01536 16.42625 0.3937008 37.53564 11.50508 0.3937008 37.53564 11.50508 0 39.01536 16.42625 0 37.53564 11.50508 0.3937008 34.83264 7.134574 0.3937008 34.83264 7.134574 0 37.53564 11.50508 0 34.83264 7.134574 0.3937008 31.09057 3.612576 0.3937008 31.09057 3.612576 0 34.83264 7.134574 0 31.09057 3.612576 0.3937008 26.56445 1.179106 0.3937008 26.56445 1.179106 0 31.09057 3.612576 0 26.56445 1.179106 0.3937008 21.56272 0 0.3937008 21.56272 0 0 26.56445 1.179106 0 21.56272 0 0.3937008 16.42625 0.1556126 0.3937008 16.42625 0.1556126 0 21.56272 0 0 16.42625 0.1556126 0.3937008 11.50508 1.635339 0.3937008 11.50508 1.635339 -1.065814e-14 16.42625 0.1556126 0 11.50508 1.635339 0.3937008 7.134574 4.338338 0.3937008 7.134574 4.338338 -1.065814e-14 11.50508 1.635339 -1.065814e-14 7.134574 4.338338 0.3937008 3.612576 8.080406 0.3937008 3.612576 8.080406 0 7.134574 4.338338 -1.065814e-14 7.134574 4.338338 0.3937008 8.379666 5.863053 0.6889764 5.209868 9.230914 0.6889764 3.612576 8.080406 0.3937008 0.1556126 22.74472 0.3937008 2.0986 22.4288 0.6889764 3.430354 26.85785 0.6889764 1.635339 27.66589 0.3937008 1.635339 27.66589 0.3937008 3.430354 26.85785 0.6889764 5.863053 30.79131 0.6889764 4.338338 32.0364 0.3937008 4.338338 32.0364 0.3937008 5.863053 30.79131 0.6889764 9.230914 33.96111 0.6889764 8.080406 35.5584 0.3937008 8.080406 35.5584 0.3937008 9.230914 33.96111 0.6889764 13.30442 36.15123 0.6889764 12.60653 37.99187 0.3937008 12.60653 37.99187 0.3937008 13.30442 36.15123 0.6889764 17.80597 37.21243 0.6889764 17.60825 39.17097 0.3937008 17.60825 39.17097 0.3937008 17.80597 37.21243 0.6889764 22.4288 37.07237 0.6889764 22.74472 39.01536 0.3937008 22.74472 39.01536 0.3937008 22.4288 37.07237 0.6889764 26.85785 35.74062 0.6889764 27.66589 37.53564 0.3937008 27.66589 37.53564 0.3937008 26.85785 35.74062 0.6889764 30.79131 33.30792 0.6889764 32.0364 34.83264 0.3937008 32.0364 34.83264 0.3937008 30.79131 33.30792 0.6889764 33.96111 29.94006 0.6889764 35.5584 31.09057 0.3937008 35.5584 31.09057 0.3937008 33.96111 29.94006 0.6889764 36.15123 25.86655 0.6889764 37.99187 26.56445 0.3937008 37.99187 26.56445 0.3937008 36.15123 25.86655 0.6889764 37.21243 21.365 0.6889764 39.17097 21.56272 0.3937008 39.17097 21.56272 0.3937008 37.21243 21.365 0.6889764 37.07237 16.74218 0.6889764 39.01536 16.42625 0.3937008 39.01536 16.42625 0.3937008 37.07237 16.74218 0.6889764 35.74062 12.31312 0.6889764 37.53564 11.50508 0.3937008 37.53564 11.50508 0.3937008 35.74062 12.31312 0.6889764 33.30792 8.379666 0.6889764 34.83264 7.134574 0.3937008 34.83264 7.134574 0.3937008 33.30792 8.379666 0.6889764 29.94006 5.209868 0.6889764 31.09057 3.612576 0.3937008 31.09057 3.612576 0.3937008 29.94006 5.209868 0.6889764 25.86655 3.019744 0.6889764 26.56445 1.179106 0.3937008 26.56445 1.179106 0.3937008 25.86655 3.019744 0.6889764 21.365 1.958549 0.6889764 21.56272 0 0.3937008 21.56272 0 0.3937008 21.365 1.958549 0.6889764 16.74218 2.0986 0.6889764 16.42625 0.1556126 0.3937008 16.42625 0.1556126 0.3937008 16.74218 2.0986 0.6889764 12.31312 3.430354 0.6889764 11.50508 1.635339 0.3937008 11.50508 1.635339 0.3937008 12.31312 3.430354 0.6889764 8.379666 5.863053 0.6889764 7.134574 4.338338 0.3937008</float_array>
                    <technique_common>
                        <accessor count="240" source="#ID60" stride="3">
                            <param name="X" type="float" />
                            <param name="Y" type="float" />
                            <param name="Z" type="float" />
                        </accessor>
                    </technique_common>
                </source>
                <source id="ID57">
                    <float_array id="ID61" count="720">-0.9733203 -0.2294504 0 -0.9733203 -0.2294504 0 -0.9733203 -0.2294504 0 -0.9733203 -0.2294504 0 -0.1456009 -0.03432394 0.9887478 -0.1456009 -0.03432394 0.9887478 -0.1456009 -0.03432394 0.9887478 -0.1456009 -0.03432394 0.9887478 -0.9995414 0.03028174 0 -0.9995414 0.03028174 0 -0.9995414 0.03028174 0 -0.9995414 0.03028174 0 0 0 -1 0 0 -1 0 0 -1 0 0 -1 0 0 -1 0 0 -1 0 0 -1 0 0 -1 0 0 -1 0 0 -1 0 0 -1 0 0 -1 0 0 -1 0 0 -1 0 0 -1 0 0 -1 0 0 -1 0 0 -1 0 0 -1 0 0 -1 0 0 -1 0 0 -1 0 0 -1 0 0 -1 -0 -0 1 -0 -0 1 -0 -0 1 -0 -0 1 -0 -0 1 -0 -0 1 -0 -0 1 -0 -0 1 -0 -0 1 -0 -0 1 -0 -0 1 -0 -0 1 -0 -0 1 -0 -0 1 -0 -0 1 -0 -0 1 -0 -0 1 -0 -0 1 -0 -0 1 -0 -0 1 -0 -0 1 -0 -0 1 -0 -0 1 -0 -0 1 -0.8807691 -0.4735459 0 -0.8807691 -0.4735459 0 -0.8807691 -0.4735459 0 -0.8807691 -0.4735459 0 -0.131756 -0.07083866 0.9887478 -0.131756 -0.07083866 0.9887478 -0.131756 -0.07083866 0.9887478 -0.131756 -0.07083866 0.9887478 -0.1495234 0.004529904 0.9887478 -0.1495234 0.004529904 0.9887478 -0.1495234 0.004529904 0.9887478 -0.1495234 0.004529904 0.9887478 -0.9576454 0.2879503 0 -0.9576454 0.2879503 0 -0.9576454 0.2879503 0 -0.9576454 0.2879503 0 -0.8504874 0.5259955 0 -0.8504874 0.5259955 0 -0.8504874 0.5259955 0 -0.8504874 0.5259955 0 -0.6853701 0.7281949 0 -0.6853701 0.7281949 0 -0.6853701 0.7281949 0 -0.6853701 0.7281949 0 -0.4735459 0.8807691 1.695937e-16 -0.4735459 0.8807691 1.695937e-16 -0.4735459 0.8807691 1.695937e-16 -0.4735459 0.8807691 1.695937e-16 -0.2294504 0.9733203 0 -0.2294504 0.9733203 0 -0.2294504 0.9733203 0 -0.2294504 0.9733203 0 0.03028174 0.9995414 6.310887e-30 0.03028174 0.9995414 6.310887e-30 0.03028174 0.9995414 6.310887e-30 0.03028174 0.9995414 6.310887e-30 0.2879503 0.9576454 1.714835e-16 0.2879503 0.9576454 1.714835e-16 0.2879503 0.9576454 1.714835e-16 0.2879503 0.9576454 1.714835e-16 0.5259955 0.8504874 0 0.5259955 0.8504874 0 0.5259955 0.8504874 0 0.5259955 0.8504874 0 0.7281949 0.6853701 0 0.7281949 0.6853701 0 0.7281949 0.6853701 0 0.7281949 0.6853701 0 0.8807691 0.4735459 0 0.8807691 0.4735459 0 0.8807691 0.4735459 0 0.8807691 0.4735459 0 0.9733203 0.2294504 0 0.9733203 0.2294504 0 0.9733203 0.2294504 0 0.9733203 0.2294504 0 0.9995414 -0.03028174 0 0.9995414 -0.03028174 0 0.9995414 -0.03028174 0 0.9995414 -0.03028174 0 0.9576454 -0.2879503 0 0.9576454 -0.2879503 0 0.9576454 -0.2879503 0 0.9576454 -0.2879503 0 0.8504874 -0.5259955 0 0.8504874 -0.5259955 0 0.8504874 -0.5259955 0 0.8504874 -0.5259955 0 0.6853701 -0.7281949 0 0.6853701 -0.7281949 0 0.6853701 -0.7281949 0 0.6853701 -0.7281949 0 0.4735459 -0.8807691 0 0.4735459 -0.8807691 0 0.4735459 -0.8807691 0 0.4735459 -0.8807691 0 0.2294504 -0.9733203 0 0.2294504 -0.9733203 0 0.2294504 -0.9733203 0 0.2294504 -0.9733203 0 -0.03028174 -0.9995414 0 -0.03028174 -0.9995414 0 -0.03028174 -0.9995414 0 -0.03028174 -0.9995414 0 -0.2879503 -0.9576454 0 -0.2879503 -0.9576454 0 -0.2879503 -0.9576454 0 -0.2879503 -0.9576454 0 -0.5259955 -0.8504874 0 -0.5259955 -0.8504874 0 -0.5259955 -0.8504874 0 -0.5259955 -0.8504874 0 -0.7281949 -0.6853701 0 -0.7281949 -0.6853701 0 -0.7281949 -0.6853701 0 -0.7281949 -0.6853701 0 -0.1089321 -0.1025258 0.9887478 -0.1089321 -0.1025258 0.9887478 -0.1089321 -0.1025258 0.9887478 -0.1089321 -0.1025258 0.9887478 -0.143256 0.04307504 0.9887478 -0.143256 0.04307504 0.9887478 -0.143256 0.04307504 0.9887478 -0.143256 0.04307504 0.9887478 -0.1272261 0.07868469 0.9887478 -0.1272261 0.07868469 0.9887478 -0.1272261 0.07868469 0.9887478 -0.1272261 0.07868469 0.9887478 -0.1025258 0.1089321 0.9887478 -0.1025258 0.1089321 0.9887478 -0.1025258 0.1089321 0.9887478 -0.1025258 0.1089321 0.9887478 -0.07083866 0.131756 0.9887478 -0.07083866 0.131756 0.9887478 -0.07083866 0.131756 0.9887478 -0.07083866 0.131756 0.9887478 -0.03432394 0.1456009 0.9887478 -0.03432394 0.1456009 0.9887478 -0.03432394 0.1456009 0.9887478 -0.03432394 0.1456009 0.9887478 0.004529904 0.1495234 0.9887478 0.004529904 0.1495234 0.9887478 0.004529904 0.1495234 0.9887478 0.004529904 0.1495234 0.9887478 0.04307504 0.143256 0.9887478 0.04307504 0.143256 0.9887478 0.04307504 0.143256 0.9887478 0.04307504 0.143256 0.9887478 0.07868469 0.1272261 0.9887478 0.07868469 0.1272261 0.9887478 0.07868469 0.1272261 0.9887478 0.07868469 0.1272261 0.9887478 0.1089321 0.1025258 0.9887478 0.1089321 0.1025258 0.9887478 0.1089321 0.1025258 0.9887478 0.1089321 0.1025258 0.9887478 0.131756 0.07083866 0.9887478 0.131756 0.07083866 0.9887478 0.131756 0.07083866 0.9887478 0.131756 0.07083866 0.9887478 0.1456009 0.03432394 0.9887478 0.1456009 0.03432394 0.9887478 0.1456009 0.03432394 0.9887478 0.1456009 0.03432394 0.9887478 0.1495234 -0.004529904 0.9887478 0.1495234 -0.004529904 0.9887478 0.1495234 -0.004529904 0.9887478 0.1495234 -0.004529904 0.9887478 0.143256 -0.04307504 0.9887478 0.143256 -0.04307504 0.9887478 0.143256 -0.04307504 0.9887478 0.143256 -0.04307504 0.9887478 0.1272261 -0.07868469 0.9887478 0.1272261 -0.07868469 0.9887478 0.1272261 -0.07868469 0.9887478 0.1272261 -0.07868469 0.9887478 0.1025258 -0.1089321 0.9887478 0.1025258 -0.1089321 0.9887478 0.1025258 -0.1089321 0.9887478 0.1025258 -0.1089321 0.9887478 0.07083866 -0.131756 0.9887478 0.07083866 -0.131756 0.9887478 0.07083866 -0.131756 0.9887478 0.07083866 -0.131756 0.9887478 0.03432394 -0.1456009 0.9887478 0.03432394 -0.1456009 0.9887478 0.03432394 -0.1456009 0.9887478 0.03432394 -0.1456009 0.9887478 -0.004529904 -0.1495234 0.9887478 -0.004529904 -0.1495234 0.9887478 -0.004529904 -0.1495234 0.9887478 -0.004529904 -0.1495234 0.9887478 -0.04307504 -0.143256 0.9887478 -0.04307504 -0.143256 0.9887478 -0.04307504 -0.143256 0.9887478 -0.04307504 -0.143256 0.9887478 -0.07868469 -0.1272261 0.9887478 -0.07868469 -0.1272261 0.9887478 -0.07868469 -0.1272261 0.9887478 -0.07868469 -0.1272261 0.9887478</float_array>
                    <technique_common>
                        <accessor count="240" source="#ID61" stride="3">
                            <param name="X" type="float" />
                            <param name="Y" type="float" />
                            <param name="Z" type="float" />
                        </accessor>
                    </technique_common>
                </source>
                <source id="ID59">
                    <float_array id="ID62" count="480">-4.011999 5.216535 -5.296706 5.216535 -5.296706 5.11811 -4.011999 5.11811 -4.011999 3.440023 -4.076235 3.933491 -5.23247 3.933491 -5.296706 3.440023 -5.812432 5.216535 -7.097139 5.216535 -7.097139 5.11811 -5.812432 5.11811 -1.441744 7.056717 -1.811676 8.28701 -2.487425 9.379637 -3.422942 10.26014 -4.554472 10.8685 -5.804903 11.16328 -7.089021 11.12438 -8.319314 10.75445 -9.411941 10.0787 -10.29244 9.143179 -10.90081 8.011649 -11.19558 6.761218 -11.15668 5.4771 -10.78675 4.246807 -10.111 3.15418 -9.175483 2.273681 -8.043953 1.665313 -6.793522 1.370537 -5.509404 1.40944 -4.279111 1.779372 -3.186484 2.455121 -2.305985 3.390638 -1.697617 4.522168 -1.402841 5.772599 -4.686618 2.684623 -3.814402 3.224057 -3.111522 3.970856 -2.625878 4.874127 -2.390565 5.872314 -2.421621 6.897392 -2.716928 7.879503 -3.256361 8.751719 -4.00316 9.454599 -4.906431 9.940243 -5.904618 10.17556 -6.929696 10.1445 -7.911807 9.849194 -8.784023 9.30976 -9.486903 8.562961 -9.972547 7.65969 -10.20786 6.661503 -10.1768 5.636425 -9.881498 4.654314 -9.342064 3.782098 -8.595265 3.079218 -7.691994 2.593574 -6.693807 2.358261 -5.668729 2.389317 -1.89438 5.216535 -3.179086 5.216535 -3.179086 5.11811 -1.89438 5.11811 -1.89438 4.376095 -1.958615 4.869563 -3.114851 4.869563 -3.179086 4.376095 -5.812432 1.993934 -5.876668 2.487402 -7.032904 2.487402 -7.097139 1.993934 -7.172983 5.216535 -8.457689 5.216535 -8.457689 5.11811 -7.172983 5.11811 -8.000931 5.216535 -9.285637 5.216535 -9.285637 5.11811 -8.000931 5.11811 -8.239853 5.216535 -9.52456 5.216535 -9.52456 5.11811 -8.239853 5.11811 -7.873468 5.216535 -9.158174 5.216535 -9.158174 5.11811 -7.873468 5.11811 -6.926743 5.216535 -8.21145 5.216535 -8.21145 5.11811 -6.926743 5.11811 -5.464198 5.216535 -6.748904 5.216535 -6.748904 5.11811 -5.464198 5.11811 -3.5855 5.216535 -4.870207 5.216535 -4.870207 5.11811 -3.5855 5.11811 -1.418682 5.216535 -2.703389 5.216535 -2.703389 5.11811 -1.418682 5.11811 0.8885925 5.216535 -0.3961142 5.216535 -0.3961142 5.11811 0.8885925 5.11811 3.179086 5.216535 1.89438 5.216535 1.89438 5.11811 3.179086 5.11811 5.296706 5.216535 4.011999 5.216535 4.011999 5.11811 5.296706 5.11811 7.097139 5.216535 5.812432 5.216535 5.812432 5.11811 7.097139 5.11811 8.457689 5.216535 7.172983 5.216535 7.172983 5.11811 8.457689 5.11811 9.285637 5.216535 8.000931 5.216535 8.000931 5.11811 9.285637 5.11811 9.52456 5.216535 8.239853 5.216535 8.239853 5.11811 9.52456 5.11811 9.158174 5.216535 7.873468 5.216535 7.873468 5.11811 9.158174 5.11811 8.21145 5.216535 6.926743 5.216535 6.926743 5.11811 8.21145 5.11811 6.748904 5.216535 5.464198 5.216535 5.464198 5.11811 6.748904 5.11811 4.870207 5.216535 3.5855 5.216535 3.5855 5.11811 4.870207 5.11811 2.703389 5.216535 1.418682 5.216535 1.418682 5.11811 2.703389 5.11811 0.3961142 5.216535 -0.8885925 5.216535 -0.8885925 5.11811 0.3961142 5.11811 0.3961142 4.738357 0.3318788 5.231826 -0.8243571 5.231826 -0.8885925 4.738357 -7.172983 0.1363763 -7.237218 0.6298447 -8.393454 0.6298447 -8.457689 0.1363763 -8.000931 -2.006061 -8.065166 -1.512592 -9.221402 -1.512592 -9.285637 -2.006061 -8.239853 -4.287373 -8.304088 -3.793905 -9.460324 -3.793905 -9.52456 -4.287373 -7.873468 -6.552094 -7.937703 -6.058626 -9.093939 -6.058626 -9.158174 -6.552094 -6.926743 -8.645886 -6.990979 -8.152417 -8.147215 -8.152417 -8.21145 -8.645886 -5.464198 -10.42606 -5.528433 -9.932592 -6.684669 -9.932592 -6.748904 -10.42606 -3.5855 -11.7713 -3.649736 -11.27783 -4.805972 -11.27783 -4.870207 -11.7713 -1.418682 -12.58993 -1.482917 -12.09646 -2.639153 -12.09646 -2.703389 -12.58993 0.8885925 -12.82617 0.8243571 -12.3327 -0.3318788 -12.3327 -0.3961142 -12.82617 3.179086 -12.4639 3.114851 -11.97044 1.958615 -11.97044 1.89438 -12.4639 5.296706 -11.52783 5.23247 -11.03436 4.076235 -11.03436 4.011999 -11.52783 7.097139 -10.08174 7.032904 -9.588275 5.876668 -9.588275 5.812432 -10.08174 8.457689 -8.224186 8.393454 -7.730718 7.237218 -7.730718 7.172983 -8.224186 9.285637 -6.081749 9.221402 -5.588281 8.065166 -5.588281 8.000931 -6.081749 9.52456 -3.800436 9.460324 -3.306968 8.304088 -3.306968 8.239853 -3.800436 9.158174 -1.535716 9.093939 -1.042247 7.937703 -1.042247 7.873468 -1.535716 8.21145 0.558076 8.147215 1.051544 6.990979 1.051544 6.926743 0.558076 6.748904 2.33825 6.684669 2.831719 5.528433 2.831719 5.464198 2.33825 4.870207 3.683491 4.805972 4.17696 3.649736 4.17696 3.5855 3.683491 2.703389 4.502123 2.639153 4.995591 1.482917 4.995591 1.418682 4.502123</float_array>
                    <technique_common>
                        <accessor count="240" source="#ID62" stride="2">
                            <param name="S" type="float" />
                            <param name="T" type="float" />
                        </accessor>
                    </technique_common>
                </source>
                <vertices id="ID58">
                    <input semantic="POSITION" source="#ID56" />
                    <input semantic="NORMAL" source="#ID57" />
                </vertices>
                <polylist count="48" material="Material2">
                    <input offset="0" semantic="VERTEX" source="#ID58" />
                    <input offset="1" semantic="TEXCOORD" source="#ID59" />
                    <vcount>4 4 4 4 4 4 4 4 4 4 4 4 4 4 4 4 4 4 4 4 4 4 4 4 4 4 4 4 4 4 4 4 4 4 4 4 4 4 4 4 4 4 4 4 4 4 4 4</vcount>
                    <p>0 0 1 1 2 2 3 3 4 4 5 5 6 6 7 7 8 8 9 9 10 10 11 11 60 60 61 61 62 62 63 63 64 64 65 65 66 66 67 67 68 68 69 69 70 70 71 71 72 72 73 73 74 74 75 75 76 76 77 77 78 78 79 79 80 80 81 81 82 82 83 83 84 84 85 85 86 86 87 87 88 88 89 89 90 90 91 91 92 92 93 93 94 94 95 95 96 96 97 97 98 98 99 99 100 100 101 101 102 102 103 103 104 104 105 105 106 106 107 107 108 108 109 109 110 110 111 111 112 112 113 113 114 114 115 115 116 116 117 117 118 118 119 119 120 120 121 121 122 122 123 123 124 124 125 125 126 126 127 127 128 128 129 129 130 130 131 131 132 132 133 133 134 134 135 135 136 136 137 137 138 138 139 139 140 140 141 141 142 142 143 143 144 144 145 145 146 146 147 147 148 148 149 149 150 150 151 151 152 152 153 153 154 154 155 155 156 156 157 157 158 158 159 159 160 160 161 161 162 162 163 163 164 164 165 165 166 166 167 167 168 168 169 169 170 170 171 171 172 172 173 173 174 174 175 175 176 176 177 177 178 178 179 179 180 180 181 181 182 182 183 183 184 184 185 185 186 186 187 187 188 188 189 189 190 190 191 191 192 192 193 193 194 194 195 195 196 196 197 197 198 198 199 199 200 200 201 201 202 202 203 203 204 204 205 205 206 206 207 207 208 208 209 209 210 210 211 211 212 212 213 213 214 214 215 215 216 216 217 217 218 218 219 219 220 220 221 221 222 222 223 223 224 224 225 225 226 226 227 227 228 228 229 229 230 230 231 231 232 232 233 233 234 234 235 235 236 236 237 237 238 238 239 239</p>
                </polylist>
                <polygons count="1" material="Material2">
                    <input offset="0" semantic="VERTEX" source="#ID58" />
                    <input offset="1" semantic="TEXCOORD" source="#ID59" />
                    <ph>
                        <p>12 12 13 13 14 14 15 15 16 16 17 17 18 18 19 19 20 20 21 21 22 22 23 23 24 24 25 25 26 26 27 27 28 28 29 29 30 30 31 31 32 32 33 33 34 34 35 35</p>
                        <h>36 36 37 37 38 38 39 39 40 40 41 41 42 42 43 43 44 44 45 45 46 46 47 47 48 48 49 49 50 50 51 51 52 52 53 53 54 54 55 55 56 56 57 57 58 58 59 59</h>
                    </ph>
                </polygons>
            </mesh>
        </geometry>
        <geometry id="ID63">
            <mesh>
                <source id="ID64">
                    <float_array id="ID68" count="288">4.075119 22.10742 0 5.256347 26.03587 -1.065814e-14 5.256347 26.03587 0.3937008 4.075119 22.10742 0.3937008 5.256347 26.03587 -1.065814e-14 7.414082 29.52473 0 7.414082 29.52473 0.3937008 5.256347 26.03587 0.3937008 3.950898 18.00711 -1.065814e-14 4.075119 22.10742 0 4.075119 22.10742 0.3937008 3.950898 18.00711 0.3937008 7.414082 29.52473 0 10.40128 32.33625 0 10.40128 32.33625 0.3937008 7.414082 29.52473 0.3937008 4.892148 14.01436 0 3.950898 18.00711 -1.065814e-14 3.950898 18.00711 0.3937008 4.892148 14.01436 0.3937008 10.40128 32.33625 0 14.01436 34.27883 0 14.01436 34.27883 0.3937008 10.40128 32.33625 0.3937008 6.834725 10.40128 0 4.892148 14.01436 0 4.892148 14.01436 0.3937008 6.834725 10.40128 0.3937008 14.01436 34.27883 0 18.00711 35.22008 0 18.00711 35.22008 0.3937008 14.01436 34.27883 0.3937008 9.646245 7.414082 0 6.834725 10.40128 0 6.834725 10.40128 0.3937008 9.646245 7.414082 0.3937008 18.00711 35.22008 0 22.10742 35.09585 0 22.10742 35.09585 0.3937008 18.00711 35.22008 0.3937008 13.13511 5.256347 0 9.646245 7.414082 0 9.646245 7.414082 0.3937008 13.13511 5.256347 0.3937008 22.10742 35.09585 0 26.03587 33.91463 0 26.03587 33.91463 0.3937008 22.10742 35.09585 0.3937008 17.06355 4.075119 -1.065814e-14 13.13511 5.256347 0 13.13511 5.256347 0.3937008 17.06355 4.075119 0.3937008 26.03587 33.91463 0 29.52473 31.75689 0 29.52473 31.75689 0.3937008 26.03587 33.91463 0.3937008 21.16386 3.950898 0 17.06355 4.075119 -1.065814e-14 17.06355 4.075119 0.3937008 21.16386 3.950898 0.3937008 29.52473 31.75689 0 32.33625 28.7697 0 32.33625 28.7697 0.3937008 29.52473 31.75689 0.3937008 25.15661 4.892148 0 21.16386 3.950898 0 21.16386 3.950898 0.3937008 25.15661 4.892148 0.3937008 32.33625 28.7697 0 34.27883 25.15661 -1.065814e-14 34.27883 25.15661 0.3937008 32.33625 28.7697 0.3937008 28.7697 6.834725 0 25.15661 4.892148 0 25.15661 4.892148 0.3937008 28.7697 6.834725 0.3937008 34.27883 25.15661 -1.065814e-14 35.22008 21.16386 0 35.22008 21.16386 0.3937008 34.27883 25.15661 0.3937008 31.75689 9.646245 0 28.7697 6.834725 0 28.7697 6.834725 0.3937008 31.75689 9.646245 0.3937008 35.22008 21.16386 0 35.09585 17.06355 0 35.09585 17.06355 0.3937008 35.22008 21.16386 0.3937008 33.91463 13.13511 0 31.75689 9.646245 0 31.75689 9.646245 0.3937008 33.91463 13.13511 0.3937008 35.09585 17.06355 0 33.91463 13.13511 0 33.91463 13.13511 0.3937008 35.09585 17.06355 0.3937008</float_array>
                    <technique_common>
                        <accessor count="96" source="#ID68" stride="3">
                            <param name="X" type="float" />
                            <param name="Y" type="float" />
                            <param name="Z" type="float" />
                        </accessor>
                    </technique_common>
                </source>
                <source id="ID65">
                    <float_array id="ID69" count="288">0.9576454 -0.2879503 0 0.9576454 -0.2879503 0 0.9576454 -0.2879503 0 0.9576454 -0.2879503 0 0.8504874 -0.5259955 -1.883778e-16 0.8504874 -0.5259955 -1.883778e-16 0.8504874 -0.5259955 -1.883778e-16 0.8504874 -0.5259955 -1.883778e-16 0.9995414 -0.03028174 0 0.9995414 -0.03028174 0 0.9995414 -0.03028174 0 0.9995414 -0.03028174 0 0.6853701 -0.7281949 0 0.6853701 -0.7281949 0 0.6853701 -0.7281949 0 0.6853701 -0.7281949 0 0.9733203 0.2294504 0 0.9733203 0.2294504 0 0.9733203 0.2294504 0 0.9733203 0.2294504 0 0.4735459 -0.8807691 1.695937e-16 0.4735459 -0.8807691 1.695937e-16 0.4735459 -0.8807691 1.695937e-16 0.4735459 -0.8807691 1.695937e-16 0.8807691 0.4735459 0 0.8807691 0.4735459 0 0.8807691 0.4735459 0 0.8807691 0.4735459 0 0.2294504 -0.9733203 -2.524355e-29 0.2294504 -0.9733203 -2.524355e-29 0.2294504 -0.9733203 -2.524355e-29 0.2294504 -0.9733203 -2.524355e-29 0.7281949 0.6853701 0 0.7281949 0.6853701 0 0.7281949 0.6853701 0 0.7281949 0.6853701 0 -0.03028174 -0.9995414 0 -0.03028174 -0.9995414 0 -0.03028174 -0.9995414 0 -0.03028174 -0.9995414 0 0.5259955 0.8504874 0 0.5259955 0.8504874 0 0.5259955 0.8504874 0 0.5259955 0.8504874 0 -0.2879503 -0.9576454 0 -0.2879503 -0.9576454 0 -0.2879503 -0.9576454 0 -0.2879503 -0.9576454 0 0.2879503 0.9576454 0 0.2879503 0.9576454 0 0.2879503 0.9576454 0 0.2879503 0.9576454 0 -0.5259955 -0.8504874 -1.883778e-16 -0.5259955 -0.8504874 -1.883778e-16 -0.5259955 -0.8504874 -1.883778e-16 -0.5259955 -0.8504874 -1.883778e-16 0.03028174 0.9995414 1.084497e-17 0.03028174 0.9995414 1.084497e-17 0.03028174 0.9995414 1.084497e-17 0.03028174 0.9995414 1.084497e-17 -0.7281949 -0.6853701 0 -0.7281949 -0.6853701 0 -0.7281949 -0.6853701 0 -0.7281949 -0.6853701 0 -0.2294504 0.9733203 8.21744e-17 -0.2294504 0.9733203 8.21744e-17 -0.2294504 0.9733203 8.21744e-17 -0.2294504 0.9733203 8.21744e-17 -0.8807691 -0.4735459 -1.695937e-16 -0.8807691 -0.4735459 -1.695937e-16 -0.8807691 -0.4735459 -1.695937e-16 -0.8807691 -0.4735459 -1.695937e-16 -0.4735459 0.8807691 0 -0.4735459 0.8807691 0 -0.4735459 0.8807691 0 -0.4735459 0.8807691 0 -0.9733203 -0.2294504 0 -0.9733203 -0.2294504 0 -0.9733203 -0.2294504 0 -0.9733203 -0.2294504 0 -0.6853701 0.7281949 0 -0.6853701 0.7281949 0 -0.6853701 0.7281949 0 -0.6853701 0.7281949 0 -0.9995414 0.03028174 0 -0.9995414 0.03028174 0 -0.9995414 0.03028174 0 -0.9995414 0.03028174 0 -0.8504874 0.5259955 1.883778e-16 -0.8504874 0.5259955 1.883778e-16 -0.8504874 0.5259955 1.883778e-16 -0.8504874 0.5259955 1.883778e-16 -0.9576454 0.2879503 0 -0.9576454 0.2879503 0 -0.9576454 0.2879503 0 -0.9576454 0.2879503 0</float_array>
                    <technique_common>
                        <accessor count="96" source="#ID69" stride="3">
                            <param name="X" type="float" />
                            <param name="Y" type="float" />
                            <param name="Z" type="float" />
                        </accessor>
                    </technique_common>
                </source>
                <source id="ID67">
                    <float_array id="ID70" count="192">7.302562 5.11811 8.32811 5.11811 8.32811 5.216535 7.302562 5.216535 8.13051 5.11811 9.156058 5.11811 9.156058 5.216535 8.13051 5.216535 5.942012 5.11811 6.96756 5.11811 6.96756 5.216535 5.942012 5.216535 8.369432 5.11811 9.39498 5.11811 9.39498 5.216535 8.369432 5.216535 4.141578 5.11811 5.167127 5.11811 5.167127 5.216535 4.141578 5.216535 8.003047 5.11811 9.028595 5.11811 9.028595 5.216535 8.003047 5.216535 2.023959 5.11811 3.049507 5.11811 3.049507 5.216535 2.023959 5.216535 7.056323 5.11811 8.081871 5.11811 8.081871 5.216535 7.056323 5.216535 -0.2665349 5.11811 0.7590132 5.11811 0.7590132 5.216535 -0.2665349 5.216535 5.593777 5.11811 6.619325 5.11811 6.619325 5.216535 5.593777 5.216535 -2.573809 5.11811 -1.548261 5.11811 -1.548261 5.216535 -2.573809 5.216535 3.71508 5.11811 4.740628 5.11811 4.740628 5.216535 3.71508 5.216535 -4.740628 5.11811 -3.71508 5.11811 -3.71508 5.216535 -4.740628 5.216535 1.548261 5.11811 2.573809 5.11811 2.573809 5.216535 1.548261 5.216535 -6.619325 5.11811 -5.593777 5.11811 -5.593777 5.216535 -6.619325 5.216535 -0.7590132 5.11811 0.2665349 5.11811 0.2665349 5.216535 -0.7590132 5.216535 -8.081871 5.11811 -7.056323 5.11811 -7.056323 5.216535 -8.081871 5.216535 -3.049507 5.11811 -2.023959 5.11811 -2.023959 5.216535 -3.049507 5.216535 -9.028595 5.11811 -8.003047 5.11811 -8.003047 5.216535 -9.028595 5.216535 -5.167127 5.11811 -4.141578 5.11811 -4.141578 5.216535 -5.167127 5.216535 -9.39498 5.11811 -8.369432 5.11811 -8.369432 5.216535 -9.39498 5.216535 -6.96756 5.11811 -5.942012 5.11811 -5.942012 5.216535 -6.96756 5.216535 -9.156058 5.11811 -8.13051 5.11811 -8.13051 5.216535 -9.156058 5.216535 -8.32811 5.11811 -7.302562 5.11811 -7.302562 5.216535 -8.32811 5.216535</float_array>
                    <technique_common>
                        <accessor count="96" source="#ID70" stride="2">
                            <param name="S" type="float" />
                            <param name="T" type="float" />
                        </accessor>
                    </technique_common>
                </source>
                <vertices id="ID66">
                    <input semantic="POSITION" source="#ID64" />
                    <input semantic="NORMAL" source="#ID65" />
                </vertices>
                <polylist count="24" material="Material2">
                    <input offset="0" semantic="VERTEX" source="#ID66" />
                    <input offset="1" semantic="TEXCOORD" source="#ID67" />
                    <vcount>4 4 4 4 4 4 4 4 4 4 4 4 4 4 4 4 4 4 4 4 4 4 4 4</vcount>
                    <p>0 0 1 1 2 2 3 3 4 4 5 5 6 6 7 7 8 8 9 9 10 10 11 11 12 12 13 13 14 14 15 15 16 16 17 17 18 18 19 19 20 20 21 21 22 22 23 23 24 24 25 25 26 26 27 27 28 28 29 29 30 30 31 31 32 32 33 33 34 34 35 35 36 36 37 37 38 38 39 39 40 40 41 41 42 42 43 43 44 44 45 45 46 46 47 47 48 48 49 49 50 50 51 51 52 52 53 53 54 54 55 55 56 56 57 57 58 58 59 59 60 60 61 61 62 62 63 63 64 64 65 65 66 66 67 67 68 68 69 69 70 70 71 71 72 72 73 73 74 74 75 75 76 76 77 77 78 78 79 79 80 80 81 81 82 82 83 83 84 84 85 85 86 86 87 87 88 88 89 89 90 90 91 91 92 92 93 93 94 94 95 95</p>
                </polylist>
            </mesh>
        </geometry>
        <geometry id="ID71">
            <mesh>
                <source id="ID72">
                    <float_array id="ID75" count="72">13.12116 5.225369 0.984252 17.0581 4.041588 0.984252 21.16728 3.917097 0.984252 25.16866 4.860382 0.984252 28.78955 6.807159 0.984252 31.78321 9.624757 0.984252 33.94561 13.12116 0.984252 35.12939 17.0581 0.984252 35.25388 21.16728 0.984252 34.31059 25.16866 0.984252 32.36382 28.78955 0.984252 29.54622 31.78321 0.984252 26.04981 33.94561 0.984252 22.11287 35.12939 0.984252 18.0037 35.25388 0.984252 14.00232 34.31059 0.984252 10.38142 32.36382 0.984252 7.387768 29.54622 0.984252 5.225369 26.04981 0.984252 4.041588 22.11287 0.984252 3.917097 18.0037 0.984252 4.860382 14.00232 0.984252 6.807159 10.38142 0.984252 9.624757 7.387768 0.984252</float_array>
                    <technique_common>
                        <accessor count="24" source="#ID75" stride="3">
                            <param name="X" type="float" />
                            <param name="Y" type="float" />
                            <param name="Z" type="float" />
                        </accessor>
                    </technique_common>
                </source>
                <source id="ID73">
                    <float_array id="ID76" count="72">0 0 1 0 0 1 0 0 1 0 0 1 0 0 1 0 0 1 0 0 1 0 0 1 0 0 1 0 0 1 0 0 1 0 0 1 0 0 1 0 0 1 0 0 1 0 0 1 0 0 1 0 0 1 0 0 1 0 0 1 0 0 1 0 0 1 0 0 1 0 0 1</float_array>
                    <technique_common>
                        <accessor count="24" source="#ID76" stride="3">
                            <param name="X" type="float" />
                            <param name="Y" type="float" />
                            <param name="Z" type="float" />
                        </accessor>
                    </technique_common>
                </source>
                <vertices id="ID74">
                    <input semantic="POSITION" source="#ID72" />
                    <input semantic="NORMAL" source="#ID73" />
                </vertices>
                <polylist count="1" material="Material2">
                    <input offset="0" semantic="VERTEX" source="#ID74" />
                    <vcount>24</vcount>
                    <p>0 1 2 3 4 5 6 7 8 9 10 11 12 13 14 15 16 17 18 19 20 21 22 23</p>
                </polylist>
            </mesh>
        </geometry>
        <geometry id="ID77">
            <mesh>
                <source id="ID78">
                    <float_array id="ID82" count="120">25.15661 4.892148 0.3937008 21.16386 3.950898 0.3937008 22.10742 35.09585 0.3937008 26.03587 33.91463 0.3937008 29.52473 31.75689 0.3937008 32.33625 28.7697 0.3937008 34.27883 25.15661 0.3937008 35.22008 21.16386 0.3937008 35.09585 17.06355 0.3937008 33.91463 13.13511 0.3937008 31.75689 9.646245 0.3937008 28.7697 6.834725 0.3937008 21.16386 3.950898 0.3937008 17.06355 4.075119 0.3937008 18.00711 35.22008 0.3937008 22.10742 35.09585 0.3937008 20.01907 5.167224 0.3937008 18.27988 5.219914 0.3937008 18.45711 11.07003 0.3937008 18.51452 12.96505 0.3937008 20.25371 12.91236 0.3937008 20.1979 11.07003 0.3937008 18.97308 28.10095 0.3937008 19.1519 34.00375 0.3937008 20.89109 33.95106 0.3937008 20.71227 28.04826 0.3937008 20.65502 26.15871 0.3937008 18.91583 26.2114 0.3937008 14.01436 34.27883 0.3937008 18.00711 35.22008 0.3937008 17.06355 4.075119 0.3937008 13.13511 5.256347 0.3937008 9.646245 7.414082 0.3937008 6.834725 10.40128 0.3937008 4.892148 14.01436 0.3937008 3.950898 18.00711 0.3937008 4.075119 22.10742 0.3937008 5.256347 26.03587 0.3937008 7.414082 29.52473 0.3937008 10.40128 32.33625 0.3937008</float_array>
                    <technique_common>
                        <accessor count="40" source="#ID82" stride="3">
                            <param name="X" type="float" />
                            <param name="Y" type="float" />
                            <param name="Z" type="float" />
                        </accessor>
                    </technique_common>
                </source>
                <source id="ID79">
                    <float_array id="ID83" count="120">-9.79415e-17 -2.012728e-17 -1 -9.79415e-17 -2.012728e-17 -1 -9.79415e-17 -2.012728e-17 -1 -9.79415e-17 -2.012728e-17 -1 -9.79415e-17 -2.012728e-17 -1 -9.79415e-17 -2.012728e-17 -1 -9.79415e-17 -2.012728e-17 -1 -9.79415e-17 -2.012728e-17 -1 -9.79415e-17 -2.012728e-17 -1 -9.79415e-17 -2.012728e-17 -1 -9.79415e-17 -2.012728e-17 -1 -9.79415e-17 -2.012728e-17 -1 1.167333e-15 1.220831e-16 -1 1.167333e-15 1.220831e-16 -1 1.167333e-15 1.220831e-16 -1 1.167333e-15 1.220831e-16 -1 -1.167333e-15 -1.220831e-16 1 -1.167333e-15 -1.220831e-16 1 -1.167333e-15 -1.220831e-16 1 -1.167333e-15 -1.220831e-16 1 -1.167333e-15 -1.220831e-16 1 -1.167333e-15 -1.220831e-16 1 -1.167333e-15 -1.220831e-16 1 -1.167333e-15 -1.220831e-16 1 -1.167333e-15 -1.220831e-16 1 -1.167333e-15 -1.220831e-16 1 -1.167333e-15 -1.220831e-16 1 -1.167333e-15 -1.220831e-16 1 -3.079357e-17 5.004257e-17 -1 -3.079357e-17 5.004257e-17 -1 -3.079357e-17 5.004257e-17 -1 -3.079357e-17 5.004257e-17 -1 -3.079357e-17 5.004257e-17 -1 -3.079357e-17 5.004257e-17 -1 -3.079357e-17 5.004257e-17 -1 -3.079357e-17 5.004257e-17 -1 -3.079357e-17 5.004257e-17 -1 -3.079357e-17 5.004257e-17 -1 -3.079357e-17 5.004257e-17 -1 -3.079357e-17 5.004257e-17 -1</float_array>
                    <technique_common>
                        <accessor count="40" source="#ID83" stride="3">
                            <param name="X" type="float" />
                            <param name="Y" type="float" />
                            <param name="Z" type="float" />
                        </accessor>
                    </technique_common>
                </source>
                <source id="ID81">
                    <float_array id="ID84" count="78">-2.563998 0.8645246 -2.231269 0.7860871 -2.309899 3.3815 -2.637269 3.283065 -2.928008 3.103253 -3.162301 2.85432 -3.324182 2.55323 -3.40262 2.220501 -3.392268 1.878808 -3.293833 1.551438 -3.114021 1.260699 -2.865088 1.026406 -1.889576 0.7964389 -1.968206 3.391852 -2.309899 3.3815 -2.135869 0.8874476 -1.990937 0.8918384 -2.005706 1.379348 -2.010491 1.537266 -2.155423 1.532875 -2.150772 1.379348 -2.048703 2.798591 -2.063606 3.290491 -2.208538 3.286101 -2.193636 2.7942 -2.188865 2.636738 -2.043933 2.641129 -1.635477 3.313414 -1.968206 3.391852 -1.889576 0.7964389 -1.562206 0.8948745 -1.271467 1.074686 -1.037174 1.323619 -0.8752926 1.624709 -0.7968551 1.957438 -0.8072069 2.299131 -0.9056425 2.626501 -1.085454 2.91724 -1.334387 3.151533</float_array>
                    <technique_common>
                        <accessor count="39" source="#ID84" stride="2">
                            <param name="S" type="float" />
                            <param name="T" type="float" />
                        </accessor>
                    </technique_common>
                </source>
                <vertices id="ID80">
                    <input semantic="POSITION" source="#ID78" />
                    <input semantic="NORMAL" source="#ID79" />
                </vertices>
                <polylist count="2" material="Material2">
                    <input offset="0" semantic="VERTEX" source="#ID80" />
                    <input offset="1" semantic="TEXCOORD" source="#ID81" />
                    <vcount>12 12</vcount>
                    <p>0 0 1 1 2 2 3 3 4 4 5 5 6 6 7 7 8 8 9 9 10 10 11 11 28 27 29 28 30 29 31 30 32 31 33 32 34 33 35 34 36 35 37 36 38 37 39 38</p>
                </polylist>
                <polygons count="1" material="Material2">
                    <input offset="0" semantic="VERTEX" source="#ID80" />
                    <input offset="1" semantic="TEXCOORD" source="#ID81" />
                    <ph>
                        <p>12 1 13 12 14 13 15 14</p>
                        <h>16 15 17 16 18 17 19 18 20 19 21 20</h>
                        <h>22 21 23 22 24 23 25 24 26 25 27 26</h>
                    </ph>
                </polygons>
            </mesh>
        </geometry>
        <geometry id="ID85">
            <mesh>
                <source id="ID91">
                    <float_array id="ID95" count="162">18.55301 14.23551 -4.330709 18.87807 24.96507 -4.330709 20.61726 24.91238 -4.330709 20.2938 14.23551 -4.330709 18.45711 11.07003 0.3937008 18.51452 12.96505 0.3937008 18.57846 15.07537 -2.755906 18.85249 24.12082 -2.755906 18.91583 26.2114 0.3937008 18.97308 28.10095 0.3937008 18.87807 24.96507 -4.330709 18.55301 14.23551 -4.330709 18.87807 24.96507 -4.330709 20.89109 33.95106 0.3937008 20.61726 24.91238 -4.330709 20.71227 28.04826 0.3937008 20.65502 26.15871 0.3937008 20.59168 24.06813 -2.755906 20.31765 15.02268 -2.755906 20.25371 12.91236 0.3937008 20.1979 11.07003 0.3937008 20.2938 14.23551 -4.330709 20.61726 24.91238 -4.330709 20.2938 14.23551 -4.330709 18.27988 5.219914 0.3937008 18.55301 14.23551 -4.330709 18.57846 15.07537 -2.755906 18.51452 12.96505 0.3937008 20.25371 12.91236 0.3937008 20.31765 15.02268 -2.755906 18.85249 24.12082 -2.755906 18.57846 15.07537 -2.755906 20.31765 15.02268 -2.755906 20.59168 24.06813 -2.755906 18.91583 26.2114 0.3937008 18.85249 24.12082 -2.755906 20.59168 24.06813 -2.755906 20.65502 26.15871 0.3937008 19.1519 34.00375 0.3937008 18.87807 24.96507 -4.330709 18.97308 28.10095 0.3937008 18.55301 14.23551 -4.330709 18.27988 5.219914 0.3937008 18.45711 11.07003 0.3937008 20.89109 33.95106 0.3937008 18.87807 24.96507 -4.330709 19.1519 34.00375 0.3937008 20.89109 33.95106 0.3937008 20.01907 5.167224 0.3937008 20.2938 14.23551 -4.330709 20.1979 11.07003 0.3937008 18.27988 5.219914 0.3937008 20.2938 14.23551 -4.330709 20.01907 5.167224 0.3937008</float_array>
                    <technique_common>
                        <accessor count="54" source="#ID95" stride="3">
                            <param name="X" type="float" />
                            <param name="Y" type="float" />
                            <param name="Z" type="float" />
                        </accessor>
                    </technique_common>
                </source>
                <source id="ID92">
                    <float_array id="ID96" count="162">-8.256767e-16 5.164575e-17 -1 -8.256767e-16 5.164575e-17 -1 -8.256767e-16 5.164575e-17 -1 -8.256767e-16 5.164575e-17 -1 -0.9995414 0.03028174 5.763462e-16 -0.9995414 0.03028174 5.763462e-16 -0.9995414 0.03028174 5.763462e-16 -0.9995414 0.03028174 5.763462e-16 -0.9995414 0.03028174 5.763462e-16 -0.9995414 0.03028174 5.763462e-16 -0.9995414 0.03028174 5.763462e-16 -0.9995414 0.03028174 5.763462e-16 0.01402226 0.4628475 -0.886327 0.01402226 0.4628475 -0.886327 0.01402226 0.4628475 -0.886327 0.9995414 -0.03028174 -1.259396e-15 0.9995414 -0.03028174 -1.259396e-15 0.9995414 -0.03028174 -1.259396e-15 0.9995414 -0.03028174 -1.259396e-15 0.9995414 -0.03028174 -1.259396e-15 0.9995414 -0.03028174 -1.259396e-15 0.9995414 -0.03028174 -1.259396e-15 0.9995414 -0.03028174 -1.259396e-15 -1.028137e-15 -0.4641578 -0.8857526 -1.028137e-15 -0.4641578 -0.8857526 -1.028137e-15 -0.4641578 -0.8857526 0.02515327 0.8302607 0.5568074 0.02515327 0.8302607 0.5568074 0.02515327 0.8302607 0.5568074 0.02515327 0.8302607 0.5568074 5.6956e-16 -9.295133e-17 1 5.6956e-16 -9.295133e-17 1 5.6956e-16 -9.295133e-17 1 5.6956e-16 -9.295133e-17 1 -0.02522617 -0.832667 0.5531992 -0.02522617 -0.832667 0.5531992 -0.02522617 -0.832667 0.5531992 -0.02522617 -0.832667 0.5531992 -0.9995414 0.03028174 8.870224e-16 -0.9995414 0.03028174 8.870224e-16 -0.9995414 0.03028174 8.870224e-16 -0.9995414 0.03028174 4.923103e-16 -0.9995414 0.03028174 4.923103e-16 -0.9995414 0.03028174 4.923103e-16 0.01402226 0.4628475 -0.886327 0.01402226 0.4628475 -0.886327 0.01402226 0.4628475 -0.886327 0.9995414 -0.03028174 -4.897682e-16 0.9995414 -0.03028174 -6.541492e-16 0.9995414 -0.03028174 -6.541492e-16 0.9995414 -0.03028174 -6.541492e-16 -0.01398626 -0.4616594 -0.886947 -0.01398626 -0.4616594 -0.886947 -0.01398626 -0.4616594 -0.886947</float_array>
                    <technique_common>
                        <accessor count="54" source="#ID96" stride="3">
                            <param name="X" type="float" />
                            <param name="Y" type="float" />
                            <param name="Z" type="float" />
                        </accessor>
                    </technique_common>
                </source>
                <source id="ID94">
                    <float_array id="ID97" count="112">-0.2576807 0.1977154 -0.2621954 0.346737 -0.2863509 0.3460052 -0.2818583 0.1977154 -0.1614426 0.005468066 -0.1877743 0.005468066 -0.2170978 -0.03827647 -0.3427867 -0.03827647 -0.3718359 0.005468066 -0.3980916 0.005468066 -0.3545178 -0.06014873 -0.2054277 -0.06014873 -0.2515754 0.2863662 -0.2757419 0.4280688 -0.2757419 0.2863662 0.3980916 0.005468066 0.3718359 0.005468066 0.3427867 -0.03827647 0.2170978 -0.03827647 0.1877743 0.005468066 0.1621747 0.005468066 0.2061599 -0.06014873 0.3545178 -0.06014873 0.2818583 -0.2030454 0.2538872 -0.06167796 0.2576807 -0.2030454 -0.2515754 -0.1526757 -0.2515754 -0.1000121 -0.2757419 -0.1000121 -0.2757419 -0.1526757 0.2618402 0.3350114 0.2580341 0.2093801 0.2821895 0.2086483 0.2859956 0.3342796 0.2515754 0.2102545 0.2515754 0.1577432 0.2757419 0.1577432 0.2757419 0.2102545 -0.4801126 0.005468066 -0.3545178 -0.06014873 -0.3980916 0.005468066 -0.2054277 -0.06014873 -0.08015371 0.005468066 -0.1614426 0.005468066 -0.2757419 0.4280688 -0.2515754 0.2863662 -0.2515754 0.4280688 0.3545178 -0.06014873 0.4801126 0.005468066 0.3980916 0.005468066 0.08015371 0.005468066 0.2061599 -0.06014873 0.1621747 0.005468066 0.2515754 -0.06856655 0.2757419 -0.2106339 0.2757419 -0.06856655</float_array>
                    <technique_common>
                        <accessor count="56" source="#ID97" stride="2">
                            <param name="S" type="float" />
                            <param name="T" type="float" />
                        </accessor>
                    </technique_common>
                </source>
                <vertices id="ID93">
                    <input semantic="POSITION" source="#ID91" />
                    <input semantic="NORMAL" source="#ID92" />
                </vertices>
                <polylist count="14" material="Material2">
                    <input offset="0" semantic="VERTEX" source="#ID93" />
                    <input offset="1" semantic="TEXCOORD" source="#ID94" />
                    <vcount>4 8 3 8 3 4 4 4 3 3 3 3 3 3</vcount>
                    <p>0 0 1 1 2 2 3 3 4 4 5 5 6 6 7 7 8 8 9 9 10 10 11 11 12 12 13 13 14 14 15 15 16 16 17 17 18 18 19 19 20 20 21 21 22 22 23 23 24 24 25 25 26 26 27 27 28 28 29 29 30 30 31 31 32 32 33 33 34 34 35 35 36 36 37 37 38 38 39 39 40 40 41 41 42 42 43 43 44 44 45 45 46 46 22 47 47 48 15 49 48 50 49 51 50 52 51 53 52 54 53 55</p>
                </polylist>
            </mesh>
        </geometry>
        <geometry id="ID98">
            <mesh>
                <source id="ID101">
                    <float_array id="ID103" count="6">18.91583 26.2114 0.3937008 18.93335 26.78966 1.264881</float_array>
                    <technique_common>
                        <accessor count="2" source="#ID103" stride="3">
                            <param name="X" type="float" />
                            <param name="Y" type="float" />
                            <param name="Z" type="float" />
                        </accessor>
                    </technique_common>
                </source>
                <vertices id="ID102">
                    <input semantic="POSITION" source="#ID101" />
                </vertices>
                <lines count="1" material="Material2">
                    <input offset="0" semantic="VERTEX" source="#ID102" />
                    <p>1 0</p>
                </lines>
            </mesh>
        </geometry>
        <geometry id="ID104">
            <mesh>
                <source id="ID105">
                    <float_array id="ID107" count="6">18.49672 12.37753 1.270563 18.51452 12.96505 0.3937008</float_array>
                    <technique_common>
                        <accessor count="2" source="#ID107" stride="3">
                            <param name="X" type="float" />
                            <param name="Y" type="float" />
                            <param name="Z" type="float" />
                        </accessor>
                    </technique_common>
                </source>
                <vertices id="ID106">
                    <input semantic="POSITION" source="#ID105" />
                </vertices>
                <lines count="1" material="Material2">
                    <input offset="0" semantic="VERTEX" source="#ID106" />
                    <p>1 0</p>
                </lines>
            </mesh>
        </geometry>
    </library_geometries>
    <library_materials>
        <material id="ID6" name="Metal_Corrugated_Shiny">
            <instance_effect url="#ID7" />
        </material>
        <material id="ID19" name="Wood_Veneer_02">
            <instance_effect url="#ID20" />
        </material>
        <material id="ID41" name="material">
            <instance_effect url="#ID40" />
        </material>
        <material id="ID86" name="Wood_Veneer_01">
            <instance_effect url="#ID87" />
        </material>
        <material id="ID99" name="edge_color000255">
            <instance_effect url="#ID100" />
        </material>
    </library_materials>
    <library_effects>
        <effect id="ID7">
            <profile_COMMON>
                <newparam sid="ID9">
                    <surface type="2D">
                        <init_from>ID8</init_from>
                    </surface>
                </newparam>
                <newparam sid="ID10">
                    <sampler2D>
                        <source>ID9</source>
                    </sampler2D>
                </newparam>
                <technique sid="COMMON">
                    <lambert>
                        <diffuse>
                            <texture texture="ID10" texcoord="UVSET0" />
                        </diffuse>
                    </lambert>
                </technique>
            </profile_COMMON>
        </effect>
        <effect id="ID20">
            <profile_COMMON>
                <newparam sid="ID22">
                    <surface type="2D">
                        <init_from>ID21</init_from>
                    </surface>
                </newparam>
                <newparam sid="ID23">
                    <sampler2D>
                        <source>ID22</source>
                    </sampler2D>
                </newparam>
                <technique sid="COMMON">
                    <lambert>
                        <diffuse>
                            <texture texture="ID23" texcoord="UVSET0" />
                        </diffuse>
                    </lambert>
                </technique>
            </profile_COMMON>
        </effect>
        <effect id="ID40">
            <profile_COMMON>
                <technique sid="COMMON">
                    <lambert>
                        <diffuse>
                            <color>1 1 1 1</color>
                        </diffuse>
                    </lambert>
                </technique>
            </profile_COMMON>
        </effect>
        <effect id="ID87">
            <profile_COMMON>
                <newparam sid="ID89">
                    <surface type="2D">
                        <init_from>ID88</init_from>
                    </surface>
                </newparam>
                <newparam sid="ID90">
                    <sampler2D>
                        <source>ID89</source>
                    </sampler2D>
                </newparam>
                <technique sid="COMMON">
                    <lambert>
                        <diffuse>
                            <texture texture="ID90" texcoord="UVSET0" />
                        </diffuse>
                    </lambert>
                </technique>
            </profile_COMMON>
        </effect>
        <effect id="ID100">
            <profile_COMMON>
                <technique sid="COMMON">
                    <constant>
                        <transparent opaque="A_ONE">
                            <color>0 0 0 1</color>
                        </transparent>
                        <transparency>
                            <float>1</float>
                        </transparency>
                    </constant>
                </technique>
            </profile_COMMON>
        </effect>
    </library_effects>
    <library_images>
        <image id="ID8">
            <init_from>spiked_shield/Metal_Corrugated_Shiny.jpg</init_from>
        </image>
        <image id="ID21">
            <init_from>spiked_shield/Wood_Veneer_02.jpg</init_from>
        </image>
        <image id="ID88">
            <init_from>spiked_shield/Wood_Veneer_01.jpg</init_from>
        </image>
    </library_images>
    <scene>
        <instance_visual_scene url="#ID2" />
    </scene>
</COLLADA>
