# File produced by Open Asset Import Library (http://www.assimp.sf.net)
# (assimp v3.1.31193554)

mtllib VikingHelmet.mtl

# vertex positions
v -347.148804 14.350630 -86.320122
v -333.493469 19.134172 -84.757957
v -344.267822 35.821003 -81.124382
v -337.912781 4.785412 -88.278786
v -327.312012 4.786047 -86.589951
v -349.580261 3.221781 -88.399078
v -319.040222 19.135702 -82.568565
v -303.619141 15.736393 -79.515854
v -307.923096 36.363297 -74.316132
v -314.387085 4.789740 -85.203011
v -296.311584 -1.937729 -81.746964
v -325.724548 37.540092 -78.464432
v -337.912781 4.785412 85.662804
v -333.493469 19.134172 82.141953
v -327.330444 4.785282 84.017410
v -347.148804 14.350630 83.704117
v -344.267822 35.821003 78.508362
v -349.580261 3.221781 85.783096
v -319.077087 19.134172 80.039459
v -314.497803 4.785152 82.847725
v -303.729919 15.731806 77.160538
v -297.692871 -1.547962 80.495331
v -307.937561 36.362698 71.734169
v -325.724487 37.540092 75.848404
v -321.401978 95.242470 -1.120234
v -308.816528 90.629807 -9.163889
v -303.668823 88.799217 -1.120231
v -323.167175 95.242470 -9.163889
v -308.909851 89.382248 -16.738304
v -344.591431 98.037613 -1.114108
v -314.935730 90.629807 -20.873009
v -328.193970 95.242470 -15.886269
v -318.224487 89.382248 -27.706093
v -325.569763 90.629807 -29.444218
v -335.717224 95.242470 -20.336155
v -331.553223 89.382248 -34.644634
v -291.619019 23.279230 -70.511513
v -287.614624 10.408579 -73.292793
v -278.089844 14.758373 -63.464828
v -278.444153 24.651217 -59.789055
v -291.940552 38.921272 -64.764648
v -279.038574 38.917439 -54.541763
v -277.493713 -2.879892 -72.983452
v -280.583862 5.871630 -73.011360
v -269.550964 6.070757 -65.657990
v -267.437378 9.729775 -62.352947
v -267.517700 -1.841976 -65.451416
v -266.891113 24.635899 -47.235550
v -266.823059 14.524540 -52.205780
v -256.357178 12.924227 -37.835472
v -256.831055 21.469669 -32.887341
v -268.623047 38.913612 -42.117851
v -260.387695 37.334324 -28.208218
v -292.484497 81.549316 -11.911436
v -295.801575 81.549316 -20.873009
v -282.197693 69.365051 -25.614462
v -278.123901 69.365044 -14.203136
v -287.392273 78.839661 -1.120228
v -273.395813 65.982574 -1.120225
v -301.034668 81.549316 -29.006723
v -307.892090 81.549316 -35.988785
v -297.373535 69.365051 -44.977768
v -288.757935 69.365044 -35.988781
v -316.216003 81.549316 -41.672699
v -325.569763 81.549316 -45.800251
v -319.737793 69.365051 -57.668278
v -307.892090 69.365044 -52.282162
v -335.717224 81.549316 -48.231697
v -346.143311 81.549316 -48.876366
v -345.885864 69.365051 -61.816635
v -339.099670 90.629807 -33.760593
v -346.866943 89.382248 -36.539742
v -332.613403 69.365044 -60.853371
v -356.569397 81.549316 -47.685181
v -366.480591 81.549316 -44.748810
v -371.836792 69.365051 -56.791283
v -353.465637 90.629807 -33.165001
v -361.834290 89.382248 -33.102905
v -359.158264 69.365044 -60.397522
v -375.598083 81.549316 -40.116337
v -383.485474 81.549316 -34.045975
v -393.639893 69.365051 -43.357292
v -366.480591 90.629807 -27.748110
v -374.176453 89.382248 -24.857344
v -383.485474 69.365044 -50.984016
v -389.906311 81.549316 -26.677464
v -394.569031 81.549316 -18.397261
v -407.975830 69.365051 -23.528534
v -376.163147 90.629807 -18.334606
v -382.014648 89.382248 -13.016234
v -401.891357 69.365044 -34.045975
v -344.591431 95.242470 -21.898748
v -397.315735 81.549316 -9.351853
v -394.297363 84.258972 -1.308199
v -409.537048 72.747528 -1.433505
v -381.039124 90.629807 -6.169638
v -381.448792 90.684738 -1.178973
v -411.573914 69.365044 -12.099401
v -353.465637 95.242470 -20.336155
v -363.361450 19.134172 -83.407036
v -381.039124 19.134172 -78.609726
v -382.058838 4.789513 -81.158401
v -362.633240 37.540092 -78.609726
v -379.273926 37.540092 -74.059113
v -363.800354 4.787132 -86.072411
v -360.988831 95.242470 -15.886269
v -397.315735 19.134172 -70.818153
v -411.573853 19.134172 -60.397522
v -413.608276 4.795946 -62.402142
v -394.569031 37.540092 -66.632721
v -407.975830 37.540092 -56.791283
v -398.860840 4.791895 -73.131683
v -423.243225 19.134172 -47.685181
v -431.908569 19.190258 -33.240044
v -434.646606 4.858051 -34.391937
v -418.896179 37.540092 -44.748810
v -427.026733 37.568138 -31.089670
v -425.664429 4.799999 -49.290222
v -437.188843 19.302431 -17.504370
v -438.067932 24.085974 -1.345345
v -445.031982 -1.437325 -1.683937
v -431.908569 37.596180 -16.114033
v -431.837402 41.987556 -1.189073
v -440.107422 5.028276 -18.229082
v -423.243225 54.489517 -14.265792
v -422.085449 58.544807 -1.308192
v -418.896179 54.489517 -27.748110
v -411.681702 54.489517 -40.116337
v -401.891357 54.489517 -50.984016
v -389.906311 54.489517 -59.908882
v -376.163147 54.489517 -66.632721
v -361.232117 54.489517 -70.818153
v -345.628357 54.489517 -72.374519
v -266.352173 54.489517 -16.038990
v -271.080261 54.489517 -29.444218
v -255.400986 35.755039 -12.982083
v -262.090576 50.434219 -1.120223
v -254.449478 35.833580 -1.118266
v -278.675903 54.489517 -41.672699
v -288.757935 54.489517 -52.282162
v -366.015686 95.242470 -9.163889
v -301.034668 54.489517 -60.948803
v -314.935730 54.489517 -67.335266
v -367.780884 95.242470 -1.120234
v -330.024597 54.489517 -71.183334
v -235.959579 -10.962887 -12.299239
v -234.701645 -12.802681 -1.119083
v -238.140274 -7.433792 -1.114959
v -234.328506 -14.705273 -9.380015
v -233.668625 -16.226959 -1.120429
v -237.259445 -11.292995 -18.534149
v -238.891617 -4.982616 -21.220648
v -240.034348 -5.644022 -25.585678
v -245.821640 -0.353722 -37.192024
v -232.860764 -22.441803 -8.037816
v -232.358231 -25.154892 -1.131744
v -231.959183 -30.398628 -8.339149
v -231.637756 -32.380096 -1.144663
v -233.497971 -28.896458 -13.092386
v -235.088699 -19.426605 -14.626700
v -231.671371 -34.729717 -10.277261
v -230.735184 -37.416878 -1.154045
v -231.396042 -37.472153 -12.949473
v -229.321854 -43.343422 -1.157527
v -233.852432 -34.427006 -18.610329
v -233.316971 -33.303230 -14.835168
v -231.973495 -38.147392 -19.236769
v -230.328445 -43.389969 -14.717627
v -235.301941 -36.168930 -30.246689
v -234.308823 -41.408005 -27.665970
v -236.800644 -32.896049 -32.173027
v -234.594955 -34.561935 -23.857227
v -241.468613 -32.382122 -44.290627
v -240.254700 -36.921875 -45.001904
v -248.361679 -26.633034 -56.653900
v -249.605881 -29.398006 -57.711971
v -251.174973 -23.121239 -56.973190
v -243.009720 -29.068375 -44.175632
v -261.262329 -15.985512 -65.606430
v -268.031738 -18.115948 -68.492737
v -259.119934 -14.704441 -64.028229
v -228.418533 -48.779961 -6.157153
v -227.966141 -50.334930 -1.147941
v -229.041672 -52.713081 -3.937956
v -229.040115 -54.018929 -0.790540
v -230.063950 -51.078888 -8.731283
v -230.913834 -47.193192 -14.723383
v -442.736816 -7.492430 -18.883919
v -437.435730 -7.994574 -35.244389
v -436.709412 -1.834129 -35.351494
v -443.180481 -13.847542 -18.659716
v -437.938232 -14.387497 -34.919636
v -446.569641 -14.802521 -1.826073
v -442.248779 -1.571522 -18.857025
v -446.415955 -7.095360 -1.762017
v -446.089294 -1.335377 -1.708968
v -428.299194 -8.241848 -50.488884
v -415.762939 -8.282835 -64.045975
v -415.166016 -2.022575 -63.981693
v -428.621521 -14.521557 -50.245136
v -416.011047 -14.567009 -63.853798
v -427.573608 -1.992903 -50.548428
v -400.488831 -8.316311 -75.129204
v -383.105408 -8.342583 -83.374565
v -382.801025 -2.063272 -83.160179
v -400.649597 -14.604134 -74.955132
v -383.187012 -14.634212 -83.220428
v -400.033508 -2.045561 -74.974541
v -364.253601 -8.359747 -88.426117
v -347.262634 -8.369373 -90.614128
v -347.242920 -2.081247 -90.353569
v -364.255249 -14.652149 -88.266541
v -347.212524 -14.667328 -90.455055
v -364.100891 -2.074903 -88.177391
v -335.513245 -8.382593 -90.278236
v -325.321838 -8.400681 -88.620575
v -327.284607 -2.815166 -88.731705
v -335.462280 -14.692608 -90.103668
v -325.674255 -14.724861 -88.336975
v -335.575623 -2.084669 -90.021843
v -245.637009 2.968081 -36.293018
v -241.743576 0.530685 -23.048231
v -248.222031 7.646229 -38.590515
v -248.645004 15.152531 -17.186699
v -246.390762 5.022093 -22.076786
v -247.513535 18.562557 -1.120223
v -256.817444 6.154552 -52.322941
v -257.127380 10.278856 -51.307728
v -257.237915 1.917021 -52.239979
v -272.405945 9.949337 -63.195690
v -325.545959 0.006697 85.410782
v -316.554810 -2.099150 84.715759
v -327.309448 -2.816195 86.174194
v -243.906387 -5.490129 -27.285063
v -240.973953 -12.567417 -19.960159
v -246.959396 -7.454279 -24.977461
v -244.204422 -14.909283 -18.505672
v -251.099167 -2.477098 -34.365971
v -249.050278 -1.100618 -37.568630
v -400.363159 -16.719299 71.820999
v -400.649597 -14.604134 72.339081
v -383.187012 -14.634212 80.604416
v -415.666870 -16.688419 60.777935
v -416.011047 -14.567009 61.237682
v -415.376343 -17.189278 60.302097
v -382.966248 -16.743286 80.029823
v -400.085205 -17.234383 71.268433
v -382.789429 -17.252922 79.427032
v -238.635513 -22.096882 -15.738001
v -237.293839 -30.304672 -14.685085
v -242.033310 -24.784004 -15.095281
v -241.045059 -31.497990 -14.660008
v -335.473877 -16.803543 86.858650
v -335.462280 -14.692608 87.487694
v -325.692688 -14.868332 85.912315
v -347.162537 -16.775070 87.213104
v -347.212524 -14.667328 87.839081
v -347.184143 -17.280479 86.576355
v -326.151489 -17.126499 85.291084
v -335.549133 -17.308598 86.229988
v -327.876831 -17.702698 85.003281
v -237.372665 -33.535076 -16.962833
v -238.270645 -33.825222 -21.668564
v -241.488052 -33.320282 -17.608963
v -242.424179 -33.457367 -22.635187
v -239.343948 -33.167408 -27.789454
v -242.490738 -30.975182 -36.433048
v -243.503860 -32.687397 -29.019991
v -246.779434 -29.988853 -38.086090
v -241.195908 -39.980846 -39.304760
v -237.244125 -43.915947 -25.471468
v -243.842545 -41.621941 -35.148251
v -240.290787 -45.768463 -22.469576
v -250.929153 -36.175976 -50.572880
v -250.849747 -32.756481 -55.140678
v -248.823563 -26.506302 -48.347202
v -256.230530 -19.606838 -58.817253
v -252.423660 -24.898792 -50.006496
v -259.210083 -17.734928 -58.787502
v -267.964722 -23.332031 -66.177589
v -264.132263 -10.286003 -63.911076
v -266.822449 -2.368202 -61.860516
v -267.206238 -8.197981 -62.558582
v -267.909973 -1.668045 -58.754066
v -364.105774 -16.758171 85.047310
v -364.255249 -14.652149 85.650566
v -364.035706 -17.265396 84.422150
v -231.049759 -54.327248 -3.834295
v -233.261734 -52.605118 -8.090144
v -235.332672 -53.663948 -7.196523
v -234.677902 -48.638634 -15.226395
v -238.054916 -50.670700 -13.142152
v -249.576675 8.231891 -35.060825
v -260.167969 11.405647 -50.110435
v -258.918091 0.333660 -50.959625
v -259.057739 -0.390833 -46.527718
v -313.800171 -8.421152 -86.652557
v -305.244934 -8.392172 -85.352577
v -315.402222 -14.762230 -86.053162
v -308.240417 -14.080639 -85.077690
v -316.444031 -2.094563 -87.071030
v -443.150269 -16.469307 -18.377735
v -437.618225 -16.645779 -34.605148
v -441.966187 -17.194855 -22.342978
v -435.293213 -17.159782 -38.229599
v -446.375916 -16.888634 -1.450905
v -446.472778 -15.845581 -1.638489
v -445.570129 -7.176920 -1.741992
v -445.747375 -9.865612 -1.622324
v -445.416443 0.530245 -1.677935
v -441.605896 0.301968 -18.652954
v -436.019531 0.125843 -35.082218
v -428.236511 -16.652554 -49.872738
v -415.666870 -16.688419 -63.394047
v -424.995239 -17.191223 -53.130985
v -411.827820 -17.216362 -65.946808
v -426.874268 0.057718 -50.230434
v -414.585144 0.041510 -63.538696
v -400.363159 -16.719299 -74.437050
v -382.966248 -16.743286 -82.645828
v -395.943176 -17.239861 -76.313332
v -378.286804 -17.256744 -83.681976
v -399.587830 0.028645 -74.435577
v -382.499878 0.019121 -82.555893
v -364.105774 -16.758171 -87.663292
v -347.162537 -16.775074 -89.829086
v -359.172546 -17.267563 -87.887146
v -343.626648 -17.285881 -89.417130
v -363.949890 0.012638 -87.535637
v -347.223328 0.009195 -89.696884
v -335.473877 -16.803543 -89.474640
v -326.151489 -16.841084 -87.611351
v -333.297302 -17.317226 -88.446548
v -324.552734 -17.242306 -87.166237
v -335.649536 0.007215 -89.369865
v -325.509094 0.008226 -87.939857
v -426.874268 0.057718 47.614250
v -427.573608 -1.992903 47.932243
v -436.709412 -1.834129 32.621780
v -414.585144 0.041510 60.922581
v -415.166016 -2.022575 61.365570
v -413.608276 4.795946 59.786022
v -436.019531 0.125843 32.368523
v -425.664429 4.799999 46.674038
v -434.646606 4.858051 31.683243
v -316.179871 -16.964001 -85.918442
v -308.816528 90.629807 6.798133
v -323.167175 95.242470 6.798133
v -308.909851 89.382248 14.206267
v -314.935730 90.629807 18.319345
v -328.193970 95.242470 13.457891
v -318.224487 89.382248 25.131958
v -325.569763 90.629807 26.890594
v -335.717224 95.242470 17.907801
v -331.553284 89.382248 32.070526
v -291.655945 23.277700 67.982346
v -278.444153 24.651217 57.172928
v -278.114685 14.757343 60.907177
v -291.940552 38.921272 62.148544
v -279.038574 38.917439 51.925606
v -287.725342 10.403992 70.937454
v -280.216553 5.748161 70.740013
v -276.170349 -3.241119 70.880119
v -268.153748 5.712587 63.380821
v -264.777832 -2.526764 63.346733
v -267.140564 9.648771 59.851803
v -266.891113 24.635899 44.619354
v -256.831055 21.469669 30.333731
v -256.357178 12.924227 35.250549
v -268.623047 38.913612 39.501633
v -260.387695 37.334324 25.685917
v -266.823059 14.524540 49.589607
v -292.484497 81.549316 9.545694
v -278.123901 69.365051 11.837406
v -282.197693 69.365051 23.060822
v -295.801575 81.549316 18.319345
v -301.034668 81.549316 26.390444
v -288.757935 69.365051 33.372532
v -297.373535 69.365051 42.361561
v -307.892090 81.549316 33.372532
v -316.216003 81.549316 39.056473
v -307.892090 69.365051 49.665985
v -319.737793 69.365051 55.052132
v -325.569763 81.549316 43.184048
v -335.717224 81.549316 45.615513
v -332.613403 69.365051 58.237244
v -345.885864 69.365051 59.200512
v -346.143311 81.549316 46.260178
v -339.099670 90.629807 31.206985
v -346.866943 89.382248 33.965641
v -356.569397 81.549316 45.068985
v -359.158264 69.365051 57.781395
v -371.836792 69.365051 54.175133
v -366.480591 81.549316 42.132607
v -353.465637 90.629807 30.611393
v -361.834290 89.382248 30.528791
v -375.598083 81.549316 37.500103
v -383.485474 69.365051 48.367836
v -393.639893 69.365051 40.741074
v -383.485474 81.549316 31.429710
v -366.480591 90.629807 25.194481
v -374.176453 89.382248 22.283195
v -389.906311 81.549316 24.061172
v -401.891357 69.365051 31.429710
v -407.975830 69.365051 20.912228
v -394.569031 81.549316 15.718273
v -376.163147 90.629807 15.780930
v -382.014648 89.382248 10.442028
v -344.591431 95.242470 19.470400
v -397.315735 81.549316 6.610168
v -411.573853 69.365051 9.357730
v -381.039124 90.629807 3.741213
v -353.465637 95.242470 17.907801
v -363.361450 19.134172 80.791031
v -363.800354 4.787132 83.456413
v -382.058838 4.789513 78.542381
v -381.039124 19.134172 75.993698
v -362.633240 37.540092 75.993698
v -379.273926 37.540092 71.443062
v -360.988831 95.242470 13.457891
v -397.315735 19.134172 68.202087
v -398.860840 4.791895 70.515617
v -411.573914 19.134172 57.781395
v -394.569031 37.540092 64.016632
v -407.975830 37.540092 54.175129
v -423.243225 19.134172 45.068985
v -431.908569 19.190258 30.536350
v -418.896179 37.540092 42.132607
v -427.026733 37.568138 28.461016
v -437.188843 19.302431 14.688413
v -440.107422 5.028276 15.253036
v -431.908569 37.596180 13.598228
v -423.243225 54.489510 11.774751
v -418.896179 54.489510 25.194481
v -411.681702 54.489510 37.500103
v -401.891357 54.489510 48.367836
v -389.906311 54.489510 57.292755
v -376.163147 54.489510 64.016632
v -361.232117 54.489510 68.202087
v -345.628357 54.489510 69.758461
v -266.352173 54.489510 13.673268
v -255.400986 35.755039 10.679004
v -271.080261 54.489510 26.890596
v -278.675903 54.489510 39.056473
v -288.757935 54.489510 49.665985
v -366.015686 95.242470 6.798133
v -301.034668 54.489510 58.332684
v -314.935730 54.489510 64.719185
v -330.024597 54.489510 68.567268
v -235.959579 -10.962891 9.934265
v -238.891617 -4.982616 18.792297
v -240.034348 -5.644022 23.032038
v -245.582626 -0.413162 34.649105
v -237.259445 -11.292995 15.980854
v -234.328506 -14.705273 7.016558
v -232.860764 -22.441807 5.665914
v -235.088699 -19.426605 12.073770
v -233.497971 -28.896454 10.534848
v -231.959183 -30.398628 5.948840
v -231.671371 -34.729717 7.872090
v -233.316971 -33.303230 12.273034
v -233.852432 -34.427006 16.045383
v -231.396042 -37.472160 10.532982
v -231.973495 -38.147392 16.766094
v -234.594955 -34.561935 21.289474
v -236.561630 -32.955490 29.623037
v -230.328445 -43.389977 12.246928
v -234.823898 -36.287811 27.762976
v -234.121353 -41.454628 25.101671
v -240.034500 -32.738766 41.926430
v -241.575577 -29.425018 41.811436
v -248.545746 -23.775078 54.819069
v -239.776688 -37.040760 42.469700
v -246.449509 -27.108555 54.373768
v -248.987503 -29.558987 55.267319
v -259.387085 -16.462559 63.413261
v -256.251709 -15.417721 61.916153
v -267.664429 -18.239414 66.221375
v -228.418533 -48.779961 3.744705
v -230.913834 -47.193192 12.155583
v -230.063950 -51.078888 6.186782
v -229.041672 -52.713081 1.544980
v -442.736816 -7.492430 15.781754
v -442.248779 -1.571522 15.818916
v -437.435730 -7.994570 32.498669
v -443.180481 -13.847542 15.619312
v -437.938232 -14.387501 32.220810
v -428.299194 -8.241848 47.872711
v -415.762939 -8.282835 61.429863
v -428.621521 -14.521557 47.628952
v -400.488831 -8.316311 72.513161
v -400.033508 -2.045561 72.358490
v -382.801025 -2.063272 80.544174
v -383.105408 -8.342583 80.758553
v -364.253601 -8.359747 85.810135
v -364.100891 -2.074903 85.561401
v -347.242920 -2.081249 87.737602
v -347.262634 -8.369373 87.998154
v -335.513245 -8.382593 87.662270
v -335.575623 -2.084669 87.405861
v -325.358765 -8.402208 86.091507
v -245.158981 2.849201 33.823425
v -241.743576 0.530685 20.619888
v -247.900436 7.566253 36.072941
v -248.645004 15.152531 14.820980
v -246.390762 5.022093 19.648439
v -255.383316 5.797913 49.958790
v -255.803818 1.560381 49.875816
v -256.649353 10.159977 48.775558
v -272.442871 9.947808 60.666481
v -318.869080 -18.227806 84.167870
v -315.439148 -15.620007 84.411263
v -310.667480 -17.362629 83.952560
v -243.906387 -5.490129 24.668774
v -249.050278 -1.100618 34.952385
v -252.771500 -1.794733 34.291862
v -240.973953 -12.567417 17.343838
v -247.711044 -6.199228 24.286976
v -244.822983 -13.125225 17.143122
v -335.649536 0.007215 86.753891
v -347.223328 0.009195 87.080902
v -238.635513 -22.096882 13.121656
v -237.293839 -30.304672 12.068736
v -242.518814 -22.470940 13.060678
v -241.203903 -30.461899 12.080962
v -363.949890 0.012638 84.919662
v -382.499878 0.019121 79.939880
v -237.372665 -33.535080 14.346495
v -238.270645 -33.825222 19.052250
v -241.320236 -33.561161 14.485492
v -242.208755 -33.686554 18.988110
v -239.343948 -33.167408 25.173172
v -242.012711 -31.094059 33.900803
v -243.240799 -32.904896 24.849316
v -245.710373 -30.829277 33.251083
v -241.195908 -39.980846 36.688522
v -250.886673 -32.758011 52.611427
v -254.523849 -33.167236 52.040932
v -237.244125 -43.915947 22.855171
v -245.035049 -40.683090 36.415054
v -241.128677 -44.672783 22.830391
v -247.389420 -26.862942 45.983021
v -254.318375 -20.082359 56.537132
v -250.548630 -26.362144 44.507183
v -257.032410 -19.463516 54.453106
v -274.035461 -18.256447 68.020714
v -262.220093 -10.761520 61.630978
v -265.388306 -2.724842 59.496407
v -264.725891 -10.191811 59.389069
v -267.966309 -2.610119 57.440479
v -399.587830 0.028645 71.819527
v -232.788986 -54.606148 2.297906
v -233.261734 -52.605118 5.532055
v -236.827866 -53.008949 6.621664
v -234.677902 -48.638634 12.610046
v -238.538223 -49.418182 12.596982
v -249.576675 8.231891 32.507225
v -260.167969 11.405647 47.494251
v -258.440063 0.214779 48.427452
v -261.650757 -0.281149 47.070019
v -313.910889 -8.711155 84.593002
v -306.237183 -11.755455 83.997391
v -443.150269 -16.469307 15.524918
v -437.618225 -16.645782 31.953217
v -443.112488 -17.088615 15.388760
v -437.343872 -17.082321 31.665909
v -441.605896 0.301968 15.656883
v -428.236511 -16.652557 47.256550
v -427.950256 -17.142532 46.886467
v -333.143311 20.245562 -88.547607
v -347.327698 15.379757 -90.142235
v -344.253479 37.183128 -84.809731
v -337.818665 5.659922 -92.156647
v -349.918091 4.058577 -92.256081
v -326.790466 5.640215 -90.430817
v -318.202759 20.244316 -86.270569
v -325.034485 39.015270 -82.033554
v -306.616455 37.897125 -77.683922
v -302.356812 16.799156 -83.071945
v -313.495728 5.499956 -89.004646
v -296.364563 -1.097582 -85.770935
v -333.156860 20.252708 85.931061
v -337.829346 5.664587 89.540901
v -326.835693 5.657322 87.859528
v -347.334412 15.382712 87.525864
v -349.921021 4.059862 89.640076
v -344.261108 37.186989 82.192680
v -318.253784 20.256634 83.740395
v -325.042725 39.022522 79.415825
v -306.635925 37.907742 75.098900
v -313.640259 5.530703 86.651062
v -302.477844 16.816975 80.714012
v -295.342712 -1.571655 83.054008
v -307.287231 94.192467 -9.582822
v -320.399231 99.015022 -1.118745
v -301.923218 92.283829 -1.118708
v -322.243835 99.009102 -9.590341
v -344.591431 101.934418 -1.113216
v -307.394897 92.877792 -17.550093
v -313.680359 94.168877 -21.908510
v -327.493042 98.993233 -16.674185
v -317.117493 92.846428 -29.096226
v -324.772339 94.139595 -30.927435
v -335.340698 98.977654 -21.359890
v -331.008362 92.819565 -36.389126
v -289.837891 24.787804 -73.653664
v -276.095764 26.371786 -62.400539
v -275.951172 16.524395 -66.181259
v -290.001221 40.627632 -67.718201
v -276.565186 40.654861 -57.020050
v -285.973694 11.785387 -76.487961
v -278.194214 7.248446 -75.944031
v -273.469543 -2.658352 -75.812431
v -265.262390 7.461617 -67.757668
v -260.866089 -1.715509 -66.966553
v -264.995544 11.883259 -64.595718
v -264.027222 26.399515 -49.189270
v -253.584610 23.225990 -34.202415
v -253.302505 14.954342 -39.091629
v -265.695801 40.672764 -44.008160
v -257.134949 39.089027 -29.484701
v -264.225037 16.503035 -54.274910
v -290.297119 84.715652 -12.465755
v -275.389465 72.042725 -14.861998
v -279.646423 72.028091 -26.844511
v -284.997681 81.894699 -1.118670
v -270.474548 68.540298 -1.118654
v -293.763733 84.701019 -21.885956
v -299.230774 84.678772 -30.437700
v -286.498718 72.003082 -37.734028
v -295.484924 71.972382 -47.164986
v -306.384583 84.655029 -37.775707
v -315.057983 84.632362 -43.738888
v -306.439331 71.943443 -54.812378
v -318.758667 71.907364 -60.449764
v -324.796204 84.614601 -48.066521
v -335.352661 84.603600 -50.614567
v -332.136414 71.880653 -63.782116
v -345.927002 71.877281 -64.790100
v -346.198303 84.600754 -51.292324
v -338.867493 94.121819 -35.463528
v -346.956055 92.811584 -38.382114
v -357.043945 84.606857 -50.049103
v -359.717590 71.886101 -63.311638
v -372.899170 71.901405 -59.547451
v -367.360413 84.620483 -46.975609
v -353.830139 94.124870 -34.841919
v -362.547729 92.826820 -34.777405
v -376.858521 84.640869 -42.122536
v -385.022339 71.926086 -53.478233
v -395.604065 71.955063 -45.492146
v -385.083252 84.664017 -35.751396
v -367.396240 94.147331 -29.153311
v -375.420044 92.857407 -26.109943
v -391.787659 84.688217 -28.006517
v -404.217285 71.985435 -35.724068
v -410.575012 72.011879 -24.675652
v -396.658813 84.707947 -19.293476
v -377.502502 94.177742 -19.244276
v -383.605774 92.886429 -13.639531
v -344.591431 98.971321 -23.003595
v -399.530823 84.720154 -9.772461
v -414.338135 72.028679 -12.656384
v -412.235535 75.553513 -1.433075
v -396.401672 87.549652 -1.307308
v -382.598083 94.196327 -6.433953
v -383.028259 94.254066 -1.178110
v -353.842102 98.977654 -21.359890
v -364.049561 20.223339 -87.130585
v -364.561523 5.663460 -89.847244
v -383.403320 5.681200 -84.750175
v -382.349365 20.242586 -82.148323
v -363.280151 38.951286 -82.202087
v -380.550415 38.974899 -77.468262
v -361.689331 98.993370 -16.674479
v -399.248718 20.262974 -74.047745
v -400.822144 5.702539 -76.412384
v -416.148926 5.726376 -65.244003
v -414.076111 20.283657 -63.192745
v -396.442932 38.997189 -69.738503
v -410.394653 39.022537 -59.473701
v -426.240051 20.306431 -49.918118
v -428.709351 5.752125 -51.562710
v -438.086426 5.827301 -35.983170
v -435.291199 20.383509 -34.800602
v -421.785950 39.050156 -46.882545
v -430.281921 39.103230 -32.573700
v -440.816406 20.509670 -18.301870
v -443.798340 6.008816 -19.044228
v -448.936890 -0.632793 -1.683937
v -441.763062 25.361826 -1.345475
v -435.391174 39.148144 -16.861832
v -435.346008 43.655449 -1.189154
v -426.434875 56.569954 -14.931840
v -421.886292 56.551407 -29.091507
v -425.253174 60.787312 -1.308223
v -414.346985 56.523937 -42.064240
v -404.130005 56.493095 -53.444466
v -391.648499 56.464081 -62.770519
v -377.357605 56.440887 -69.780884
v -361.848633 56.421730 -74.140778
v -345.650696 56.408005 -75.759491
v -263.204468 56.635353 -16.771549
v -251.960709 37.511616 -13.559142
v -258.782410 52.451256 -1.118638
v -250.964371 37.590771 -1.116731
v -268.143433 56.620930 -30.829687
v -276.073364 56.604485 -43.640274
v -286.584351 56.578186 -54.747490
v -366.937622 99.009521 -9.591225
v -299.362793 56.548103 -63.806057
v -313.806335 56.498833 -70.480148
v -368.783630 99.015022 -1.119343
v -329.460205 56.434174 -74.509041
v -232.694687 -10.721516 -13.541264
v -235.619766 -4.549961 -22.226685
v -234.667709 -5.892765 -1.113298
v -237.292130 -6.787054 -27.393467
v -242.556381 -1.349190 -38.488327
v -234.688431 -12.209827 -20.743835
v -231.244736 -11.991493 -1.114116
v -231.005386 -14.375702 -10.665112
v -230.048630 -15.421097 -1.115043
v -229.341019 -21.805515 -9.167406
v -232.377975 -19.711075 -16.841122
v -230.633560 -28.346413 -15.040739
v -228.609116 -24.323483 -1.125939
v -228.396011 -29.406273 -9.156840
v -227.913712 -31.444016 -1.141629
v -228.217636 -33.269215 -10.626662
v -230.571304 -31.850853 -16.204672
v -231.246170 -32.086269 -19.115576
v -227.069473 -36.219833 -1.153781
v -228.019150 -35.713497 -13.019401
v -225.677902 -42.802620 -1.156305
v -228.717514 -36.674698 -19.409742
v -232.029617 -31.829071 -23.875847
v -233.912552 -30.366798 -32.154671
v -227.064926 -43.833855 -15.504995
v -231.465286 -35.448692 -30.865238
v -231.295364 -42.953560 -29.125477
v -236.376907 -32.213688 -45.523441
v -238.209091 -27.003632 -44.417946
v -244.518692 -21.525455 -57.571457
v -237.439926 -38.489159 -47.146927
v -242.973831 -26.826092 -58.557140
v -246.956223 -30.704685 -60.433670
v -256.238647 -16.410027 -68.071846
v -252.284775 -13.859192 -65.055016
v -266.033508 -19.082245 -71.625374
v -225.299606 -49.983849 -7.019156
v -228.452530 -49.384026 -16.143316
v -227.934860 -53.588524 -10.159813
v -224.535599 -51.193794 -1.143927
v -226.313309 -54.563553 -4.830256
v -226.290726 -55.076004 -1.385361
v -446.524536 -7.183975 -19.721725
v -446.008545 -0.966482 -19.692253
v -440.212097 -1.248545 -36.975342
v -450.388794 -6.767282 -1.762017
v -450.033813 -0.722292 -1.708968
v -450.569641 -14.803406 -1.826073
v -440.966492 -7.725237 -36.870461
v -446.869324 -14.133667 -19.495171
v -441.298096 -14.788345 -36.461697
v -431.422485 -8.025736 -52.811417
v -430.674011 -1.443426 -52.864174
v -417.751160 -1.515999 -66.877686
v -418.362854 -8.126162 -66.955330
v -431.496704 -15.048679 -52.406914
v -418.330322 -15.172714 -66.508163
v -402.491577 -8.211075 -78.488113
v -402.027039 -1.582779 -78.318413
v -384.183594 -1.635925 -86.818542
v -384.493530 -8.273411 -87.046425
v -402.341797 -15.271515 -77.959953
v -384.336243 -15.332035 -86.487114
v -365.064941 -8.312660 -92.280441
v -364.908752 -1.669155 -92.019203
v -347.522278 -1.696550 -94.279030
v -347.534119 -8.354633 -94.550941
v -364.900879 -15.366291 -91.665146
v -347.386230 -15.410889 -93.917313
v -335.280579 -8.433731 -94.224144
v -335.361084 -1.755657 -93.960953
v -326.705566 -2.589630 -92.647369
v -324.672424 -8.494129 -92.528122
v -335.200989 -15.498016 -93.552765
v -325.082581 -15.578053 -91.753418
v -241.877884 3.836376 -37.196434
v -238.586823 2.422859 -23.417158
v -244.990219 9.827740 -39.216312
v -245.177933 16.859035 -17.895792
v -243.962112 20.226000 -1.118638
v -243.065140 7.012467 -22.670919
v -252.003006 7.424567 -53.552574
v -252.308517 1.405031 -53.280197
v -254.058090 12.652762 -52.620949
v -270.393860 11.952676 -65.760101
v -315.778870 -1.717953 88.597290
v -325.017456 0.601423 89.307625
v -326.831543 -2.503675 90.101654
v -242.461655 -7.798431 -29.308468
v -247.280106 -3.536184 -38.641602
v -252.349442 -4.264763 -37.957077
v -239.631241 -14.245277 -22.581472
v -247.450607 -8.181604 -28.706186
v -244.633499 -14.442482 -22.123711
v -401.259399 -18.879471 73.649414
v -383.541443 -18.918297 81.970886
v -384.336243 -15.332035 83.871109
v -396.170654 -19.781372 74.225479
v -378.416748 -19.800896 81.595612
v -412.248535 -19.730511 63.837517
v -402.341797 -15.271515 75.343895
v -417.075378 -18.784302 62.453873
v -418.333557 -15.171036 63.891228
v -237.213577 -22.789379 -18.571995
v -235.903091 -29.826042 -17.388735
v -242.348648 -22.819393 -18.229351
v -241.090042 -29.770546 -17.057892
v -335.332397 -18.991154 88.860321
v -325.979431 -19.313740 87.297646
v -325.243652 -15.599384 89.364334
v -333.321777 -19.861507 86.363945
v -324.670166 -19.949173 85.330162
v -343.630798 -19.832176 87.328323
v -335.279541 -15.425961 90.954903
v -347.197327 -18.962044 89.222252
v -347.405334 -15.393845 91.304932
v -236.087021 -31.743317 -18.776512
v -236.978531 -30.860348 -22.177849
v -241.138077 -31.613815 -18.064186
v -241.945358 -30.845726 -21.446949
v -238.019608 -29.754448 -27.551123
v -240.362747 -27.721474 -35.963886
v -242.943100 -30.124390 -26.924221
v -245.194748 -28.149269 -34.967247
v -239.939438 -42.665199 -41.228893
v -249.898544 -34.903297 -57.797768
v -254.385391 -35.558510 -56.104660
v -235.794479 -46.825691 -27.041979
v -244.677109 -43.181633 -40.248493
v -240.718033 -47.310829 -26.535156
v -245.046616 -23.611076 -47.781609
v -251.592697 -17.279671 -58.177097
v -249.714279 -23.920208 -45.835739
v -256.059692 -17.717522 -55.541821
v -273.549988 -19.661697 -72.414307
v -259.472290 -9.323738 -63.407879
v -262.736267 -3.312519 -61.522861
v -263.615784 -10.453873 -60.588451
v -266.868713 -4.561626 -58.926750
v -364.387512 -18.940689 87.037941
v -359.220642 -19.813797 85.806053
v -364.900879 -15.366295 89.049156
v -231.036606 -56.256393 -5.406536
v -231.926651 -55.648232 -9.600969
v -236.235275 -55.114006 -10.234067
v -233.445206 -51.834190 -16.823956
v -238.178452 -52.065132 -16.449144
v -246.709854 10.673751 -35.786419
v -257.714539 13.769674 -51.789188
v -256.183838 -1.761124 -51.055912
v -260.931091 -2.638649 -49.673317
v -312.921875 -8.512621 -90.519302
v -315.584778 -1.793688 -90.941780
v -305.390564 -10.716442 -88.045944
v -314.718018 -15.654190 -89.450180
v -310.080750 -16.202652 -87.499718
v -446.344177 -17.945656 -19.047297
v -449.990479 -17.148540 -1.638489
v -449.411316 -19.493675 -1.450905
v -440.269897 -18.421547 -35.736107
v -444.904480 -19.130775 -18.487907
v -438.609802 -19.422455 -34.813026
v -449.511230 -6.695686 -1.741992
v -449.330444 1.340439 -1.677935
v -449.341492 -10.481468 -1.622324
v -445.337158 1.104940 -19.480675
v -439.495239 0.918264 -36.693993
v -430.277161 -18.640358 -51.348133
v -417.070068 -18.786652 -65.069267
v -428.708496 -19.594330 -50.005867
v -415.697510 -19.726143 -63.406860
v -429.950012 0.828348 -52.530472
v -417.150818 0.782980 -66.413361
v -401.259399 -18.879471 -76.265472
v -383.541443 -18.918297 -84.586914
v -400.301636 -19.776237 -74.407440
v -382.912170 -19.797276 -82.568405
v -401.567871 0.741467 -77.753403
v -383.872803 0.704649 -86.186691
v -364.387512 -18.940689 -89.653938
v -347.177185 -18.981033 -91.832756
v -364.080566 -19.811691 -87.569695
v -347.161987 -19.836803 -89.711792
v -364.750610 0.679586 -91.349899
v -347.507385 0.668922 -93.594925
v -335.242920 -19.049103 -91.454796
v -325.796936 -19.121681 -89.576447
v -335.466003 -19.874832 -89.357018
v -327.740295 -19.592583 -88.087234
v -335.471375 0.646843 -93.282578
v -324.914673 0.548634 -91.831100
v -429.953918 0.826164 49.906948
v -439.499695 0.914776 33.972527
v -440.218811 -1.250921 34.232460
v -428.711365 5.749660 48.943497
v -438.088440 5.823698 33.272156
v -416.149658 5.725796 62.626595
v -430.678711 -1.443949 50.238480
v -417.152039 0.782471 63.794868
v -417.752319 -1.515747 64.259193
v -318.478577 -18.683697 -87.841454
v -307.287048 94.191063 7.223090
v -322.242676 99.007584 7.229676
v -307.393921 92.875603 15.026428
v -313.678101 94.166550 19.361191
v -327.490784 98.991089 14.250211
v -317.114563 92.843925 26.526690
v -324.769531 94.136696 28.378809
v -335.339050 98.974945 18.936489
v -331.006226 92.816284 33.821072
v -289.877991 24.802212 71.118378
v -286.089172 11.803728 74.126350
v -275.976807 16.538019 63.616066
v -276.095947 26.381115 59.779285
v -290.002075 40.635658 65.097839
v -276.565063 40.659164 54.402554
v -273.572937 -2.637327 73.448593
v -278.303833 7.265548 73.580627
v -265.288696 7.476028 65.217758
v -265.014038 11.891907 62.029491
v -260.861877 -1.698101 64.366409
v -264.028381 26.403154 46.575130
v -264.224670 16.510511 51.655842
v -253.303970 14.956015 36.511520
v -253.587509 23.226078 31.656487
v -265.697937 40.673618 41.397873
v -257.138489 39.088249 26.971426
v -290.298218 84.714417 10.106174
v -293.764465 84.699028 19.341431
v -279.648682 72.026642 24.299940
v -275.391418 72.041672 12.502523
v -299.230042 84.676971 27.828068
v -306.382690 84.653442 35.162815
v -295.484924 71.972839 44.550140
v -286.499634 72.002396 35.123425
v -315.055969 84.630592 41.125572
v -324.794495 84.612518 45.454056
v -318.759033 71.907867 57.834141
v -306.439270 71.944473 52.196392
v -335.351501 84.601295 48.002705
v -346.197937 84.598343 48.680798
v -345.927368 71.876961 62.175003
v -338.866394 94.118279 32.916660
v -346.955994 92.807961 35.815006
v -332.137207 71.880630 61.166847
v -357.044312 84.604431 47.437565
v -367.361572 84.618195 44.363724
v -372.899353 71.900818 56.932419
v -353.831299 94.121330 32.295048
v -362.549866 92.823540 32.209343
v -359.717590 71.885483 60.696705
v -376.860229 84.638779 39.510048
v -385.085205 84.662323 33.138020
v -395.604614 71.954529 42.876675
v -367.398987 94.144432 26.604675
v -375.423645 92.854767 23.539970
v -385.022705 71.925537 50.863094
v -391.790283 84.686584 25.392902
v -396.662537 84.705818 16.617697
v -410.575623 72.011658 22.059883
v -377.507507 94.174652 16.695118
v -383.611389 92.883186 11.069856
v -404.217773 71.985092 33.108208
v -344.591431 98.968353 20.580948
v -399.534180 84.718277 7.033419
v -382.601501 94.194374 4.008201
v -414.339111 72.028267 9.915514
v -353.843811 98.974945 18.936489
v -364.053101 20.224915 84.514046
v -382.350525 20.243113 79.532120
v -383.403931 5.681465 82.134071
v -363.283691 38.952862 79.585533
v -380.551025 38.975166 74.852112
v -364.562683 5.663986 87.231087
v -361.692505 98.990952 14.249907
v -399.248718 20.262976 71.431679
v -414.076416 20.283007 60.576401
v -396.442932 38.997192 67.122406
v -410.394897 39.022125 56.857368
v -400.822144 5.702541 73.796326
v -426.241028 20.304298 47.301140
v -435.292419 20.381016 32.095875
v -421.786621 39.048969 44.265732
v -430.282715 39.102055 29.944265
v -440.817078 20.508482 15.485306
v -435.391541 39.147682 14.345607
v -443.799316 6.006683 16.067410
v -426.434814 56.570011 12.440578
v -421.886475 56.551105 26.537392
v -414.347290 56.523483 39.447578
v -404.130127 56.492916 50.828148
v -391.648499 56.464081 60.154377
v -377.357605 56.440895 67.164787
v -361.849792 56.422256 71.524536
v -345.654236 56.409576 73.142906
v -263.206848 56.634506 14.412144
v -268.146484 56.620064 28.284985
v -251.962662 37.511063 11.260818
v -276.074707 56.605103 41.028782
v -286.584656 56.580997 52.130917
v -366.941589 99.007164 7.228766
v -299.364075 56.552956 61.188114
v -313.809082 56.503654 67.862579
v -329.464294 56.437180 71.892014
v -232.718185 -10.740242 11.192511
v -231.030991 -14.391853 8.322359
v -234.727524 -12.238083 18.218941
v -235.631973 -4.562902 19.807308
v -237.318909 -6.810785 24.858688
v -242.566849 -1.362892 35.911484
v -229.359543 -21.810707 6.817883
v -228.409653 -29.403671 6.784206
v -230.657150 -28.347572 12.514837
v -232.411057 -19.727085 14.320506
v -228.228592 -33.261993 8.228086
v -228.026871 -35.705845 10.603668
v -231.260300 -32.074062 16.554834
v -230.589767 -31.843491 13.660740
v -228.723160 -36.672771 16.940228
v -227.073898 -43.839157 13.041256
v -231.470993 -35.453197 28.299320
v -231.303848 -42.963638 26.533585
v -233.916824 -30.364170 29.562605
v -232.038437 -31.820423 21.308788
v -236.376785 -32.218357 42.906197
v -237.434219 -38.492859 44.528572
v -242.960892 -26.822018 55.934437
v -246.966263 -30.697247 57.869854
v -244.512650 -21.524849 54.948997
v -238.209854 -27.004547 41.799408
v -256.258789 -16.394226 65.533112
v -266.137146 -19.066803 69.263870
v -252.270645 -13.849339 62.428715
v -225.311722 -49.985634 4.619744
v -226.324112 -54.561562 2.452990
v -227.952393 -53.588356 7.637057
v -228.467972 -49.389717 13.590537
v -446.529297 -7.184502 16.610050
v -440.973389 -7.723745 34.110466
v -446.873840 -14.131149 16.445248
v -441.306946 -14.782379 33.750130
v -446.012451 -0.968668 16.646805
v -431.427002 -8.023216 50.185707
v -418.363953 -8.125151 64.336830
v -431.505432 -15.043301 49.784302
v -402.491577 -8.211073 75.872055
v -384.493530 -8.273411 84.430412
v -384.183594 -1.635923 84.202522
v -402.027039 -1.582777 75.702362
v -365.064941 -8.312660 89.664452
v -347.552246 -8.339539 91.936707
v -347.532959 -1.688311 91.663986
v -364.908752 -1.669155 89.403221
v -335.355225 -8.369450 91.618828
v -324.826111 -8.388521 90.020615
v -335.418701 -1.708984 91.350311
v -241.879898 3.831856 34.644848
v -238.588791 2.420319 20.991402
v -244.988693 9.828454 36.641655
v -245.180252 16.858509 15.535976
v -243.066910 7.012347 20.247633
v -251.994736 7.431804 50.930111
v -254.051682 12.657682 49.999424
v -252.304886 1.406672 50.661808
v -270.429138 11.964164 63.223198
v -314.950745 -16.348801 87.858887
v -316.122986 -19.712914 86.004593
v -308.063904 -16.130661 86.452713
v -242.485153 -7.817162 26.708401
v -239.656845 -14.261436 19.985851
v -246.657639 -9.632473 23.891628
v -243.984756 -16.495544 18.074888
v -250.598984 -4.991447 32.447422
v -247.292313 -3.549103 36.034286
v -335.499023 0.666082 90.668747
v -347.510559 0.670305 90.979088
v -237.232101 -22.794579 15.978031
v -235.916733 -29.823448 14.790064
v -241.844101 -25.474640 14.946283
v -240.942642 -31.201706 14.618111
v -364.750610 0.679590 88.733917
v -383.872864 0.704651 83.570679
v -236.097977 -31.736099 16.166769
v -236.986282 -30.852695 19.562292
v -241.347794 -31.820892 16.467710
v -242.190048 -30.826984 20.189995
v -238.023605 -29.750565 24.935005
v -240.363510 -27.720131 33.346466
v -243.222763 -29.879829 26.006798
v -246.065872 -27.307156 34.762920
v -239.939682 -42.673271 38.609489
v -235.802383 -46.832611 24.430876
v -243.543930 -44.084991 33.827549
v -239.916275 -48.398399 20.959803
v -250.780930 -38.310383 49.677757
v -249.928085 -34.901825 55.261868
v -245.044662 -23.611038 45.162159
v -251.587357 -17.277069 55.555653
v -251.176895 -22.480541 46.344524
v -257.823730 -15.682976 54.797665
v -267.553894 -24.250885 66.162445
v -259.462952 -9.314716 60.784462
v -265.094055 -3.866951 58.901844
v -428.218506 -18.564075 46.828217
v -415.405273 -18.672539 60.177757
v -425.952209 -19.593235 51.050579
v -265.681213 -7.824457 58.591324
v -401.567871 0.741470 75.137344
v -229.760971 -56.287338 2.360850
v -231.938126 -55.642555 7.065922
v -235.058212 -55.988373 5.830689
v -233.457687 -51.834137 14.224309
v -237.707687 -53.335472 11.723132
v -246.709641 10.674406 33.234856
v -257.711792 13.773705 49.170502
v -256.185913 -1.765577 48.441628
v -258.223083 -2.641153 43.468590
v -313.151550 -8.682461 88.487556
v -304.873047 -9.327888 86.900238
v -446.352905 -17.940277 16.188051
v -440.289246 -18.411469 33.079185
v -443.961792 -19.095421 19.915689
v -436.770996 -19.399529 36.086388
v -445.339172 1.102474 16.481588
v -430.294312 -18.632301 48.731712
v -249.095352 -7.145340 -27.958239
v -246.257736 -13.604366 -21.044247
v -254.108536 -3.189787 -37.602917
v -400.046387 -18.736977 71.103149
v -382.771362 -18.755173 79.247314
v -243.978165 -22.331268 -17.005013
v -242.643845 -29.714081 -15.585359
v -335.619019 -18.809135 86.041199
v -347.208252 -18.782089 86.382355
v -326.354431 -19.128284 84.696663
v -242.678513 -32.097111 -16.946693
v -243.524033 -32.057671 -21.047401
v -244.536575 -31.588078 -26.874653
v -246.754837 -29.537987 -34.793934
v -246.276535 -42.193436 -39.459854
v -242.333755 -46.182030 -25.903255
v -255.903488 -34.818409 -54.920155
v -251.291367 -25.165169 -45.553101
v -257.617554 -19.066113 -55.409687
v -275.233093 -19.607536 -70.697227
v -293.978516 -6.973808 -82.609787
v -265.153931 -11.250034 -60.431580
v -268.699829 -4.232046 -59.152626
v -364.046204 -18.767029 84.229897
v -231.352768 -55.135582 -4.008904
v -228.792801 -55.206779 -0.905659
v -236.585968 -54.384636 -8.613970
v -239.758682 -50.861031 -15.835947
v -262.872498 -1.825054 -49.866890
v -302.337097 -8.381361 -86.126961
v -307.393311 -14.989433 -85.994698
v -443.494934 -18.482582 -18.187811
v -437.479309 -18.580559 -34.314735
v -445.787476 -18.270096 -1.459060
v -427.847900 -18.651894 -49.382904
v -415.211548 -18.715622 -62.758251
v -400.024109 -18.737671 -73.708748
v -382.756958 -18.755585 -81.854767
v -364.039734 -18.767166 -86.839218
v -347.204895 -18.782173 -88.993507
v -335.589600 -18.810150 -88.649071
v -326.174316 -18.427467 -87.480667
v -316.034973 -17.628807 -86.682762
v -316.342468 -19.570816 84.313538
v -307.707825 -17.154053 84.802010
v -248.998154 -7.526159 24.787113
v -253.943253 -3.270512 34.277889
v -246.186325 -14.137028 18.059725
v -243.932571 -23.015770 14.207111
v -242.660568 -30.506676 13.390689
v -242.757523 -32.997799 15.355274
v -243.579575 -32.481453 19.088041
v -244.568680 -31.534958 24.547358
v -246.837326 -29.416077 32.481094
v -246.394577 -42.112984 37.007328
v -255.814011 -34.296738 52.691299
v -242.401077 -46.164635 23.316227
v -251.424271 -24.974472 43.254738
v -257.750061 -18.219353 52.936138
v -275.012878 -18.640583 68.869461
v -294.105347 -6.874067 81.050270
v -437.859070 -18.399590 31.650780
v -232.271255 -55.764572 2.084675
v -237.053726 -54.719749 6.237396
v -239.775070 -50.905968 13.116292
v -262.639221 -1.605688 46.387981
v -302.693848 -9.690994 85.087425
v -443.873169 -18.213150 15.341801

# UV coordinates
vt 0.538096 0.317807
vt 0.535148 0.296021
vt 0.567529 0.301944
vt 0.516359 0.312046
vt 0.508003 0.296597
vt 0.524600 0.328852
vt 0.527378 0.274253
vt 0.518452 0.249327
vt 0.553652 0.249533
vt 0.500198 0.276243
vt 0.487513 0.242356
vt 0.560508 0.275817
vt 0.792931 0.047840
vt 0.781706 0.066597
vt 0.777799 0.044537
vt 0.802101 0.064773
vt 0.790462 0.093999
vt 0.809743 0.050248
vt 0.761422 0.062456
vt 0.759386 0.040781
vt 0.739766 0.054363
vt 0.735865 0.028128
vt 0.740468 0.085226
vt 0.765096 0.090831
vt 0.705106 0.221785
vt 0.681210 0.213383
vt 0.683999 0.200637
vt 0.697421 0.230799
vt 0.672081 0.218913
vt 0.736261 0.251990
vt 0.673183 0.228953
vt 0.693691 0.242029
vt 0.666733 0.237021
vt 0.671013 0.246920
vt 0.693963 0.254512
vt 0.667612 0.256992
vt 0.533743 0.223486
vt 0.513059 0.217838
vt 0.527278 0.195284
vt 0.543200 0.195933
vt 0.559920 0.221739
vt 0.565992 0.197422
vt 0.495645 0.195882
vt 0.507406 0.204422
vt 0.513351 0.180858
vt 0.520718 0.176330
vt 0.503206 0.174123
vt 0.553826 0.169338
vt 0.537118 0.168425
vt 0.549772 0.139669
vt 0.564145 0.141873
vt 0.575455 0.174729
vt 0.586035 0.152667
vt 0.658781 0.195095
vt 0.651767 0.205414
vt 0.628074 0.190160
vt 0.637469 0.177022
vt 0.664133 0.179984
vt 0.645500 0.159712
vt 0.646642 0.216844
vt 0.643588 0.229086
vt 0.616332 0.220582
vt 0.620950 0.204814
vt 0.642593 0.242032
vt 0.643711 0.255257
vt 0.615389 0.254375
vt 0.614444 0.237295
vt 0.646901 0.268787
vt 0.651859 0.282070
vt 0.625485 0.288402
vt 0.674514 0.265964
vt 0.674202 0.277285
vt 0.619236 0.271562
vt 0.658390 0.295042
vt 0.666197 0.307383
vt 0.643741 0.320330
vt 0.682830 0.284633
vt 0.685321 0.296403
vt 0.633854 0.304748
vt 0.675161 0.319029
vt 0.685066 0.329658
vt 0.667186 0.348690
vt 0.694910 0.301551
vt 0.699958 0.312875
vt 0.654982 0.335046
vt 0.695894 0.339138
vt 0.707495 0.347043
vt 0.694412 0.372053
vt 0.709978 0.315127
vt 0.717454 0.324826
vt 0.680384 0.361105
vt 0.697721 0.267255
vt 0.865264 0.251764
vt 0.853250 0.243288
vt 0.883803 0.231374
vt 0.830717 0.257308
vt 0.828350 0.250101
vt 0.727609 0.323248
vt 0.719967 0.353186
vt 0.898112 0.241771
vt 0.709403 0.381192
vt 0.704286 0.279332
vt 0.558504 0.335950
vt 0.575018 0.358398
vt 0.558044 0.369078
vt 0.583645 0.324570
vt 0.597936 0.345395
vt 0.540013 0.345982
vt 0.713101 0.289745
vt 0.592055 0.379597
vt 0.609307 0.399623
vt 0.594309 0.411891
vt 0.613232 0.364999
vt 0.629111 0.383401
vt 0.576234 0.391003
vt 0.626696 0.418560
vt 0.644244 0.436374
vt 0.630051 0.450920
vt 0.645526 0.400577
vt 0.662416 0.416523
vt 0.612213 0.431837
vt 0.978271 0.190113
vt 0.956982 0.178040
vt 0.985217 0.150528
vt 0.954867 0.209262
vt 0.935244 0.197537
vt 0.680087 0.431337
vt 0.662211 0.453039
vt 0.994466 0.175401
vt 0.648276 0.469191
vt 0.928134 0.227039
vt 0.910872 0.215876
vt 0.696088 0.407414
vt 0.679347 0.395194
vt 0.663561 0.381537
vt 0.648520 0.366513
vt 0.634310 0.350277
vt 0.620982 0.332870
vt 0.608928 0.314445
vt 0.598595 0.294997
vt 0.616957 0.158844
vt 0.605063 0.174773
vt 0.599814 0.132880
vt 0.627645 0.139143
vt 0.613026 0.121269
vt 0.595729 0.192650
vt 0.589212 0.212088
vt 0.723812 0.297172
vt 0.585929 0.232703
vt 0.586414 0.253797
vt 0.799469 0.254684
vt 0.735857 0.300264
vt 0.590821 0.274722
vt 0.556683 0.072541
vt 0.568703 0.059595
vt 0.573996 0.067455
vt 0.182772 0.270424
vt 0.173379 0.262904
vt 0.176990 0.259411
vt 0.197274 0.272477
vt 0.189088 0.267771
vt 0.550546 0.089325
vt 0.544588 0.093197
vt 0.548828 0.078340
vt 0.534625 0.115289
vt 0.173905 0.278549
vt 0.164519 0.271229
vt 0.165009 0.287708
vt 0.157190 0.276708
vt 0.169938 0.295881
vt 0.184959 0.281453
vt 0.160063 0.294061
vt 0.151770 0.279772
vt 0.156074 0.299131
vt 0.145122 0.282826
vt 0.157413 0.311039
vt 0.162095 0.303856
vt 0.151747 0.307137
vt 0.146211 0.300411
vt 0.140213 0.316817
vt 0.139118 0.310084
vt 0.139111 0.321428
vt 0.151241 0.316885
vt 0.120532 0.308508
vt 0.123270 0.302318
vt 0.048013 0.340030
vt 0.051923 0.337468
vt 0.063208 0.358035
vt 0.097405 0.298944
vt 0.102875 0.297041
vt 0.118079 0.312018
vt 0.338030 0.277124
vt 0.338664 0.288349
vt 0.314248 0.263439
vt 0.365543 0.291287
vt 0.381216 0.317169
vt 0.359698 0.274406
vt 0.317337 0.260020
vt 0.338454 0.272811
vt 0.079278 0.293582
vt 0.138301 0.291151
vt 0.133850 0.287614
vt 0.132087 0.292245
vt 0.128766 0.290255
vt 0.135390 0.295924
vt 0.140620 0.299606
vt 0.634560 0.482194
vt 0.616973 0.463810
vt 0.622913 0.457632
vt 0.628048 0.488832
vt 0.610837 0.470199
vt 0.644166 0.508408
vt 0.640809 0.476194
vt 0.652301 0.501016
vt 0.658557 0.495500
vt 0.599194 0.444262
vt 0.580915 0.423578
vt 0.586976 0.417930
vt 0.593173 0.450098
vt 0.574799 0.429157
vt 0.605090 0.438285
vt 0.562146 0.402147
vt 0.542933 0.379842
vt 0.549786 0.374587
vt 0.555779 0.407564
vt 0.536150 0.385194
vt 0.568521 0.396736
vt 0.523374 0.356621
vt 0.506216 0.335587
vt 0.514618 0.330127
vt 0.515944 0.362113
vt 0.497999 0.341458
vt 0.530933 0.351353
vt 0.494450 0.320607
vt 0.483935 0.307134
vt 0.494986 0.303948
vt 0.485461 0.327044
vt 0.473808 0.315259
vt 0.503655 0.314823
vt 0.539083 0.117850
vt 0.553036 0.099293
vt 0.541172 0.127220
vt 0.574770 0.113422
vt 0.559563 0.106609
vt 0.596876 0.100220
vt 0.524978 0.150174
vt 0.530964 0.152176
vt 0.519401 0.147315
vt 0.521456 0.184940
vt 0.777057 0.037009
vt 0.764750 0.031455
vt 0.780603 0.033509
vt 0.205676 0.349163
vt 0.189350 0.350680
vt 0.188994 0.344369
vt 0.203382 0.355900
vt 0.185596 0.356401
vt 0.222662 0.350438
vt 0.201531 0.344611
vt 0.223939 0.344155
vt 0.220372 0.340657
vt 0.892498 0.052869
vt 0.891031 0.055721
vt 0.865233 0.043042
vt 0.916896 0.067148
vt 0.915213 0.069879
vt 0.217161 0.797275
vt 0.216257 0.797910
vt 0.196482 0.775282
vt 0.866472 0.040085
vt 0.197443 0.774593
vt 0.179185 0.749948
vt 0.178179 0.750575
vt 0.185835 0.289615
vt 0.169782 0.308104
vt 0.168322 0.349846
vt 0.161417 0.336890
vt 0.167074 0.335962
vt 0.174190 0.346469
vt 0.176899 0.340680
vt 0.797292 0.016424
vt 0.796575 0.019545
vt 0.782147 0.016073
vt 0.814572 0.021039
vt 0.813670 0.024118
vt 0.149044 0.700268
vt 0.147979 0.700785
vt 0.139305 0.684308
vt 0.783436 0.012846
vt 0.140348 0.683758
vt 0.135532 0.672334
vt 0.133484 0.670413
vt 0.161579 0.317822
vt 0.153615 0.324151
vt 0.156774 0.334092
vt 0.148315 0.333960
vt 0.143103 0.327038
vt 0.127732 0.321826
vt 0.137016 0.331228
vt 0.121149 0.322929
vt 0.071257 0.361170
vt 0.079960 0.375945
vt 0.073761 0.376178
vt 0.078997 0.361960
vt 0.086381 0.376641
vt 0.065472 0.342475
vt 0.058265 0.338423
vt 0.107720 0.309764
vt 0.088685 0.299137
vt 0.101817 0.309319
vt 0.084292 0.300416
vt 0.308531 0.265725
vt 0.330605 0.290770
vt 0.300350 0.265640
vt 0.270395 0.314707
vt 0.264678 0.322276
vt 0.262257 0.318731
vt 0.271369 0.320323
vt 0.264932 0.326796
vt 0.264533 0.322881
vt 0.278979 0.308049
vt 0.272383 0.307006
vt 0.280057 0.303532
vt 0.839158 0.029092
vt 0.838124 0.032126
vt 0.161425 0.724399
vt 0.162467 0.723843
vt 0.094117 0.402267
vt 0.096430 0.401140
vt 0.096344 0.405285
vt 0.091448 0.397364
vt 0.093053 0.395889
vt 0.088463 0.398965
vt 0.083912 0.388259
vt 0.087097 0.397449
vt 0.082128 0.398802
vt 0.089833 0.388421
vt 0.090482 0.396064
vt 0.078725 0.390780
vt 0.546795 0.125797
vt 0.534795 0.155826
vt 0.247386 0.333825
vt 0.245400 0.339964
vt 0.262956 0.326796
vt 0.245359 0.330464
vt 0.259613 0.321626
vt 0.258996 0.317043
vt 0.472980 0.290772
vt 0.471076 0.273768
vt 0.459632 0.304243
vt 0.449751 0.297710
vt 0.487285 0.287206
vt 0.625432 0.491699
vt 0.608560 0.472435
vt 0.620457 0.487952
vt 0.603605 0.468228
vt 0.642349 0.510819
vt 0.643249 0.509609
vt 0.014588 0.042888
vt 0.021672 0.042888
vt 0.021227 0.043552
vt 0.052541 0.048773
vt 0.046951 0.049202
vt 0.047742 0.048773
vt 0.054582 0.001527
vt 0.053935 0.000719
vt 0.054484 0.000719
vt 0.013608 0.049753
vt 0.017789 0.049753
vt 0.016464 0.051143
vt 0.039105 0.048773
vt 0.040406 0.048773
vt 0.039810 0.054999
vt 0.047574 0.000719
vt 0.045525 0.001420
vt 0.040086 0.000719
vt 0.002992 0.035790
vt 0.000859 0.035043
vt 0.010508 0.035043
vt 0.000983 0.050069
vt 0.000859 0.048773
vt 0.007109 0.048773
vt 0.642966 0.474219
vt 0.660659 0.493505
vt 0.988065 0.150225
vt 0.624993 0.455600
vt 0.590977 0.452051
vt 0.572598 0.431050
vt 0.585649 0.447545
vt 0.567183 0.426507
vt 0.607147 0.436188
vt 0.589111 0.415966
vt 0.553510 0.409424
vt 0.533762 0.387070
vt 0.547811 0.404601
vt 0.527961 0.382192
vt 0.570782 0.394871
vt 0.552226 0.372790
vt 0.513351 0.364093
vt 0.495172 0.343669
vt 0.507179 0.359073
vt 0.490380 0.340216
vt 0.533647 0.349589
vt 0.517654 0.328344
vt 0.482429 0.329482
vt 0.470903 0.318712
vt 0.478617 0.327781
vt 0.468132 0.317575
vt 0.507008 0.312938
vt 0.498236 0.298465
vt 0.924917 0.102165
vt 0.926814 0.099640
vt 0.946895 0.115128
vt 0.903547 0.087687
vt 0.905286 0.085041
vt 0.900027 0.093940
vt 0.945094 0.117577
vt 0.921074 0.108226
vt 0.941015 0.123522
vt 0.457074 0.308642
vt 0.698094 0.199591
vt 0.715914 0.216004
vt 0.704841 0.191971
vt 0.715687 0.193937
vt 0.728853 0.213679
vt 0.724917 0.188609
vt 0.735521 0.193105
vt 0.743014 0.214593
vt 0.746656 0.190177
vt 0.717739 0.064915
vt 0.693182 0.068976
vt 0.694657 0.053707
vt 0.714828 0.088556
vt 0.692125 0.090729
vt 0.714837 0.045280
vt 0.705098 0.036655
vt 0.700988 0.022974
vt 0.684018 0.035551
vt 0.679685 0.022730
vt 0.679940 0.042644
vt 0.668571 0.074047
vt 0.642435 0.078358
vt 0.643716 0.063926
vt 0.670086 0.095864
vt 0.647952 0.101817
vt 0.670624 0.057647
vt 0.680653 0.176990
vt 0.664281 0.154761
vt 0.678680 0.147970
vt 0.692137 0.171908
vt 0.704615 0.168438
vt 0.694236 0.143286
vt 0.710553 0.140634
vt 0.717768 0.166655
vt 0.731479 0.166470
vt 0.727562 0.140059
vt 0.744855 0.141343
vt 0.745465 0.167816
vt 0.759612 0.170516
vt 0.762329 0.144414
vt 0.779625 0.148947
vt 0.773661 0.174461
vt 0.756368 0.196635
vt 0.768799 0.195957
vt 0.787513 0.179494
vt 0.796649 0.154900
vt 0.813115 0.162021
vt 0.800923 0.185567
vt 0.777082 0.203791
vt 0.790143 0.205240
vt 0.813766 0.192604
vt 0.828910 0.170371
vt 0.843804 0.179771
vt 0.825790 0.200620
vt 0.796439 0.214080
vt 0.809324 0.217696
vt 0.836851 0.209567
vt 0.857659 0.190353
vt 0.870316 0.202023
vt 0.846681 0.219564
vt 0.812982 0.227300
vt 0.824811 0.233236
vt 0.757609 0.218279
vt 0.855159 0.230556
vt 0.881669 0.215089
vt 0.825211 0.243338
vt 0.771877 0.224367
vt 0.822008 0.078652
vt 0.828682 0.058974
vt 0.853754 0.069080
vt 0.845663 0.088303
vt 0.813602 0.104431
vt 0.835194 0.113361
vt 0.784675 0.232686
vt 0.868178 0.099482
vt 0.877582 0.080820
vt 0.889418 0.111989
vt 0.855783 0.123748
vt 0.875240 0.135368
vt 0.909394 0.125676
vt 0.928221 0.140450
vt 0.893498 0.148215
vt 0.910564 0.162176
vt 0.945911 0.156280
vt 0.960422 0.139834
vt 0.926430 0.177294
vt 0.905247 0.197067
vt 0.891414 0.182805
vt 0.876392 0.169858
vt 0.860141 0.158030
vt 0.842805 0.147416
vt 0.824438 0.137985
vt 0.805267 0.129889
vt 0.785390 0.123176
vt 0.648848 0.132483
vt 0.626843 0.110882
vt 0.666087 0.124004
vt 0.684567 0.118014
vt 0.703949 0.114514
vt 0.794448 0.242959
vt 0.724066 0.113465
vt 0.744532 0.114714
vt 0.765090 0.118062
vt 0.584245 0.051563
vt 0.600895 0.051065
vt 0.606209 0.046536
vt 0.627170 0.043245
vt 0.592158 0.045690
vt 0.168354 0.251255
vt 0.165539 0.236526
vt 0.170583 0.243952
vt 0.160496 0.259788
vt 0.158951 0.248718
vt 0.147718 0.258097
vt 0.151116 0.265563
vt 0.143961 0.266499
vt 0.139618 0.259629
vt 0.132914 0.257156
vt 0.137655 0.266108
vt 0.128988 0.261572
vt 0.125311 0.253625
vt 0.114913 0.247049
vt 0.129728 0.270659
vt 0.115732 0.252701
vt 0.115263 0.260503
vt 0.040225 0.459073
vt 0.030874 0.436986
vt 0.034461 0.428372
vt 0.035308 0.461766
vt 0.028540 0.442724
vt 0.033218 0.484305
vt 0.047077 0.457301
vt 0.037752 0.480707
vt 0.042156 0.483049
vt 0.027841 0.506226
vt 0.025116 0.502089
vt 0.671571 0.000451
vt 0.677031 0.000628
vt 0.033598 0.516989
vt 0.690180 0.000000
vt 0.132763 0.282315
vt 0.126072 0.274645
vt 0.127334 0.282238
vt 0.128926 0.287119
vt 0.971594 0.124016
vt 0.966432 0.131153
vt 0.992606 0.138512
vt 0.987614 0.145431
vt 0.998886 0.129147
vt 0.952422 0.108089
vt 0.977102 0.116496
vt 0.958203 0.100844
vt 0.932254 0.092417
vt 0.910272 0.077494
vt 0.937655 0.085119
vt 0.886671 0.063683
vt 0.882250 0.071578
vt 0.857742 0.059534
vt 0.861524 0.051321
vt 0.835052 0.040662
vt 0.831919 0.049145
vt 0.808603 0.041482
vt 0.811153 0.032828
vt 0.794429 0.028368
vt 0.792268 0.037131
vt 0.779607 0.025084
vt 0.627784 0.048079
vt 0.608482 0.056634
vt 0.635009 0.052302
vt 0.614639 0.081926
vt 0.612811 0.065185
vt 0.656414 0.040752
vt 0.655028 0.034692
vt 0.657755 0.047600
vt 0.687194 0.045770
vt 0.131589 0.658643
vt 0.126910 0.654246
vt 0.128966 0.645986
vt 0.767228 0.012084
vt 0.610426 0.041550
vt 0.629112 0.038279
vt 0.629731 0.032701
vt 0.594922 0.039755
vt 0.611596 0.035908
vt 0.596718 0.034111
vt 0.791554 0.040213
vt 0.807751 0.044530
vt 0.153014 0.246228
vt 0.160819 0.233057
vt 0.156409 0.229768
vt 0.142902 0.252758
vt 0.149378 0.242220
vt 0.140770 0.246879
vt 0.830847 0.052132
vt 0.856422 0.062419
vt 0.136418 0.252471
vt 0.129486 0.249585
vt 0.135505 0.246253
vt 0.129822 0.243975
vt 0.121414 0.245775
vt 0.027268 0.453023
vt 0.020488 0.441173
vt 0.122048 0.240818
vt 0.022435 0.455691
vt 0.016245 0.445007
vt 0.056223 0.452841
vt 0.059325 0.433797
vt 0.048611 0.481886
vt 0.052490 0.485610
vt 0.065952 0.434156
vt 0.061390 0.456563
vt 0.070888 0.437424
vt 0.030126 0.471625
vt 0.025812 0.491475
vt 0.025029 0.472340
vt 0.020844 0.490530
vt 0.699896 0.000640
vt 0.036284 0.525816
vt 0.015211 0.507328
vt 0.008960 0.518773
vt 0.004366 0.514656
vt 0.010647 0.505937
vt 0.000000 0.511662
vt 0.880708 0.074350
vt 0.090898 0.410168
vt 0.090964 0.406725
vt 0.086923 0.407796
vt 0.086391 0.402875
vt 0.087152 0.411018
vt 0.072234 0.420474
vt 0.067239 0.416984
vt 0.072346 0.409220
vt 0.077202 0.411617
vt 0.077235 0.423660
vt 0.080848 0.416956
vt 0.632637 0.057794
vt 0.660481 0.052698
vt 0.653906 0.029926
vt 0.673571 0.021265
vt 0.671158 0.017225
vt 0.653226 0.024643
vt 0.653025 0.024902
vt 0.762883 0.021508
vt 0.752702 0.015320
vt 0.120520 0.640166
vt 0.979314 0.113383
vt 0.999446 0.127700
vt 0.999999 0.126250
vt 0.960257 0.098200
vt 0.277665 0.853181
vt 0.292907 0.872796
vt 0.276880 0.853685
vt 0.258535 0.835956
vt 0.257811 0.836444
vt 0.028464 0.044181
vt 0.028318 0.042888
vt 0.034584 0.042888
vt 0.026056 0.036024
vt 0.024040 0.036783
vt 0.016550 0.036024
vt 0.042135 0.020053
vt 0.040086 0.019352
vt 0.047574 0.019352
vt 0.046116 0.008878
vt 0.045970 0.007584
vt 0.052231 0.007584
vt 0.019492 0.029159
vt 0.030952 0.029159
vt 0.021271 0.029558
vt 0.053815 0.001255
vt 0.047799 0.049506
vt 0.024395 0.050734
vt 0.028533 0.050734
vt 0.025701 0.052045
vt 0.964705 0.133619
vt 0.985708 0.147677
vt 0.939502 0.082498
vt 0.237043 0.818205
vt 0.237856 0.817618
vt 0.429589 0.386418
vt 0.452171 0.391782
vt 0.432200 0.418476
vt 0.448642 0.370291
vt 0.465347 0.380051
vt 0.433218 0.360597
vt 0.407545 0.376356
vt 0.405337 0.408811
vt 0.378021 0.399378
vt 0.382671 0.364543
vt 0.412772 0.350334
vt 0.382107 0.333405
vt 0.196912 0.650631
vt 0.180828 0.666140
vt 0.174204 0.650911
vt 0.199475 0.672326
vt 0.186888 0.683146
vt 0.225778 0.654917
vt 0.188737 0.630030
vt 0.217740 0.628795
vt 0.207993 0.603530
vt 0.166449 0.632419
vt 0.176884 0.608521
vt 0.148463 0.607752
vt 0.332606 0.527120
vt 0.341985 0.551342
vt 0.319534 0.530307
vt 0.350734 0.543592
vt 0.373636 0.581704
vt 0.338281 0.517730
vt 0.348661 0.518941
vt 0.361960 0.540094
vt 0.357141 0.512667
vt 0.367249 0.517462
vt 0.374478 0.541011
vt 0.377720 0.514730
vt 0.352800 0.376904
vt 0.321363 0.383596
vt 0.323662 0.366940
vt 0.347276 0.402965
vt 0.320079 0.407243
vt 0.351274 0.355520
vt 0.338289 0.347517
vt 0.332733 0.331945
vt 0.307188 0.349118
vt 0.297611 0.334585
vt 0.303824 0.358079
vt 0.290561 0.393420
vt 0.259100 0.404537
vt 0.258228 0.389547
vt 0.294278 0.416327
vt 0.269426 0.427748
vt 0.292124 0.375709
vt 0.313394 0.504219
vt 0.294374 0.482217
vt 0.308548 0.472071
vt 0.297621 0.510391
vt 0.276077 0.491580
vt 0.324296 0.496798
vt 0.336490 0.491593
vt 0.324497 0.464794
vt 0.341619 0.460513
vt 0.349517 0.488806
vt 0.363230 0.488437
vt 0.359592 0.459498
vt 0.377677 0.461665
vt 0.377082 0.490469
vt 0.390888 0.494766
vt 0.395501 0.466985
vt 0.412574 0.474937
vt 0.404219 0.501040
vt 0.386590 0.522416
vt 0.398059 0.523220
vt 0.416977 0.509061
vt 0.428743 0.485167
vt 0.443790 0.497005
vt 0.428853 0.518465
vt 0.404962 0.532804
vt 0.416516 0.536790
vt 0.439792 0.529086
vt 0.457645 0.510247
vt 0.470169 0.524444
vt 0.449507 0.540646
vt 0.420920 0.547347
vt 0.431663 0.554087
vt 0.457909 0.553061
vt 0.481220 0.539603
vt 0.490639 0.555510
vt 0.464628 0.566135
vt 0.433018 0.564889
vt 0.441917 0.574016
vt 0.387067 0.545890
vt 0.469528 0.579889
vt 0.498142 0.572248
vt 0.495686 0.589374
vt 0.464131 0.592522
vt 0.439589 0.584562
vt 0.440143 0.592321
vt 0.398611 0.553987
vt 0.468634 0.413673
vt 0.481260 0.396855
vt 0.502789 0.417156
vt 0.489816 0.432593
vt 0.454048 0.436991
vt 0.473960 0.453712
vt 0.408053 0.564544
vt 0.509439 0.452156
vt 0.522890 0.437838
vt 0.541765 0.458553
vt 0.527640 0.472011
vt 0.492274 0.471467
vt 0.509099 0.489832
vt 0.544557 0.492067
vt 0.559542 0.479182
vt 0.576298 0.499804
vt 0.560175 0.512325
vt 0.524454 0.508751
vt 0.538328 0.528152
vt 0.574356 0.533080
vt 0.592183 0.520958
vt 0.614220 0.538450
vt 0.580662 0.558099
vt 0.550699 0.548383
vt 0.554819 0.571661
vt 0.525341 0.561700
vt 0.515191 0.542768
vt 0.525964 0.582402
vt 0.503374 0.524741
vt 0.489966 0.507447
vt 0.475081 0.490963
vt 0.458722 0.475363
vt 0.440971 0.461069
vt 0.421741 0.448546
vt 0.275162 0.460863
vt 0.247564 0.443502
vt 0.254165 0.473553
vt 0.235240 0.458968
vt 0.292672 0.447765
vt 0.312542 0.438101
vt 0.334082 0.432146
vt 0.414195 0.576871
vt 0.356643 0.430184
vt 0.379268 0.432422
vt 0.415707 0.589996
vt 0.401135 0.438716
vt 0.179290 0.395391
vt 0.199202 0.388504
vt 0.176385 0.419851
vt 0.203668 0.378826
vt 0.229709 0.370206
vt 0.185521 0.382451
vt 0.166139 0.415256
vt 0.170022 0.397004
vt 0.160765 0.413184
vt 0.156214 0.394653
vt 0.166725 0.381101
vt 0.147288 0.377923
vt 0.147536 0.409324
vt 0.143370 0.391494
vt 0.137396 0.407683
vt 0.137102 0.388200
vt 0.139122 0.374633
vt 0.136831 0.368473
vt 0.130723 0.407177
vt 0.132585 0.384020
vt 0.121717 0.406951
vt 0.128235 0.373344
vt 0.132227 0.360347
vt 0.121739 0.348844
vt 0.118757 0.383332
vt 0.117263 0.356849
vt 0.108505 0.365162
vt 0.100277 0.339938
vt 0.105300 0.334134
vt 0.087669 0.320339
vt 0.091919 0.344433
vt 0.084019 0.324742
vt 0.075971 0.325372
vt 0.306860 0.308893
vt 0.287595 0.287491
vt 0.294542 0.284831
vt 0.298544 0.309958
vt 0.286224 0.294541
vt 0.324113 0.305840
vt 0.111588 0.398444
vt 0.109967 0.384995
vt 0.105842 0.394271
vt 0.108549 0.406418
vt 0.104679 0.401431
vt 0.102231 0.405589
vt 0.607250 0.507795
vt 0.600311 0.513739
vt 0.584095 0.493111
vt 0.624034 0.528251
vt 0.617637 0.533890
vt 0.632457 0.520727
vt 0.591152 0.487585
vt 0.615100 0.501336
vt 0.598764 0.481535
vt 0.574052 0.467072
vt 0.567144 0.472541
vt 0.549043 0.451685
vt 0.555721 0.446071
vt 0.581242 0.461062
vt 0.562729 0.439978
vt 0.536541 0.424669
vt 0.529985 0.430576
vt 0.509811 0.409358
vt 0.516335 0.403003
vt 0.543470 0.418295
vt 0.523328 0.396247
vt 0.494947 0.381284
vt 0.488300 0.388290
vt 0.468203 0.370202
vt 0.475140 0.362437
vt 0.502209 0.373931
vt 0.482906 0.354382
vt 0.460657 0.349516
vt 0.453309 0.357963
vt 0.442696 0.348507
vt 0.447296 0.338197
vt 0.469170 0.340868
vt 0.457785 0.328932
vt 0.233153 0.377609
vt 0.211709 0.393818
vt 0.244629 0.381301
vt 0.227085 0.416885
vt 0.212852 0.442840
vt 0.219998 0.400662
vt 0.268585 0.362235
vt 0.263109 0.354728
vt 0.273504 0.369681
vt 0.314049 0.359728
vt 0.157709 0.640388
vt 0.166307 0.651888
vt 0.163370 0.656549
vt 0.207781 0.369618
vt 0.230241 0.362074
vt 0.230397 0.354039
vt 0.187035 0.372152
vt 0.208902 0.361312
vt 0.189286 0.363641
vt 0.203157 0.769661
vt 0.185195 0.745427
vt 0.190126 0.742170
vt 0.196080 0.765883
vt 0.178417 0.741167
vt 0.215361 0.789025
vt 0.207927 0.766104
vt 0.222607 0.792055
vt 0.227078 0.788189
vt 0.165699 0.368667
vt 0.150084 0.362772
vt 0.169873 0.359325
vt 0.156893 0.349931
vt 0.146926 0.680052
vt 0.140570 0.667012
vt 0.145705 0.663275
vt 0.142309 0.678621
vt 0.137198 0.666137
vt 0.149937 0.693141
vt 0.152257 0.677217
vt 0.155315 0.696361
vt 0.160543 0.693509
vt 0.145751 0.359292
vt 0.140998 0.353179
vt 0.153093 0.346296
vt 0.146684 0.342999
vt 0.132525 0.346451
vt 0.119388 0.336568
vt 0.136674 0.338652
vt 0.122653 0.330301
vt 0.089209 0.353333
vt 0.071753 0.330752
vt 0.065547 0.333001
vt 0.099600 0.370034
vt 0.081971 0.354987
vt 0.091464 0.371296
vt 0.101862 0.322851
vt 0.084814 0.311182
vt 0.105027 0.317404
vt 0.087800 0.306381
vt 0.297696 0.278110
vt 0.337085 0.303627
vt 0.303483 0.275171
vt 0.289898 0.322563
vt 0.289250 0.305706
vt 0.284275 0.307361
vt 0.281335 0.333193
vt 0.279514 0.320750
vt 0.271210 0.329046
vt 0.168630 0.719668
vt 0.161906 0.714887
vt 0.173715 0.716692
vt 0.098902 0.399036
vt 0.099953 0.394126
vt 0.094759 0.392370
vt 0.101513 0.384313
vt 0.094566 0.384419
vt 0.243225 0.387472
vt 0.278547 0.373608
vt 0.257790 0.348061
vt 0.254556 0.341231
vt 0.430811 0.326117
vt 0.425553 0.339418
vt 0.419867 0.317227
vt 0.446470 0.315944
vt 0.442886 0.308735
vt 0.619548 0.497796
vt 0.635058 0.518569
vt 0.637673 0.516461
vt 0.602802 0.478115
vt 0.621785 0.495987
vt 0.605037 0.476176
vt 0.047435 0.027198
vt 0.047160 0.028577
vt 0.039105 0.027198
vt 0.012757 0.028178
vt 0.009213 0.028749
vt 0.000859 0.028178
vt 0.043931 0.042621
vt 0.042047 0.041908
vt 0.049109 0.041908
vt 0.033274 0.022294
vt 0.033087 0.023150
vt 0.020472 0.022294
vt 0.000859 0.007584
vt 0.015638 0.007584
vt 0.003497 0.008719
vt 0.000859 0.001390
vt 0.016774 0.000719
vt 0.006973 0.001546
vt 0.030279 0.013816
vt 0.039323 0.012488
vt 0.032775 0.014454
vt 0.052835 0.014449
vt 0.056969 0.014449
vt 0.054363 0.014996
vt 0.597904 0.515913
vt 0.581654 0.495142
vt 0.615239 0.535796
vt 0.585169 0.457559
vt 0.566668 0.436297
vt 0.587477 0.455585
vt 0.569001 0.434259
vt 0.564614 0.474519
vt 0.546618 0.453759
vt 0.547431 0.414463
vt 0.527422 0.392266
vt 0.549794 0.412560
vt 0.529898 0.390279
vt 0.527610 0.432788
vt 0.507456 0.411759
vt 0.506554 0.369659
vt 0.487709 0.349767
vt 0.509198 0.367548
vt 0.490632 0.347443
vt 0.485932 0.390963
vt 0.465773 0.373200
vt 0.474411 0.336041
vt 0.464536 0.324289
vt 0.477496 0.333578
vt 0.469032 0.324190
vt 0.450750 0.361317
vt 0.436457 0.351427
vt 0.262849 0.791641
vt 0.282530 0.809767
vt 0.280236 0.812205
vt 0.268282 0.786594
vt 0.287830 0.804464
vt 0.249510 0.767563
vt 0.260492 0.794172
vt 0.243871 0.772335
vt 0.241371 0.774740
vt 0.457045 0.314894
vt 0.319074 0.544954
vt 0.336869 0.562336
vt 0.311769 0.552436
vt 0.314608 0.563487
vt 0.335683 0.575376
vt 0.310149 0.573425
vt 0.315870 0.583819
vt 0.338264 0.589278
vt 0.314444 0.595404
vt 0.184540 0.582563
vt 0.164535 0.583263
vt 0.170777 0.559392
vt 0.185868 0.554966
vt 0.207821 0.575326
vt 0.207529 0.550259
vt 0.139166 0.571259
vt 0.154865 0.573810
vt 0.151150 0.549428
vt 0.158855 0.545113
vt 0.135641 0.545081
vt 0.189075 0.526972
vt 0.172925 0.532211
vt 0.178220 0.501184
vt 0.192243 0.497268
vt 0.211033 0.525258
vt 0.216026 0.499967
vt 0.295036 0.528098
vt 0.290429 0.540674
vt 0.265029 0.528441
vt 0.271367 0.512251
vt 0.287812 0.554165
vt 0.287223 0.568157
vt 0.260073 0.563461
vt 0.261292 0.545682
vt 0.288605 0.582504
vt 0.291844 0.596840
vt 0.265122 0.599684
vt 0.261446 0.581615
vt 0.296776 0.611042
vt 0.303209 0.624801
vt 0.278725 0.634751
vt 0.322377 0.604385
vt 0.323853 0.616826
vt 0.271018 0.617513
vt 0.310969 0.638032
vt 0.319898 0.650456
vt 0.298792 0.666876
vt 0.333257 0.623808
vt 0.337396 0.636318
vt 0.288108 0.651287
vt 0.329877 0.661985
vt 0.340807 0.672315
vt 0.323772 0.694658
vt 0.347656 0.640747
vt 0.354250 0.652437
vt 0.310774 0.681391
vt 0.352596 0.681347
vt 0.365249 0.688685
vt 0.352895 0.716747
vt 0.364825 0.653678
vt 0.373711 0.663509
vt 0.337869 0.706497
vt 0.344155 0.602974
vt 0.378678 0.694230
vt 0.391317 0.688511
vt 0.386551 0.723045
vt 0.384012 0.660859
vt 0.391591 0.661523
vt 0.369116 0.725175
vt 0.352826 0.615494
vt 0.217402 0.690357
vt 0.232099 0.712983
vt 0.214895 0.724699
vt 0.241038 0.677180
vt 0.254657 0.697917
vt 0.199557 0.700894
vt 0.363749 0.625657
vt 0.248142 0.734109
vt 0.265308 0.753637
vt 0.269629 0.717237
vt 0.285698 0.735085
vt 0.231623 0.746966
vt 0.283430 0.771685
vt 0.302399 0.788434
vt 0.302827 0.751452
vt 0.320866 0.766399
vt 0.322129 0.803968
vt 0.346492 0.811836
vt 0.324021 0.845846
vt 0.339833 0.779958
vt 0.362648 0.785262
vt 0.308226 0.821805
vt 0.355808 0.753801
vt 0.376657 0.755235
vt 0.337913 0.742578
vt 0.321150 0.729803
vt 0.305333 0.715484
vt 0.290618 0.699744
vt 0.277013 0.682614
vt 0.264745 0.664271
vt 0.253940 0.644778
vt 0.247661 0.497432
vt 0.239599 0.517277
vt 0.224729 0.475351
vt 0.234648 0.538197
vt 0.232823 0.559696
vt 0.376169 0.631985
vt 0.234100 0.581501
vt 0.238262 0.603156
vt 0.389013 0.632913
vt 0.245003 0.624361
vt 0.159499 0.437274
vt 0.155845 0.430300
vt 0.152953 0.449055
vt 0.161791 0.455782
vt 0.155294 0.463590
vt 0.153269 0.485996
vt 0.145481 0.424811
vt 0.133986 0.423115
vt 0.130374 0.434441
vt 0.144303 0.438700
vt 0.126938 0.425100
vt 0.120952 0.428633
vt 0.118744 0.442131
vt 0.122877 0.436644
vt 0.112797 0.438498
vt 0.107670 0.428747
vt 0.100659 0.454928
vt 0.093250 0.446504
vt 0.104470 0.462743
vt 0.112942 0.450149
vt 0.088657 0.475345
vt 0.080053 0.470864
vt 0.077993 0.494744
vt 0.069922 0.493611
vt 0.082563 0.501217
vt 0.094529 0.481270
vt 0.066030 0.519426
vt 0.050717 0.523818
vt 0.113183 0.567818
vt 0.111841 0.551557
vt 0.110386 0.543355
vt 0.074329 0.517953
vt 0.107100 0.414309
vt 0.101872 0.410375
vt 0.099341 0.417199
vt 0.099473 0.426579
vt 0.293785 0.836658
vt 0.273961 0.819227
vt 0.286654 0.844231
vt 0.267131 0.826789
vt 0.304762 0.864006
vt 0.300273 0.829826
vt 0.313017 0.855567
vt 0.319184 0.849171
vt 0.254032 0.801111
vt 0.234518 0.781306
vt 0.247002 0.808364
vt 0.215817 0.759751
vt 0.198358 0.736386
vt 0.205943 0.730806
vt 0.223045 0.753636
vt 0.182277 0.711442
vt 0.169390 0.688640
vt 0.177619 0.684004
vt 0.190215 0.706390
vt 0.161248 0.672384
vt 0.154623 0.657683
vt 0.169663 0.667952
vt 0.160953 0.485694
vt 0.170084 0.462846
vt 0.167181 0.493108
vt 0.194909 0.465459
vt 0.178561 0.466264
vt 0.154776 0.517633
vt 0.163094 0.519210
vt 0.146047 0.516169
vt 0.162339 0.552841
vt 0.138399 0.649200
vt 0.134522 0.653325
vt 0.133016 0.640263
vt 0.148405 0.470406
vt 0.146386 0.455554
vt 0.141160 0.470055
vt 0.139729 0.458179
vt 0.138984 0.486131
vt 0.145563 0.489228
vt 0.172840 0.666387
vt 0.180703 0.682346
vt 0.137282 0.445579
vt 0.125908 0.444896
vt 0.131967 0.451576
vt 0.125605 0.453932
vt 0.193177 0.704553
vt 0.208761 0.728759
vt 0.122203 0.448064
vt 0.118273 0.454290
vt 0.124044 0.456869
vt 0.121472 0.462304
vt 0.113162 0.462768
vt 0.106220 0.475751
vt 0.117165 0.470678
vt 0.109669 0.484831
vt 0.075527 0.460822
vt 0.085048 0.441368
vt 0.069533 0.453646
vt 0.079005 0.435606
vt 0.061071 0.479105
vt 0.064147 0.488030
vt 0.095571 0.494566
vt 0.084499 0.513449
vt 0.098134 0.504613
vt 0.087118 0.522969
vt 0.046089 0.516379
vt 0.105027 0.571318
vt 0.075359 0.529839
vt 0.072533 0.541157
vt 0.064566 0.535061
vt 0.239542 0.816310
vt 0.218867 0.795907
vt 0.235777 0.809814
vt 0.078174 0.539626
vt 0.225718 0.751398
vt 0.096538 0.410123
vt 0.093298 0.416128
vt 0.089034 0.414733
vt 0.090644 0.426347
vt 0.084556 0.422380
vt 0.172564 0.489896
vt 0.168001 0.521988
vt 0.137870 0.514785
vt 0.132255 0.508611
vt 0.128498 0.536238
vt 0.146951 0.641087
vt 0.141223 0.629296
vt 0.282672 0.848372
vt 0.263360 0.830818
vt 0.276426 0.845921
vt 0.256648 0.828642
vt 0.299182 0.868386
vt 0.301966 0.866192
vt 0.009685 0.014449
vt 0.024066 0.014449
vt 0.021476 0.015618
vt 0.032486 0.012488
vt 0.006938 0.000719
vt 0.050873 0.035043
vt 0.055008 0.035043
vt 0.053480 0.035590
vt 0.035463 0.036434
vt 0.035182 0.035043
vt 0.044134 0.035043
vt 0.007921 0.041908
vt 0.006037 0.042621
vt 0.000859 0.041908
vt 0.025983 0.006193
vt 0.022434 0.005623
vt 0.034334 0.005623
vt 0.001047 0.022168
vt 0.000859 0.021314
vt 0.013687 0.021314
vt 0.302627 0.827428
vt 0.321263 0.846747
vt 0.242968 0.812366
vt 0.209407 0.357926
vt 0.190336 0.360310
vt 0.230514 0.350760
vt 0.199215 0.773266
vt 0.181031 0.748732
vt 0.171699 0.356051
vt 0.159981 0.345228
vt 0.142294 0.682710
vt 0.150962 0.699193
vt 0.136512 0.669153
vt 0.156248 0.340416
vt 0.148926 0.338648
vt 0.138309 0.335320
vt 0.124134 0.327799
vt 0.078919 0.355781
vt 0.088155 0.371970
vt 0.063030 0.334217
vt 0.106328 0.315228
vt 0.088792 0.304303
vt 0.340160 0.300723
vt 0.305893 0.273900
vt 0.376636 0.323549
vt 0.276586 0.319057
vt 0.268918 0.327244
vt 0.282398 0.306160
vt 0.164368 0.722726
vt 0.097339 0.400619
vt 0.098297 0.405651
vt 0.092884 0.393848
vt 0.091582 0.384739
vt 0.254181 0.338205
vt 0.405646 0.320412
vt 0.410382 0.315252
vt 0.436438 0.303618
vt 0.439802 0.304461
vt 0.623390 0.494266
vt 0.606489 0.474705
vt 0.640800 0.512176
vt 0.588838 0.454261
vt 0.570331 0.433190
vt 0.551194 0.411569
vt 0.531338 0.389248
vt 0.510745 0.366445
vt 0.492319 0.346193
vt 0.479282 0.332218
vt 0.468650 0.320878
vt 0.455295 0.310533
vt 0.132521 0.654395
vt 0.129478 0.640935
vt 0.611903 0.033145
vt 0.629496 0.029979
vt 0.134288 0.491551
vt 0.137781 0.473825
vt 0.597696 0.031431
vt 0.137515 0.462223
vt 0.147485 0.240440
vt 0.153780 0.228834
vt 0.132960 0.455667
vt 0.140593 0.242919
vt 0.127764 0.455536
vt 0.133962 0.243091
vt 0.137968 0.244214
vt 0.126524 0.458304
vt 0.134704 0.243737
vt 0.129774 0.241456
vt 0.124730 0.462789
vt 0.014221 0.446982
vt 0.120933 0.470521
vt 0.122768 0.238203
vt 0.019805 0.456823
vt 0.114234 0.483061
vt 0.064162 0.458461
vt 0.054521 0.487385
vt 0.073629 0.438838
vt 0.022037 0.472351
vt 0.103564 0.501501
vt 0.017891 0.489762
vt 0.091508 0.520950
vt 0.037057 0.527538
vt 0.732998 0.019242
vt 0.140127 0.607901
vt 0.114205 0.582063
vt 0.701845 0.000224
vt 0.007059 0.507374
vt 0.072472 0.546267
vt 0.260180 0.834677
vt 0.092837 0.410268
vt 0.085750 0.414978
vt 0.080123 0.424802
vt 0.651988 0.022508
vt 0.123594 0.536637
vt 0.123826 0.517159
vt 0.126431 0.516056
vt 0.746469 0.015758
vt 0.139050 0.625373
vt 0.132277 0.630625
vt 0.279321 0.852075
vt 0.294508 0.871326

# vertex normals
vn 0.051805 -0.215453 0.975139
vn -0.103226 -0.230882 0.967490
vn -0.001272 -0.326853 0.945074
vn -0.052137 -0.247660 0.967443
vn -0.131970 -0.250207 0.959156
vn 0.086804 -0.267922 0.959522
vn -0.186799 -0.249291 0.950242
vn -0.344352 -0.279927 0.896137
vn -0.343403 -0.362228 0.866525
vn -0.184543 -0.233765 0.954619
vn -0.358683 -0.182770 0.915392
vn -0.173731 -0.353012 0.919348
vn -0.050942 -0.247592 -0.967524
vn -0.100823 -0.231534 -0.967588
vn -0.123497 -0.252615 -0.959653
vn 0.051806 -0.215454 -0.975139
vn -0.001272 -0.326854 -0.945074
vn 0.086804 -0.267923 -0.959522
vn -0.179607 -0.253876 -0.950415
vn -0.162682 -0.245304 -0.955699
vn -0.337762 -0.295736 -0.893564
vn -0.298372 -0.149623 -0.942649
vn -0.342357 -0.365487 -0.865570
vn -0.172338 -0.354060 -0.919207
vn -0.256989 -0.966414 -0.000259
vn -0.393486 -0.912862 0.108868
vn -0.446904 -0.894582 -0.000317
vn -0.232692 -0.965902 0.113526
vn -0.380776 -0.900474 0.210134
vn -0.000000 -1.000000 -0.000434
vn -0.319816 -0.907556 0.272141
vn -0.174462 -0.963146 0.204725
vn -0.275984 -0.892710 0.356234
vn -0.200661 -0.900350 0.386141
vn -0.091033 -0.960415 0.263279
vn -0.133024 -0.885943 0.444307
vn -0.516573 -0.313234 0.796892
vn -0.451389 -0.424802 0.784724
vn -0.587876 -0.421258 0.690611
vn -0.643438 -0.293574 0.706966
vn -0.519933 -0.379594 0.765231
vn -0.655324 -0.380339 0.652604
vn -0.494654 -0.117167 0.861156
vn -0.408196 -0.467395 0.784167
vn -0.633166 -0.219134 0.742348
vn -0.614543 -0.302947 0.728395
vn -0.641846 -0.140119 0.753923
vn -0.760334 -0.297890 0.577194
vn -0.642700 -0.526953 0.556108
vn -0.823955 -0.296462 0.482916
vn -0.851127 -0.311970 0.422206
vn -0.769234 -0.388922 0.506971
vn -0.853358 -0.399948 0.334398
vn -0.553269 -0.820672 0.142795
vn -0.514560 -0.818560 0.255321
vn -0.646842 -0.692869 0.318634
vn -0.700367 -0.692897 0.171407
vn -0.613780 -0.789477 -0.000345
vn -0.756725 -0.653733 -0.000368
vn -0.449011 -0.813047 0.370598
vn -0.380806 -0.806324 0.452580
vn -0.475983 -0.676503 0.561947
vn -0.571890 -0.685003 0.451346
vn -0.283642 -0.800431 0.528070
vn -0.195568 -0.795112 0.574065
vn -0.243777 -0.661885 0.708859
vn -0.365288 -0.668265 0.648064
vn -0.082187 -0.792631 0.604137
vn 0.013852 -0.791017 0.611637
vn 0.015055 -0.656541 0.754140
vn -0.054206 -0.895973 0.440788
vn 0.027648 -0.883962 0.466741
vn -0.115869 -0.657622 0.744384
vn 0.129051 -0.793656 0.594521
vn 0.221772 -0.796145 0.563001
vn 0.272485 -0.662988 0.697279
vn 0.099430 -0.896778 0.431165
vn 0.184730 -0.887844 0.421435
vn 0.145571 -0.658204 0.738631
vn 0.324798 -0.802991 0.499712
vn 0.402063 -0.807879 0.430901
vn 0.499755 -0.678192 0.538796
vn 0.239867 -0.902331 0.358139
vn 0.316777 -0.895460 0.312735
vn 0.391999 -0.669757 0.630684
vn 0.477548 -0.815605 0.326706
vn 0.525867 -0.819701 0.227056
vn 0.660382 -0.693551 0.287892
vn 0.346697 -0.909638 0.228823
vn 0.402811 -0.902596 0.151865
vn 0.591196 -0.686476 0.423365
vn 0.005131 -0.959395 0.282021
vn 0.546853 -0.828714 0.119100
vn 0.508366 -0.861141 -0.000347
vn 0.665170 -0.746691 0.000259
vn 0.387924 -0.918040 0.081962
vn 0.382767 -0.923845 -0.000317
vn 0.693048 -0.703730 0.156360
vn 0.100587 -0.960636 0.258959
vn 0.183092 -0.219160 0.958356
vn 0.339943 -0.222145 0.913833
vn 0.336219 -0.241560 0.910278
vn 0.172867 -0.339824 0.924466
vn 0.331220 -0.343942 0.878634
vn 0.189052 -0.243856 0.951206
vn 0.181884 -0.963472 0.196570
vn 0.500466 -0.226023 0.835732
vn 0.648943 -0.230691 0.725020
vn 0.644146 -0.248770 0.723318
vn 0.484700 -0.349383 0.801871
vn 0.626435 -0.356416 0.693215
vn 0.495842 -0.244986 0.833140
vn 0.778898 -0.235835 0.581120
vn 0.881043 -0.241003 0.407039
vn 0.875896 -0.256554 0.408640
vn 0.749302 -0.363815 0.553340
vn 0.845543 -0.371669 0.383301
vn 0.773630 -0.253259 0.580824
vn 0.938770 -0.254605 0.232138
vn 0.956180 -0.292780 -0.000169
vn 0.971627 -0.236517 0.000872
vn 0.900986 -0.383683 0.202512
vn 0.899837 -0.436227 -0.000195
vn 0.929924 -0.248535 0.271056
vn 0.813133 -0.552675 0.182659
vn 0.798786 -0.601615 0.000276
vn 0.768094 -0.541779 0.341330
vn 0.683670 -0.533627 0.497832
vn 0.574352 -0.524614 0.628411
vn 0.447012 -0.515956 0.730732
vn 0.307815 -0.509099 0.803783
vn 0.161233 -0.504389 0.848290
vn 0.011043 -0.503132 0.864139
vn -0.815812 -0.548835 0.182293
vn -0.755111 -0.552253 0.353306
vn -0.898382 -0.412954 0.149596
vn -0.857076 -0.515189 -0.000318
vn -0.908123 -0.418704 -0.000212
vn -0.666676 -0.546220 0.507136
vn -0.556067 -0.537134 0.634253
vn 0.236571 -0.966168 0.102734
vn -0.427589 -0.525996 0.735184
vn -0.285459 -0.514145 0.808807
vn 0.248337 -0.968674 -0.000355
vn -0.141330 -0.504862 0.851552
vn -0.937932 -0.325170 0.120612
vn -0.915504 -0.402309 -0.000168
vn -0.879191 -0.476470 -0.000116
vn -0.963387 -0.227759 0.141462
vn -0.978838 -0.204639 -0.000222
vn -0.954158 -0.195938 0.226254
vn -0.932338 -0.310979 0.184494
vn -0.943223 -0.212618 0.255193
vn -0.886852 -0.175069 0.427603
vn -0.979380 -0.135820 0.149558
vn -0.992850 -0.119370 -0.000162
vn -0.981036 -0.124359 0.148675
vn -0.993067 -0.117548 -0.000193
vn -0.955014 -0.126262 0.268341
vn -0.956323 -0.128260 0.262671
vn -0.967036 -0.208706 0.145885
vn -0.982255 -0.187550 -0.000269
vn -0.947110 -0.297532 0.120241
vn -0.978516 -0.206171 -0.000381
vn -0.908308 -0.368218 0.198475
vn -0.940445 -0.220969 0.258333
vn -0.946030 -0.280771 0.161848
vn -0.973249 -0.047578 0.224773
vn -0.934267 -0.159964 0.318680
vn -0.947519 -0.038861 0.317329
vn -0.913237 -0.311033 0.263166
vn -0.876384 -0.462089 0.135734
vn -0.890714 -0.337893 0.304068
vn -0.727693 0.389468 0.564603
vn -0.803228 -0.269532 0.531204
vn -0.484681 0.321377 0.813512
vn -0.808164 -0.546845 0.218704
vn -0.877355 -0.332060 0.346387
vn -0.516318 -0.063110 0.854068
vn -0.321727 0.272366 0.906812
vn -0.538752 -0.125343 0.833088
vn -0.778321 -0.609985 0.148776
vn -0.974136 0.098430 0.203399
vn -0.993551 0.113248 -0.005615
vn -0.762069 0.561498 0.322443
vn -0.881798 0.460839 0.100297
vn -0.902485 0.301343 0.307754
vn -0.930605 0.193827 0.310493
vn 0.963439 -0.067583 0.259263
vn 0.907166 -0.075070 0.414023
vn 0.884688 -0.224541 0.408544
vn 0.967430 0.004459 0.253098
vn 0.907745 0.048194 0.416746
vn 0.979080 0.014669 0.202948
vn 0.941272 -0.210220 0.264226
vn 0.975465 -0.053264 0.213613
vn 0.945218 -0.245465 0.215197
vn 0.798234 -0.054596 0.599869
vn 0.663405 -0.037090 0.747340
vn 0.651085 -0.201227 0.731844
vn 0.793176 0.106083 0.599682
vn 0.657209 0.128875 0.742608
vn 0.781065 -0.216275 0.585800
vn 0.509742 -0.024165 0.859988
vn 0.344986 -0.015164 0.938485
vn 0.340354 -0.179308 0.923043
vn 0.503599 0.141093 0.852339
vn 0.339881 0.149940 0.928439
vn 0.501776 -0.188680 0.844169
vn 0.193535 -0.009763 0.981045
vn 0.049693 -0.007949 0.998733
vn 0.049728 -0.172188 0.983808
vn 0.190236 0.154737 0.969467
vn 0.048089 0.156633 0.986486
vn 0.191444 -0.173762 0.966000
vn -0.094440 -0.006857 0.995507
vn -0.164082 0.009797 0.986398
vn -0.154289 -0.093497 0.983592
vn -0.099938 0.161559 0.981790
vn -0.187056 0.210000 0.959641
vn -0.090918 -0.149596 0.984558
vn -0.885979 -0.184384 0.425492
vn -0.803665 -0.594802 0.018226
vn -0.780679 -0.565122 0.266791
vn -0.915402 -0.329290 0.231533
vn -0.817790 -0.562125 0.123432
vn -0.936881 -0.349650 -0.000422
vn -0.787649 -0.099027 0.608114
vn -0.748948 -0.204231 0.630371
vn -0.805880 0.022579 0.591648
vn -0.376480 -0.758097 0.532496
vn -0.144935 -0.940696 0.306733
vn -0.124152 -0.251358 -0.959899
vn -0.156342 -0.124566 -0.979817
vn -0.143368 -0.093128 -0.985278
vn -0.170596 0.791246 0.587219
vn -0.229165 0.503578 0.833002
vn -0.391376 0.523115 0.757084
vn -0.415915 0.598074 0.685071
vn -0.367542 0.358472 0.858144
vn -0.439503 0.739232 0.510267
vn -0.228138 0.806846 0.544933
vn -0.156072 0.923556 0.350266
vn -0.307796 0.858294 0.410600
vn 0.424405 0.539877 -0.726920
vn 0.503600 0.141093 -0.852338
vn 0.339883 0.149939 -0.928438
vn 0.566522 0.511396 -0.646163
vn 0.657211 0.128876 -0.742607
vn 0.423846 0.747752 -0.511098
vn 0.282050 0.552532 -0.784319
vn 0.308029 0.769696 -0.559184
vn 0.199344 0.775885 -0.598552
vn -0.193157 0.221140 0.955922
vn -0.137763 -0.218102 0.966154
vn -0.342590 -0.076424 0.936371
vn -0.321236 0.115071 0.939982
vn -0.317102 -0.464556 0.826822
vn -0.419241 0.217086 0.881539
vn -0.076173 0.560426 -0.824694
vn -0.091806 0.158598 -0.983066
vn -0.141553 0.165606 -0.975980
vn 0.036568 0.559318 -0.828146
vn 0.048089 0.156634 -0.986485
vn 0.015509 0.781916 -0.623191
vn -0.101445 0.479631 -0.871586
vn -0.069484 0.461457 -0.884438
vn -0.105662 0.313172 -0.943800
vn -0.122438 -0.877200 0.464251
vn -0.138877 -0.990145 0.018042
vn -0.157905 -0.976119 0.149193
vn -0.376477 -0.889558 0.258749
vn -0.424056 -0.905463 0.017683
vn -0.256280 -0.662476 0.703879
vn -0.130689 -0.981853 -0.137423
vn -0.148257 -0.961415 -0.231735
vn -0.170361 -0.967971 -0.184415
vn -0.085542 -0.977574 -0.192434
vn -0.175712 -0.947760 -0.266226
vn -0.187458 -0.980672 -0.056044
vn -0.251067 0.878418 0.406628
vn -0.268022 0.876113 0.400737
vn -0.413430 0.820600 0.394578
vn -0.514432 0.749828 0.416074
vn -0.502084 0.737835 0.451122
vn -0.113787 0.850352 0.513764
vn -0.205648 0.706327 0.677356
vn -0.260017 -0.920930 -0.290307
vn -0.447429 -0.800841 -0.398071
vn -0.353656 -0.865503 -0.354728
vn -0.628122 -0.773647 -0.083272
vn -0.658947 -0.714974 -0.233668
vn -0.200511 -0.946597 -0.252489
vn -0.169491 0.546973 0.819813
vn -0.928351 -0.348734 0.128645
vn -0.827447 0.213441 -0.519399
vn -0.931318 0.103141 -0.349297
vn -0.745487 -0.636152 -0.198896
vn -0.571909 -0.698503 -0.430132
vn -0.321792 0.133427 -0.937362
vn -0.263444 -0.274330 -0.924846
vn -0.494607 -0.752941 -0.434102
vn 0.156804 0.555722 -0.816447
vn 0.190237 0.154737 -0.969467
vn 0.107957 0.778225 -0.618637
vn -0.452381 0.771862 0.446745
vn -0.297815 0.820540 0.487873
vn -0.219653 0.843419 0.490303
vn -0.331014 0.815408 0.474910
vn -0.256205 0.830270 0.494985
vn -0.533108 0.654145 0.536555
vn -0.363370 0.793296 0.488511
vn -0.534602 -0.844612 0.028834
vn -0.556815 -0.815676 0.156938
vn -0.385463 -0.882855 0.268299
vn -0.301819 -0.946561 0.113695
vn -0.289490 0.940763 0.176522
vn -0.448719 0.820316 0.354588
vn -0.519221 0.826780 0.216437
vn -0.527514 0.795819 0.297323
vn -0.020349 0.973775 -0.226602
vn -0.578093 0.783818 0.226796
vn -0.576212 0.786022 0.223941
vn -0.185168 -0.007702 0.982677
vn -0.078046 -0.085851 0.993246
vn -0.170738 0.165284 0.971355
vn 0.130201 -0.182126 0.974617
vn -0.184704 -0.112222 0.976366
vn 0.961280 0.103101 0.255559
vn 0.890192 0.109911 0.442129
vn 0.531230 0.816821 0.224940
vn 0.937652 0.293646 0.185957
vn 0.873071 0.454088 0.177625
vn 0.921189 -0.226362 0.316500
vn 0.976215 0.094470 0.195139
vn 0.412941 -0.038098 -0.909961
vn 0.863726 -0.017269 -0.503666
vn 0.838427 -0.021802 -0.544577
vn 0.739876 -0.078511 -0.668146
vn 0.646782 -0.076407 -0.758838
vn 0.888203 -0.078700 -0.452662
vn 0.024420 0.007822 -0.999671
vn 0.024420 0.007822 -0.999671
vn 0.024423 0.007822 -0.999671
vn 0.024417 0.007822 -0.999671
vn 0.909678 -0.324194 0.259583
vn 0.922250 -0.323688 0.211379
vn -0.921637 -0.179036 -0.344284
vn 0.855467 -0.328507 0.400324
vn 0.762305 0.237601 0.602027
vn 0.621997 0.279075 0.731599
vn 0.366232 0.851788 0.374609
vn 0.450153 0.837665 0.309321
vn 0.703124 0.281691 0.652891
vn 0.840968 0.160629 0.516692
vn 0.755473 -0.325473 0.568619
vn 0.630194 -0.315453 0.709468
vn 0.455608 0.405107 0.792660
vn 0.302149 0.417723 0.856863
vn 0.311028 0.722046 0.617990
vn 0.192518 0.728552 0.657380
vn 0.446887 0.625014 0.640038
vn 0.485895 -0.307446 0.818159
vn 0.329502 -0.300694 0.894993
vn 0.163297 0.468139 0.868435
vn 0.033820 0.488408 0.871960
vn 0.089954 0.780550 0.618587
vn -0.005395 0.751338 0.659896
vn 0.185249 -0.297614 0.936541
vn 0.058432 -0.296911 0.953116
vn -0.100269 0.530147 0.841956
vn -0.162989 0.417691 0.893850
vn -0.122156 0.376074 0.918502
vn -0.126132 -0.031249 0.991521
vn -0.083175 -0.289665 0.953507
vn -0.135800 -0.249606 0.958778
vn 0.756475 -0.324961 -0.567579
vn 0.782096 -0.216197 -0.584453
vn 0.886882 -0.222849 -0.404696
vn 0.630196 -0.315453 -0.709467
vn 0.651087 -0.201227 -0.731842
vn 0.644148 -0.248770 -0.723317
vn 0.857763 -0.326444 -0.397086
vn 0.774445 -0.253202 -0.579762
vn 0.877564 -0.256198 -0.405270
vn -0.153972 0.215300 0.964333
vn -0.393167 -0.912742 -0.111002
vn -0.232930 -0.965644 -0.115216
vn -0.380587 -0.899976 -0.212596
vn -0.320469 -0.906862 -0.273679
vn -0.175407 -0.962621 -0.206383
vn -0.276960 -0.891919 -0.357455
vn -0.201553 -0.899414 -0.387855
vn -0.091772 -0.959740 -0.265477
vn -0.133603 -0.884893 -0.446223
vn -0.518102 -0.318000 -0.794007
vn -0.644000 -0.294580 -0.706036
vn -0.589092 -0.424703 -0.687458
vn -0.520312 -0.380495 -0.764525
vn -0.655325 -0.380340 -0.652603
vn -0.452346 -0.444833 -0.772986
vn -0.385909 -0.517871 -0.763469
vn -0.459661 -0.119872 -0.879968
vn -0.591171 -0.345152 -0.728963
vn -0.614533 -0.157426 -0.773024
vn -0.331518 -0.805855 -0.490606
vn -0.759881 -0.297856 -0.577810
vn -0.849920 -0.311748 -0.424794
vn -0.822932 -0.296341 -0.484731
vn -0.768466 -0.388779 -0.508243
vn -0.852263 -0.399690 -0.337484
vn -0.642639 -0.527753 -0.555421
vn -0.552728 -0.820625 -0.145142
vn -0.699852 -0.692852 -0.173676
vn -0.645701 -0.692658 -0.321397
vn -0.513606 -0.818303 -0.258050
vn -0.448824 -0.812682 -0.371624
vn -0.571327 -0.684892 -0.452226
vn -0.475983 -0.676504 -0.561945
vn -0.381041 -0.805981 -0.452992
vn -0.284037 -0.799992 -0.528523
vn -0.365289 -0.668266 -0.648062
vn -0.243778 -0.661887 -0.708857
vn -0.195660 -0.794641 -0.574686
vn -0.082429 -0.792100 -0.604800
vn -0.115869 -0.657624 -0.744383
vn 0.015055 -0.656543 -0.754139
vn 0.013992 -0.790501 -0.612301
vn -0.054489 -0.894852 -0.443026
vn 0.027785 -0.882837 -0.468856
vn 0.129050 -0.793127 -0.595227
vn 0.145571 -0.658206 -0.738630
vn 0.272486 -0.662989 -0.697278
vn 0.222111 -0.795678 -0.563527
vn 0.099915 -0.895685 -0.433320
vn 0.185513 -0.886862 -0.423155
vn 0.325003 -0.802560 -0.500270
vn 0.392000 -0.669758 -0.630682
vn 0.499755 -0.678192 -0.538795
vn 0.402460 -0.807535 -0.431176
vn 0.240858 -0.901467 -0.359645
vn 0.317778 -0.894780 -0.313665
vn 0.477972 -0.815485 -0.326383
vn 0.590904 -0.686626 -0.423530
vn 0.659959 -0.694435 -0.286731
vn 0.526600 -0.819538 -0.225941
vn 0.347874 -0.908966 -0.229704
vn 0.403941 -0.901913 -0.152919
vn 0.005179 -0.958653 -0.284531
vn 0.547617 -0.828217 -0.119047
vn 0.692638 -0.704465 -0.154858
vn 0.388775 -0.917564 -0.083242
vn 0.101395 -0.959976 -0.261085
vn 0.183092 -0.219161 -0.958356
vn 0.189053 -0.243858 -0.951206
vn 0.336221 -0.241561 -0.910277
vn 0.339944 -0.222146 -0.913832
vn 0.172867 -0.339825 -0.924465
vn 0.331221 -0.343943 -0.878633
vn 0.182874 -0.962960 -0.198156
vn 0.500468 -0.226023 -0.835731
vn 0.495844 -0.244988 -0.833139
vn 0.648945 -0.230692 -0.725018
vn 0.484702 -0.349384 -0.801870
vn 0.626437 -0.356418 -0.693213
vn 0.779680 -0.235840 -0.580067
vn 0.882315 -0.239903 -0.404928
vn 0.749727 -0.363528 -0.552952
vn 0.845938 -0.369975 -0.384066
vn 0.939687 -0.251842 -0.231440
vn 0.931399 -0.247015 -0.267358
vn 0.901330 -0.382160 -0.203857
vn 0.812573 -0.553541 -0.182529
vn 0.767650 -0.541613 -0.342592
vn 0.683497 -0.533336 -0.498381
vn 0.574353 -0.524615 -0.628410
vn 0.447014 -0.515957 -0.730730
vn 0.307817 -0.509101 -0.803782
vn 0.161234 -0.504390 -0.848289
vn 0.011043 -0.503134 -0.864138
vn -0.815372 -0.548763 -0.184465
vn -0.898147 -0.412885 -0.151192
vn -0.754023 -0.551958 -0.356078
vn -0.666160 -0.546055 -0.507990
vn -0.556068 -0.537135 -0.634251
vn 0.237201 -0.965861 -0.104155
vn -0.427690 -0.526202 -0.734978
vn -0.285183 -0.514448 -0.808712
vn -0.141330 -0.504864 -0.851551
vn -0.938566 -0.322061 -0.123979
vn -0.938001 -0.293942 -0.183717
vn -0.945506 -0.194727 -0.260961
vn -0.900638 -0.109525 -0.420541
vn -0.953726 -0.190656 -0.232503
vn -0.963236 -0.226038 -0.145199
vn -0.978786 -0.135123 -0.154011
vn -0.954619 -0.125908 -0.269908
vn -0.952631 -0.126396 -0.276619
vn -0.980237 -0.125191 -0.153175
vn -0.965985 -0.211567 -0.148701
vn -0.937359 -0.226470 -0.264705
vn -0.905282 -0.374434 -0.200658
vn -0.946450 -0.299145 -0.121432
vn -0.940996 -0.308326 -0.139504
vn -0.870697 -0.475557 -0.125429
vn -0.897785 -0.398193 -0.188216
vn -0.975409 -0.042389 -0.216287
vn -0.944975 -0.193920 -0.263471
vn -0.950526 0.033321 -0.308853
vn -0.919101 -0.251960 -0.302933
vn -0.885934 -0.382476 -0.262358
vn -0.842930 -0.461857 -0.275965
vn -0.640805 0.528542 -0.556788
vn -0.772163 -0.065142 -0.632077
vn -0.377913 0.460662 -0.803102
vn -0.433199 0.057724 -0.899448
vn -0.817183 -0.469157 -0.334820
vn -0.432680 0.006640 -0.901523
vn -0.282904 0.326580 -0.901837
vn -0.972706 0.102126 -0.208358
vn -0.928697 0.201773 -0.311141
vn -0.897755 0.307192 -0.315703
vn -0.938609 0.275089 -0.208182
vn 0.964978 -0.066936 -0.253648
vn 0.943381 -0.206538 -0.259567
vn 0.976665 -0.050094 -0.208845
vn 0.947378 -0.240729 -0.211009
vn 0.909067 -0.076537 -0.409559
vn 0.968987 -0.014676 -0.246674
vn 0.909667 0.040485 -0.413360
vn 0.799176 -0.055349 -0.598544
vn 0.663407 -0.037091 -0.747339
vn 0.793918 0.104312 -0.599010
vn 0.509744 -0.024165 -0.859987
vn 0.501778 -0.188681 -0.844167
vn 0.340355 -0.179308 -0.923042
vn 0.344987 -0.015164 -0.938485
vn 0.193536 -0.009763 -0.981045
vn 0.191445 -0.173761 -0.966000
vn 0.049729 -0.172190 -0.983808
vn 0.049693 -0.007949 -0.998733
vn -0.090792 -0.007166 -0.995844
vn -0.087487 -0.148810 -0.984988
vn -0.142715 -0.001393 -0.989763
vn -0.900814 -0.177987 -0.396049
vn -0.796626 -0.604468 -0.002220
vn -0.754878 -0.617013 -0.222383
vn -0.914856 -0.329082 -0.233975
vn -0.817589 -0.562152 -0.124633
vn -0.799673 -0.184821 -0.571283
vn -0.837003 0.051771 -0.544744
vn -0.712884 -0.380416 -0.589135
vn -0.376602 -0.762082 -0.526690
vn -0.058958 0.126682 -0.990190
vn -0.091570 0.139476 -0.985982
vn 0.084974 -0.183367 -0.979365
vn -0.192856 0.789385 -0.582818
vn -0.208272 0.817097 -0.537564
vn -0.380558 0.528397 -0.758928
vn -0.150978 0.930955 -0.332457
vn -0.238248 0.907151 -0.346865
vn -0.393565 0.789190 -0.471472
vn -0.252263 0.507774 -0.823729
vn -0.398138 0.651509 -0.645773
vn -0.372547 0.433834 -0.820364
vn -0.080067 -0.290225 -0.953603
vn 0.058433 -0.296912 -0.953115
vn -0.209773 0.230251 -0.950252
vn -0.407668 0.221362 -0.885893
vn -0.330188 -0.074423 -0.940977
vn -0.172502 -0.209194 -0.962539
vn -0.347296 0.171381 -0.921962
vn -0.349966 -0.296831 -0.888491
vn 0.185249 -0.297614 -0.936541
vn 0.329503 -0.300697 -0.894991
vn -0.119980 -0.847803 -0.516561
vn -0.247155 -0.663530 -0.706147
vn -0.155912 -0.976463 -0.149035
vn -0.111930 -0.993628 -0.013215
vn -0.410294 -0.550987 -0.726685
vn -0.331013 -0.943621 0.003198
vn -0.152635 -0.985867 -0.069062
vn -0.132222 -0.981984 0.134999
vn -0.189027 -0.980446 0.054724
vn -0.174682 -0.968592 0.176965
vn -0.155074 -0.964070 0.215687
vn -0.419118 -0.904052 0.083847
vn -0.488993 -0.865917 0.105231
vn -0.194969 0.895397 -0.400314
vn -0.373989 0.844520 -0.383298
vn -0.112975 0.756166 -0.644554
vn -0.045728 0.844098 -0.534235
vn -0.269080 0.878336 -0.395124
vn -0.460775 0.739536 -0.490686
vn -0.494056 0.757712 -0.426358
vn -0.272717 -0.921478 0.276595
vn -0.207057 -0.947818 0.242422
vn -0.338573 -0.866013 0.367953
vn -0.445515 -0.803567 0.394710
vn -0.595161 -0.795253 0.115569
vn -0.685810 -0.710322 0.158450
vn -0.162487 0.537121 -0.827707
vn -0.257311 -0.273055 0.926948
vn -0.455630 -0.747046 0.484070
vn -0.552620 -0.705516 0.443687
vn -0.788270 -0.162825 0.593395
vn -0.853046 -0.209321 0.478014
vn -0.931783 -0.323662 0.164386
vn -0.810766 -0.581119 -0.070415
vn -0.623918 -0.066540 0.778652
vn -0.649295 -0.068486 0.757447
vn 0.485896 -0.307446 -0.818157
vn -0.401450 0.769706 -0.496377
vn -0.427661 0.788070 -0.442778
vn -0.474446 0.768206 -0.429837
vn -0.296380 0.811994 -0.502817
vn -0.326143 0.814474 -0.479857
vn -0.598963 0.541288 -0.590128
vn -0.254366 0.833777 -0.490014
vn -0.351671 0.799636 -0.486734
vn -0.507134 0.700081 -0.502694
vn -0.528505 -0.848632 -0.022485
vn -0.556619 -0.815775 -0.157116
vn -0.384414 -0.883579 -0.267421
vn -0.294844 -0.949456 -0.107704
vn -0.226375 0.970995 -0.076966
vn -0.379272 0.918421 -0.112493
vn -0.319215 0.945939 0.057462
vn -0.395185 0.918472 0.015406
vn -0.151443 0.977575 0.146328
vn -0.384157 0.907502 -0.169896
vn -0.139479 -0.028970 -0.989801
vn 0.171208 -0.216293 -0.961200
vn 0.964743 0.082692 -0.249867
vn 0.964999 0.238533 -0.108987
vn 0.849977 0.346594 -0.396751
vn 0.916045 0.320854 -0.240656
vn 0.671244 0.654346 -0.348227
vn -0.412941 0.038098 0.909961
vn -0.024420 -0.007822 0.999671
vn -0.356356 0.036414 0.933640
vn -0.024420 -0.007822 0.999671
vn -0.024417 -0.007822 0.999671
vn -0.024423 -0.007822 0.999671
vn -0.646797 0.076409 0.758825
vn -0.739876 0.078511 0.668146
vn -0.888203 0.078700 0.452662
vn -0.646782 0.076407 0.758838
vn 0.911963 -0.321093 -0.255389
vn 0.924329 -0.320312 -0.207404
vn -0.923549 -0.181491 0.337813
vn 0.699542 0.474321 -0.534472
vn 0.558009 0.696431 -0.451232
vn 0.102732 0.233143 -0.967001
vn -0.052847 0.217185 -0.974699
vn 0.000899 0.329162 -0.944273
vn 0.050583 0.245433 -0.968093
vn -0.087896 0.264966 -0.960243
vn 0.132298 0.247814 -0.959732
vn 0.188623 0.251377 -0.949332
vn 0.174002 0.355405 -0.918374
vn 0.343818 0.363649 -0.865765
vn 0.345844 0.278139 -0.896120
vn 0.186533 0.232549 -0.954529
vn 0.360082 -0.047457 -0.931713
vn 0.100352 0.233845 0.967081
vn 0.049252 0.245602 0.968119
vn 0.123784 0.250924 0.960060
vn -0.052902 0.217195 0.974694
vn -0.087967 0.264955 0.960240
vn 0.000865 0.329184 0.944265
vn 0.181554 0.256010 0.949472
vn 0.172605 0.356463 0.918228
vn 0.342754 0.366871 0.864827
vn 0.179732 0.235635 0.955077
vn 0.345042 0.282721 0.894994
vn 0.333453 0.051480 0.941360
vn 0.394322 0.912452 -0.109282
vn 0.257504 0.966277 0.000319
vn 0.447963 0.894052 0.000368
vn 0.232973 0.965746 -0.114274
vn 0.000000 1.000000 0.000476
vn 0.381467 0.900008 -0.210873
vn 0.320397 0.907151 -0.272804
vn 0.174420 0.962965 -0.205613
vn 0.276403 0.892315 -0.356897
vn 0.200930 0.900030 -0.386746
vn 0.090874 0.960246 -0.263951
vn 0.133222 0.885652 -0.444828
vn 0.516739 0.311122 -0.797611
vn 0.645500 0.291111 -0.706105
vn 0.588747 0.415855 -0.693139
vn 0.520244 0.380769 -0.764436
vn 0.656250 0.380916 -0.651337
vn 0.450049 0.422035 -0.786983
vn 0.386841 0.494839 -0.778131
vn 0.468458 0.120582 -0.875218
vn 0.602444 0.337465 -0.723311
vn 0.646034 0.176442 -0.742636
vn 0.328051 0.802556 -0.498284
vn 0.762379 0.293376 -0.576809
vn 0.852234 0.307554 -0.423212
vn 0.826416 0.286315 -0.484831
vn 0.769469 0.389417 -0.506233
vn 0.853095 0.401194 -0.333576
vn 0.642973 0.527330 -0.555436
vn 0.554113 0.820095 -0.142837
vn 0.700752 0.692567 -0.171164
vn 0.647180 0.692642 -0.318442
vn 0.614531 0.788892 0.000395
vn 0.756956 0.653465 0.000419
vn 0.515168 0.818044 -0.255745
vn 0.449575 0.812620 -0.370852
vn 0.572199 0.684950 -0.451034
vn 0.476338 0.676571 -0.561563
vn 0.381344 0.805945 -0.452801
vn 0.283944 0.800115 -0.528385
vn 0.365436 0.668391 -0.647851
vn 0.243780 0.661884 -0.708859
vn 0.195949 0.794736 -0.574455
vn 0.082388 0.792262 -0.604593
vn 0.115994 0.657380 -0.744578
vn -0.014815 0.656196 -0.754445
vn -0.013566 0.790650 -0.612118
vn 0.054334 0.895737 -0.441252
vn -0.027483 0.883728 -0.467193
vn -0.129090 0.793296 -0.594993
vn -0.145536 0.657879 -0.738928
vn -0.272653 0.662614 -0.697569
vn -0.221821 0.795734 -0.563563
vn -0.099350 0.896566 -0.431624
vn -0.184675 0.887579 -0.422017
vn -0.325149 0.802515 -0.500248
vn -0.392352 0.669293 -0.630957
vn -0.500303 0.677619 -0.539007
vn -0.402599 0.807352 -0.431390
vn -0.239991 0.902076 -0.358697
vn -0.317111 0.895118 -0.313377
vn -0.478285 0.814994 -0.327153
vn -0.591857 0.685802 -0.423535
vn -0.661141 0.692803 -0.287953
vn -0.526784 0.819056 -0.227259
vn -0.347202 0.909312 -0.229352
vn -0.403587 0.902176 -0.152300
vn -0.005078 0.959244 -0.282532
vn -0.547894 0.828005 -0.119246
vn -0.693881 0.702930 -0.156265
vn -0.666147 0.745820 -0.000269
vn -0.509395 0.860533 0.000325
vn -0.388702 0.917699 -0.082099
vn -0.383532 0.923527 0.000345
vn -0.100321 0.960491 -0.259600
vn -0.183683 0.221244 -0.957764
vn -0.190156 0.243002 -0.951205
vn -0.337007 0.240692 -0.910216
vn -0.340195 0.223945 -0.913300
vn -0.172884 0.341675 -0.923780
vn -0.331155 0.345649 -0.877988
vn -0.181743 0.963328 -0.197403
vn -0.500620 0.227690 -0.835187
vn -0.496374 0.243803 -0.833170
vn -0.644683 0.247693 -0.723209
vn -0.649095 0.232388 -0.724342
vn -0.484681 0.351099 -0.801133
vn -0.626385 0.358130 -0.692376
vn -0.778913 0.237571 -0.580392
vn -0.774138 0.252298 -0.580565
vn -0.876345 0.255682 -0.408223
vn -0.880880 0.242738 -0.406360
vn -0.749081 0.365504 -0.552526
vn -0.845120 0.373321 -0.382628
vn -0.938367 0.256604 -0.231563
vn -0.930162 0.248061 -0.270675
vn -0.971137 0.238523 -0.000835
vn -0.955424 0.295237 0.000157
vn -0.900421 0.385302 -0.201953
vn -0.899329 0.437273 0.000182
vn -0.813262 0.552583 -0.182365
vn -0.768158 0.541885 -0.341020
vn -0.799210 0.601052 -0.000271
vn -0.683800 0.533819 -0.497448
vn -0.574532 0.524900 -0.628008
vn -0.447141 0.516327 -0.730391
vn -0.307824 0.509508 -0.803521
vn -0.161082 0.504796 -0.848077
vn -0.010952 0.503682 -0.863820
vn 0.815411 0.549618 -0.181724
vn 0.897803 0.414517 -0.148745
vn 0.856359 0.516380 0.000372
vn 0.907371 0.420330 0.000277
vn 0.754869 0.553009 -0.352639
vn 0.666742 0.546981 -0.506228
vn 0.556311 0.538099 -0.633219
vn -0.236812 0.966041 -0.103368
vn 0.427575 0.527008 -0.734467
vn 0.285461 0.515082 -0.808209
vn -0.248759 0.968565 0.000418
vn 0.141163 0.505710 -0.851076
vn 0.946323 0.270837 -0.176408
vn 0.949660 0.222702 -0.220338
vn 0.898079 0.439834 0.000620
vn 0.942850 0.089555 -0.320956
vn 0.897459 0.052163 -0.438002
vn 0.942945 0.142796 -0.300771
vn 0.917297 0.398201 0.001686
vn 0.953438 0.230885 -0.194032
vn 0.972792 0.231674 0.001768
vn 0.969573 0.145324 -0.196999
vn 0.935827 0.128526 -0.328191
vn 0.934544 0.120392 -0.334863
vn 0.991921 0.126849 0.001312
vn 0.974108 0.118053 -0.192815
vn 0.993745 0.111666 0.000959
vn 0.956110 0.234546 -0.175620
vn 0.913868 0.263942 -0.308513
vn 0.862593 0.462018 -0.206089
vn 0.984068 0.177790 0.000667
vn 0.941228 0.308604 -0.137312
vn 0.988204 0.153139 0.000952
vn 0.944602 0.290540 -0.152690
vn 0.857217 0.499127 -0.126694
vn 0.891722 0.421097 -0.165860
vn 0.972822 -0.005107 -0.231500
vn 0.949191 0.193528 -0.248160
vn 0.943668 -0.093285 -0.317473
vn 0.930958 0.153235 -0.331416
vn 0.897963 0.371889 -0.235289
vn 0.866205 0.340745 -0.365489
vn 0.654372 -0.511767 -0.556679
vn 0.769601 0.031059 -0.637769
vn 0.425673 -0.405951 -0.808706
vn 0.493006 0.009791 -0.869971
vn 0.650430 0.196242 -0.733778
vn 0.260975 -0.343098 -0.902317
vn 0.958615 -0.158635 -0.236414
vn 0.721690 -0.535519 -0.438614
vn 0.623594 -0.658818 -0.420820
vn 0.980179 -0.198113 0.001087
vn 0.914719 -0.354048 -0.194780
vn 0.530128 -0.845875 -0.058813
vn -0.963392 0.061691 -0.260903
vn -0.943080 0.201619 -0.264481
vn -0.886802 0.214595 -0.409305
vn -0.975344 0.054889 -0.213757
vn -0.947915 0.234586 -0.215470
vn -0.975920 -0.062090 -0.209107
vn -0.907873 0.060950 -0.414791
vn -0.963179 -0.078304 -0.257207
vn -0.898878 -0.134300 -0.417112
vn -0.798840 0.034330 -0.600563
vn -0.783012 0.205835 -0.586961
vn -0.652697 0.190619 -0.733247
vn -0.663816 0.011644 -0.747805
vn -0.777056 -0.211382 -0.592876
vn -0.636586 -0.259144 -0.726363
vn -0.509954 -0.006277 -0.860179
vn -0.503211 0.178068 -0.845618
vn -0.341865 0.168776 -0.924469
vn -0.345980 -0.016611 -0.938095
vn -0.485209 -0.285140 -0.826600
vn -0.327547 -0.296073 -0.897248
vn -0.194310 -0.022490 -0.980682
vn -0.192701 0.162886 -0.967644
vn -0.050869 0.159965 -0.985811
vn -0.050997 -0.024832 -0.998390
vn -0.182923 -0.302037 -0.935582
vn -0.046410 -0.305184 -0.951162
vn 0.092122 -0.026761 -0.995388
vn 0.089029 0.139236 -0.986249
vn 0.152570 0.088633 -0.984310
vn 0.162486 -0.042543 -0.985793
vn 0.094487 -0.310998 -0.945702
vn 0.176802 -0.343412 -0.922393
vn 0.903198 0.169787 -0.394214
vn 0.821696 0.569481 -0.022497
vn 0.762998 0.607240 -0.221570
vn 0.916384 0.327167 -0.230655
vn 0.937100 0.349062 0.000463
vn 0.820781 0.557674 -0.123767
vn 0.805303 0.205408 -0.556142
vn 0.844686 -0.035693 -0.534071
vn 0.715373 0.396629 -0.575262
vn 0.370656 0.757103 -0.537968
vn 0.172537 0.122001 0.977418
vn 0.124546 0.242906 0.962021
vn 0.141648 0.089752 0.985840
vn 0.218533 -0.774131 -0.594108
vn 0.364260 -0.725368 -0.584085
vn 0.436359 -0.497168 -0.749943
vn 0.239375 -0.883840 -0.401904
vn 0.393471 -0.797369 -0.457584
vn -0.215124 -0.967725 -0.131262
vn 0.222295 -0.526830 -0.820387
vn -0.312378 -0.855304 -0.413371
vn -0.364190 -0.618516 -0.696278
vn -0.339491 -0.726303 0.597687
vn -0.223446 -0.733700 0.641682
vn -0.327548 -0.296074 0.897247
vn -0.180792 -0.917117 0.355262
vn -0.111163 -0.920675 0.374166
vn -0.248065 -0.913434 0.322649
vn -0.485198 -0.285065 0.826632
vn -0.452583 -0.713200 0.535271
vn -0.636684 -0.258529 0.726496
vn 0.191804 -0.260398 -0.946258
vn 0.436925 -0.226742 -0.870451
vn 0.385365 0.041132 -0.921847
vn 0.169212 0.179009 -0.969187
vn -0.368927 -0.345467 -0.862870
vn -0.405361 0.147727 -0.902141
vn 0.060684 -0.755105 0.652790
vn 0.064870 -0.771596 0.632796
vn 0.129461 -0.308732 0.942298
vn 0.028368 -0.939637 0.340994
vn 0.022301 -0.982450 0.185190
vn 0.001645 -0.924078 0.382201
vn 0.086724 -0.307102 0.947717
vn -0.024546 -0.746342 0.665110
vn -0.046315 -0.304896 0.951259
vn 0.069751 0.989682 0.125153
vn 0.063717 0.993425 -0.095114
vn 0.117016 0.991762 0.052103
vn 0.344929 0.416338 -0.841241
vn 0.072849 0.542954 -0.836596
vn 0.108537 0.978485 0.175462
vn -0.467934 0.435506 -0.769008
vn -0.218270 0.955890 0.196553
vn -0.009895 0.972368 0.233244
vn 0.124857 0.978145 0.166263
vn 0.234867 0.967514 0.093569
vn 0.287310 0.948131 0.136017
vn 0.148513 0.964072 0.220248
vn -0.349397 0.905823 0.239595
vn -0.309556 0.874696 0.372937
vn 0.205908 -0.888767 -0.409506
vn 0.472901 -0.782905 -0.404259
vn 0.113735 -0.748075 -0.653795
vn -0.271163 -0.891296 -0.363404
vn 0.261236 -0.875684 -0.406120
vn -0.262076 -0.938021 -0.226790
vn -0.292515 -0.916071 -0.274316
vn 0.238618 0.926216 0.291866
vn 0.337602 0.923888 0.180157
vn 0.434279 0.862169 0.260895
vn 0.360992 0.836068 0.413129
vn -0.182886 0.839846 0.511089
vn -0.064613 0.701985 0.709255
vn -0.077504 -0.709160 -0.700775
vn 0.534701 0.542554 0.647866
vn 0.508639 0.699155 0.502463
vn 0.682553 0.408496 0.606013
vn 0.673071 0.149359 0.724339
vn -0.045298 0.529085 0.847359
vn 0.190844 -0.132891 0.972583
vn 0.429717 -0.027941 0.902531
vn -0.121349 -0.742403 0.658871
vn -0.055508 -0.925846 0.373803
vn -0.182962 -0.301997 0.935587
vn -0.122347 -0.979651 0.159109
vn 0.370800 -0.904526 -0.210570
vn 0.349165 -0.926527 -0.140116
vn 0.164995 -0.923893 -0.345253
vn -0.450936 -0.889195 -0.077393
vn 0.216259 -0.846201 -0.487007
vn -0.341455 -0.878591 -0.333895
vn 0.530921 0.847108 -0.023026
vn 0.535578 0.832221 -0.143403
vn 0.368094 0.892324 -0.261275
vn 0.294488 0.949262 -0.110352
vn 0.333208 -0.919334 -0.209279
vn 0.480767 -0.841033 -0.248043
vn 0.433051 -0.894018 -0.114883
vn 0.471744 -0.876592 -0.095097
vn 0.092705 -0.987506 0.127428
vn -0.099395 -0.989753 0.102514
vn 0.226847 -0.088016 -0.969945
vn 0.185614 0.108732 -0.976588
vn 0.509487 -0.406220 -0.758557
vn 0.239304 -0.446855 -0.862006
vn 0.386997 -0.540797 -0.746841
vn -0.867245 -0.436109 -0.240200
vn -0.955622 -0.218940 -0.197109
vn -0.812390 -0.551258 -0.190100
vn -0.691583 -0.640360 -0.334145
vn -0.538333 -0.824888 -0.172503
vn -0.401475 -0.891998 -0.207745
vn -0.136784 0.006010 0.990583
vn -0.022203 -0.007469 0.999726
vn -0.128205 0.006452 0.991727
vn -0.022203 -0.007469 0.999726
vn -0.022203 -0.007469 0.999726
vn -0.153953 0.005123 0.988065
vn -0.232741 0.020298 0.972327
vn -0.249567 0.019413 0.968163
vn -0.232737 0.020298 0.972328
vn -0.913016 0.314340 -0.259983
vn -0.858982 0.317984 -0.401294
vn -0.925505 0.314010 -0.211751
vn 0.921507 0.182749 0.342676
vn -0.557328 -0.705302 -0.438103
vn -0.441056 -0.733987 -0.516462
vn -0.320105 -0.910427 -0.262020
vn -0.253908 -0.917041 -0.307518
vn -0.758719 0.314455 -0.570494
vn -0.632928 0.304129 -0.711975
vn -0.333024 -0.743726 -0.579627
vn -0.220210 -0.750359 -0.623273
vn -0.189467 -0.919996 -0.343088
vn -0.121364 -0.923346 -0.364284
vn -0.488188 0.295919 -0.821039
vn -0.331613 0.289285 -0.897968
vn -0.121764 -0.753203 -0.646420
vn -0.027329 -0.756832 -0.653038
vn -0.066041 -0.924838 -0.374584
vn -0.011348 -0.928490 -0.371183
vn -0.187045 0.285582 -0.939924
vn -0.059739 0.283349 -0.957155
vn 0.072339 -0.764590 -0.640445
vn 0.139708 -0.819437 -0.555882
vn 0.047941 -0.948069 -0.314430
vn 0.085904 -0.976686 -0.196735
vn 0.082200 0.274895 -0.957954
vn 0.136408 0.239219 -0.961336
vn -0.759729 0.313872 0.569470
vn -0.861127 0.316120 0.398157
vn -0.888882 0.213058 0.405581
vn -0.774946 0.252145 0.579553
vn -0.877940 0.255331 0.405003
vn -0.644731 0.247611 0.723195
vn -0.784039 0.205765 0.585613
vn -0.632995 0.304111 0.711923
vn -0.652763 0.190656 0.733179
vn 0.187776 -0.800785 -0.568756
vn 0.394025 0.912326 0.111379
vn 0.233202 0.965490 0.115960
vn 0.381295 0.899525 0.213233
vn 0.321001 0.906484 0.274310
vn 0.175307 0.962451 0.207255
vn 0.277312 0.891552 0.358097
vn 0.201778 0.899128 0.388399
vn 0.091573 0.959588 0.266092
vn 0.133781 0.884644 0.446664
vn 0.518138 0.315846 0.794842
vn 0.450777 0.425431 0.784735
vn 0.589834 0.419381 0.690084
vn 0.645964 0.292064 0.705287
vn 0.520576 0.381633 0.763778
vn 0.656195 0.380887 0.651408
vn 0.474601 0.123564 0.871485
vn 0.389116 0.496034 0.776234
vn 0.605516 0.338361 0.720321
vn 0.329599 0.803625 0.495532
vn 0.650182 0.177868 0.738665
vn 0.761904 0.293313 0.577469
vn 0.642898 0.528144 0.554748
vn 0.825420 0.286184 0.486600
vn 0.851076 0.307315 0.425708
vn 0.768727 0.389270 0.507472
vn 0.852056 0.400941 0.336521
vn 0.553605 0.820037 0.145124
vn 0.514278 0.817788 0.258342
vn 0.646107 0.692435 0.321061
vn 0.700260 0.692514 0.173380
vn 0.449386 0.812262 0.371864
vn 0.381545 0.805607 0.453233
vn 0.476308 0.676567 0.561595
vn 0.571647 0.684840 0.451900
vn 0.284318 0.799684 0.528837
vn 0.196049 0.794269 0.575066
vn 0.243767 0.661877 0.708870
vn 0.365418 0.668392 0.647860
vn 0.082630 0.791735 0.605251
vn -0.013698 0.790136 0.612779
vn -0.014822 0.656175 0.754463
vn 0.054607 0.894661 0.443395
vn -0.027611 0.882649 0.469221
vn 0.115989 0.657361 0.744596
vn -0.129092 0.792769 0.595695
vn -0.222155 0.795266 0.564091
vn -0.272662 0.662584 0.697594
vn -0.099813 0.895517 0.433689
vn -0.185426 0.886635 0.423669
vn -0.145547 0.657853 0.738949
vn -0.325359 0.802086 0.500799
vn -0.402990 0.807003 0.431677
vn -0.500326 0.677594 0.539018
vn -0.240938 0.901245 0.360149
vn -0.318066 0.894460 0.314286
vn -0.392369 0.669266 0.630976
vn -0.478701 0.814856 0.326886
vn -0.527503 0.818881 0.226218
vn -0.660752 0.693619 0.286878
vn -0.348334 0.908662 0.230210
vn -0.404678 0.901515 0.153318
vn -0.591594 0.685916 0.423716
vn -0.005122 0.958524 0.284965
vn -0.548642 0.827520 0.119176
vn -0.389520 0.917237 0.083369
vn -0.693508 0.703615 0.154828
vn -0.101095 0.959848 0.261670
vn -0.183713 0.221240 0.957759
vn -0.340220 0.223945 0.913290
vn -0.337020 0.240673 0.910217
vn -0.172918 0.341692 0.923768
vn -0.331181 0.345662 0.877973
vn -0.190182 0.242973 0.951207
vn -0.182704 0.962828 0.198952
vn -0.500639 0.227686 0.835176
vn -0.649110 0.232369 0.724335
vn -0.484690 0.351102 0.801126
vn -0.626395 0.358127 0.692368
vn -0.496407 0.243784 0.833157
vn -0.779666 0.237557 0.579385
vn -0.882104 0.241655 0.404347
vn -0.749495 0.365216 0.552154
vn -0.845516 0.371669 0.383360
vn -0.939267 0.253901 0.230893
vn -0.900767 0.383820 0.203228
vn -0.931572 0.246597 0.267138
vn -0.812731 0.553403 0.182245
vn -0.767742 0.541712 0.342228
vn -0.683648 0.533525 0.497972
vn -0.574546 0.524887 0.628005
vn -0.447149 0.516316 0.730394
vn -0.307836 0.509503 0.803519
vn -0.161107 0.504803 0.848067
vn -0.010973 0.503691 0.863814
vn 0.814986 0.549540 0.183859
vn 0.753847 0.552722 0.355264
vn 0.897567 0.414446 0.150363
vn 0.666233 0.546823 0.507068
vn 0.556272 0.538097 0.633256
vn -0.237429 0.965735 0.104802
vn 0.427658 0.527214 0.734271
vn 0.285156 0.515394 0.808118
vn 0.141132 0.505718 0.851076
vn 0.946777 0.265908 0.181402
vn 0.952749 0.228612 0.200016
vn 0.941573 0.135915 0.308167
vn 0.949953 0.217941 0.223811
vn 0.941638 0.079455 0.327116
vn 0.896200 0.046025 0.441256
vn 0.968344 0.144870 0.203279
vn 0.972833 0.118986 0.198590
vn 0.931243 0.120575 0.343874
vn 0.933166 0.126415 0.336483
vn 0.954436 0.239131 0.178518
vn 0.940357 0.310634 0.138692
vn 0.857768 0.470668 0.206657
vn 0.909547 0.271903 0.314313
vn 0.944340 0.290686 0.154025
vn 0.972142 -0.007976 0.234256
vn 0.949005 0.192633 0.249564
vn 0.942962 -0.095351 0.318954
vn 0.891368 0.421629 0.166412
vn 0.855774 0.501572 0.126788
vn 0.931020 0.153321 0.331202
vn 0.655732 -0.510705 0.556053
vn 0.771546 0.033668 0.635282
vn 0.431589 -0.402819 0.807136
vn 0.866404 0.341445 0.364361
vn 0.897926 0.371922 0.235380
vn 0.500414 0.014999 0.865656
vn 0.268432 -0.344785 0.899482
vn 0.654363 0.200078 0.729231
vn 0.956826 -0.161376 0.241746
vn 0.714462 -0.658672 0.235999
vn 0.619007 -0.659787 0.426042
vn 0.717686 -0.538822 0.441132
vn -0.964903 0.061064 0.255410
vn -0.909736 0.062395 0.410472
vn -0.965529 -0.067356 0.251431
vn -0.901316 -0.127744 0.413898
vn -0.977854 -0.052164 0.202683
vn -0.945030 0.198372 0.259937
vn -0.976522 0.051889 0.209077
vn -0.949875 0.230340 0.211377
vn -0.799804 0.035321 0.599221
vn -0.663869 0.011890 0.747754
vn -0.778108 -0.208903 0.592374
vn -0.509967 -0.006218 0.860172
vn -0.345981 -0.016610 0.938094
vn -0.341867 0.168774 0.924469
vn -0.503239 0.178070 0.845601
vn -0.194404 -0.022439 0.980665
vn -0.051343 -0.024541 0.998380
vn -0.051322 0.161089 0.985605
vn -0.192774 0.163125 0.967589
vn 0.088218 -0.025724 0.995769
vn 0.141001 -0.030697 0.989533
vn 0.085096 0.140178 0.986463
vn 0.902675 0.168328 0.396034
vn 0.822204 0.568729 0.022980
vn 0.762911 0.607180 0.222035
vn 0.915854 0.326955 0.233049
vn 0.820624 0.557648 0.124918
vn 0.805341 0.205321 0.556120
vn 0.715463 0.397523 0.574533
vn 0.844250 -0.037097 0.534664
vn 0.371506 0.759347 0.534205
vn 0.150568 -0.326763 0.933035
vn 0.201908 -0.614551 0.762601
vn 0.427223 -0.486783 0.761920
vn 0.106239 -0.993695 0.035829
vn 0.185002 -0.777628 0.600890
vn 0.191823 -0.521643 0.831320
vn 0.428168 -0.501450 0.751811
vn -0.026813 -0.762490 0.646444
vn -0.058272 -0.484933 0.872608
vn 0.040875 -0.918339 0.393678
vn 0.358196 -0.728244 0.584258
vn 0.206204 -0.893996 0.397808
vn 0.391573 -0.797993 0.458124
vn 0.078517 0.277129 0.957619
vn -0.059976 0.283857 0.956989
vn 0.171037 -0.249284 0.953207
vn 0.138971 0.197426 0.970418
vn 0.375824 0.038357 0.925897
vn -0.342126 -0.225562 0.912180
vn -0.332654 -0.106057 0.937066
vn 0.427918 -0.230402 0.873957
vn -0.187071 0.285572 0.939922
vn -0.331618 0.289263 0.897974
vn 0.056576 0.956878 0.284926
vn 0.075408 0.978946 -0.189679
vn 0.116833 0.991760 -0.052548
vn -0.335113 0.934371 -0.121042
vn -0.354858 0.899449 -0.255083
vn -0.097160 0.807052 0.582432
vn 0.061919 0.993691 0.093514
vn 0.336678 0.415418 0.845030
vn 0.110371 0.978461 -0.174451
vn 0.148752 0.962335 -0.227562
vn 0.287909 0.947989 -0.135738
vn -0.344209 0.890077 -0.298803
vn 0.030370 0.946965 -0.319898
vn 0.235357 0.967444 -0.093052
vn 0.220304 -0.888685 0.402125
vn 0.244209 -0.879226 0.409052
vn 0.471610 -0.783516 0.404582
vn -0.273983 -0.937307 0.215379
vn 0.026479 -0.908470 0.417110
vn -0.315882 -0.907896 0.275580
vn 0.147802 -0.740743 0.655327
vn 0.233117 0.925072 -0.299831
vn 0.359888 0.827633 -0.430701
vn 0.434263 0.861968 -0.261585
vn 0.149079 0.888215 -0.434568
vn 0.151432 0.704610 -0.693248
vn 0.337940 0.923764 -0.180157
vn -0.302990 -0.816673 0.491163
vn 0.463759 0.537198 -0.704518
vn 0.489910 0.154958 -0.857890
vn 0.545247 0.436660 -0.715565
vn 0.534305 -0.736091 -0.415558
vn 0.486744 -0.675257 -0.554174
vn 0.584990 -0.608396 -0.536322
vn 0.295831 0.638695 -0.710319
vn 0.396777 0.013147 -0.917821
vn 0.508209 0.699130 -0.502933
vn -0.488218 0.295928 0.821018
vn 0.100885 -0.993741 -0.047969
vn 0.204189 -0.908994 0.363368
vn -0.268763 -0.963110 0.013619
vn 0.210571 -0.842872 0.495204
vn -0.344744 -0.881746 0.321986
vn 0.530851 0.847164 0.022598
vn 0.535415 0.832343 0.143302
vn 0.368103 0.892482 0.260724
vn 0.294479 0.949323 0.109856
vn 0.335766 -0.902595 0.269412
vn 0.143432 -0.975581 0.166343
vn 0.405948 -0.905337 0.124786
vn 0.450671 -0.856533 0.251490
vn 0.500302 -0.558161 -0.661932
vn 0.406624 -0.912376 0.047193
vn 0.173680 0.001966 0.984800
vn 0.376346 -0.189627 0.906866
vn -0.886498 -0.394176 0.242375
vn -0.713111 -0.608496 0.348146
vn -0.578940 -0.793132 0.189131
vn -0.400535 -0.887958 0.226059
vn -0.838424 -0.510698 0.190349
vn -0.961493 -0.195773 0.192884
vn 0.136784 -0.006010 -0.990583
vn 0.232741 -0.020298 -0.972327
vn 0.128205 -0.006452 -0.991727
vn 0.249567 -0.019413 -0.968163
vn 0.232737 -0.020298 -0.972328
vn 0.153953 -0.005123 -0.988065
vn 0.022203 0.007469 -0.999726
vn 0.022203 0.007469 -0.999726
vn 0.022203 0.007469 -0.999726
vn -0.915098 0.311611 0.255918
vn -0.927414 0.310929 0.207910
vn 0.923304 0.185174 -0.336482
vn -0.574001 -0.680318 0.455730
vn -0.320779 -0.904184 0.282051
vn -0.725181 0.398479 0.561540
vn -0.716196 0.257214 0.648772
vn -0.632687 -0.541315 -0.553792
vn -0.600959 -0.747282 -0.283581
vn -0.685239 0.488880 0.539855
vn -0.523000 -0.851530 0.036984
vn 0.476573 0.109214 -0.872324
vn 0.529664 0.090522 -0.843364
vn 0.369189 0.113853 -0.922354
vn 0.629173 0.068478 -0.774243
vn 0.680642 -0.002829 -0.732610
vn 0.390869 -0.657577 -0.644061
vn 0.312715 0.117592 -0.942540
vn 0.377570 -0.553809 -0.742116
vn 0.241169 -0.546555 -0.801945
vn 0.271710 -0.652457 -0.707442
vn -0.680854 0.089037 0.726987
vn -0.658671 -0.116417 0.743370
vn -0.670266 0.184709 -0.718767
vn -0.642460 -0.318981 -0.696776
vn -0.101266 -0.251164 -0.962633
vn 0.022668 0.126927 -0.991653
vn 0.074411 0.126597 -0.989159
vn -0.007638 -0.559938 -0.828499
vn 0.051974 -0.631326 -0.773774
vn -0.099925 -0.351315 -0.930910
vn -0.105084 -0.581049 -0.807056
vn -0.073964 -0.699951 -0.710350
vn -0.647578 -0.623905 0.437476
vn -0.702197 -0.702077 0.118353
vn -0.604127 0.778487 0.170259
vn -0.364408 0.910828 0.193907
vn -0.617290 0.396997 -0.679225
vn -0.717014 -0.695832 0.041337
vn -0.728238 -0.683709 0.047023
vn -0.760199 -0.646317 0.066114
vn -0.805092 -0.580470 0.121988
vn -0.544931 0.708251 0.448810
vn -0.632959 0.716732 0.292675
vn -0.835129 0.348955 0.425194
vn -0.865825 0.187362 0.463942
vn -0.774894 0.496406 0.391305
vn -0.615362 -0.773492 -0.151788
vn -0.563231 -0.823219 -0.071278
vn -0.253421 0.802265 0.540507
vn -0.525765 -0.843842 -0.107247
vn -0.816801 -0.557421 0.148720
vn -0.787923 -0.599880 0.139003
vn -0.285001 0.476682 0.831594
vn -0.444505 0.655870 0.610122
vn -0.638568 -0.325752 0.697221
vn -0.596247 -0.230352 0.769043
vn -0.452315 0.335089 0.826514
vn -0.646248 0.066484 0.760226
vn -0.434155 -0.854227 -0.286017
vn -0.206749 0.565443 0.798454
vn -0.455506 -0.351179 0.818039
vn 0.307108 -0.351135 -0.884528
vn -0.370371 -0.866095 -0.335717
vn -0.779960 -0.624918 -0.033766
vn -0.680639 0.312665 -0.662549
vn -0.163645 -0.256293 0.952646
vn 0.011674 -0.216639 0.976182
vn -0.867869 -0.468578 0.165037
vn -0.136603 0.438894 0.888095
vn 0.169379 0.123992 -0.977720
vn 0.212712 0.121572 -0.969522
vn 0.154812 -0.625808 -0.764459
vn 0.124233 -0.539321 -0.832886
vn -0.626837 -0.342144 0.700009
vn -0.740590 -0.004600 0.671942
vn -0.711509 0.048815 0.700979
vn -0.796837 -0.036628 0.603083
vn -0.803468 -0.220864 0.552864
vn -0.041760 -0.968685 -0.244755
vn 0.041230 -0.997528 -0.056899
vn -0.791984 -0.347775 0.501811
vn -0.281467 -0.778665 0.560766
vn -0.789886 0.413527 0.452853
vn -0.708508 -0.699680 -0.092003
vn -0.724620 0.503465 0.470584
vn -0.419806 -0.860860 0.287546
vn -0.853171 0.187137 0.486908
vn -0.296840 -0.871743 0.389808
vn 0.377792 -0.226014 0.897881
vn 0.629263 -0.483711 -0.608319
vn 0.065544 -0.970369 0.232570
vn 0.280216 -0.695682 0.661442
vn 0.645872 -0.554585 -0.524676
vn 0.936641 -0.211895 0.278936
vn 0.916551 -0.253982 0.308915
vn 0.883500 -0.426941 0.192740
vn 0.903473 -0.046735 0.426089
vn 0.860682 -0.101707 0.498881
vn 0.462848 -0.856454 0.228599
vn 0.520802 -0.801464 0.293975
vn 0.440118 -0.886191 0.144779
vn 0.919657 0.391884 -0.025641
vn 0.913592 0.388439 0.120267
vn 0.369868 -0.923832 0.098651
vn 0.421057 -0.906291 -0.036714
vn 0.486483 -0.873689 0.001541
vn 0.795281 0.121949 0.593849
vn 0.751298 0.042915 0.658566
vn 0.656899 0.219836 0.721218
vn 0.609378 0.099598 0.786599
vn 0.501454 -0.666849 0.551232
vn 0.501143 -0.608579 0.615213
vn 0.536958 -0.707844 0.458949
vn 0.503756 -0.774062 0.383481
vn 0.505901 0.245489 0.826922
vn 0.452170 0.109874 0.885139
vn 0.346964 0.250078 0.903923
vn 0.285471 0.116059 0.951334
vn 0.302553 -0.575921 0.759458
vn 0.258481 -0.569227 0.780492
vn 0.392248 -0.576309 0.716944
vn 0.425891 -0.596941 0.679911
vn 0.194951 0.214807 0.957002
vn 0.146363 0.101715 0.983988
vn 0.065038 0.218563 0.973653
vn -0.007706 0.131093 0.991340
vn 0.060178 -0.565467 0.822573
vn 0.017393 -0.559732 0.828491
vn 0.139844 -0.565886 0.812537
vn 0.174854 -0.571475 0.801775
vn -0.086570 -0.188989 0.978156
vn -0.070463 -0.307979 0.948780
vn -0.064200 -0.468363 0.881200
vn -0.055841 -0.559927 0.826658
vn 0.100989 -0.765373 0.635615
vn 0.082855 -0.711971 0.697304
vn 0.260087 -0.922511 0.285181
vn 0.102579 -0.758512 0.643535
vn -0.040333 -0.348574 -0.936413
vn 0.339110 -0.599238 -0.725202
vn 0.191309 -0.934529 -0.300095
vn 0.536201 -0.660728 0.525288
vn -0.678612 0.401017 -0.615362
vn -0.664553 0.500732 -0.554650
vn -0.516927 -0.854327 0.053969
vn -0.387621 -0.921801 -0.005752
vn -0.490289 -0.819157 0.297657
vn -0.663790 0.227482 -0.712484
vn -0.597435 -0.715485 0.362151
vn -0.618729 -0.491128 0.613162
vn -0.544726 -0.608764 0.576784
vn -0.653437 0.037817 -0.756035
vn -0.563496 -0.340773 0.752560
vn -0.624716 -0.344929 -0.700538
vn -0.561485 -0.159884 0.811894
vn -0.545960 -0.834382 -0.075721
vn -0.290350 0.599503 0.745850
vn -0.583870 -0.488595 -0.648360
vn -0.680261 -0.732624 -0.022492
vn -0.680731 0.726467 0.094085
vn -0.607298 0.791572 -0.067850
vn -0.593137 0.759211 -0.267931
vn -0.733364 -0.679100 -0.031638
vn -0.616962 0.735935 -0.278851
vn -0.776659 -0.625774 -0.072170
vn -0.544541 0.692407 -0.473337
vn -0.555023 0.716952 -0.421816
vn -0.736785 0.496700 -0.458734
vn -0.646103 0.331005 -0.687740
vn -0.639546 0.187134 -0.745628
vn -0.592648 -0.802217 0.072217
vn -0.529981 -0.844480 0.077294
vn -0.759614 0.506031 -0.408558
vn -0.604451 -0.774624 0.186003
vn -0.532631 -0.831905 0.155687
vn -0.798024 -0.593722 -0.103211
vn -0.377706 0.741460 -0.554595
vn -0.813300 -0.550490 -0.188423
vn -0.351778 0.682607 -0.640546
vn -0.108359 0.657533 -0.745593
vn -0.608932 -0.015605 -0.793069
vn -0.650792 -0.242086 -0.719628
vn -0.541513 -0.338195 -0.769668
vn -0.502555 -0.417393 -0.757114
vn 0.478313 -0.320267 0.817707
vn 0.415712 -0.235007 0.878610
vn -0.536677 -0.816402 0.213226
vn -0.555445 -0.815916 0.160507
vn -0.846180 -0.441853 -0.297900
vn -0.862859 -0.434957 -0.257462
vn 0.454331 0.002490 -0.890830
vn 0.616326 -0.691292 -0.377170
vn 0.796222 -0.186620 -0.575503
vn 0.766063 -0.067467 -0.639215
vn 0.848868 -0.264605 -0.457611
vn -0.538061 -0.567091 -0.623617
vn -0.660631 -0.017393 -0.750509
vn -0.631866 -0.097009 -0.768983
vn -0.811794 -0.394674 -0.430374
vn -0.645107 -0.060494 -0.761694
vn -0.797804 0.388969 -0.460664
vn -0.645608 -0.740937 0.184941
vn -0.692881 0.621620 -0.365384
vn -0.225189 -0.912310 -0.342023
vn 0.527584 -0.807372 -0.264205
vn -0.789587 0.612038 -0.044299
vn -0.390381 -0.906276 -0.162069
vn -0.366200 -0.900489 -0.234557
vn -0.316560 -0.937199 -0.146447
vn 0.494205 -0.458121 -0.738841
vn 0.540793 -0.639965 -0.545883
vn 0.608522 -0.452654 0.651771
vn -0.319804 -0.308744 -0.895769
vn 0.677245 -0.712581 -0.183214
vn 0.817058 -0.544813 -0.188668
vn 0.837850 -0.397327 -0.374351
vn 0.576367 -0.789874 -0.209525

# Mesh
g Helmet
usemtl Mat
f 1/1/1 2/2/2 3/3/3
f 4/4/4 5/5/5 2/2/2
f 6/6/6 4/4/4 1/1/1
f 2/2/2 1/1/1 4/4/4
f 7/7/7 8/8/8 9/9/9
f 10/10/10 11/11/11 8/8/8
f 5/5/5 10/10/10 7/7/7
f 8/8/8 7/7/7 10/10/10
f 12/12/12 7/7/7 9/9/9
f 2/2/2 5/5/5 7/7/7
f 3/3/3 2/2/2 12/12/12
f 7/7/7 12/12/12 2/2/2
f 13/13/13 14/14/14 15/15/15
f 16/16/16 17/17/17 14/14/14
f 18/18/18 16/16/16 13/13/13
f 14/14/14 13/13/13 16/16/16
f 19/19/19 20/20/20 15/15/15
f 21/21/21 22/22/22 20/20/20
f 23/23/23 21/21/21 19/19/19
f 20/20/20 19/19/19 21/21/21
f 14/14/14 19/19/19 15/15/15
f 24/24/24 23/23/23 19/19/19
f 17/17/17 24/24/24 14/14/14
f 19/19/19 14/14/14 24/24/24
f 25/25/25 26/26/26 27/27/27
f 28/28/28 29/29/29 26/26/26
f 30/30/30 28/28/28 25/25/25
f 26/26/26 25/25/25 28/28/28
f 28/28/28 31/31/31 29/29/29
f 32/32/32 33/33/33 31/31/31
f 30/30/30 32/32/32 28/28/28
f 31/31/31 28/28/28 32/32/32
f 32/32/32 34/34/34 33/33/33
f 35/35/35 36/36/36 34/34/34
f 30/30/30 35/35/35 32/32/32
f 34/34/34 32/32/32 35/35/35
f 37/37/37 38/38/38 39/39/39
f 8/8/8 11/11/11 38/38/38
f 9/9/9 8/8/8 37/37/37
f 38/38/38 37/37/37 8/8/8
f 40/40/40 37/37/37 39/39/39
f 41/41/41 9/9/9 37/37/37
f 42/42/42 41/41/41 40/40/40
f 37/37/37 40/40/40 41/41/41
f 43/43/43 44/44/44 11/11/11
f 45/45/45 46/46/46 44/44/44
f 47/47/47 45/45/45 43/43/43
f 44/44/44 43/43/43 45/45/45
f 48/48/48 49/49/49 50/50/50
f 40/40/40 39/39/39 49/49/49
f 42/42/42 40/40/40 48/48/48
f 49/49/49 48/48/48 40/40/40
f 51/51/51 48/48/48 50/50/50
f 52/52/52 42/42/42 48/48/48
f 53/53/53 52/52/52 51/51/51
f 48/48/48 51/51/51 52/52/52
f 54/54/54 55/55/55 56/56/56
f 26/26/26 29/29/29 55/55/55
f 27/27/27 26/26/26 54/54/54
f 55/55/55 54/54/54 26/26/26
f 57/57/57 54/54/54 56/56/56
f 58/58/58 27/27/27 54/54/54
f 59/59/59 58/58/58 57/57/57
f 54/54/54 57/57/57 58/58/58
f 60/60/60 61/61/61 62/62/62
f 31/31/31 33/33/33 61/61/61
f 29/29/29 31/31/31 60/60/60
f 61/61/61 60/60/60 31/31/31
f 63/63/63 60/60/60 62/62/62
f 55/55/55 29/29/29 60/60/60
f 56/56/56 55/55/55 63/63/63
f 60/60/60 63/63/63 55/55/55
f 64/64/64 65/65/65 66/66/66
f 34/34/34 36/36/36 65/65/65
f 33/33/33 34/34/34 64/64/64
f 65/65/65 64/64/64 34/34/34
f 67/67/67 64/64/64 66/66/66
f 61/61/61 33/33/33 64/64/64
f 62/62/62 61/61/61 67/67/67
f 64/64/64 67/67/67 61/61/61
f 68/68/68 69/69/69 70/70/70
f 71/71/71 72/72/72 69/69/69
f 36/36/36 71/71/71 68/68/68
f 69/69/69 68/68/68 71/71/71
f 73/73/73 68/68/68 70/70/70
f 65/65/65 36/36/36 68/68/68
f 66/66/66 65/65/65 73/73/73
f 68/68/68 73/73/73 65/65/65
f 74/74/74 75/75/75 76/76/76
f 77/77/77 78/78/78 75/75/75
f 72/72/72 77/77/77 74/74/74
f 75/75/75 74/74/74 77/77/77
f 79/79/79 74/74/74 76/76/76
f 69/69/69 72/72/72 74/74/74
f 70/70/70 69/69/69 79/79/79
f 74/74/74 79/79/79 69/69/69
f 80/80/80 81/81/81 82/82/82
f 83/83/83 84/84/84 81/81/81
f 78/78/78 83/83/83 80/80/80
f 81/81/81 80/80/80 83/83/83
f 85/85/85 80/80/80 82/82/82
f 75/75/75 78/78/78 80/80/80
f 76/76/76 75/75/75 85/85/85
f 80/80/80 85/85/85 75/75/75
f 86/86/86 87/87/87 88/88/88
f 89/89/89 90/90/90 87/87/87
f 84/84/84 89/89/89 86/86/86
f 87/87/87 86/86/86 89/89/89
f 91/91/91 86/86/86 88/88/88
f 81/81/81 84/84/84 86/86/86
f 82/82/82 81/81/81 91/91/91
f 86/86/86 91/91/91 81/81/81
f 35/35/35 71/71/71 36/36/36
f 92/92/92 72/72/72 71/71/71
f 30/30/30 92/92/92 35/35/35
f 71/71/71 35/35/35 92/92/92
f 93/93/93 94/94/94 95/95/95
f 96/96/96 97/97/97 94/94/94
f 90/90/90 96/98/96 93/99/93
f 94/94/94 93/93/93 96/96/96
f 98/100/98 93/93/93 95/95/95
f 87/87/87 90/90/90 93/99/93
f 88/88/88 87/87/87 98/101/98
f 93/99/93 98/101/98 87/87/87
f 92/92/92 77/77/77 72/72/72
f 99/102/99 78/78/78 77/77/77
f 30/30/30 99/102/99 92/92/92
f 77/77/77 92/92/92 99/102/99
f 100/103/100 101/104/101 102/105/102
f 103/106/103 104/107/104 101/104/101
f 3/3/3 103/106/103 100/103/100
f 101/104/101 100/103/100 103/106/103
f 105/108/105 100/103/100 102/105/102
f 1/1/1 3/3/3 100/103/100
f 6/6/6 1/1/1 105/108/105
f 100/103/100 105/108/105 1/1/1
f 99/102/99 83/83/83 78/78/78
f 106/109/106 84/84/84 83/83/83
f 30/30/30 106/109/106 99/102/99
f 83/83/83 99/102/99 106/109/106
f 107/110/107 108/111/108 109/112/109
f 110/113/110 111/114/111 108/111/108
f 104/107/104 110/113/110 107/110/107
f 108/111/108 107/110/107 110/113/110
f 112/115/112 107/110/107 109/112/109
f 101/104/101 104/107/104 107/110/107
f 102/105/102 101/104/101 112/115/112
f 107/110/107 112/115/112 101/104/101
f 113/116/113 114/117/114 115/118/115
f 116/119/116 117/120/117 114/117/114
f 111/114/111 116/119/116 113/116/113
f 114/117/114 113/116/113 116/119/116
f 118/121/118 113/116/113 115/118/115
f 108/111/108 111/114/111 113/116/113
f 109/112/109 108/111/108 118/121/118
f 113/116/113 118/121/118 108/111/108
f 119/122/119 120/123/120 121/124/121
f 122/125/122 123/126/123 120/123/120
f 117/120/117 122/127/122 119/128/119
f 120/123/120 119/122/119 122/125/122
f 124/129/124 119/122/119 121/124/121
f 114/117/114 117/120/117 119/128/119
f 115/118/115 114/117/114 124/130/124
f 119/128/119 124/130/124 114/117/114
f 125/131/125 126/132/126 123/126/123
f 98/100/98 95/95/95 126/132/126
f 88/88/88 98/101/98 125/133/125
f 126/132/126 125/131/125 98/100/98
f 122/125/122 125/131/125 123/126/123
f 127/134/127 88/88/88 125/133/125
f 117/120/117 127/134/127 122/127/122
f 125/133/125 122/127/122 127/134/127
f 128/135/128 127/134/127 117/120/117
f 91/91/91 88/88/88 127/134/127
f 82/82/82 91/91/91 128/135/128
f 127/134/127 128/135/128 91/91/91
f 116/119/116 128/135/128 117/120/117
f 129/136/129 82/82/82 128/135/128
f 111/114/111 129/136/129 116/119/116
f 128/135/128 116/119/116 129/136/129
f 130/137/130 129/136/129 111/114/111
f 85/85/85 82/82/82 129/136/129
f 76/76/76 85/85/85 130/137/130
f 129/136/129 130/137/130 85/85/85
f 110/113/110 130/137/130 111/114/111
f 131/138/131 76/76/76 130/137/130
f 104/107/104 131/138/131 110/113/110
f 130/137/130 110/113/110 131/138/131
f 132/139/132 131/138/131 104/107/104
f 79/79/79 76/76/76 131/138/131
f 70/70/70 79/79/79 132/139/132
f 131/138/131 132/139/132 79/79/79
f 103/106/103 132/139/132 104/107/104
f 133/140/133 70/70/70 132/139/132
f 3/3/3 133/140/133 103/106/103
f 132/139/132 103/106/103 133/140/133
f 134/141/134 135/142/135 53/53/53
f 57/57/57 56/56/56 135/142/135
f 59/59/59 57/57/57 134/141/134
f 135/142/135 134/141/134 57/57/57
f 136/143/136 134/141/134 53/53/53
f 137/144/137 59/59/59 134/141/134
f 138/145/138 137/144/137 136/143/136
f 134/141/134 136/143/136 137/144/137
f 139/146/139 140/147/140 42/42/42
f 63/63/63 62/62/62 140/147/140
f 56/56/56 63/63/63 139/146/139
f 140/147/140 139/146/139 63/63/63
f 52/52/52 139/146/139 42/42/42
f 135/142/135 56/56/56 139/146/139
f 53/53/53 135/142/135 52/52/52
f 139/146/139 52/52/52 135/142/135
f 106/109/106 89/89/89 84/84/84
f 141/148/141 90/90/90 89/89/89
f 30/30/30 141/148/141 106/109/106
f 89/89/89 106/109/106 141/148/141
f 142/149/142 143/150/143 9/9/9
f 67/67/67 66/66/66 143/150/143
f 62/62/62 67/67/67 142/149/142
f 143/150/143 142/149/142 67/67/67
f 41/41/41 142/149/142 9/9/9
f 140/147/140 62/62/62 142/149/142
f 42/42/42 140/147/140 41/41/41
f 142/149/142 41/41/41 140/147/140
f 141/148/141 96/98/96 90/90/90
f 144/151/144 97/97/97 96/96/96
f 30/30/30 144/152/144 141/148/141
f 96/98/96 141/148/141 144/152/144
f 145/153/145 133/140/133 3/3/3
f 73/73/73 70/70/70 133/140/133
f 66/66/66 73/73/73 145/153/145
f 133/140/133 145/153/145 73/73/73
f 12/12/12 145/153/145 3/3/3
f 143/150/143 66/66/66 145/153/145
f 9/9/9 143/150/143 12/12/12
f 145/153/145 12/12/12 143/150/143
f 146/154/146 147/155/147 148/156/148
f 149/157/149 150/158/150 147/159/147
f 151/160/151 149/157/149 146/161/146
f 147/159/147 146/161/146 149/157/149
f 152/162/152 146/154/146 148/156/148
f 153/163/153 151/164/151 146/154/146
f 154/165/154 153/163/153 152/162/152
f 146/154/146 152/162/152 153/163/153
f 155/166/155 156/167/156 150/158/150
f 157/168/157 158/169/158 156/167/156
f 159/170/159 157/168/157 155/166/155
f 156/167/156 155/166/155 157/168/157
f 149/157/149 155/166/155 150/158/150
f 160/171/160 159/170/159 155/166/155
f 151/160/151 160/171/160 149/157/149
f 155/166/155 149/157/149 160/171/160
f 161/172/161 162/173/162 158/169/158
f 163/174/163 164/175/164 162/173/162
f 165/176/165 163/174/163 161/172/161
f 162/173/162 161/172/161 163/174/163
f 157/168/157 161/172/161 158/169/158
f 166/177/166 165/176/165 161/172/161
f 159/170/159 166/177/166 157/168/157
f 161/172/161 157/168/157 166/177/166
f 167/178/167 168/179/168 164/175/164
f 169/180/169 170/181/170 168/179/168
f 171/182/171 169/180/169 167/178/167
f 168/179/168 167/178/167 169/180/169
f 163/174/163 167/178/167 164/175/164
f 172/183/172 171/182/171 167/178/167
f 165/176/165 172/183/172 163/174/163
f 167/178/167 163/174/163 172/183/172
f 173/184/173 174/185/174 170/181/170
f 175/186/175 176/187/176 174/188/174
f 177/189/177 175/190/175 173/184/173
f 174/185/174 173/184/173 175/190/175
f 169/180/169 173/184/173 170/181/170
f 178/191/178 177/189/177 173/184/173
f 171/182/171 178/191/178 169/180/169
f 173/184/173 169/180/169 178/191/178
f 179/192/179 180/193/180 176/194/176
f 43/195/43 11/196/11 180/193/180
f 47/197/47 43/195/43 179/192/179
f 180/193/180 179/192/179 43/195/43
f 175/198/175 179/192/179 176/194/176
f 181/199/181 47/197/47 179/192/179
f 177/189/177 181/200/182 175/190/175
f 179/192/179 175/198/175 181/199/181
f 182/201/183 183/202/184 164/175/164
f 184/203/185 185/204/186 183/202/184
f 186/205/187 184/203/185 182/201/183
f 183/202/184 182/201/183 184/203/185
f 168/179/168 182/201/183 164/175/164
f 187/206/188 186/205/187 182/201/183
f 170/181/170 187/206/188 168/179/168
f 182/201/183 168/179/168 187/206/188
f 188/207/189 189/208/190 190/209/191
f 191/210/192 192/211/193 189/208/190
f 193/212/194 191/210/192 188/207/189
f 189/208/190 188/207/189 191/210/192
f 194/213/195 188/207/189 190/209/191
f 195/214/196 193/212/194 188/207/189
f 196/215/197 195/214/196 194/213/195
f 188/207/189 194/213/195 195/214/196
f 197/216/198 198/217/199 199/218/200
f 200/219/201 201/220/202 198/217/199
f 192/211/193 200/219/201 197/216/198
f 198/217/199 197/216/198 200/219/201
f 202/221/203 197/216/198 199/218/200
f 189/208/190 192/211/193 197/216/198
f 190/209/191 189/208/190 202/221/203
f 197/216/198 202/221/203 189/208/190
f 203/222/204 204/223/205 205/224/206
f 206/225/207 207/226/208 204/223/205
f 201/220/202 206/225/207 203/222/204
f 204/223/205 203/222/204 206/225/207
f 208/227/209 203/222/204 205/224/206
f 198/217/199 201/220/202 203/222/204
f 199/218/200 198/217/199 208/227/209
f 203/222/204 208/227/209 198/217/199
f 209/228/210 210/229/211 211/230/212
f 212/231/213 213/232/214 210/229/211
f 207/226/208 212/231/213 209/228/210
f 210/229/211 209/228/210 212/231/213
f 214/233/215 209/228/210 211/230/212
f 204/223/205 207/226/208 209/228/210
f 205/224/206 204/223/205 214/233/215
f 209/228/210 214/233/215 204/223/205
f 215/234/216 216/235/217 217/236/218
f 218/237/219 219/238/220 216/235/217
f 213/232/214 218/237/219 215/234/216
f 216/235/217 215/234/216 218/237/219
f 220/239/221 215/234/216 217/236/218
f 210/229/211 213/232/214 215/234/216
f 211/230/212 210/229/211 220/239/221
f 215/234/216 220/239/221 210/229/211
f 152/162/152 221/240/222 154/165/154
f 222/241/223 223/242/224 221/240/222
f 148/156/148 222/241/223 152/162/152
f 221/240/222 152/162/152 222/241/223
f 224/243/225 225/244/226 148/156/148
f 51/51/51 50/50/50 225/244/226
f 53/53/53 51/51/51 224/243/225
f 225/244/226 224/243/225 51/51/51
f 226/245/227 224/243/225 148/156/148
f 136/143/136 53/53/53 224/243/225
f 138/145/138 136/143/136 226/245/227
f 224/243/225 226/245/227 136/143/136
f 227/246/228 45/45/45 47/47/47
f 228/247/229 46/46/46 45/45/45
f 223/242/224 228/247/229 227/246/228
f 45/45/45 227/246/228 228/247/229
f 229/248/230 227/246/228 47/47/47
f 221/240/222 223/242/224 227/246/228
f 154/165/154 221/240/222 229/248/230
f 227/246/228 229/248/230 221/240/222
f 44/44/44 38/38/38 11/11/11
f 230/249/231 39/39/39 38/38/38
f 46/46/232 230/249/231 44/44/44
f 38/38/38 44/44/44 230/249/231
f 231/250/233 232/251/234 233/252/235
f 20/20/20 22/22/22 232/251/234
f 15/15/15 20/20/20 231/250/233
f 232/251/234 231/250/233 20/20/20
f 234/253/236 235/254/237 151/255/238
f 236/256/239 237/257/240 235/254/237
f 238/258/241 236/256/239 234/253/236
f 235/254/237 234/253/236 236/256/239
f 153/259/242 234/253/236 151/255/238
f 239/260/243 238/258/241 234/253/236
f 154/261/244 239/260/243 153/259/242
f 234/253/236 153/259/242 239/260/243
f 240/262/245 241/263/246 242/264/247
f 243/265/248 244/266/249 241/263/246
f 245/267/250 243/268/248 240/269/245
f 241/263/246 240/262/245 243/265/248
f 246/270/251 240/262/245 242/264/247
f 247/271/252 245/267/250 240/269/245
f 248/272/253 247/271/252 246/273/251
f 240/269/245 246/273/251 247/271/252
f 249/274/254 250/275/255 159/170/256
f 251/276/257 252/277/258 250/278/255
f 237/257/240 251/276/257 249/279/254
f 250/278/255 249/279/254 251/276/257
f 160/171/259 249/274/254 159/170/256
f 235/254/237 237/257/240 249/279/254
f 151/255/238 235/254/237 160/280/259
f 249/279/254 160/280/259 235/254/237
f 253/281/260 254/282/261 255/283/262
f 256/284/263 257/285/264 254/282/261
f 258/286/265 256/287/263 253/288/260
f 254/282/261 253/281/260 256/284/263
f 259/289/266 253/281/260 255/283/262
f 260/290/267 258/286/265 253/288/260
f 261/291/268 260/290/267 259/292/266
f 253/288/260 259/292/266 260/290/267
f 262/293/269 263/294/270 165/176/271
f 264/295/272 265/296/273 263/294/270
f 252/277/258 264/295/272 262/293/269
f 263/294/270 262/293/269 264/295/272
f 166/177/274 262/293/269 165/176/271
f 250/275/255 252/277/258 262/293/269
f 159/170/256 250/275/255 166/177/274
f 262/293/269 166/177/274 250/275/255
f 266/297/275 267/298/276 171/182/277
f 268/299/278 269/300/279 267/298/276
f 265/296/273 268/299/278 266/297/275
f 267/298/276 266/297/275 268/299/278
f 172/183/280 266/297/275 171/182/277
f 263/294/270 265/296/273 266/297/275
f 165/176/271 263/294/270 172/183/280
f 266/297/275 172/183/280 263/294/270
f 270/301/281 271/302/282 170/303/283
f 272/304/284 273/305/285 271/302/282
f 274/306/286 272/304/284 270/301/281
f 271/302/282 270/301/281 272/304/284
f 174/188/174 270/301/281 170/303/283
f 275/307/287 274/306/286 270/301/281
f 176/187/176 275/307/287 174/188/174
f 270/301/281 174/188/174 275/307/287
f 276/308/288 277/309/289 177/189/290
f 278/310/291 279/311/292 277/309/289
f 269/300/279 278/310/291 276/308/288
f 277/309/289 276/308/288 278/310/291
f 178/191/293 276/308/288 177/189/290
f 267/298/276 269/300/279 276/308/288
f 171/182/277 267/298/276 178/191/293
f 276/308/288 178/191/293 267/298/276
f 180/193/180 275/312/287 176/194/176
f 280/313/294 274/314/286 275/312/287
f 11/196/11 280/313/294 180/193/180
f 275/312/287 180/193/180 280/313/294
f 281/315/295 282/316/295 47/317/295
f 283/318/296 284/319/296 282/320/297
f 279/321/292 283/318/298 281/315/299
f 282/316/300 281/315/300 283/318/300
f 181/322/301 281/315/301 47/317/301
f 277/323/289 279/321/292 281/315/299
f 177/189/290 277/309/289 181/200/302
f 281/315/299 181/322/302 277/323/289
f 285/324/303 286/325/304 257/285/264
f 246/270/251 242/264/247 286/325/304
f 248/272/253 246/273/251 285/326/303
f 286/325/304 285/324/303 246/270/251
f 256/284/263 285/324/303 257/285/264
f 287/327/305 248/272/253 285/326/303
f 258/286/265 287/327/305 256/287/263
f 285/326/303 256/287/263 287/327/305
f 184/328/185 288/329/306 185/330/186
f 289/331/307 290/332/308 288/329/306
f 186/333/309 289/331/307 184/328/185
f 288/329/306 184/328/185 289/331/307
f 291/334/310 289/335/307 186/336/309
f 292/337/311 290/338/308 289/335/307
f 273/305/285 292/337/311 291/334/310
f 289/335/307 291/334/310 292/337/311
f 187/339/312 291/334/310 186/336/309
f 271/302/282 273/305/285 291/334/310
f 170/303/283 271/302/282 187/339/312
f 291/334/310 187/339/312 271/302/282
f 222/241/223 293/340/313 223/242/224
f 225/244/226 50/50/314 293/340/313
f 148/156/148 225/244/226 222/241/223
f 293/340/313 222/241/223 225/244/226
f 294/341/315 230/249/231 46/46/232
f 49/49/49 39/39/39 230/249/231
f 50/50/314 49/49/49 294/341/315
f 230/249/231 294/341/315 49/49/49
f 228/247/316 294/341/315 46/46/232
f 293/340/313 50/50/314 294/341/315
f 223/242/224 293/340/313 228/247/316
f 294/341/315 228/247/316 293/340/313
f 295/342/317 239/260/243 154/261/244
f 296/343/318 238/258/241 239/260/243
f 284/344/319 296/343/318 295/342/317
f 239/260/243 295/342/317 296/343/318
f 229/345/320 295/342/317 154/261/244
f 282/346/321 284/344/319 295/342/317
f 47/347/322 282/346/323 229/345/320
f 295/342/317 229/345/320 282/346/323
f 297/348/324 298/349/325 11/11/11
f 299/350/326 300/351/327 298/349/325
f 219/238/220 299/350/326 297/348/324
f 298/349/325 297/348/324 299/350/326
f 301/352/328 297/348/324 11/11/11
f 216/235/217 219/238/220 297/348/324
f 217/236/218 216/235/217 301/352/328
f 297/348/324 301/352/328 216/235/217
f 302/353/329 303/354/330 192/211/193
f 304/355/331 305/356/331 303/354/331
f 306/357/332 304/355/333 302/353/329
f 303/354/330 302/353/329 304/355/334
f 191/210/192 302/353/329 192/211/193
f 307/358/335 306/357/332 302/353/329
f 193/212/194 307/358/335 191/210/192
f 302/353/329 191/210/192 307/358/335
f 308/359/336 307/360/337 193/361/338
f 309/362/339 306/363/340 307/364/337
f 121/365/341 309/366/339 308/367/336
f 307/368/337 308/369/336 309/370/339
f 195/371/342 308/372/336 193/373/338
f 310/374/343 121/375/344 308/376/336
f 196/377/345 310/378/343 195/379/342
f 308/380/336 195/381/342 310/382/343
f 311/383/346 310/384/347 196/215/197
f 124/129/348 121/124/348 310/385/348
f 115/118/115 124/130/124 311/383/346
f 310/384/347 311/383/346 124/130/124
f 194/213/195 311/383/346 196/215/197
f 312/386/349 115/118/115 311/383/346
f 190/209/191 312/386/349 194/213/195
f 311/383/346 194/213/195 312/386/349
f 313/387/350 314/388/351 201/220/202
f 315/389/352 316/390/352 314/388/352
f 305/356/353 315/389/353 313/387/353
f 314/388/351 313/387/350 315/389/354
f 200/219/201 313/387/350 201/220/202
f 303/354/330 305/356/355 313/387/350
f 192/211/193 303/354/330 200/219/201
f 313/387/350 200/219/201 303/354/330
f 317/391/356 312/386/349 190/209/191
f 118/121/118 115/118/115 312/386/349
f 109/112/109 118/121/118 317/391/356
f 312/386/349 317/391/356 118/121/118
f 202/221/203 317/391/356 190/209/191
f 318/392/357 109/112/109 317/391/356
f 199/218/200 318/392/357 202/221/203
f 317/391/356 202/221/203 318/392/357
f 319/393/358 320/394/359 207/226/208
f 321/395/360 322/396/361 320/394/359
f 316/390/362 321/395/360 319/393/358
f 320/394/359 319/393/358 321/395/360
f 206/225/207 319/393/358 207/226/208
f 314/388/351 316/390/362 319/393/358
f 201/220/202 314/388/351 206/225/207
f 319/393/358 206/225/207 314/388/351
f 323/397/363 318/392/357 199/218/200
f 112/115/112 109/112/109 318/392/357
f 102/105/102 112/115/112 323/397/363
f 318/392/357 323/397/363 112/115/112
f 208/227/209 323/397/363 199/218/200
f 324/398/364 102/105/102 323/397/363
f 205/224/206 324/398/364 208/227/209
f 323/397/363 208/227/209 324/398/364
f 325/399/365 326/400/366 213/232/214
f 327/401/367 328/402/368 326/400/366
f 322/396/361 327/401/367 325/399/365
f 326/400/366 325/399/365 327/401/367
f 212/231/213 325/399/365 213/232/214
f 320/394/359 322/396/361 325/399/365
f 207/226/208 320/394/359 212/231/213
f 325/399/365 212/231/213 320/394/359
f 329/403/369 324/398/364 205/224/206
f 105/108/105 102/105/102 324/398/364
f 6/6/6 105/108/105 329/403/369
f 324/398/364 329/403/369 105/108/105
f 214/233/215 329/403/369 205/224/206
f 330/404/370 6/6/6 329/403/369
f 211/230/212 330/404/370 214/233/215
f 329/403/369 214/233/215 330/404/370
f 331/405/371 332/406/372 219/238/220
f 333/407/373 334/408/374 332/406/372
f 328/402/368 333/407/373 331/405/371
f 332/406/372 331/405/371 333/407/373
f 218/237/219 331/405/371 219/238/220
f 326/400/366 328/402/368 331/405/371
f 213/232/214 326/400/366 218/237/219
f 331/405/371 218/237/219 326/400/366
f 335/409/375 330/404/370 211/230/212
f 4/4/4 6/6/6 330/404/370
f 5/5/5 4/4/4 335/409/375
f 330/404/370 335/409/375 4/4/4
f 220/239/221 335/409/375 211/230/212
f 336/410/376 5/5/5 335/409/375
f 217/236/218 336/410/376 220/239/221
f 335/409/375 220/239/221 336/410/376
f 337/411/377 338/412/378 339/413/379
f 340/414/380 341/415/381 338/412/378
f 342/416/382 340/414/380 337/411/377
f 338/412/378 337/411/377 340/414/380
f 343/417/383 337/411/377 339/413/379
f 344/418/384 342/416/382 337/411/377
f 345/419/385 344/418/384 343/417/383
f 337/411/377 343/417/383 344/418/384
f 299/350/326 346/420/386 300/351/327
f 332/406/372 334/408/374 346/420/386
f 219/238/220 332/406/372 299/350/326
f 346/420/386 299/350/326 332/406/372
f 301/352/328 336/410/376 217/236/218
f 10/10/10 5/5/5 336/410/376
f 11/11/11 10/10/10 301/352/328
f 336/410/376 301/352/328 10/10/10
f 347/421/387 25/25/25 27/27/27
f 348/422/388 30/30/30 25/25/25
f 349/423/389 348/422/388 347/421/387
f 25/25/25 347/421/387 348/422/388
f 350/424/390 348/422/388 349/423/389
f 351/425/391 30/30/30 348/422/388
f 352/426/392 351/425/391 350/424/390
f 348/422/388 350/424/390 351/425/391
f 353/427/393 351/425/391 352/426/392
f 354/428/394 30/30/30 351/425/391
f 355/429/395 354/428/394 353/427/393
f 351/425/391 353/427/393 354/428/394
f 356/430/396 357/431/397 358/432/398
f 359/433/399 360/434/400 357/431/397
f 23/23/23 359/433/399 356/430/396
f 357/431/397 356/430/396 359/433/399
f 361/435/401 356/430/396 358/432/398
f 21/21/21 23/23/23 356/430/396
f 22/22/22 21/21/21 361/435/401
f 356/430/396 361/435/401 21/21/21
f 362/436/402 363/437/403 22/22/22
f 364/438/404 365/439/405 363/437/403
f 366/440/406 364/438/404 362/436/402
f 363/437/403 362/436/402 364/438/404
f 367/441/407 368/442/408 369/443/409
f 370/444/410 371/445/411 368/442/408
f 360/434/400 370/444/410 367/441/407
f 368/442/408 367/441/407 370/444/410
f 372/446/412 367/441/407 369/443/409
f 357/431/397 360/434/400 367/441/407
f 358/432/398 357/431/397 372/446/412
f 367/441/407 372/446/412 357/431/397
f 373/447/413 374/448/414 375/449/415
f 58/58/58 59/59/59 374/448/414
f 27/27/27 58/58/58 373/447/413
f 374/448/414 373/447/413 58/58/58
f 376/450/416 373/447/413 375/449/415
f 347/421/387 27/27/27 373/447/413
f 349/423/389 347/421/387 376/450/416
f 373/447/413 376/450/416 347/421/387
f 377/451/417 378/452/418 379/453/419
f 376/450/416 375/449/415 378/452/418
f 349/423/389 376/450/416 377/451/417
f 378/452/418 377/451/417 376/450/416
f 380/454/420 377/451/417 379/453/419
f 350/424/390 349/423/389 377/451/417
f 352/426/392 350/424/390 380/454/420
f 377/451/417 380/454/420 350/424/390
f 381/455/421 382/456/422 383/457/423
f 380/454/420 379/453/419 382/456/422
f 352/426/392 380/454/420 381/455/421
f 382/456/422 381/455/421 380/454/420
f 384/458/424 381/455/421 383/457/423
f 353/427/393 352/426/392 381/455/421
f 355/429/395 353/427/393 384/458/424
f 381/455/421 384/458/424 353/427/393
f 385/459/425 386/460/426 387/461/427
f 384/458/424 383/457/423 386/460/426
f 355/429/395 384/458/424 385/459/425
f 386/460/426 385/459/425 384/458/424
f 388/462/428 385/459/425 387/461/427
f 389/463/429 355/429/395 385/459/425
f 390/464/430 389/463/429 388/462/428
f 385/459/425 388/462/428 389/463/429
f 391/465/431 392/466/432 393/467/433
f 388/462/428 387/461/427 392/466/432
f 390/464/430 388/462/428 391/465/431
f 392/466/432 391/465/431 388/462/428
f 394/468/434 391/465/431 393/467/433
f 395/469/435 390/464/430 391/465/431
f 396/470/436 395/469/435 394/468/434
f 391/465/431 394/468/434 395/469/435
f 397/471/437 398/472/438 399/473/439
f 394/468/434 393/467/433 398/472/438
f 396/470/436 394/468/434 397/471/437
f 398/472/438 397/471/437 394/468/434
f 400/474/440 397/471/437 399/473/439
f 401/475/441 396/470/436 397/471/437
f 402/476/442 401/475/441 400/474/440
f 397/471/437 400/474/440 401/475/441
f 403/477/443 404/478/444 405/479/445
f 400/474/440 399/473/439 404/478/444
f 402/476/442 400/474/440 403/477/443
f 404/478/444 403/477/443 400/474/440
f 406/480/446 403/477/443 405/479/445
f 407/481/447 402/476/442 403/477/443
f 408/482/448 407/481/447 406/480/446
f 403/477/443 406/480/446 407/481/447
f 389/463/429 354/428/394 355/429/395
f 409/483/449 30/30/30 354/428/394
f 390/464/430 409/483/449 389/463/429
f 354/428/394 389/463/429 409/483/449
f 410/484/450 411/485/451 95/95/95
f 406/480/446 405/479/445 411/485/451
f 408/482/448 406/480/446 410/484/450
f 411/485/451 410/484/450 406/480/446
f 94/94/94 410/484/450 95/95/95
f 412/486/452 408/482/448 410/484/450
f 97/97/97 412/486/452 94/94/94
f 410/484/450 94/94/94 412/486/452
f 395/469/435 409/483/449 390/464/430
f 413/487/453 30/30/30 409/483/449
f 396/470/436 413/487/453 395/469/435
f 409/483/449 395/469/435 413/487/453
f 414/488/454 415/489/455 416/490/456
f 16/16/16 18/18/18 415/489/455
f 17/17/17 16/16/16 414/488/454
f 415/489/455 414/488/454 16/16/16
f 417/491/457 414/488/454 416/490/456
f 418/492/458 17/17/17 414/488/454
f 419/493/459 418/492/458 417/491/457
f 414/488/454 417/491/457 418/492/458
f 401/475/441 413/487/453 396/470/436
f 420/494/460 30/30/30 413/487/453
f 402/476/442 420/494/460 401/475/441
f 413/487/453 401/475/441 420/494/460
f 421/495/461 422/496/462 342/416/382
f 417/491/457 416/490/456 422/496/462
f 419/493/459 417/491/457 421/495/461
f 422/496/462 421/495/461 417/491/457
f 423/497/463 421/495/461 342/416/382
f 424/498/464 419/493/459 421/495/461
f 425/499/465 424/498/464 423/497/463
f 421/495/461 423/497/463 424/498/464
f 426/500/466 344/418/384 345/419/385
f 423/497/463 342/416/382 344/418/384
f 425/499/465 423/497/463 426/500/466
f 344/418/384 426/500/466 423/497/463
f 427/501/467 426/500/466 345/419/385
f 428/502/468 425/499/465 426/500/466
f 429/503/469 428/502/468 427/501/467
f 426/500/466 427/501/467 428/502/468
f 430/504/470 431/505/471 121/124/121
f 427/501/467 345/419/385 431/505/471
f 429/503/469 427/501/467 430/504/470
f 431/505/471 430/504/470 427/501/467
f 120/123/120 430/504/470 121/124/121
f 432/506/472 429/503/469 430/504/470
f 123/126/123 432/506/472 120/123/120
f 430/504/470 120/123/120 432/506/472
f 433/507/473 432/506/472 123/126/123
f 434/508/474 429/503/469 432/506/472
f 405/479/445 434/508/474 433/507/473
f 432/506/472 433/507/473 434/508/474
f 126/132/126 433/507/473 123/126/123
f 411/485/451 405/479/445 433/507/473
f 95/95/95 411/485/451 126/132/126
f 433/507/473 126/132/126 411/485/451
f 435/509/475 428/502/468 429/503/469
f 436/510/476 425/499/465 428/502/468
f 399/473/439 436/510/476 435/509/475
f 428/502/468 435/509/475 436/510/476
f 434/508/474 435/509/475 429/503/469
f 404/478/444 399/473/439 435/509/475
f 405/479/445 404/478/444 434/508/474
f 435/509/475 434/508/474 404/478/444
f 437/511/477 424/498/464 425/499/465
f 438/512/478 419/493/459 424/498/464
f 393/467/433 438/512/478 437/511/477
f 424/498/464 437/511/477 438/512/478
f 436/510/476 437/511/477 425/499/465
f 398/472/438 393/467/433 437/511/477
f 399/473/439 398/472/438 436/510/476
f 437/511/477 436/510/476 398/472/438
f 439/513/479 418/492/458 419/493/459
f 440/514/480 17/17/17 418/492/458
f 387/461/427 440/514/480 439/513/479
f 418/492/458 439/513/479 440/514/480
f 438/512/478 439/513/479 419/493/459
f 392/466/432 387/461/427 439/513/479
f 393/467/433 392/466/432 438/512/478
f 439/513/479 438/512/478 392/466/432
f 441/515/481 442/516/482 371/445/411
f 137/144/137 138/145/138 442/516/482
f 59/59/59 137/144/137 441/515/481
f 442/516/482 441/515/481 137/144/137
f 443/517/483 441/515/481 371/445/411
f 374/448/414 59/59/59 441/515/481
f 375/449/415 374/448/414 443/517/483
f 441/515/481 443/517/483 374/448/414
f 444/518/484 370/444/410 360/434/400
f 443/517/483 371/445/411 370/444/410
f 375/449/415 443/517/483 444/518/484
f 370/444/410 444/518/484 443/517/483
f 445/519/485 444/518/484 360/434/400
f 378/452/418 375/449/415 444/518/484
f 379/453/419 378/452/418 445/519/485
f 444/518/484 445/519/485 378/452/418
f 407/481/447 420/494/460 402/476/442
f 446/520/486 30/30/30 420/494/460
f 408/482/448 446/520/486 407/481/447
f 420/494/460 407/481/447 446/520/486
f 447/521/487 359/433/399 23/23/23
f 445/519/485 360/434/400 359/433/399
f 379/453/419 445/519/485 447/521/487
f 359/433/399 447/521/487 445/519/485
f 448/522/488 447/521/487 23/23/23
f 382/456/422 379/453/419 447/521/487
f 383/457/423 382/456/422 448/522/488
f 447/521/487 448/522/488 382/456/422
f 412/486/452 446/520/486 408/482/448
f 144/151/144 30/30/30 446/520/486
f 97/97/97 144/151/144 412/486/452
f 446/520/486 412/486/452 144/151/144
f 449/523/489 24/24/24 17/17/17
f 448/522/488 23/23/23 24/24/24
f 383/457/423 448/522/488 449/523/489
f 24/24/24 449/523/489 448/522/488
f 440/514/480 449/523/489 17/17/17
f 386/460/426 383/457/423 449/523/489
f 387/461/427 386/460/426 440/514/480
f 449/523/489 440/514/480 386/460/426
f 450/524/490 451/525/491 148/156/148
f 452/526/492 453/527/493 451/525/491
f 454/528/494 452/526/492 450/524/490
f 451/525/491 450/524/490 452/526/492
f 147/155/147 450/524/490 148/156/148
f 455/529/495 454/530/494 450/531/490
f 150/158/150 455/529/495 147/159/147
f 450/531/490 147/159/147 455/529/495
f 456/532/496 455/529/495 150/158/150
f 457/533/497 454/530/494 455/529/495
f 458/534/498 457/533/497 456/532/496
f 455/529/495 456/532/496 457/533/497
f 156/167/156 456/532/496 150/158/150
f 459/535/499 458/534/498 456/532/496
f 158/169/158 459/535/499 156/167/156
f 456/532/496 156/167/156 459/535/499
f 460/536/500 459/535/499 158/169/158
f 461/537/501 458/534/498 459/535/499
f 462/538/502 461/537/501 460/536/500
f 459/535/499 460/536/500 461/537/501
f 162/173/162 460/536/500 158/169/158
f 463/539/503 462/538/502 460/536/500
f 164/175/164 463/539/503 162/173/162
f 460/536/500 162/173/162 463/539/503
f 464/540/504 463/539/503 164/175/164
f 465/541/505 462/538/502 463/539/503
f 466/542/506 465/541/505 464/540/504
f 463/539/503 464/540/504 465/541/505
f 467/543/507 464/540/504 164/175/164
f 468/544/508 466/542/506 464/540/504
f 469/545/509 468/544/508 467/543/507
f 464/540/504 467/543/507 468/544/508
f 470/546/510 468/547/508 469/548/509
f 471/549/511 466/550/506 468/547/508
f 472/551/512 471/549/511 470/546/510
f 468/547/508 470/546/510 471/549/511
f 473/552/513 470/546/510 469/548/509
f 474/553/514 472/551/512 470/546/510
f 475/554/515 474/553/514 473/552/513
f 470/546/510 473/552/513 474/553/514
f 476/555/516 474/553/514 475/554/515
f 477/556/517 472/551/512 474/553/514
f 365/439/405 477/557/518 476/558/516
f 474/553/514 476/555/516 477/556/518
f 478/559/519 476/555/516 475/554/515
f 363/437/403 365/439/405 476/558/516
f 22/22/22 363/437/403 478/560/519
f 476/558/516 478/560/519 363/437/403
f 479/561/520 467/543/507 164/175/164
f 480/562/521 469/545/509 467/543/507
f 481/563/522 480/562/521 479/561/520
f 467/543/507 479/561/520 480/562/521
f 183/202/184 479/561/520 164/175/164
f 482/564/523 481/563/522 479/561/520
f 185/204/186 482/564/523 183/202/184
f 479/561/520 183/202/184 482/564/523
f 483/565/524 484/566/525 339/413/379
f 195/567/526 196/568/527 484/566/525
f 193/569/338 195/567/526 483/565/524
f 484/566/525 483/565/524 195/567/526
f 485/570/528 483/565/524 339/413/379
f 486/571/529 193/569/338 483/565/524
f 487/572/530 486/571/529 485/570/528
f 483/565/524 485/570/528 486/571/529
f 488/573/531 338/412/378 341/415/381
f 485/570/528 339/413/379 338/412/378
f 487/572/530 485/570/528 488/573/531
f 338/412/378 488/573/531 485/570/528
f 489/574/532 488/573/531 341/415/381
f 490/575/533 487/572/530 488/573/531
f 244/266/249 490/575/533 489/574/532
f 488/573/531 489/574/532 490/575/533
f 491/576/534 492/577/535 493/578/536
f 489/574/532 341/415/381 492/577/535
f 244/266/249 489/574/532 491/576/534
f 492/577/535 491/576/534 489/574/532
f 494/579/537 491/576/534 493/578/536
f 241/263/246 244/266/249 491/576/534
f 242/264/247 241/263/246 494/579/537
f 491/576/534 494/579/537 241/263/246
f 495/580/538 496/581/539 497/582/540
f 494/579/537 493/578/536 496/581/539
f 242/264/247 494/579/537 495/580/538
f 496/581/539 495/580/538 494/579/537
f 498/583/541 495/580/538 497/582/540
f 286/325/304 242/264/247 495/580/538
f 257/285/264 286/325/304 498/583/541
f 495/580/538 498/583/541 286/325/304
f 499/584/542 500/585/543 233/252/235
f 498/583/541 497/582/540 500/585/543
f 257/285/264 498/583/541 499/584/542
f 500/585/543 499/584/542 498/583/541
f 501/586/544 499/584/542 233/252/235
f 254/282/261 257/285/264 499/584/542
f 255/283/262 254/282/261 501/586/544
f 499/584/542 501/586/544 254/282/261
f 502/587/545 451/525/491 453/527/493
f 503/588/546 148/156/148 451/525/491
f 504/589/547 503/588/546 502/587/545
f 451/525/491 502/587/545 503/588/546
f 505/590/548 226/245/227 148/156/148
f 442/516/482 138/145/138 226/245/227
f 371/445/411 442/516/482 505/590/548
f 226/245/227 505/590/548 442/516/482
f 506/591/549 505/590/548 148/156/148
f 368/442/408 371/445/411 505/590/548
f 369/443/409 368/442/408 506/591/549
f 505/590/548 506/591/549 368/442/408
f 507/592/550 508/593/551 365/439/405
f 502/587/545 453/527/493 508/593/551
f 504/589/547 502/587/545 507/592/550
f 508/593/551 507/592/550 502/587/545
f 364/438/404 507/592/550 365/439/405
f 509/594/552 504/589/547 507/592/550
f 366/440/406 509/594/552 364/438/404
f 507/592/550 364/438/404 509/594/552
f 361/435/401 362/436/402 22/22/22
f 510/595/553 366/440/406 362/436/402
f 358/432/398 510/595/553 361/435/401
f 362/436/402 361/435/401 510/595/553
f 511/596/554 512/597/555 513/598/556
f 259/289/266 255/283/262 512/599/555
f 261/291/268 259/292/266 511/596/554
f 512/597/555 511/596/554 259/292/266
f 514/600/557 452/526/558 454/528/559
f 515/601/560 453/527/561 452/526/558
f 516/602/562 515/601/560 514/600/557
f 452/526/558 514/600/557 515/601/560
f 517/603/563 514/600/557 454/528/559
f 518/604/564 516/602/562 514/600/557
f 519/605/565 518/604/564 517/603/563
f 514/600/557 517/603/563 518/604/564
f 520/606/566 500/585/543 497/582/540
f 231/250/233 233/252/235 500/585/543
f 15/15/15 231/250/233 520/606/566
f 500/585/543 520/606/566 231/250/233
f 521/607/567 520/606/566 497/582/540
f 13/13/13 15/15/15 520/606/566
f 18/18/18 13/13/13 521/607/567
f 520/606/566 521/607/567 13/13/13
f 522/608/568 457/533/569 458/534/570
f 517/609/563 454/530/559 457/533/569
f 519/610/565 517/609/563 522/608/568
f 457/533/569 522/608/568 517/609/563
f 523/611/571 522/608/568 458/534/570
f 524/612/572 519/610/565 522/608/568
f 525/613/573 524/612/572 523/611/571
f 522/608/568 523/611/571 524/612/572
f 526/614/574 496/581/539 493/578/536
f 521/607/567 497/582/540 496/581/539
f 18/18/18 521/607/567 526/614/574
f 496/581/539 526/614/574 521/607/567
f 527/615/575 526/614/574 493/578/536
f 415/489/455 18/18/18 526/614/574
f 416/490/456 415/489/455 527/615/575
f 526/614/574 527/615/575 415/489/455
f 528/616/576 461/537/577 462/538/578
f 523/611/571 458/534/570 461/537/577
f 525/613/573 523/611/571 528/616/576
f 461/537/577 528/616/576 523/611/571
f 529/617/579 528/616/576 462/538/578
f 530/618/580 525/613/573 528/616/576
f 531/619/581 530/618/582 529/617/579
f 528/616/576 529/617/579 530/618/582
f 532/620/583 465/541/584 466/542/585
f 529/617/579 462/538/578 465/541/584
f 531/619/581 529/617/579 532/620/583
f 465/541/584 532/620/583 529/617/579
f 533/621/586 532/622/583 466/550/585
f 534/623/587 531/619/581 532/620/583
f 535/624/588 534/625/587 533/621/586
f 532/622/583 533/621/586 534/625/587
f 536/626/589 473/552/513 469/627/590
f 537/628/591 475/554/515 473/552/513
f 538/629/592 537/628/591 536/626/589
f 473/552/513 536/626/589 537/628/591
f 539/630/593 536/626/589 469/627/590
f 540/631/594 538/629/592 536/626/589
f 541/632/595 540/631/594 539/630/593
f 536/626/589 539/630/593 540/631/594
f 542/633/596 471/549/597 472/551/598
f 533/621/586 466/550/585 471/549/597
f 535/624/588 533/621/586 542/633/596
f 471/549/597 542/633/596 533/621/586
f 543/634/599 542/633/596 472/551/598
f 544/635/600 535/624/588 542/633/596
f 545/636/601 544/635/600 543/634/599
f 542/633/596 543/634/599 544/635/600
f 537/628/591 478/559/519 475/554/515
f 546/637/602 22/22/22 478/560/519
f 538/629/592 546/638/602 537/628/591
f 478/559/519 537/628/591 546/638/602
f 547/639/603 477/556/603 365/640/603
f 543/634/599 472/551/598 477/556/604
f 545/636/601 543/634/599 547/639/605
f 477/556/604 547/639/605 543/634/599
f 548/641/606 547/639/607 365/640/608
f 549/642/609 545/636/601 547/639/605
f 550/643/610 549/642/611 548/641/606
f 547/639/607 548/641/606 549/642/611
f 551/644/612 492/577/535 341/415/381
f 527/615/575 493/578/536 492/577/535
f 416/490/456 527/615/575 551/644/612
f 492/577/535 551/644/612 527/615/575
f 340/414/380 551/644/612 341/415/381
f 422/496/462 416/490/456 551/644/612
f 342/416/382 422/496/462 340/414/380
f 551/644/612 340/414/380 422/496/462
f 552/645/613 482/646/614 185/330/615
f 553/647/616 481/648/617 482/646/614
f 554/649/618 553/647/616 552/645/613
f 482/646/614 552/645/613 553/647/616
f 555/650/619 480/651/620 481/652/617
f 539/630/593 469/627/590 480/651/620
f 541/632/595 539/630/593 555/650/619
f 480/651/620 555/650/619 539/630/593
f 553/653/616 555/650/619 481/652/617
f 556/654/621 541/632/595 555/650/619
f 554/655/618 556/654/621 553/653/616
f 555/650/619 553/653/616 556/654/621
f 557/656/622 503/588/546 504/589/547
f 506/591/549 148/156/148 503/588/546
f 369/443/623 506/591/549 557/656/622
f 503/588/546 557/656/622 506/591/549
f 558/657/624 509/594/625 366/440/406
f 557/656/622 504/589/547 509/594/625
f 369/443/623 557/656/622 558/657/624
f 509/594/625 558/657/624 557/656/622
f 510/595/553 558/657/624 366/440/406
f 372/446/412 369/443/623 558/657/624
f 358/432/398 372/446/412 510/595/553
f 558/657/624 510/595/553 372/446/412
f 559/658/626 508/593/627 453/527/561
f 548/659/628 365/439/629 508/593/627
f 550/660/630 548/659/628 559/658/626
f 508/593/627 559/658/626 548/659/628
f 515/601/560 559/658/626 453/527/561
f 560/661/631 550/660/630 559/658/626
f 516/602/562 560/662/631 515/601/560
f 559/658/626 515/601/560 560/662/631
f 561/663/632 232/251/234 22/22/22
f 501/586/544 233/252/235 232/251/234
f 255/283/262 501/586/544 561/663/632
f 232/251/234 561/663/632 501/586/544
f 562/664/633 561/663/632 22/22/22
f 512/599/555 255/283/262 561/663/632
f 513/598/556 512/597/555 562/665/633
f 561/663/632 562/664/633 512/599/555
f 563/666/634 486/571/529 487/572/530
f 307/667/337 193/569/338 486/571/529
f 306/668/635 307/667/337 563/666/634
f 486/571/529 563/666/634 307/667/337
f 564/669/636 563/666/634 487/572/530
f 565/670/637 306/671/635 563/672/634
f 566/673/638 565/670/637 564/674/636
f 563/672/634 564/674/636 565/670/637
f 308/675/639 195/676/640 193/677/641
f 310/678/642 196/679/643 195/680/640
f 121/681/644 310/682/642 308/683/639
f 195/684/640 308/685/639 310/686/642
f 307/687/645 308/688/639 193/689/641
f 309/366/646 121/365/647 308/690/639
f 306/363/648 309/362/646 307/691/645
f 308/692/639 307/693/645 309/694/646
f 567/695/649 484/566/525 196/568/527
f 343/417/383 339/413/379 484/566/525
f 345/419/385 343/417/383 567/695/649
f 484/566/525 567/695/649 343/417/383
f 310/696/650 567/695/649 196/568/527
f 431/505/471 345/419/385 567/695/649
f 121/124/651 431/505/651 310/696/651
f 567/695/649 310/696/650 431/505/471
f 568/697/652 490/575/533 244/266/249
f 564/669/636 487/572/530 490/575/533
f 566/673/638 564/674/636 568/698/652
f 490/575/533 568/697/652 564/669/636
f 243/265/248 568/697/652 244/266/249
f 569/699/653 566/673/638 568/698/652
f 245/267/250 569/699/653 243/268/248
f 568/698/652 243/268/248 569/699/653
f 570/700/654 571/701/655 572/702/656
f 573/703/657 574/704/658 571/701/655
f 575/705/659 573/703/657 570/700/654
f 571/701/655 570/700/654 573/703/657
f 576/706/660 577/707/661 578/708/662
f 570/700/654 572/702/656 577/707/661
f 575/705/659 570/700/654 576/706/660
f 577/707/661 576/706/660 570/700/654
f 579/709/663 576/706/660 578/708/662
f 580/710/664 575/705/659 576/706/660
f 581/711/665 580/710/664 579/709/663
f 576/706/660 579/709/663 580/710/664
f 582/712/666 583/713/667 584/714/668
f 585/715/669 586/716/670 583/713/667
f 587/717/671 585/715/669 582/712/666
f 583/713/667 582/712/666 585/715/669
f 588/718/672 582/712/666 584/714/668
f 589/719/673 587/717/671 582/712/666
f 590/720/674 589/719/673 588/718/672
f 582/712/666 588/718/672 589/719/673
f 591/721/675 588/718/672 584/714/668
f 592/722/676 590/720/674 588/718/672
f 593/723/677 592/722/676 591/721/675
f 588/718/672 591/721/675 592/722/676
f 594/724/678 595/725/679 596/726/680
f 597/727/681 598/728/682 595/725/679
f 599/729/683 597/727/681 594/724/678
f 595/725/679 594/724/678 597/727/681
f 600/730/684 597/727/681 599/729/683
f 601/731/685 598/728/682 597/727/681
f 602/732/686 601/731/685 600/730/684
f 597/727/681 600/730/684 601/731/685
f 603/733/687 601/731/685 602/732/686
f 604/734/688 598/728/682 601/731/685
f 605/735/689 604/734/688 603/733/687
f 601/731/685 603/733/687 604/734/688
f 606/736/690 607/737/691 608/738/692
f 609/739/693 610/740/694 607/737/691
f 578/708/662 609/739/693 606/736/690
f 607/737/691 606/736/690 609/739/693
f 611/741/695 606/736/690 608/738/692
f 579/709/663 578/708/662 606/736/690
f 581/711/665 579/709/663 611/741/695
f 606/736/690 611/741/695 579/709/663
f 612/742/696 613/743/697 581/711/665
f 614/744/698 615/745/699 613/743/697
f 616/746/700 614/744/698 612/742/696
f 613/743/697 612/742/696 614/744/698
f 617/747/701 618/748/702 619/749/703
f 620/750/704 621/751/705 618/748/702
f 610/740/694 620/750/704 617/747/701
f 618/748/702 617/747/701 620/750/704
f 622/752/706 617/747/701 619/749/703
f 607/737/691 610/740/694 617/747/701
f 608/738/692 607/737/691 622/752/706
f 617/747/701 622/752/706 607/737/691
f 623/753/707 624/754/708 625/755/709
f 626/756/710 627/757/711 624/754/708
f 596/726/680 626/756/710 623/753/707
f 624/754/708 623/753/707 626/756/710
f 628/758/712 623/753/707 625/755/709
f 594/724/678 596/726/680 623/753/707
f 599/729/683 594/724/678 628/758/712
f 623/753/707 628/758/712 594/724/678
f 629/759/713 630/760/714 631/761/715
f 628/758/712 625/755/709 630/760/714
f 599/729/683 628/758/712 629/759/713
f 630/760/714 629/759/713 628/758/712
f 632/762/716 629/759/713 631/761/715
f 600/730/684 599/729/683 629/759/713
f 602/732/686 600/730/684 632/762/716
f 629/759/713 632/762/716 600/730/684
f 633/763/717 634/764/718 635/765/719
f 632/762/716 631/761/715 634/764/718
f 602/732/686 632/762/716 633/763/717
f 634/764/718 633/763/717 632/762/716
f 636/766/720 633/763/717 635/765/719
f 603/733/687 602/732/686 633/763/717
f 605/735/689 603/733/687 636/766/720
f 633/763/717 636/766/720 603/733/687
f 637/767/721 638/768/722 639/769/723
f 636/766/720 635/765/719 638/768/722
f 605/735/689 636/766/720 637/767/721
f 638/768/722 637/767/721 636/766/720
f 640/770/724 637/767/721 639/769/723
f 641/771/725 605/735/689 637/767/721
f 642/772/726 641/771/725 640/770/724
f 637/767/721 640/770/724 641/771/725
f 643/773/727 644/774/728 645/775/729
f 640/770/724 639/769/723 644/774/728
f 642/772/726 640/770/724 643/773/727
f 644/774/728 643/773/727 640/770/724
f 646/776/730 643/773/727 645/775/729
f 647/777/731 642/772/726 643/773/727
f 648/778/732 647/777/731 646/776/730
f 643/773/727 646/776/730 647/777/731
f 649/779/733 650/780/734 651/781/735
f 646/776/730 645/775/729 650/780/734
f 648/778/732 646/776/730 649/779/733
f 650/780/734 649/779/733 646/776/730
f 652/782/736 649/779/733 651/781/735
f 653/783/737 648/778/732 649/779/733
f 654/784/738 653/783/737 652/782/736
f 649/779/733 652/782/736 653/783/737
f 655/785/739 656/786/740 657/787/741
f 652/782/736 651/781/735 656/786/740
f 654/784/738 652/782/736 655/785/739
f 656/786/740 655/785/739 652/782/736
f 658/788/742 655/785/739 657/787/741
f 659/789/743 654/784/738 655/785/739
f 660/790/744 659/789/743 658/788/742
f 655/785/739 658/788/742 659/789/743
f 641/771/725 604/734/688 605/735/689
f 661/791/745 598/728/682 604/734/688
f 642/772/726 661/791/745 641/771/725
f 604/734/688 641/771/725 661/791/745
f 662/792/746 663/793/747 664/794/748
f 658/788/742 657/787/741 663/793/747
f 660/790/744 658/788/742 662/792/746
f 663/793/747 662/792/746 658/788/742
f 665/795/749 662/792/746 664/794/748
f 666/796/750 660/790/744 662/792/746
f 667/797/751 666/796/750 665/795/749
f 662/792/746 665/795/749 666/796/750
f 647/777/731 661/791/745 642/772/726
f 668/798/752 598/728/682 661/791/745
f 648/778/732 668/798/752 647/777/731
f 661/791/745 647/777/731 668/798/752
f 669/799/753 670/800/754 671/801/755
f 571/701/655 574/704/658 670/800/754
f 572/702/656 571/701/655 669/799/753
f 670/800/754 669/799/753 571/701/655
f 672/802/756 669/799/753 671/801/755
f 673/803/757 572/702/656 669/799/753
f 674/804/758 673/803/757 672/802/756
f 669/799/753 672/802/756 673/803/757
f 653/783/737 668/798/752 648/778/732
f 675/805/759 598/728/682 668/798/752
f 654/784/738 675/805/759 653/783/737
f 668/798/752 653/783/737 675/805/759
f 676/806/760 677/807/761 678/808/762
f 672/802/756 671/801/755 677/807/761
f 674/804/758 672/802/756 676/806/760
f 677/807/761 676/806/760 672/802/756
f 679/809/763 676/806/760 678/808/762
f 680/810/764 674/804/758 676/806/760
f 681/811/765 680/810/764 679/809/763
f 676/806/760 679/809/763 680/810/764
f 682/812/766 683/813/767 684/814/768
f 679/809/763 678/808/762 683/813/767
f 681/811/765 679/809/763 682/812/766
f 683/813/767 682/812/766 679/809/763
f 685/815/769 682/812/766 684/814/768
f 686/816/770 681/811/765 682/812/766
f 687/817/771 686/816/770 685/815/769
f 682/812/766 685/815/769 686/816/770
f 688/818/772 689/819/773 690/820/774
f 685/815/769 684/814/768 689/819/773
f 687/817/771 685/815/769 688/818/772
f 689/819/773 688/818/772 685/815/769
f 691/821/775 688/818/772 690/820/774
f 692/822/776 687/817/771 688/818/772
f 693/823/777 692/822/776 691/821/775
f 688/818/772 691/821/775 692/822/776
f 694/824/778 692/822/776 693/823/777
f 695/825/779 687/817/771 692/822/776
f 657/787/741 695/825/779 694/824/778
f 692/822/776 694/824/778 695/825/779
f 696/826/780 694/824/778 693/823/777
f 663/793/747 657/787/741 694/824/778
f 664/794/748 663/793/747 696/826/780
f 694/824/778 696/826/780 663/793/747
f 697/827/781 686/816/770 687/817/771
f 698/828/782 681/811/765 686/816/770
f 651/781/735 698/828/782 697/827/781
f 686/816/770 697/827/781 698/828/782
f 695/825/779 697/827/781 687/817/771
f 656/786/740 651/781/735 697/827/781
f 657/787/741 656/786/740 695/825/779
f 697/827/781 695/825/779 656/786/740
f 699/829/783 680/810/764 681/811/765
f 700/830/784 674/804/758 680/810/764
f 645/775/729 700/830/784 699/829/783
f 680/810/764 699/829/783 700/830/784
f 698/828/782 699/829/783 681/811/765
f 650/780/734 645/775/729 699/829/783
f 651/781/735 650/780/734 698/828/782
f 699/829/783 698/828/782 650/780/734
f 701/831/785 673/803/757 674/804/758
f 702/832/786 572/702/656 673/803/757
f 639/769/723 702/832/786 701/831/785
f 673/803/757 701/831/785 702/832/786
f 700/830/784 701/831/785 674/804/758
f 644/774/728 639/769/723 701/831/785
f 645/775/729 644/774/728 700/830/784
f 701/831/785 700/830/784 644/774/728
f 703/833/787 704/834/788 621/751/705
f 705/835/789 706/836/790 704/834/788
f 627/757/711 705/835/789 703/833/787
f 704/834/788 703/833/787 705/835/789
f 707/837/791 703/833/787 621/751/705
f 624/754/708 627/757/711 703/833/787
f 625/755/709 624/754/708 707/837/791
f 703/833/787 707/837/791 624/754/708
f 708/838/792 620/750/704 610/740/694
f 707/837/791 621/751/705 620/750/704
f 625/755/709 707/837/791 708/838/792
f 620/750/704 708/838/792 707/837/791
f 709/839/793 708/838/792 610/740/694
f 630/760/714 625/755/709 708/838/792
f 631/761/715 630/760/714 709/839/793
f 708/838/792 709/839/793 630/760/714
f 659/789/743 675/805/759 654/784/738
f 710/840/794 598/728/682 675/805/759
f 660/790/744 710/840/794 659/789/743
f 675/805/759 659/789/743 710/840/794
f 711/841/795 609/739/693 578/708/662
f 709/839/793 610/740/694 609/739/693
f 631/761/715 709/839/793 711/841/795
f 609/739/693 711/841/795 709/839/793
f 712/842/796 711/841/795 578/708/662
f 634/764/718 631/761/715 711/841/795
f 635/765/719 634/764/718 712/842/796
f 711/841/795 712/842/796 634/764/718
f 666/796/750 710/840/794 660/790/744
f 713/843/797 598/728/682 710/840/794
f 667/797/751 713/843/797 666/796/750
f 710/840/794 666/796/750 713/843/797
f 714/844/798 577/707/661 572/702/656
f 712/842/796 578/708/662 577/707/661
f 635/765/719 712/842/796 714/844/798
f 577/707/661 714/844/798 712/842/796
f 702/832/786 714/844/798 572/702/656
f 638/768/722 635/765/719 714/844/798
f 639/769/723 638/768/722 702/832/786
f 714/844/798 702/832/786 638/768/722
f 715/845/799 716/846/800 717/847/801
f 718/848/802 719/849/803 716/846/800
f 720/850/804 718/848/802 715/845/799
f 716/846/800 715/845/799 718/848/802
f 721/851/805 715/845/799 717/847/801
f 722/852/806 720/850/804 715/845/799
f 723/853/807 722/852/806 721/851/805
f 715/845/799 721/851/805 722/852/806
f 724/854/808 722/852/806 723/853/807
f 725/855/809 720/850/804 722/852/806
f 726/856/810 725/855/809 724/854/808
f 722/852/806 724/854/808 725/855/809
f 727/857/811 724/854/808 723/853/807
f 728/858/812 726/856/810 724/854/808
f 729/859/813 728/858/812 727/857/811
f 724/854/808 727/857/811 728/858/812
f 730/860/814 728/858/812 729/859/813
f 731/861/815 726/856/810 728/858/812
f 732/862/816 731/861/815 730/860/814
f 728/858/812 730/860/814 731/861/815
f 733/863/817 730/860/814 729/859/813
f 734/864/818 732/862/816 730/860/814
f 735/865/819 734/864/818 733/863/817
f 730/860/814 733/863/817 734/864/818
f 736/866/820 734/864/818 735/865/819
f 737/867/821 732/862/816 734/864/818
f 738/868/822 737/867/821 736/866/820
f 734/864/818 736/866/820 737/867/821
f 739/869/823 736/866/820 735/865/819
f 740/870/824 738/868/822 736/866/820
f 741/871/825 740/870/824 739/869/823
f 736/866/820 739/869/823 740/870/824
f 742/872/826 740/870/824 741/871/825
f 743/873/827 738/868/822 740/870/824
f 744/874/828 743/873/827 742/872/826
f 740/870/824 742/872/826 743/873/827
f 745/875/829 742/872/826 741/871/825
f 746/876/830 744/874/828 742/872/826
f 747/877/831 746/876/830 745/875/829
f 742/872/826 745/875/829 746/876/830
f 748/878/832 746/879/830 747/880/831
f 749/881/833 744/882/828 746/879/830
f 615/745/699 749/881/833 748/878/832
f 746/879/830 748/878/832 749/881/833
f 750/883/834 748/878/832 747/880/831
f 613/743/697 615/745/699 748/878/832
f 581/711/665 613/743/697 750/883/834
f 748/878/832 750/883/834 613/743/697
f 751/884/835 739/869/823 735/865/819
f 752/885/836 741/871/825 739/869/823
f 753/886/837 752/885/836 751/884/835
f 739/869/823 751/884/835 752/885/836
f 754/887/838 751/884/835 735/865/819
f 755/888/839 753/886/837 751/884/835
f 756/889/840 755/888/839 754/887/838
f 751/884/835 754/887/838 755/888/839
f 757/890/841 758/891/842 759/892/843
f 760/893/844 761/894/845 758/891/842
f 762/895/846 760/893/844 757/890/841
f 758/891/842 757/890/841 760/893/844
f 763/896/847 757/890/841 759/892/843
f 764/897/848 762/895/846 757/890/841
f 765/898/849 764/897/848 763/896/847
f 757/890/841 763/896/847 764/897/848
f 766/899/850 767/900/851 768/901/852
f 763/896/847 759/892/843 767/900/851
f 765/898/849 763/896/847 766/899/850
f 767/900/851 766/899/850 763/896/847
f 769/902/853 766/899/850 768/901/852
f 770/903/854 765/898/849 766/899/850
f 771/904/855 770/903/854 769/902/853
f 766/899/850 769/902/853 770/903/854
f 772/905/856 773/906/857 774/907/858
f 769/902/853 768/901/852 773/906/857
f 771/904/855 769/902/853 772/905/856
f 773/906/857 772/905/856 769/902/853
f 775/908/859 772/905/856 774/907/858
f 776/909/860 771/904/855 772/905/856
f 777/910/861 776/909/860 775/908/859
f 772/905/856 775/908/859 776/909/860
f 778/911/862 779/912/863 780/913/864
f 775/908/859 774/907/858 779/912/863
f 777/910/861 775/908/859 778/911/862
f 779/912/863 778/911/862 775/908/859
f 781/914/865 778/911/862 780/913/864
f 782/915/866 777/910/861 778/911/862
f 783/916/867 782/915/866 781/914/865
f 778/911/862 781/914/865 782/915/866
f 784/917/868 785/918/869 786/919/870
f 781/914/865 780/913/864 785/918/869
f 783/916/867 781/914/865 784/917/868
f 785/918/869 784/917/868 781/914/865
f 787/920/871 784/917/868 786/919/870
f 788/921/872 783/916/867 784/917/868
f 789/922/873 788/921/872 787/920/871
f 784/917/868 787/920/871 788/921/872
f 790/923/874 716/846/800 719/849/803
f 791/924/875 717/847/801 716/846/800
f 792/925/876 791/924/875 790/923/874
f 716/846/800 790/923/874 791/924/875
f 793/926/877 794/927/878 717/847/801
f 704/834/788 706/836/790 794/927/878
f 621/751/705 704/834/788 793/926/877
f 794/927/878 793/926/877 704/834/788
f 795/928/879 793/926/877 717/847/801
f 618/748/702 621/751/705 793/926/877
f 619/749/703 618/748/702 795/928/879
f 793/926/877 795/928/879 618/748/702
f 796/929/880 797/930/881 615/745/699
f 790/923/874 719/849/803 797/930/881
f 792/925/876 790/923/874 796/929/880
f 797/930/881 796/929/880 790/923/874
f 614/744/698 796/929/880 615/745/699
f 798/931/882 792/925/876 796/929/880
f 616/746/700 798/931/882 614/744/698
f 796/929/880 614/744/698 798/931/882
f 611/741/695 612/742/696 581/711/665
f 799/932/883 616/746/700 612/742/696
f 608/738/692 799/932/883 611/741/695
f 612/742/696 611/741/695 799/932/883
f 800/933/884 801/934/885 802/935/886
f 591/721/675 584/714/668 801/934/885
f 593/723/677 591/721/675 800/933/884
f 801/934/885 800/933/884 591/721/675
f 803/936/887 718/848/888 720/850/889
f 804/937/890 719/849/891 718/848/888
f 805/938/892 804/937/890 803/936/887
f 718/848/888 803/936/887 804/937/890
f 806/939/893 803/936/887 720/850/889
f 807/940/894 805/938/892 803/936/887
f 808/941/895 807/940/894 806/939/893
f 803/936/887 806/939/893 807/940/894
f 809/942/896 810/943/897 811/944/898
f 812/945/899 813/946/900 810/943/897
f 814/947/901 812/945/899 809/942/896
f 810/943/897 809/942/896 812/945/899
f 815/948/902 809/942/896 811/944/898
f 816/949/903 814/947/901 809/942/896
f 817/950/904 816/949/903 815/948/902
f 809/942/896 815/948/902 816/949/903
f 818/951/905 725/855/906 726/856/907
f 806/939/893 720/850/889 725/855/906
f 808/941/895 806/939/893 818/951/905
f 725/855/906 818/951/905 806/939/893
f 819/952/908 818/951/905 726/856/907
f 820/953/909 808/941/895 818/951/905
f 821/954/910 820/953/909 819/952/908
f 818/951/905 819/952/908 820/953/909
f 822/955/911 823/956/912 824/957/913
f 825/958/914 826/959/915 823/956/912
f 827/960/916 825/958/914 822/955/911
f 823/956/912 822/955/911 825/958/914
f 828/961/917 822/955/911 824/957/913
f 829/962/918 827/960/916 822/955/911
f 830/963/919 829/962/918 828/961/917
f 822/955/911 828/961/917 829/962/918
f 831/964/920 731/861/921 732/862/922
f 819/952/908 726/856/907 731/861/923
f 821/954/910 819/952/908 831/964/924
f 731/861/923 831/964/924 819/952/908
f 832/965/925 831/964/920 732/862/922
f 833/966/926 821/954/910 831/964/924
f 834/967/927 833/966/928 832/965/925
f 831/964/920 832/965/925 833/966/928
f 835/968/929 737/867/930 738/868/931
f 832/965/925 732/862/922 737/867/930
f 834/967/927 832/965/925 835/968/929
f 737/867/930 835/968/929 832/965/925
f 836/969/932 835/968/929 738/868/931
f 837/970/933 834/967/927 835/968/929
f 838/971/934 837/970/933 836/969/932
f 835/968/929 836/969/932 837/970/933
f 839/972/935 745/875/829 741/871/936
f 840/973/937 747/877/831 745/875/829
f 841/974/938 840/973/937 839/972/935
f 745/875/829 839/972/935 840/973/937
f 842/975/939 839/972/935 741/871/936
f 843/976/940 841/974/938 839/972/935
f 844/977/941 843/976/940 842/975/939
f 839/972/935 842/975/939 843/976/940
f 845/978/942 743/873/943 744/874/944
f 836/969/932 738/868/931 743/873/943
f 838/971/934 836/969/932 845/978/942
f 743/873/943 845/978/942 836/969/932
f 846/979/945 845/978/942 744/874/944
f 847/980/946 838/971/934 845/978/942
f 848/981/947 847/980/946 846/979/945
f 845/978/942 846/979/945 847/980/946
f 840/982/937 750/883/834 747/880/831
f 849/983/948 581/711/665 750/883/834
f 841/984/938 849/983/948 840/982/937
f 750/883/834 840/982/937 849/983/948
f 850/985/949 749/881/950 615/745/951
f 846/986/945 744/882/944 749/881/950
f 848/987/947 846/986/945 850/985/949
f 749/881/950 850/985/949 846/986/945
f 851/988/952 850/985/949 615/745/951
f 852/989/953 848/987/947 850/985/949
f 853/990/954 852/989/955 851/988/952
f 850/985/949 851/988/952 852/989/955
f 854/991/956 829/962/918 830/963/919
f 855/992/957 827/960/916 829/962/918
f 813/946/900 855/992/957 854/991/956
f 829/962/918 854/991/956 855/992/957
f 856/993/958 854/991/956 830/963/919
f 810/943/897 813/946/900 854/991/956
f 811/944/898 810/943/897 856/993/958
f 854/991/956 856/993/958 810/943/897
f 857/994/959 755/888/960 756/889/961
f 858/995/962 753/886/837 755/888/960
f 859/996/963 858/995/962 857/994/959
f 755/888/960 857/994/959 858/995/962
f 860/997/964 752/885/836 753/886/837
f 842/975/939 741/871/936 752/885/836
f 844/977/941 842/975/939 860/997/964
f 752/885/836 860/997/964 842/975/939
f 858/995/962 860/997/964 753/886/837
f 861/998/965 844/977/941 860/997/964
f 859/996/963 861/998/965 858/995/962
f 860/997/964 858/995/962 861/998/965
f 862/999/966 791/924/875 792/925/876
f 795/928/879 717/847/801 791/924/875
f 619/749/967 795/928/879 862/999/966
f 791/924/875 862/999/966 795/928/879
f 863/1000/968 798/931/969 616/746/700
f 862/999/966 792/925/876 798/931/969
f 619/749/967 862/999/966 863/1000/968
f 798/931/969 863/1000/968 862/999/966
f 799/932/883 863/1000/968 616/746/700
f 622/752/706 619/749/967 863/1000/968
f 608/738/692 622/752/706 799/932/883
f 863/1000/968 799/932/883 622/752/706
f 864/1001/970 797/930/971 719/849/891
f 851/988/972 615/745/973 797/930/971
f 853/990/974 851/988/972 864/1001/970
f 797/930/971 864/1001/970 851/988/972
f 804/937/890 864/1001/970 719/849/891
f 865/1002/975 853/990/974 864/1001/970
f 805/938/892 865/1002/975 804/937/890
f 864/1001/970 804/937/890 865/1002/975
f 866/1003/976 867/1004/977 581/711/665
f 787/920/871 786/919/870 867/1004/977
f 789/922/873 787/920/871 866/1003/976
f 867/1004/977 866/1003/976 787/920/871
f 868/1005/978 866/1003/976 581/711/665
f 869/1006/979 789/922/873 866/1003/976
f 870/1007/980 869/1006/979 868/1005/978
f 866/1003/976 868/1005/978 869/1006/979
f 871/1008/981 764/897/848 765/898/849
f 872/1009/982 762/895/846 764/897/848
f 873/1010/983 872/1009/982 871/1008/981
f 764/897/848 871/1008/981 872/1009/982
f 874/1011/984 871/1008/981 765/898/849
f 875/1012/985 873/1010/983 871/1008/981
f 876/1013/986 875/1012/985 874/1011/984
f 871/1008/981 874/1011/984 875/1012/985
f 877/1014/987 760/1015/988 762/1016/989
f 878/1017/990 761/1018/991 760/1019/988
f 690/1020/992 878/1021/990 877/1022/987
f 760/1023/988 877/1024/987 878/1025/990
f 872/1026/993 877/1027/987 762/1028/989
f 879/1029/994 690/1030/992 877/1031/987
f 873/1032/995 879/1033/994 872/1034/993
f 877/1035/987 872/1036/993 879/1037/994
f 880/1038/996 758/891/842 761/894/845
f 881/1039/997 759/892/843 758/891/842
f 684/814/768 881/1039/997 880/1038/996
f 758/891/842 880/1038/996 881/1039/997
f 878/1040/998 880/1038/996 761/894/845
f 689/819/773 684/814/768 880/1038/996
f 690/820/999 689/819/999 878/1040/999
f 880/1038/996 878/1040/998 689/819/773
f 882/1041/1000 770/903/854 771/904/855
f 874/1011/984 765/898/849 770/903/854
f 876/1013/986 874/1011/984 882/1041/1000
f 770/903/854 882/1041/1000 874/1011/984
f 883/1042/1001 882/1041/1000 771/904/855
f 884/1043/1002 876/1013/986 882/1041/1000
f 885/1044/1003 884/1043/1002 883/1042/1001
f 882/1041/1000 883/1042/1001 884/1043/1002
f 886/1045/1004 767/900/851 759/892/843
f 887/1046/1005 768/901/852 767/900/851
f 678/808/762 887/1046/1005 886/1045/1004
f 767/900/851 886/1045/1004 887/1046/1005
f 881/1039/997 886/1045/1004 759/892/843
f 683/813/767 678/808/762 886/1045/1004
f 684/814/768 683/813/767 881/1039/997
f 886/1045/1004 881/1039/997 683/813/767
f 888/1047/1006 776/909/860 777/910/861
f 883/1042/1001 771/904/855 776/909/860
f 885/1044/1003 883/1042/1001 888/1047/1006
f 776/909/860 888/1047/1006 883/1042/1001
f 889/1048/1007 888/1047/1006 777/910/861
f 890/1049/1008 885/1044/1003 888/1047/1006
f 891/1050/1009 890/1049/1008 889/1048/1007
f 888/1047/1006 889/1048/1007 890/1049/1008
f 892/1051/1010 773/906/857 768/901/852
f 893/1052/1011 774/907/858 773/906/857
f 671/801/755 893/1052/1011 892/1051/1010
f 773/906/857 892/1051/1010 893/1052/1011
f 887/1046/1005 892/1051/1010 768/901/852
f 677/807/761 671/801/755 892/1051/1010
f 678/808/762 677/807/761 887/1046/1005
f 892/1051/1010 887/1046/1005 677/807/761
f 894/1053/1012 782/915/866 783/916/867
f 889/1048/1007 777/910/861 782/915/866
f 891/1050/1009 889/1048/1007 894/1053/1012
f 782/915/866 894/1053/1012 889/1048/1007
f 895/1054/1013 894/1053/1012 783/916/867
f 896/1055/1014 891/1050/1009 894/1053/1012
f 897/1056/1015 896/1055/1014 895/1054/1013
f 894/1053/1012 895/1054/1013 896/1055/1014
f 898/1057/1016 779/912/863 774/907/858
f 899/1058/1017 780/913/864 779/912/863
f 574/704/658 899/1058/1017 898/1057/1016
f 779/912/863 898/1057/1016 899/1058/1017
f 893/1052/1011 898/1057/1016 774/907/858
f 670/800/754 574/704/658 898/1057/1016
f 671/801/755 670/800/754 893/1052/1011
f 898/1057/1016 893/1052/1011 670/800/754
f 900/1059/1018 788/921/872 789/922/873
f 895/1054/1013 783/916/867 788/921/872
f 897/1056/1015 895/1054/1013 900/1059/1018
f 788/921/872 900/1059/1018 895/1054/1013
f 901/1060/1019 900/1059/1018 789/922/873
f 902/1061/1020 897/1056/1015 900/1059/1018
f 903/1062/1021 902/1061/1020 901/1060/1019
f 900/1059/1018 901/1060/1019 902/1061/1020
f 904/1063/1022 785/918/869 780/913/864
f 905/1064/1023 786/919/870 785/918/869
f 575/705/659 905/1064/1023 904/1063/1022
f 785/918/869 904/1063/1022 905/1064/1023
f 899/1058/1017 904/1063/1022 780/913/864
f 573/703/657 575/705/659 904/1063/1022
f 574/704/658 573/703/657 899/1058/1017
f 904/1063/1022 899/1058/1017 573/703/657
f 906/1065/1024 907/1066/1025 908/1067/1026
f 909/1068/1027 910/1069/1028 907/1066/1025
f 911/1070/1029 909/1068/1027 906/1065/1024
f 907/1066/1025 906/1065/1024 909/1068/1027
f 912/1071/1030 906/1065/1024 908/1067/1026
f 913/1072/1031 911/1070/1029 906/1065/1024
f 914/1073/1032 913/1072/1031 912/1071/1030
f 906/1065/1024 912/1071/1030 913/1072/1031
f 915/1074/1033 869/1006/979 870/1007/980
f 901/1060/1019 789/922/873 869/1006/979
f 903/1062/1021 901/1060/1019 915/1074/1033
f 869/1006/979 915/1074/1033 901/1060/1019
f 905/1064/1023 867/1004/977 786/919/870
f 580/710/664 581/711/665 867/1004/977
f 575/705/659 580/710/664 905/1064/1023
f 867/1004/977 905/1064/1023 580/710/664
f 595/725/679 916/1075/1034 596/726/680
f 917/1076/1035 918/1077/1036 916/1075/1034
f 598/728/682 917/1076/1035 595/725/679
f 916/1075/1034 595/725/679 917/1076/1035
f 917/1076/1035 919/1078/1037 918/1077/1036
f 920/1079/1038 921/1080/1039 919/1078/1037
f 598/728/682 920/1079/1038 917/1076/1035
f 919/1078/1037 917/1076/1035 920/1079/1038
f 920/1079/1038 922/1081/1040 921/1080/1039
f 923/1082/1041 924/1083/1042 922/1081/1040
f 598/728/682 923/1082/1041 920/1079/1038
f 922/1081/1040 920/1079/1038 923/1082/1041
f 925/1084/1043 926/1085/1044 927/1086/1045
f 592/722/676 593/723/677 926/1085/1044
f 590/720/674 592/722/676 925/1084/1043
f 926/1085/1044 925/1084/1043 592/722/676
f 928/1087/1046 925/1084/1043 927/1086/1045
f 929/1088/1047 590/720/674 925/1084/1043
f 930/1089/1048 929/1088/1047 928/1087/1046
f 925/1084/1043 928/1087/1046 929/1088/1047
f 931/1090/1049 932/1091/1050 593/723/677
f 933/1092/1051 934/1093/1052 932/1091/1050
f 935/1094/1053 933/1092/1051 931/1090/1049
f 932/1091/1050 931/1090/1049 933/1092/1051
f 936/1095/1054 937/1096/1055 938/1097/1056
f 928/1087/1046 927/1086/1045 937/1096/1055
f 930/1089/1048 928/1087/1046 936/1095/1054
f 937/1096/1055 936/1095/1054 928/1087/1046
f 939/1098/1057 936/1095/1054 938/1097/1056
f 940/1099/1058 930/1089/1048 936/1095/1054
f 941/1100/1059 940/1099/1058 939/1098/1057
f 936/1095/1054 939/1098/1057 940/1099/1058
f 942/1101/1060 943/1102/1061 944/1103/1062
f 916/1075/1034 918/1077/1036 943/1102/1061
f 596/726/680 916/1075/1034 942/1101/1060
f 943/1102/1061 942/1101/1060 916/1075/1034
f 945/1104/1063 942/1101/1060 944/1103/1062
f 626/756/710 596/726/680 942/1101/1060
f 627/757/711 626/756/710 945/1104/1063
f 942/1101/1060 945/1104/1063 626/756/710
f 946/1105/1064 947/1106/1065 948/1107/1066
f 919/1078/1037 921/1080/1039 947/1106/1065
f 918/1077/1036 919/1078/1037 946/1105/1064
f 947/1106/1065 946/1105/1064 919/1078/1037
f 949/1108/1067 946/1105/1064 948/1107/1066
f 943/1102/1061 918/1077/1036 946/1105/1064
f 944/1103/1062 943/1102/1061 949/1108/1067
f 946/1105/1064 949/1108/1067 943/1102/1061
f 950/1109/1068 951/1110/1069 952/1111/1070
f 922/1081/1040 924/1083/1042 951/1110/1069
f 921/1080/1039 922/1081/1040 950/1109/1068
f 951/1110/1069 950/1109/1068 922/1081/1040
f 953/1112/1071 950/1109/1068 952/1111/1070
f 947/1106/1065 921/1080/1039 950/1109/1068
f 948/1107/1066 947/1106/1065 953/1112/1071
f 950/1109/1068 953/1112/1071 947/1106/1065
f 954/1113/1072 955/1114/1073 956/1115/1074
f 957/1116/1075 958/1117/1076 955/1114/1073
f 924/1083/1042 957/1116/1075 954/1113/1072
f 955/1114/1073 954/1113/1072 957/1116/1075
f 959/1118/1077 954/1113/1072 956/1115/1074
f 951/1110/1069 924/1083/1042 954/1113/1072
f 952/1111/1070 951/1110/1069 959/1118/1077
f 954/1113/1072 959/1118/1077 951/1110/1069
f 960/1119/1078 961/1120/1079 962/1121/1080
f 963/1122/1081 964/1123/1082 961/1120/1079
f 958/1117/1076 963/1122/1081 960/1119/1078
f 961/1120/1079 960/1119/1078 963/1122/1081
f 965/1124/1083 960/1119/1078 962/1121/1080
f 955/1114/1073 958/1117/1076 960/1119/1078
f 956/1115/1074 955/1114/1073 965/1124/1083
f 960/1119/1078 965/1124/1083 955/1114/1073
f 966/1125/1084 967/1126/1085 968/1127/1086
f 969/1128/1087 970/1129/1088 967/1126/1085
f 964/1123/1082 969/1128/1087 966/1125/1084
f 967/1126/1085 966/1125/1084 969/1128/1087
f 971/1130/1089 966/1125/1084 968/1127/1086
f 961/1120/1079 964/1123/1082 966/1125/1084
f 962/1121/1080 961/1120/1079 971/1130/1089
f 966/1125/1084 971/1130/1089 961/1120/1079
f 972/1131/1090 973/1132/1091 974/1133/1092
f 975/1134/1093 976/1135/1094 973/1132/1091
f 970/1129/1088 975/1134/1093 972/1131/1090
f 973/1132/1091 972/1131/1090 975/1134/1093
f 977/1136/1095 972/1131/1090 974/1133/1092
f 967/1126/1085 970/1129/1088 972/1131/1090
f 968/1127/1086 967/1126/1085 977/1136/1095
f 972/1131/1090 977/1136/1095 967/1126/1085
f 923/1082/1041 957/1116/1075 924/1083/1042
f 978/1137/1096 958/1117/1076 957/1116/1075
f 598/728/682 978/1137/1096 923/1082/1041
f 957/1116/1075 923/1082/1041 978/1137/1096
f 979/1138/1097 665/1139/749 664/1140/748
f 980/1141/1098 667/1142/751 665/1139/749
f 976/1135/1094 980/1141/1098 979/1138/1097
f 665/1139/749 979/1138/1097 980/1141/1098
f 981/1143/1099 979/1138/1097 664/1140/748
f 973/1132/1091 976/1135/1094 979/1138/1097
f 974/1133/1092 973/1132/1091 981/1143/1099
f 979/1138/1097 981/1143/1099 973/1132/1091
f 978/1137/1096 963/1122/1081 958/1117/1076
f 982/1144/1100 964/1123/1082 963/1122/1081
f 598/728/682 982/1144/1100 978/1137/1096
f 963/1122/1081 978/1137/1096 982/1144/1100
f 983/1145/1101 984/1146/1102 985/1147/1103
f 986/1148/1104 987/1149/1105 984/1146/1102
f 587/717/671 986/1148/1104 983/1145/1101
f 984/1146/1102 983/1145/1101 986/1148/1104
f 988/1150/1106 983/1145/1101 985/1147/1103
f 585/715/669 587/717/671 983/1145/1101
f 586/716/670 585/715/669 988/1150/1106
f 983/1145/1101 988/1150/1106 585/715/669
f 982/1144/1100 969/1128/1087 964/1123/1082
f 989/1151/1107 970/1129/1088 969/1128/1087
f 598/728/682 989/1151/1107 982/1144/1100
f 969/1128/1087 982/1144/1100 989/1151/1107
f 990/1152/1108 991/1153/1109 911/1070/1029
f 992/1154/1110 993/1155/1111 991/1153/1109
f 987/1149/1105 992/1154/1110 990/1152/1108
f 991/1153/1109 990/1152/1108 992/1154/1110
f 994/1156/1112 990/1152/1108 911/1070/1029
f 984/1146/1102 987/1149/1105 990/1152/1108
f 985/1147/1103 984/1146/1102 994/1156/1112
f 990/1152/1108 994/1156/1112 984/1146/1102
f 995/1157/1113 996/1158/1114 910/1069/1028
f 997/1159/1115 998/1160/1116 996/1158/1114
f 993/1155/1111 997/1159/1115 995/1157/1113
f 996/1158/1114 995/1157/1113 997/1159/1115
f 909/1068/1027 995/1157/1113 910/1069/1028
f 991/1153/1109 993/1155/1111 995/1157/1113
f 911/1070/1029 991/1153/1109 909/1068/1027
f 995/1157/1113 909/1068/1027 991/1153/1109
f 999/1161/1117 691/1162/775 690/1163/774
f 1000/1164/1118 693/1165/777 691/1162/775
f 998/1160/1116 1000/1164/1118 999/1161/1117
f 691/1162/775 999/1161/1117 1000/1164/1118
f 1001/1166/1119 999/1161/1117 690/1163/774
f 996/1158/1114 998/1160/1116 999/1161/1117
f 910/1069/1028 996/1158/1114 1001/1166/1119
f 999/1161/1117 1001/1166/1119 996/1158/1114
f 1002/1167/1120 696/1168/780 693/1165/777
f 981/1143/1099 664/1140/748 696/1168/780
f 974/1133/1092 981/1143/1099 1002/1167/1120
f 696/1168/780 1002/1167/1120 981/1143/1099
f 1000/1164/1118 1002/1167/1120 693/1165/777
f 1003/1169/1121 974/1133/1092 1002/1167/1120
f 998/1160/1116 1003/1169/1121 1000/1164/1118
f 1002/1167/1120 1000/1164/1118 1003/1169/1121
f 1004/1170/1122 1003/1169/1121 998/1160/1116
f 977/1136/1095 974/1133/1092 1003/1169/1121
f 968/1127/1086 977/1136/1095 1004/1170/1122
f 1003/1169/1121 1004/1170/1122 977/1136/1095
f 997/1159/1115 1004/1170/1122 998/1160/1116
f 1005/1171/1123 968/1127/1086 1004/1170/1122
f 993/1155/1111 1005/1171/1123 997/1159/1115
f 1004/1170/1122 997/1159/1115 1005/1171/1123
f 1006/1172/1124 1005/1171/1123 993/1155/1111
f 971/1130/1089 968/1127/1086 1005/1171/1123
f 962/1121/1080 971/1130/1089 1006/1172/1124
f 1005/1171/1123 1006/1172/1124 971/1130/1089
f 992/1154/1110 1006/1172/1124 993/1155/1111
f 1007/1173/1125 962/1121/1080 1006/1172/1124
f 987/1149/1105 1007/1173/1125 992/1154/1110
f 1006/1172/1124 992/1154/1110 1007/1173/1125
f 1008/1174/1126 1007/1173/1125 987/1149/1105
f 965/1124/1083 962/1121/1080 1007/1173/1125
f 956/1115/1074 965/1124/1083 1008/1174/1126
f 1007/1173/1125 1008/1174/1126 965/1124/1083
f 986/1148/1104 1008/1174/1126 987/1149/1105
f 1009/1175/1127 956/1115/1074 1008/1174/1126
f 587/717/671 1009/1175/1127 986/1148/1104
f 1008/1174/1126 986/1148/1104 1009/1175/1127
f 1010/1176/1128 1011/1177/1129 941/1100/1059
f 945/1104/1063 944/1103/1062 1011/1177/1129
f 627/757/711 945/1104/1063 1010/1176/1128
f 1011/1177/1129 1010/1176/1128 945/1104/1063
f 1012/1178/1130 1010/1176/1128 941/1100/1059
f 705/835/789 627/757/711 1010/1176/1128
f 706/836/790 705/835/789 1012/1178/1130
f 1010/1176/1128 1012/1178/1130 705/835/789
f 1013/1179/1131 1014/1180/1132 930/1089/1048
f 949/1108/1067 948/1107/1066 1014/1180/1132
f 944/1103/1062 949/1108/1067 1013/1179/1131
f 1014/1180/1132 1013/1179/1131 949/1108/1067
f 940/1099/1058 1013/1179/1131 930/1089/1048
f 1011/1177/1129 944/1103/1062 1013/1179/1131
f 941/1100/1059 1011/1177/1129 940/1099/1058
f 1013/1179/1131 940/1099/1058 1011/1177/1129
f 989/1151/1107 975/1134/1093 970/1129/1088
f 1015/1181/1133 976/1135/1094 975/1134/1093
f 598/728/682 1015/1181/1133 989/1151/1107
f 975/1134/1093 989/1151/1107 1015/1181/1133
f 1016/1182/1134 1017/1183/1135 590/720/674
f 953/1112/1071 952/1111/1070 1017/1183/1135
f 948/1107/1066 953/1112/1071 1016/1182/1134
f 1017/1183/1135 1016/1182/1134 953/1112/1071
f 929/1088/1047 1016/1182/1134 590/720/674
f 1014/1180/1132 948/1107/1066 1016/1182/1134
f 930/1089/1048 1014/1180/1132 929/1088/1047
f 1016/1182/1134 929/1088/1047 1014/1180/1132
f 1015/1181/1133 980/1141/1098 976/1135/1094
f 713/1184/797 667/1142/751 980/1141/1098
f 598/728/682 713/1184/797 1015/1181/1133
f 980/1141/1098 1015/1181/1133 713/1184/797
f 1018/1185/1136 1009/1175/1127 587/717/671
f 959/1118/1077 956/1115/1074 1009/1175/1127
f 952/1111/1070 959/1118/1077 1018/1185/1136
f 1009/1175/1127 1018/1185/1136 959/1118/1077
f 589/719/673 1018/1185/1136 587/717/671
f 1017/1183/1135 952/1111/1070 1018/1185/1136
f 590/720/674 1017/1183/1135 589/719/673
f 1018/1185/1136 589/719/673 1017/1183/1135
f 1019/1186/1137 721/851/805 717/847/801
f 1020/1187/1138 723/853/807 721/851/805
f 1021/1188/1139 1020/1187/1138 1019/1186/1137
f 721/851/805 1019/1186/1137 1020/1187/1138
f 1022/1189/1140 1019/1186/1137 717/847/801
f 1023/1190/1141 1021/1188/1139 1019/1186/1137
f 1024/1191/1142 1023/1190/1141 1022/1189/1140
f 1019/1186/1137 1022/1189/1140 1023/1190/1141
f 1025/1192/1143 727/857/811 723/853/807
f 1026/1193/1144 729/859/813 727/857/811
f 1027/1194/1145 1026/1193/1144 1025/1192/1143
f 727/857/811 1025/1192/1143 1026/1193/1144
f 1020/1187/1138 1025/1192/1143 723/853/807
f 1028/1195/1146 1027/1194/1145 1025/1192/1143
f 1021/1188/1139 1028/1195/1146 1020/1187/1138
f 1025/1192/1143 1020/1187/1138 1028/1195/1146
f 1029/1196/1147 733/863/817 729/859/813
f 1030/1197/1148 735/865/819 733/863/817
f 1031/1198/1149 1030/1197/1148 1029/1196/1147
f 733/863/817 1029/1196/1147 1030/1197/1148
f 1026/1193/1144 1029/1196/1147 729/859/813
f 1032/1199/1150 1031/1198/1149 1029/1196/1147
f 1027/1194/1145 1032/1199/1150 1026/1193/1144
f 1029/1196/1147 1026/1193/1144 1032/1199/1150
f 1033/1200/1151 1034/1201/1152 735/865/819
f 1035/1202/1153 1036/1203/1154 1034/1201/1152
f 1037/1204/1155 1035/1202/1153 1033/1200/1151
f 1034/1201/1152 1033/1200/1151 1035/1202/1153
f 1030/1197/1148 1033/1200/1151 735/865/819
f 1038/1205/1156 1037/1204/1155 1033/1200/1151
f 1031/1198/1149 1038/1205/1156 1030/1197/1148
f 1033/1200/1151 1030/1197/1148 1038/1205/1156
f 1039/1206/1157 1040/1207/1158 1036/1203/1154
f 1041/1208/1159 1042/1209/1160 1040/1207/1158
f 1043/1210/1161 1041/1208/1159 1039/1206/1157
f 1040/1207/1158 1039/1206/1157 1041/1208/1159
f 1035/1202/1153 1039/1206/1157 1036/1203/1154
f 1044/1211/1162 1043/1210/1161 1039/1206/1157
f 1037/1204/1155 1044/1211/1162 1035/1202/1153
f 1039/1206/1157 1035/1202/1153 1044/1211/1162
f 1045/1212/1163 1046/1213/1164 1042/1209/1160
f 931/1090/1049 593/723/677 1046/1214/1164
f 935/1094/1053 931/1090/1049 1045/1215/1163
f 1046/1214/1164 1045/1215/1163 931/1090/1049
f 1041/1208/1159 1045/1212/1163 1042/1209/1160
f 1047/1216/1165 935/1094/1053 1045/1215/1163
f 1043/1210/1161 1047/1217/1165 1041/1208/1159
f 1045/1212/1163 1041/1208/1159 1047/1217/1165
f 1048/1218/1166 754/887/838 735/865/819
f 1049/1219/1167 756/889/840 754/887/838
f 1050/1220/1168 1049/1219/1167 1048/1218/1166
f 754/887/838 1048/1218/1166 1049/1219/1167
f 1034/1201/1152 1048/1218/1166 735/865/819
f 1051/1221/1169 1050/1220/1168 1048/1218/1166
f 1036/1203/1154 1051/1221/1169 1034/1201/1152
f 1048/1218/1166 1034/1201/1152 1051/1221/1169
f 1052/1222/1170 1053/1223/1171 908/1067/1026
f 1054/1224/1172 1055/1225/1173 1053/1223/1171
f 762/1226/1174 1054/1224/1172 1052/1222/1170
f 1053/1223/1171 1052/1222/1170 1054/1224/1172
f 1056/1227/1175 1052/1222/1170 908/1067/1026
f 760/1228/1176 762/1226/1174 1052/1222/1170
f 761/1229/1177 760/1228/1176 1056/1227/1175
f 1052/1222/1170 1056/1227/1175 760/1228/1176
f 1057/1230/1178 1058/1231/1179 914/1073/1032
f 1059/1232/1180 817/950/904 1058/1231/1179
f 1055/1225/1173 1059/1232/1180 1057/1230/1178
f 1058/1231/1179 1057/1230/1178 1059/1232/1180
f 912/1071/1030 1057/1230/1178 914/1073/1032
f 1053/1223/1171 1055/1225/1173 1057/1230/1178
f 908/1067/1026 1053/1223/1171 912/1071/1030
f 1057/1230/1178 912/1071/1030 1053/1223/1171
f 1060/1233/1181 1061/1234/1182 1062/1235/1183
f 815/948/902 811/944/898 1061/1234/1182
f 817/950/904 815/948/902 1060/1233/1181
f 1061/1234/1182 1060/1233/1181 815/948/902
f 1063/1236/1184 1060/1233/1181 1062/1235/1183
f 1058/1231/1179 817/950/904 1060/1233/1181
f 914/1073/1032 1058/1231/1179 1063/1236/1184
f 1060/1233/1181 1063/1236/1184 1058/1231/1179
f 1064/1237/1185 1065/1238/1186 1066/1239/1187
f 856/993/958 830/963/919 1065/1238/1186
f 811/944/898 856/993/958 1064/1237/1185
f 1065/1238/1186 1064/1237/1185 856/993/958
f 1067/1240/1188 1064/1237/1185 1066/1239/1187
f 1061/1234/1182 811/944/898 1064/1237/1185
f 1062/1235/1183 1061/1234/1182 1067/1240/1188
f 1064/1237/1185 1067/1240/1188 1061/1234/1182
f 1068/1241/1189 1069/1242/1190 802/935/886
f 828/961/917 824/957/913 1069/1242/1190
f 830/963/919 828/961/917 1068/1241/1189
f 1069/1242/1190 1068/1241/1189 828/961/917
f 1070/1243/1191 1068/1241/1189 802/935/886
f 1065/1238/1186 830/963/919 1068/1241/1189
f 1066/1239/1187 1065/1238/1186 1070/1243/1191
f 1068/1241/1189 1070/1243/1191 1065/1238/1186
f 1022/1189/1140 1071/1244/1192 1024/1191/1142
f 1072/1245/1193 1073/1246/1194 1071/1244/1192
f 717/847/801 1072/1245/1193 1022/1189/1140
f 1071/1244/1192 1022/1189/1140 1072/1245/1193
f 1074/1247/1195 1075/1248/1196 717/847/801
f 939/1098/1057 938/1097/1056 1075/1248/1196
f 941/1100/1059 939/1098/1057 1074/1247/1195
f 1075/1248/1196 1074/1247/1195 939/1098/1057
f 794/927/878 1074/1247/1195 717/847/801
f 1012/1178/1130 941/1100/1059 1074/1247/1195
f 706/836/790 1012/1178/1130 794/927/878
f 1074/1247/1195 794/927/878 1012/1178/1130
f 1076/1249/1197 933/1092/1051 935/1094/1053
f 1077/1250/1198 934/1093/1052 933/1092/1051
f 1073/1246/1194 1077/1250/1198 1076/1249/1197
f 933/1092/1051 1076/1249/1197 1077/1250/1198
f 1078/1251/1199 1076/1249/1197 935/1094/1053
f 1071/1244/1192 1073/1246/1194 1076/1249/1197
f 1024/1191/1142 1071/1244/1192 1078/1251/1199
f 1076/1249/1197 1078/1251/1199 1071/1244/1192
f 932/1091/1050 926/1085/1044 593/723/677
f 1079/1252/1200 927/1086/1045 926/1085/1044
f 934/1093/1052 1079/1252/1200 932/1091/1050
f 926/1085/1044 932/1091/1050 1079/1252/1200
f 1080/1253/1201 1081/1254/1202 1082/1255/1203
f 823/956/912 826/959/915 1081/1254/1204
f 824/957/913 823/956/912 1080/1253/1201
f 1081/1254/1202 1080/1253/1201 823/956/912
f 1083/1256/1205 1084/1257/1206 1021/1188/1207
f 1085/1258/1208 1086/1259/1209 1084/1257/1206
f 1087/1260/1210 1085/1258/1208 1083/1256/1205
f 1084/1257/1206 1083/1256/1205 1085/1258/1208
f 1023/1190/1211 1083/1256/1205 1021/1188/1207
f 1088/1261/1212 1087/1260/1210 1083/1256/1205
f 1024/1191/1213 1088/1261/1212 1023/1190/1211
f 1083/1256/1205 1023/1190/1211 1088/1261/1212
f 1089/1262/1214 1090/1263/1215 1066/1239/1187
f 583/713/667 586/716/670 1090/1263/1215
f 584/714/668 583/713/667 1089/1262/1214
f 1090/1263/1215 1089/1262/1214 583/713/667
f 1070/1243/1191 1089/1262/1214 1066/1239/1187
f 801/934/885 584/714/668 1089/1262/1214
f 802/935/886 801/934/885 1070/1243/1191
f 1089/1262/1214 1070/1243/1191 801/934/885
f 1091/1264/1216 1092/1265/1217 1027/1194/1218
f 1093/1266/1219 1094/1267/1220 1092/1265/1217
f 1086/1259/1209 1093/1266/1219 1091/1264/1216
f 1092/1265/1217 1091/1264/1216 1093/1266/1219
f 1028/1195/1221 1091/1264/1216 1027/1194/1218
f 1084/1257/1206 1086/1259/1209 1091/1264/1216
f 1021/1188/1207 1084/1257/1206 1028/1195/1221
f 1091/1264/1216 1028/1195/1221 1084/1257/1206
f 1095/1268/1222 1096/1269/1223 1062/1235/1183
f 988/1150/1106 985/1147/1103 1096/1269/1223
f 586/716/670 988/1150/1106 1095/1268/1222
f 1096/1269/1223 1095/1268/1222 988/1150/1106
f 1067/1240/1188 1095/1268/1222 1062/1235/1183
f 1090/1263/1215 586/716/670 1095/1268/1222
f 1066/1239/1187 1090/1263/1215 1067/1240/1188
f 1095/1268/1222 1067/1240/1188 1090/1263/1215
f 1097/1270/1224 1098/1271/1225 1031/1198/1226
f 1099/1272/1227 1100/1273/1228 1098/1271/1225
f 1094/1267/1229 1099/1272/1227 1097/1270/1224
f 1098/1271/1225 1097/1270/1224 1099/1272/1227
f 1032/1199/1230 1097/1270/1224 1031/1198/1226
f 1092/1265/1217 1094/1267/1229 1097/1270/1224
f 1027/1194/1218 1092/1265/1217 1032/1199/1231
f 1097/1270/1224 1032/1199/1231 1092/1265/1217
f 1101/1274/1232 1102/1275/1233 1037/1204/1234
f 1103/1276/1235 1104/1277/1236 1102/1275/1233
f 1100/1273/1228 1103/1276/1235 1101/1274/1232
f 1102/1275/1233 1101/1274/1232 1103/1276/1235
f 1038/1205/1237 1101/1274/1232 1037/1204/1234
f 1098/1271/1225 1100/1273/1228 1101/1274/1232
f 1031/1198/1226 1098/1271/1225 1038/1205/1237
f 1101/1274/1232 1038/1205/1237 1098/1271/1225
f 1105/1278/1238 1106/1279/1239 1036/1203/1240
f 1107/1280/1241 1108/1281/1242 1106/1279/1239
f 1109/1282/1243 1107/1280/1241 1105/1278/1238
f 1106/1279/1239 1105/1278/1238 1107/1280/1241
f 1040/1207/1158 1105/1278/1238 1036/1203/1240
f 1110/1283/1244 1109/1282/1243 1105/1278/1238
f 1042/1209/1160 1110/1283/1244 1040/1207/1158
f 1105/1278/1238 1040/1207/1158 1110/1283/1244
f 1111/1284/1245 1112/1285/1246 1043/1210/1247
f 1113/1286/1248 1114/1287/1249 1112/1285/1246
f 1104/1277/1236 1113/1286/1248 1111/1284/1245
f 1112/1285/1246 1111/1284/1245 1113/1286/1248
f 1044/1211/1250 1111/1284/1245 1043/1210/1247
f 1102/1275/1233 1104/1277/1236 1111/1284/1245
f 1037/1204/1234 1102/1275/1233 1044/1211/1250
f 1111/1284/1245 1044/1211/1250 1102/1275/1233
f 1046/1213/1164 1110/1283/1244 1042/1209/1160
f 1115/1288/1251 1109/1282/1243 1110/1283/1244
f 593/723/677 1115/1289/1251 1046/1214/1164
f 1110/1283/1244 1046/1213/1164 1115/1288/1251
f 1116/1290/1252 1117/1291/1253 935/1292/1254
f 1118/1293/1255 1119/1294/1256 1120/1295/1257
f 1114/1287/1249 1121/1296/1258 1116/1290/1252
f 1117/1291/1253 1116/1290/1252 1121/1296/1259
f 1047/1217/1260 1116/1290/1252 935/1292/1254
f 1112/1285/1246 1114/1287/1249 1116/1290/1252
f 1043/1210/1247 1112/1285/1246 1047/1217/1260
f 1116/1290/1252 1047/1217/1260 1112/1285/1246
f 1122/1297/1261 913/1072/1031 914/1073/1032
f 994/1156/1112 911/1070/1029 913/1072/1031
f 985/1147/1103 994/1156/1112 1122/1297/1261
f 913/1072/1031 1122/1297/1261 994/1156/1112
f 1063/1236/1184 1122/1297/1261 914/1073/1032
f 1096/1269/1223 985/1147/1103 1122/1297/1261
f 1062/1235/1183 1096/1269/1223 1063/1236/1184
f 1122/1297/1261 1063/1236/1184 1096/1269/1223
f 1049/1219/1167 1123/1298/1262 756/889/840
f 1124/1299/1263 1125/1300/1264 1123/1298/1262
f 1050/1220/1168 1124/1299/1263 1049/1219/1167
f 1123/1298/1262 1049/1219/1167 1124/1299/1263
f 1126/1301/1265 1124/1299/1263 1050/1220/1168
f 1127/1302/1266 1125/1300/1264 1124/1299/1263
f 1108/1281/1242 1127/1302/1266 1126/1301/1265
f 1124/1299/1263 1126/1301/1265 1127/1302/1266
f 1051/1221/1169 1126/1301/1265 1050/1220/1168
f 1106/1279/1239 1108/1281/1242 1126/1301/1265
f 1036/1203/1240 1106/1279/1239 1051/1221/1169
f 1126/1301/1265 1051/1221/1169 1106/1279/1239
f 1072/1245/1193 1128/1303/1267 1073/1246/1194
f 1075/1248/1196 938/1097/1268 1128/1303/1267
f 717/847/801 1075/1248/1196 1072/1245/1193
f 1128/1303/1267 1072/1245/1193 1075/1248/1196
f 1129/1304/1269 1079/1252/1200 934/1093/1052
f 937/1096/1055 927/1086/1045 1079/1252/1200
f 938/1097/1268 937/1096/1055 1129/1304/1269
f 1079/1252/1200 1129/1304/1269 937/1096/1055
f 1077/1250/1270 1129/1304/1269 934/1093/1052
f 1128/1303/1267 938/1097/1268 1129/1304/1269
f 1073/1246/1194 1128/1303/1267 1077/1250/1270
f 1129/1304/1269 1077/1250/1270 1128/1303/1267
f 1130/1305/1271 1088/1261/1212 1024/1191/1213
f 1131/1306/1272 1087/1260/1210 1088/1261/1212
f 1117/1307/1273 1131/1306/1272 1130/1305/1271
f 1088/1261/1212 1130/1305/1271 1131/1306/1272
f 1078/1251/1274 1130/1305/1271 1024/1191/1213
f 814/947/1275 1120/1295/1257 1119/1294/1256
f 935/1094/1276 1117/1307/1273 1078/1251/1274
f 1130/1305/1271 1078/1251/1274 1117/1307/1273
f 1132/1308/1277 1133/1309/1278 593/723/677
f 1080/1253/1201 1082/1255/1203 1133/1309/1278
f 824/957/913 1080/1253/1201 1132/1308/1277
f 1133/1309/1278 1132/1308/1277 1080/1253/1201
f 800/933/884 1132/1308/1277 593/723/677
f 1069/1242/1190 824/957/913 1132/1308/1277
f 802/935/886 1069/1242/1190 800/933/884
f 1132/1308/1277 800/933/884 1069/1242/1190
f 1134/1310/1279 1135/1311/1280 1055/1225/1173
f 1136/1312/1281 1137/1313/1282 1135/1311/1280
f 873/1314/1283 1136/1312/1281 1134/1310/1279
f 1135/1311/1280 1134/1310/1279 1136/1312/1281
f 1054/1224/1172 1134/1310/1279 1055/1225/1173
f 872/1315/1284 873/1314/1283 1134/1310/1279
f 762/1226/1174 872/1315/1284 1054/1224/1172
f 1134/1310/1279 1054/1224/1172 872/1315/1284
f 877/1316/1285 872/1317/1286 762/1318/1287
f 879/1033/1288 873/1032/1289 872/1319/1286
f 690/1030/1290 879/1029/1288 877/1320/1285
f 872/1321/1286 877/1322/1285 879/1323/1288
f 760/1324/1291 877/1325/1285 762/1326/1287
f 878/1327/1292 690/1328/1290 877/1329/1285
f 761/1330/1293 878/1331/1292 760/1332/1291
f 877/1333/1285 760/1334/1291 878/1335/1292
f 1138/1336/1294 878/1337/1295 761/1229/1177
f 1001/1166/1296 690/1163/1296 878/1337/1296
f 910/1069/1028 1001/1166/1119 1138/1336/1294
f 878/1337/1295 1138/1336/1294 1001/1166/1119
f 1056/1227/1175 1138/1336/1294 761/1229/1177
f 907/1066/1025 910/1069/1028 1138/1336/1294
f 908/1067/1026 907/1066/1025 1056/1227/1175
f 1138/1336/1294 1056/1227/1175 907/1066/1025
f 1139/1338/1297 816/949/903 817/950/904
f 1120/1295/1298 814/947/901 816/949/903
f 1137/1313/1282 1120/1295/1298 1139/1338/1297
f 816/949/903 1139/1338/1297 1120/1295/1298
f 1059/1232/1180 1139/1338/1297 817/950/904
f 1135/1311/1280 1137/1313/1282 1139/1338/1297
f 1055/1225/1173 1135/1311/1280 1059/1232/1180
f 1139/1338/1297 1059/1232/1180 1135/1311/1280
f 1140/1339/1299 236/256/239 238/258/241
f 1141/1340/1300 237/257/240 236/256/239
f 808/941/895 1141/1340/1301 1140/1339/1302
f 236/256/239 1140/1339/1299 1141/1340/1300
f 1142/1341/1303 1140/1339/1299 238/258/241
f 807/940/894 808/941/895 1140/1339/1302
f 805/938/892 807/940/894 1142/1341/1304
f 1140/1339/1302 1142/1341/1304 807/940/894
f 1143/1342/1305 247/271/1306 248/272/1307
f 1119/1294/1308 245/267/1309 247/271/1306
f 814/947/1275 1119/1294/1256 1143/1342/1310
f 247/271/1306 1143/1342/1305 1119/1294/1308
f 1144/1343/1311 1143/1342/1305 248/272/1307
f 812/945/1312 814/947/1275 1143/1342/1310
f 813/946/1313 812/945/1312 1144/1343/1314
f 1143/1342/1310 1144/1343/1314 812/945/1312
f 1145/1344/1315 251/276/257 237/257/240
f 1146/1345/1316 252/277/258 251/276/257
f 821/954/910 1146/1345/1317 1145/1344/1318
f 251/276/257 1145/1344/1315 1146/1345/1316
f 1141/1340/1300 1145/1344/1315 237/257/240
f 820/953/909 821/954/910 1145/1344/1318
f 808/941/895 820/953/909 1141/1340/1301
f 1145/1344/1318 1141/1340/1301 820/953/909
f 1147/1346/1319 260/290/267 261/291/268
f 1148/1347/1320 258/286/1321 260/290/267
f 827/960/1322 1148/1347/1323 1147/1346/1319
f 260/290/267 1147/1346/1319 1148/1347/1320
f 1149/1348/1324 1147/1346/1319 261/291/268
f 825/958/1325 827/960/1322 1147/1346/1319
f 826/959/1326 825/958/1325 1149/1348/1324
f 1147/1346/1319 1149/1348/1324 825/958/1325
f 1150/1349/1327 264/295/272 252/277/258
f 1151/1350/1328 265/296/273 264/295/272
f 834/967/927 1151/1350/1329 1150/1349/1330
f 264/295/272 1150/1349/1327 1151/1350/1328
f 1146/1345/1316 1150/1349/1327 252/277/258
f 833/966/928 834/967/927 1150/1349/1330
f 821/954/910 833/966/926 1146/1345/1317
f 1150/1349/1331 1146/1345/1317 833/966/926
f 1152/1351/1332 268/299/1333 265/296/273
f 1153/1352/1334 269/300/1335 268/299/1333
f 838/971/934 1153/1352/1336 1152/1351/1337
f 268/299/1333 1152/1351/1332 1153/1352/1334
f 1151/1350/1328 1152/1351/1332 265/296/273
f 837/970/933 838/971/934 1152/1351/1337
f 834/967/927 837/970/933 1151/1350/1329
f 1152/1351/1337 1151/1350/1329 837/970/933
f 1154/1353/1338 272/304/284 274/306/1339
f 1155/1354/1340 273/305/285 272/304/284
f 844/977/941 1155/1354/1341 1154/1353/1342
f 272/304/284 1154/1353/1338 1155/1354/1340
f 1156/1355/1343 1154/1353/1343 274/306/1343
f 843/976/940 844/977/941 1154/1353/1342
f 841/974/938 843/976/940 1156/1355/1344
f 1154/1353/1342 1156/1355/1344 843/976/940
f 1157/1356/1345 278/310/291 269/300/1335
f 1158/1357/1346 279/311/292 278/310/291
f 848/981/947 1158/1357/1347 1157/1356/1348
f 278/310/291 1157/1356/1345 1158/1357/1346
f 1153/1352/1334 1157/1356/1345 269/300/1335
f 847/980/946 848/981/947 1157/1356/1348
f 838/971/934 847/980/946 1153/1352/1336
f 1157/1356/1348 1153/1352/1336 847/980/946
f 1159/1358/1349 280/313/1350 11/196/11
f 1156/1359/1351 274/314/1352 280/313/1351
f 841/984/938 1156/1359/1344 1159/1358/1353
f 280/313/1351 1159/1358/1354 1156/1359/1351
f 1160/1360/1355 1159/1358/1349 11/196/11
f 849/983/948 841/984/938 1159/1358/1353
f 581/711/665 849/983/948 1160/1360/1356
f 1159/1358/1353 1160/1360/1357 849/983/948
f 1161/1361/1358 283/318/298 279/321/292
f 1162/1362/1359 284/319/296 283/318/296
f 853/990/954 1162/1362/1360 1161/1361/1361
f 283/318/298 1161/1361/1358 1162/1362/1362
f 1158/1363/1346 1161/1361/1358 279/321/292
f 852/989/955 853/990/954 1161/1361/1361
f 848/987/947 852/989/953 1158/1363/1347
f 1161/1361/1363 1158/1363/1347 852/989/953
f 1163/1364/1364 287/327/1365 258/286/1321
f 1144/1343/1311 248/272/1307 287/327/1365
f 813/946/1313 1144/1343/1314 1163/1364/1366
f 287/327/1365 1163/1364/1364 1144/1343/1311
f 1148/1347/1320 1163/1364/1364 258/286/1321
f 855/992/1367 813/946/1313 1163/1364/1366
f 827/960/1322 855/992/1367 1148/1347/1323
f 1163/1364/1366 1148/1347/1323 855/992/1367
f 1164/1365/1368 288/329/1369 290/332/1370
f 1165/1366/1371 185/330/1372 288/329/1369
f 756/889/840 1165/1366/1373 1164/1365/1374
f 288/329/1369 1164/1365/1368 1165/1366/1371
f 1166/1367/1375 1164/1365/1368 290/332/1370
f 857/994/959 756/889/1376 1164/1365/1368
f 859/996/963 857/994/959 1166/1367/1375
f 1164/1365/1368 1166/1367/1375 857/994/959
f 1167/1368/1377 292/337/311 273/305/285
f 1166/1367/1375 290/338/1370 292/337/311
f 859/996/963 1166/1367/1375 1167/1368/1378
f 292/337/311 1167/1368/1377 1166/1367/1375
f 1155/1354/1340 1167/1368/1377 273/305/285
f 861/998/965 859/996/963 1167/1368/1378
f 844/977/941 861/998/965 1155/1354/1341
f 1167/1368/1378 1155/1354/1341 861/998/965
f 1168/1369/1379 296/343/318 284/344/319
f 1142/1341/1303 238/258/241 296/343/318
f 805/938/892 1142/1341/1304 1168/1369/1380
f 296/343/318 1168/1369/1379 1142/1341/1303
f 1162/1362/1381 1168/1369/1379 284/344/319
f 865/1002/975 805/938/892 1168/1369/1380
f 853/990/974 865/1002/975 1162/1362/1382
f 1168/1369/1380 1162/1362/1382 865/1002/975
f 1169/1370/1383 298/1371/325 300/1372/327
f 1160/1360/1355 11/196/11 298/1371/325
f 581/711/665 1160/1360/1356 1169/1370/1384
f 298/1371/1385 1169/1370/1385 1160/1360/1385
f 1170/1373/1386 1169/1370/1383 300/1372/327
f 868/1005/978 581/711/665 1169/1370/1384
f 870/1007/980 868/1005/978 1170/1373/1387
f 1169/1370/1384 1170/1373/1387 868/1005/978
f 1171/1374/1388 304/355/1389 306/357/1390
f 1172/1375/1391 305/356/1392 304/355/1389
f 876/1013/1393 1172/1375/1394 1171/1374/1395
f 304/355/1389 1171/1374/1388 1172/1375/1391
f 1173/1376/1396 1171/1374/1397 306/357/635
f 875/1012/1398 876/1013/1393 1171/1374/1395
f 873/1010/1399 875/1012/1398 1173/1376/1400
f 1171/1374/1395 1173/1376/1400 875/1012/1398
f 1174/1377/1401 315/389/1402 305/356/1392
f 1175/1378/1403 316/390/1404 315/389/1402
f 885/1044/1405 1175/1378/1406 1174/1377/1407
f 315/389/1402 1174/1377/1401 1175/1378/1403
f 1172/1375/1391 1174/1377/1401 305/356/1392
f 884/1043/1408 885/1044/1405 1174/1377/1407
f 876/1013/1393 884/1043/1408 1172/1375/1394
f 1174/1377/1407 1172/1375/1394 884/1043/1408
f 1176/1379/1409 321/395/1410 316/390/1404
f 1177/1380/1411 322/396/1412 321/395/1410
f 891/1050/1413 1177/1380/1414 1176/1379/1415
f 321/395/1410 1176/1379/1409 1177/1380/1411
f 1175/1378/1403 1176/1379/1409 316/390/1404
f 890/1049/1416 891/1050/1413 1176/1379/1415
f 885/1044/1405 890/1049/1416 1175/1378/1406
f 1176/1379/1415 1175/1378/1406 890/1049/1416
f 1178/1381/1417 327/401/1418 322/396/1412
f 1179/1382/1419 328/402/1420 327/401/1418
f 897/1056/1421 1179/1382/1422 1178/1381/1423
f 327/401/1418 1178/1381/1417 1179/1382/1419
f 1177/1380/1411 1178/1381/1417 322/396/1412
f 896/1055/1424 897/1056/1421 1178/1381/1423
f 891/1050/1413 896/1055/1424 1177/1380/1414
f 1178/1381/1423 1177/1380/1414 896/1055/1424
f 1180/1383/1425 333/407/373 328/402/1420
f 1181/1384/1426 334/408/374 333/407/373
f 903/1062/1427 1181/1384/1426 1180/1383/1425
f 333/407/373 1180/1383/1425 1181/1384/1426
f 1179/1382/1419 1180/1383/1425 328/402/1420
f 902/1061/1428 903/1062/1427 1180/1383/1425
f 897/1056/1421 902/1061/1428 1179/1382/1422
f 1180/1383/1425 1179/1382/1422 902/1061/1428
f 1182/1385/1429 346/420/1430 334/408/374
f 1170/1373/1386 300/351/327 346/420/1430
f 870/1007/1431 1170/1373/1386 1182/1385/1429
f 346/420/1430 1182/1385/1429 1170/1373/1386
f 1181/1384/1426 1182/1385/1429 334/408/374
f 915/1074/1432 870/1007/1431 1182/1385/1429
f 903/1062/1427 915/1074/1432 1181/1384/1426
f 1182/1385/1429 1181/1384/1426 915/1074/1432
f 1183/1386/1433 511/596/554 513/598/556
f 1149/1348/1324 261/291/268 511/596/554
f 826/959/1326 1149/1348/1324 1183/1386/1433
f 511/596/554 1183/1386/1433 1149/1348/1324
f 1184/1387/1434 1183/1386/1435 513/598/556
f 1081/1254/1204 826/959/915 1183/1386/1435
f 1082/1255/1203 1081/1254/1202 1184/1387/1436
f 1183/1386/1435 1184/1387/1434 1081/1254/1204
f 1185/1388/1437 518/604/564 519/605/565
f 1186/1389/1438 516/602/562 518/604/564
f 1087/1260/1439 1186/1390/1440 1185/1391/1441
f 518/604/564 1185/1388/1437 1186/1389/1438
f 1187/1392/1442 1185/1388/1437 519/605/565
f 1085/1258/1443 1087/1260/1439 1185/1391/1441
f 1086/1259/1444 1085/1258/1443 1187/1393/1445
f 1185/1391/1441 1187/1393/1445 1085/1258/1443
f 1188/1394/1446 524/612/572 525/613/573
f 1187/1395/1442 519/610/565 524/612/572
f 1086/1259/1444 1187/1393/1445 1188/1396/1447
f 524/612/572 1188/1394/1446 1187/1395/1442
f 1189/1397/1448 1188/1394/1446 525/613/573
f 1093/1266/1219 1086/1259/1444 1188/1396/1447
f 1094/1267/1220 1093/1266/1219 1189/1398/1449
f 1188/1396/1447 1189/1398/1449 1093/1266/1219
f 1190/1399/1450 530/618/582 531/619/581
f 1189/1400/1448 525/613/573 530/618/580
f 1094/1267/1451 1189/1398/1451 1190/1401/1451
f 530/618/580 1190/1402/1452 1189/1400/1448
f 1191/1403/1453 1190/1399/1450 531/619/581
f 1099/1272/1227 1094/1267/1454 1190/1401/1455
f 1100/1273/1228 1099/1272/1227 1191/1404/1456
f 1190/1401/1455 1191/1404/1456 1099/1272/1227
f 1192/1405/1457 534/625/587 535/624/588
f 1191/1403/1453 531/619/581 534/623/587
f 1100/1273/1228 1191/1404/1456 1192/1406/1458
f 534/623/587 1192/1407/1457 1191/1403/1453
f 1193/1408/1459 1192/1405/1457 535/624/588
f 1103/1276/1235 1100/1273/1228 1192/1406/1458
f 1104/1277/1460 1103/1276/1235 1193/1409/1461
f 1192/1406/1458 1193/1409/1461 1103/1276/1235
f 1194/1410/1462 540/631/594 541/632/595
f 1195/1411/1463 538/629/1464 540/631/594
f 1109/1282/1243 1195/1411/1465 1194/1410/1466
f 540/631/594 1194/1410/1462 1195/1411/1463
f 1196/1412/1467 1194/1410/1462 541/632/595
f 1107/1280/1241 1109/1282/1243 1194/1410/1466
f 1108/1281/1468 1107/1280/1241 1196/1412/1469
f 1194/1410/1466 1196/1412/1469 1107/1280/1241
f 1197/1413/1470 544/635/600 545/636/601
f 1193/1408/1459 535/624/588 544/635/600
f 1104/1277/1460 1193/1409/1461 1197/1414/1471
f 544/635/600 1197/1413/1470 1193/1408/1459
f 1198/1415/1472 1197/1413/1470 545/636/601
f 1113/1286/1473 1104/1277/1460 1197/1414/1471
f 1114/1287/1249 1113/1286/1473 1198/1416/1474
f 1197/1414/1471 1198/1416/1474 1113/1286/1473
f 1199/1417/1475 546/638/1476 538/629/1464
f 1200/1418/1477 22/22/1478 546/637/1476
f 593/723/677 1200/1419/1479 1199/1420/1480
f 546/637/1476 1199/1421/1475 1200/1418/1477
f 1195/1411/1463 1199/1417/1475 538/629/1464
f 1115/1289/1251 593/723/1481 1199/1420/1482
f 1109/1282/1243 1115/1288/1251 1195/1411/1465
f 1199/1417/1482 1195/1411/1465 1115/1288/1251
f 1121/1422/1483 549/642/609 550/643/1484
f 1198/1415/1472 545/636/601 549/642/609
f 1114/1287/1249 1198/1416/1474 1121/1296/1258
f 549/642/609 1121/1422/1483 1198/1415/1472
f 1117/1291/1253 1121/1296/1259 550/1423/1485
f 1120/1295/1257 1137/1313/1486 1118/1293/1255
f 569/699/1487 1118/1293/1488 1201/1424/1489
f 1119/1294/1308 1118/1293/1488 245/267/1309
f 1202/1425/1490 552/645/1491 185/330/1492
f 1203/1426/1493 554/649/618 552/645/1491
f 1125/1300/1264 1203/1426/1493 1202/1425/1490
f 552/645/1491 1202/1425/1490 1203/1426/1493
f 1165/1366/1494 1202/1425/1490 185/330/1492
f 1123/1298/1262 1125/1300/1264 1202/1425/1490
f 756/889/840 1123/1298/1262 1165/1366/1373
f 1202/1425/1490 1165/1366/1373 1123/1298/1262
f 1204/1427/1495 556/654/621 554/655/618
f 1196/1412/1467 541/632/595 556/654/621
f 1108/1281/1468 1196/1412/1469 1204/1427/1496
f 556/654/621 1204/1427/1495 1196/1412/1467
f 1203/1426/1493 1204/1427/1495 554/655/618
f 1127/1302/1266 1108/1281/1468 1204/1427/1496
f 1125/1300/1264 1127/1302/1266 1203/1426/1493
f 1204/1427/1496 1203/1426/1493 1127/1302/1266
f 1205/1428/1497 560/662/631 516/602/562
f 1117/1307/1498 550/1429/1498 560/1430/1498
f 1137/1313/1486 1201/1424/1499 1118/1293/1255
f 560/1430/631 1205/1431/1497 1117/1307/1500
f 1186/1389/1438 1205/1428/1497 516/602/562
f 1131/1306/1501 1117/1307/1502 1205/1431/1503
f 1087/1260/1439 1131/1306/1501 1186/1390/1440
f 1205/1431/1503 1186/1390/1440 1131/1306/1501
f 1206/1432/1504 562/664/633 22/22/1505
f 1184/1387/1434 513/598/556 562/665/633
f 1082/1255/1203 1184/1387/1436 1206/1433/1506
f 562/1434/633 1206/1433/1504 1184/1387/1434
f 1200/1418/1477 1206/1432/1507 22/22/1478
f 1133/1309/1278 1082/1255/1203 1206/1433/1506
f 593/723/677 1133/1309/1278 1200/1419/1479
f 1206/1433/1506 1200/1419/1479 1133/1309/1278
f 1207/1435/1508 565/670/1509 566/673/1510
f 1173/1436/1396 306/671/635 565/670/637
f 873/1314/1399 1173/1436/1400 1207/1435/1508
f 565/670/1509 1207/1435/1508 1173/1436/1400
f 1201/1424/1489 1207/1435/1508 566/673/1510
f 1136/1312/1511 873/1314/1399 1207/1435/1508
f 1137/1313/1486 1136/1312/1511 1201/1424/1499
f 1207/1435/1508 1201/1424/1499 1136/1312/1511
f 1118/1293/1488 569/699/1487 245/267/1309
f 1201/1424/1489 566/673/1510 569/699/1487
