# Blender v2.76 (sub 0) OBJ File: ''
# www.blender.org
mtllib untitled.mtl
o SketchUp.010_ID102.001
v 0.227193 0.058000 0.132695
v 0.229605 0.059000 0.133694
v 0.229605 0.058000 0.133694
v 0.227193 0.059000 0.132695
v 0.227193 0.059000 0.132695
v 0.227193 0.058000 0.132695
v 0.229605 0.059000 0.133694
v 0.229605 0.058000 0.133694
v 0.229605 0.058000 0.133694
v 0.231676 0.059000 0.135283
v 0.231676 0.058000 0.135283
v 0.229605 0.059000 0.133694
v 0.229605 0.059000 0.133694
v 0.229605 0.058000 0.133694
v 0.231676 0.059000 0.135283
v 0.231676 0.058000 0.135283
v 0.214946 0.058000 0.139766
v 0.214946 0.058000 0.144943
v 0.214605 0.058000 0.142355
v 0.215945 0.058000 0.137355
v 0.215945 0.058000 0.147355
v 0.217534 0.058000 0.135283
v 0.217534 0.058000 0.149426
v 0.219605 0.058000 0.133694
v 0.219605 0.058000 0.151015
v 0.222017 0.058000 0.132695
v 0.222017 0.058000 0.152014
v 0.224605 0.058000 0.132355
v 0.224605 0.058000 0.152355
v 0.227193 0.058000 0.132695
v 0.227193 0.058000 0.152014
v 0.229605 0.058000 0.133694
v 0.229605 0.058000 0.151015
v 0.231676 0.058000 0.135283
v 0.231676 0.058000 0.149426
v 0.233265 0.058000 0.137355
v 0.233265 0.058000 0.147355
v 0.234264 0.058000 0.139766
v 0.234264 0.058000 0.144943
v 0.234605 0.058000 0.142355
v 0.234605 0.058000 0.142355
v 0.234264 0.058000 0.139766
v 0.234264 0.058000 0.144943
v 0.233265 0.058000 0.147355
v 0.233265 0.058000 0.137355
v 0.231676 0.058000 0.149426
v 0.231676 0.058000 0.135283
v 0.229605 0.058000 0.151015
v 0.229605 0.058000 0.133694
v 0.227193 0.058000 0.152014
v 0.227193 0.058000 0.132695
v 0.224605 0.058000 0.152355
v 0.224605 0.058000 0.132355
v 0.222017 0.058000 0.152014
v 0.222017 0.058000 0.132695
v 0.219605 0.058000 0.151015
v 0.219605 0.058000 0.133694
v 0.217534 0.058000 0.149426
v 0.217534 0.058000 0.135283
v 0.215945 0.058000 0.147355
v 0.215945 0.058000 0.137355
v 0.214946 0.058000 0.144943
v 0.214946 0.058000 0.139766
v 0.214605 0.058000 0.142355
v 0.224605 0.058000 0.132355
v 0.227193 0.059000 0.132695
v 0.227193 0.058000 0.132695
v 0.224605 0.059000 0.132355
v 0.224605 0.059000 0.132355
v 0.224605 0.058000 0.132355
v 0.227193 0.059000 0.132695
v 0.227193 0.058000 0.132695
v 0.231676 0.058000 0.135283
v 0.233265 0.059000 0.137355
v 0.233265 0.058000 0.137355
v 0.231676 0.059000 0.135283
v 0.231676 0.059000 0.135283
v 0.231676 0.058000 0.135283
v 0.233265 0.059000 0.137355
v 0.233265 0.058000 0.137355
v 0.234264 0.058000 0.139766
v 0.234605 0.059000 0.142355
v 0.234605 0.058000 0.142355
v 0.234264 0.059000 0.139766
v 0.234264 0.059000 0.139766
v 0.234264 0.058000 0.139766
v 0.234605 0.059000 0.142355
v 0.234605 0.058000 0.142355
v 0.234605 0.058000 0.142355
v 0.234264 0.059000 0.144943
v 0.234264 0.058000 0.144943
v 0.234605 0.059000 0.142355
v 0.234605 0.059000 0.142355
v 0.234605 0.058000 0.142355
v 0.234264 0.059000 0.144943
v 0.234264 0.058000 0.144943
v 0.234264 0.058000 0.144943
v 0.233265 0.059000 0.147355
v 0.233265 0.058000 0.147355
v 0.234264 0.059000 0.144943
v 0.234264 0.059000 0.144943
v 0.234264 0.058000 0.144943
v 0.233265 0.059000 0.147355
v 0.233265 0.058000 0.147355
v 0.233265 0.058000 0.147355
v 0.231676 0.059000 0.149426
v 0.231676 0.058000 0.149426
v 0.233265 0.059000 0.147355
v 0.233265 0.059000 0.147355
v 0.233265 0.058000 0.147355
v 0.231676 0.059000 0.149426
v 0.231676 0.058000 0.149426
v 0.231676 0.059000 0.149426
v 0.229605 0.058000 0.151015
v 0.231676 0.058000 0.149426
v 0.229605 0.059000 0.151015
v 0.229605 0.059000 0.151015
v 0.231676 0.059000 0.149426
v 0.229605 0.058000 0.151015
v 0.231676 0.058000 0.149426
v 0.229605 0.059000 0.151015
v 0.227193 0.058000 0.152014
v 0.229605 0.058000 0.151015
v 0.227193 0.059000 0.152014
v 0.227193 0.059000 0.152014
v 0.229605 0.059000 0.151015
v 0.227193 0.058000 0.152014
v 0.229605 0.058000 0.151015
v 0.227193 0.059000 0.152014
v 0.224605 0.058000 0.152355
v 0.227193 0.058000 0.152014
v 0.224605 0.059000 0.152355
v 0.224605 0.059000 0.152355
v 0.227193 0.059000 0.152014
v 0.224605 0.058000 0.152355
v 0.227193 0.058000 0.152014
v 0.224605 0.059000 0.152355
v 0.222017 0.058000 0.152014
v 0.224605 0.058000 0.152355
v 0.222017 0.059000 0.152014
v 0.222017 0.059000 0.152014
v 0.224605 0.059000 0.152355
v 0.222017 0.058000 0.152014
v 0.224605 0.058000 0.152355
v 0.222017 0.059000 0.152014
v 0.219605 0.058000 0.151015
v 0.222017 0.058000 0.152014
v 0.219605 0.059000 0.151015
v 0.219605 0.059000 0.151015
v 0.222017 0.059000 0.152014
v 0.219605 0.058000 0.151015
v 0.222017 0.058000 0.152014
v 0.219605 0.059000 0.151015
v 0.217534 0.058000 0.149426
v 0.219605 0.058000 0.151015
v 0.217534 0.059000 0.149426
v 0.217534 0.059000 0.149426
v 0.219605 0.059000 0.151015
v 0.217534 0.058000 0.149426
v 0.219605 0.058000 0.151015
v 0.215945 0.059000 0.147355
v 0.217534 0.058000 0.149426
v 0.217534 0.059000 0.149426
v 0.215945 0.058000 0.147355
v 0.215945 0.058000 0.147355
v 0.215945 0.059000 0.147355
v 0.217534 0.058000 0.149426
v 0.217534 0.059000 0.149426
v 0.214946 0.059000 0.144943
v 0.215945 0.058000 0.147355
v 0.215945 0.059000 0.147355
v 0.214946 0.058000 0.144943
v 0.214946 0.058000 0.144943
v 0.214946 0.059000 0.144943
v 0.215945 0.058000 0.147355
v 0.215945 0.059000 0.147355
v 0.214605 0.059000 0.142355
v 0.214946 0.058000 0.144943
v 0.214946 0.059000 0.144943
v 0.214605 0.058000 0.142355
v 0.214605 0.058000 0.142355
v 0.214605 0.059000 0.142355
v 0.214946 0.058000 0.144943
v 0.214946 0.059000 0.144943
v 0.214946 0.059000 0.139766
v 0.214605 0.058000 0.142355
v 0.214605 0.059000 0.142355
v 0.214946 0.058000 0.139766
v 0.214946 0.058000 0.139766
v 0.214946 0.059000 0.139766
v 0.214605 0.058000 0.142355
v 0.214605 0.059000 0.142355
v 0.215945 0.059000 0.137355
v 0.214946 0.058000 0.139766
v 0.214946 0.059000 0.139766
v 0.215945 0.058000 0.137355
v 0.215945 0.058000 0.137355
v 0.215945 0.059000 0.137355
v 0.214946 0.058000 0.139766
v 0.214946 0.059000 0.139766
v 0.217534 0.059000 0.135283
v 0.215945 0.058000 0.137355
v 0.215945 0.059000 0.137355
v 0.217534 0.058000 0.135283
v 0.217534 0.058000 0.135283
v 0.217534 0.059000 0.135283
v 0.215945 0.058000 0.137355
v 0.215945 0.059000 0.137355
v 0.217534 0.058000 0.135283
v 0.219605 0.059000 0.133694
v 0.219605 0.058000 0.133694
v 0.217534 0.059000 0.135283
v 0.217534 0.059000 0.135283
v 0.217534 0.058000 0.135283
v 0.219605 0.059000 0.133694
v 0.219605 0.058000 0.133694
v 0.219605 0.058000 0.133694
v 0.222017 0.059000 0.132695
v 0.222017 0.058000 0.132695
v 0.219605 0.059000 0.133694
v 0.219605 0.059000 0.133694
v 0.219605 0.058000 0.133694
v 0.222017 0.059000 0.132695
v 0.222017 0.058000 0.132695
v 0.222017 0.058000 0.132695
v 0.224605 0.059000 0.132355
v 0.224605 0.058000 0.132355
v 0.222017 0.059000 0.132695
v 0.222017 0.059000 0.132695
v 0.222017 0.058000 0.132695
v 0.224605 0.059000 0.132355
v 0.224605 0.058000 0.132355
v 0.233265 0.058000 0.137355
v 0.234264 0.059000 0.139766
v 0.234264 0.058000 0.139766
v 0.233265 0.059000 0.137355
v 0.233265 0.059000 0.137355
v 0.233265 0.058000 0.137355
v 0.234264 0.059000 0.139766
v 0.234264 0.058000 0.139766
vt 0.006109 0.000333
vt 0.006981 0.000000
vt 0.006981 0.000333
vt 0.006109 0.000000
vt 0.007854 0.000000
vt 0.007854 0.000333
vt -0.071649 -0.046589
vt -0.071649 -0.048314
vt -0.071535 -0.047452
vt -0.071982 -0.045785
vt -0.071982 -0.049118
vt -0.072511 -0.045094
vt -0.072511 -0.049809
vt -0.073202 -0.044565
vt -0.073202 -0.050338
vt -0.074006 -0.044232
vt -0.074006 -0.050671
vt -0.074868 -0.044118
vt -0.074868 -0.050785
vt -0.075731 -0.044232
vt -0.075731 -0.050671
vt -0.076535 -0.044565
vt -0.076535 -0.050338
vt -0.077225 -0.045094
vt -0.077225 -0.049809
vt -0.077755 -0.045785
vt -0.077755 -0.049118
vt -0.078088 -0.046589
vt -0.078088 -0.048314
vt -0.078202 -0.047452
vt 0.005236 0.000333
vt 0.005236 -0.000000
vt 0.008727 -0.000000
vt 0.008727 0.000333
vt 0.009599 0.000333
vt 0.010472 0.000000
vt 0.010472 0.000333
vt 0.009599 0.000000
vt 0.011345 0.000000
vt 0.011345 0.000333
vt 0.012217 0.000000
vt 0.012217 0.000333
vt 0.013090 0.000000
vt 0.013090 0.000333
vt 0.013963 0.000333
vt 0.013963 0.000000
vt 0.014835 0.000333
vt 0.014835 0.000000
vt 0.015708 0.000333
vt 0.015708 0.000000
vt 0.016581 0.000333
vt 0.016581 -0.000000
vt 0.017453 0.000333
vt 0.017453 0.000000
vt 0.018326 0.000333
vt 0.018326 -0.000000
vt 0.019199 0.000000
vt 0.019199 0.000333
vt 0.020071 0.000000
vt 0.020071 0.000333
vt 0.020944 0.000000
vt 0.020944 0.000333
vt 0.000873 0.000000
vt 0.000000 0.000333
vt 0.000000 0.000000
vt 0.000873 0.000333
vt 0.001745 0.000000
vt 0.001745 0.000333
vt 0.002618 0.000000
vt 0.002618 0.000333
vt 0.003491 0.000000
vt 0.003491 0.000333
vt 0.004363 -0.000000
vt 0.004363 0.000333
vt -0.130340 0.073750
vt -0.130340 0.072500
vt -0.131645 0.073750
vt -0.131645 0.072500
vt -0.131773 0.073750
vt -0.131773 0.072500
vt -0.133078 0.073750
vt -0.133078 0.072500
vt -0.117303 -0.177943
vt -0.117132 -0.174708
vt -0.117132 -0.181178
vt -0.116633 -0.184193
vt -0.116633 -0.171693
vt -0.115838 -0.186782
vt -0.115838 -0.169104
vt -0.114803 -0.188769
vt -0.114803 -0.167118
vt -0.113597 -0.190017
vt -0.113597 -0.165869
vt -0.112303 -0.190443
vt -0.112303 -0.165443
vt -0.111009 -0.190017
vt -0.111009 -0.165869
vt -0.109803 -0.188769
vt -0.109803 -0.167118
vt -0.108767 -0.186782
vt -0.108767 -0.169104
vt -0.107973 -0.184193
vt -0.107973 -0.171693
vt -0.107473 -0.181178
vt -0.107473 -0.174708
vt -0.107303 -0.177943
vt -0.119980 0.073750
vt -0.119980 0.072500
vt -0.121285 0.073750
vt -0.121285 0.072500
vt -0.124182 0.073750
vt -0.124182 0.072500
vt -0.125487 0.073750
vt -0.125487 0.072500
vt -0.084574 0.073750
vt -0.084574 0.072500
vt -0.085879 0.073750
vt -0.085879 0.072500
vt -0.055257 0.073750
vt -0.055257 0.072500
vt -0.056563 0.073750
vt -0.056563 0.072500
vt -0.022130 0.073750
vt -0.022130 0.072500
vt -0.023436 0.073750
vt -0.023436 0.072500
vt 0.012549 0.073750
vt 0.012549 0.072500
vt 0.011244 0.073750
vt 0.011244 0.072500
vt 0.045113 0.073750
vt 0.046418 0.073750
vt 0.045113 0.072500
vt 0.046418 0.072500
vt 0.075863 0.073750
vt 0.077168 0.073750
vt 0.075863 0.072500
vt 0.077168 0.072500
vt 0.101399 0.073750
vt 0.102704 0.073750
vt 0.101399 0.072500
vt 0.102704 0.072500
vt 0.119980 0.073750
vt 0.121285 0.073750
vt 0.119980 0.072500
vt 0.121285 0.072500
vt 0.130340 0.073750
vt 0.131645 0.073750
vt 0.130340 0.072500
vt 0.131645 0.072500
vt 0.131773 0.073750
vt 0.133078 0.073750
vt 0.131773 0.072500
vt 0.133078 0.072500
vt 0.124182 0.072500
vt 0.124182 0.073750
vt 0.125487 0.072500
vt 0.125487 0.073750
vt 0.108083 0.072500
vt 0.108083 0.073750
vt 0.109388 0.072500
vt 0.109388 0.073750
vt 0.084574 0.072500
vt 0.084574 0.073750
vt 0.085879 0.072500
vt 0.085879 0.073750
vt 0.055257 0.072500
vt 0.055257 0.073750
vt 0.056563 0.072500
vt 0.056563 0.073750
vt 0.022130 0.072500
vt 0.022130 0.073750
vt 0.023436 0.072500
vt 0.023436 0.073750
vt -0.012549 0.072500
vt -0.012549 0.073750
vt -0.011244 0.072500
vt -0.011244 0.073750
vt -0.045113 0.073750
vt -0.045113 0.072500
vt -0.046418 0.073750
vt -0.046418 0.072500
vt -0.075863 0.073750
vt -0.075863 0.072500
vt -0.077168 0.073750
vt -0.077168 0.072500
vt -0.101399 0.073750
vt -0.101399 0.072500
vt -0.102704 0.073750
vt -0.102704 0.072500
vt -0.108083 0.073750
vt -0.108083 0.072500
vt -0.109388 0.073750
vt -0.109388 0.072500
vn 0.382700 0.000000 -0.923900
vn 0.608800 0.000000 -0.793400
vn 0.000000 -1.000000 0.000000
vn 0.130500 0.000000 -0.991400
vn 0.793400 0.000000 -0.608800
vn 0.991400 0.000000 -0.130500
vn 0.991400 0.000000 0.130500
vn 0.923900 0.000000 0.382700
vn 0.793400 0.000000 0.608800
vn 0.608800 0.000000 0.793300
vn 0.608800 0.000000 0.793400
vn 0.382700 0.000000 0.923900
vn 0.130500 0.000000 0.991400
vn -0.130500 0.000000 0.991400
vn -0.382700 0.000000 0.923900
vn -0.608800 0.000000 0.793400
vn -0.793400 0.000000 0.608800
vn -0.923900 0.000000 0.382700
vn -0.991400 0.000000 0.130500
vn -0.991400 0.000000 -0.130500
vn -0.923900 0.000000 -0.382700
vn -0.793400 0.000000 -0.608800
vn -0.608800 0.000000 -0.793400
vn -0.608700 0.000000 -0.793400
vn -0.382700 0.000000 -0.923900
vn -0.130500 0.000000 -0.991400
vn 0.923900 0.000000 -0.382700
vn 0.000000 1.000000 0.000000
vn -0.608800 0.000000 -0.793300
vn 0.608700 0.000000 0.793400
usemtl material_2.001
s off
f 1/1/1 2/2/1 3/3/1
f 2/2/1 1/1/1 4/4/1
f 9/3/2 10/5/2 11/6/2
f 10/5/2 9/3/2 12/2/2
f 17/7/3 18/8/3 19/9/3
f 18/8/3 17/7/3 20/10/3
f 18/8/3 20/10/3 21/11/3
f 21/11/3 20/10/3 22/12/3
f 21/11/3 22/12/3 23/13/3
f 23/13/3 22/12/3 24/14/3
f 23/13/3 24/14/3 25/15/3
f 25/15/3 24/14/3 26/16/3
f 25/15/3 26/16/3 27/17/3
f 27/17/3 26/16/3 28/18/3
f 27/17/3 28/18/3 29/19/3
f 29/19/3 28/18/3 30/20/3
f 29/19/3 30/20/3 31/21/3
f 31/21/3 30/20/3 32/22/3
f 31/21/3 32/22/3 33/23/3
f 33/23/3 32/22/3 34/24/3
f 33/23/3 34/24/3 35/25/3
f 35/25/3 34/24/3 36/26/3
f 35/25/3 36/26/3 37/27/3
f 37/27/3 36/26/3 38/28/3
f 37/27/3 38/28/3 39/29/3
f 39/29/3 38/28/3 40/30/3
f 65/31/4 66/4/4 67/1/4
f 66/4/4 65/31/4 68/32/4
f 73/6/5 74/33/5 75/34/5
f 74/33/5 73/6/5 76/5/5
f 81/35/6 82/36/6 83/37/6
f 82/36/6 81/35/6 84/38/6
f 89/37/7 90/39/7 91/40/7
f 90/39/7 89/37/7 92/36/7
f 97/40/8 98/41/8 99/42/8
f 98/41/8 97/40/8 100/39/8
f 105/42/9 106/43/9 107/44/9
f 106/43/9 105/42/9 108/41/9
f 113/43/10 114/45/10 115/44/10
f 114/45/11 113/43/11 116/46/11
f 121/46/12 122/47/12 123/45/12
f 122/47/12 121/46/12 124/48/12
f 129/48/13 130/49/13 131/47/13
f 130/49/13 129/48/13 132/50/13
f 137/50/14 138/51/14 139/49/14
f 138/51/14 137/50/14 140/52/14
f 145/52/15 146/53/15 147/51/15
f 146/53/15 145/52/15 148/54/15
f 153/54/16 154/55/16 155/53/16
f 154/55/16 153/54/16 156/56/16
f 161/57/17 162/55/17 163/56/17
f 162/55/17 161/57/17 164/58/17
f 169/59/18 170/58/18 171/57/18
f 170/58/18 169/59/18 172/60/18
f 177/61/19 178/60/19 179/59/19
f 178/60/19 177/61/19 180/62/19
f 185/63/20 186/64/20 187/65/20
f 186/64/20 185/63/20 188/66/20
f 193/67/21 194/66/21 195/63/21
f 194/66/21 193/67/21 196/68/21
f 201/69/22 202/68/22 203/67/22
f 202/68/22 201/69/22 204/70/22
f 209/70/23 210/71/23 211/72/23
f 210/71/24 209/70/24 212/69/24
f 217/72/25 218/73/25 219/74/25
f 218/73/25 217/72/25 220/71/25
f 225/74/26 226/32/26 227/31/26
f 226/32/26 225/74/26 228/73/26
f 233/34/27 234/38/27 235/35/27
f 234/38/27 233/34/27 236/33/27
usemtl woodplanks.001
f 5/75/15 6/76/15 7/77/15
f 8/78/15 7/77/15 6/76/15
f 13/79/16 14/80/16 15/81/16
f 16/82/16 15/81/16 14/80/16
f 41/83/28 42/84/28 43/85/28
f 43/85/28 42/84/28 44/86/28
f 42/84/28 45/87/28 44/86/28
f 44/86/28 45/87/28 46/88/28
f 45/87/28 47/89/28 46/88/28
f 46/88/28 47/89/28 48/90/28
f 47/89/28 49/91/28 48/90/28
f 48/90/28 49/91/28 50/92/28
f 49/91/28 51/93/28 50/92/28
f 50/92/28 51/93/28 52/94/28
f 51/93/28 53/95/28 52/94/28
f 52/94/28 53/95/28 54/96/28
f 53/95/28 55/97/28 54/96/28
f 54/96/28 55/97/28 56/98/28
f 55/97/28 57/99/28 56/98/28
f 56/98/28 57/99/28 58/100/28
f 57/99/28 59/101/28 58/100/28
f 58/100/28 59/101/28 60/102/28
f 59/101/28 61/103/28 60/102/28
f 60/102/28 61/103/28 62/104/28
f 61/103/28 63/105/28 62/104/28
f 64/106/28 62/104/28 63/105/28
f 69/107/14 70/108/14 71/109/14
f 72/110/14 71/109/14 70/108/14
f 77/111/17 78/112/17 79/113/17
f 80/114/17 79/113/17 78/112/17
f 85/115/19 86/116/19 87/117/19
f 88/118/19 87/117/19 86/116/19
f 93/119/20 94/120/20 95/121/20
f 96/122/20 95/121/20 94/120/20
f 101/123/21 102/124/21 103/125/21
f 104/126/21 103/125/21 102/124/21
f 109/127/22 110/128/22 111/129/22
f 112/130/22 111/129/22 110/128/22
f 117/131/23 118/132/23 119/133/23
f 120/134/29 119/133/29 118/132/29
f 125/135/25 126/136/25 127/137/25
f 128/138/25 127/137/25 126/136/25
f 133/139/26 134/140/26 135/141/26
f 136/142/26 135/141/26 134/140/26
f 141/143/4 142/144/4 143/145/4
f 144/146/4 143/145/4 142/144/4
f 149/147/1 150/148/1 151/149/1
f 152/150/1 151/149/1 150/148/1
f 157/151/2 158/152/2 159/153/2
f 160/154/2 159/153/2 158/152/2
f 165/155/5 166/156/5 167/157/5
f 168/158/5 167/157/5 166/156/5
f 173/159/27 174/160/27 175/161/27
f 176/162/27 175/161/27 174/160/27
f 181/163/6 182/164/6 183/165/6
f 184/166/6 183/165/6 182/164/6
f 189/167/7 190/168/7 191/169/7
f 192/170/7 191/169/7 190/168/7
f 197/171/8 198/172/8 199/173/8
f 200/174/8 199/173/8 198/172/8
f 205/175/9 206/176/9 207/177/9
f 208/178/9 207/177/9 206/176/9
f 213/179/30 214/180/30 215/181/30
f 216/182/11 215/181/11 214/180/11
f 221/183/12 222/184/12 223/185/12
f 224/186/12 223/185/12 222/184/12
f 229/187/13 230/188/13 231/189/13
f 232/190/13 231/189/13 230/188/13
f 237/191/18 238/192/18 239/193/18
f 240/194/18 239/193/18 238/192/18
o SketchUp.009_ID94.001
v -0.095478 0.064093 0.157355
v -0.088226 0.059000 0.127355
v -0.095478 0.064093 0.127355
v -0.088226 0.059000 0.157355
v -0.088226 0.059000 0.157355
v -0.095478 0.064093 0.157355
v -0.088226 0.059000 0.127355
v -0.095478 0.064093 0.127355
v 0.261543 0.078000 0.157355
v 0.187667 0.059000 0.157355
v 0.261543 0.059000 0.157355
v 0.087890 0.059000 0.157355
v 0.095143 0.064093 0.157355
v 0.111754 0.079000 0.157355
v 0.261543 0.079000 0.157355
v 0.112090 0.009000 0.157355
v -0.037363 -0.001000 0.157355
v 0.037363 -0.001000 0.157355
v -0.112090 0.009000 0.157355
v 0.122528 0.020036 0.157355
v -0.122528 0.020036 0.157355
v 0.133570 0.029965 0.157355
v -0.000168 0.029000 0.157355
v 0.019804 0.030437 0.157355
v 0.145151 0.038726 0.157355
v 0.037363 0.034255 0.157355
v 0.039545 0.034730 0.157355
v 0.058829 0.041830 0.157355
v 0.157201 0.046270 0.157355
v 0.077433 0.051656 0.157355
v 0.169649 0.052550 0.157355
v 0.182421 0.057529 0.157355
v 0.186816 0.058761 0.157355
v -0.133570 0.029965 0.157355
v -0.020140 0.030437 0.157355
v -0.145151 0.038726 0.157355
v -0.037363 0.034182 0.157355
v -0.039881 0.034730 0.157355
v -0.059165 0.041830 0.157355
v -0.157201 0.046270 0.157355
v -0.077769 0.051656 0.157355
v -0.169649 0.052550 0.157355
v -0.088226 0.059000 0.157355
v -0.182421 0.057529 0.157355
v -0.186203 0.058589 0.157355
v -0.187667 0.059000 0.157355
v -0.095478 0.064093 0.157355
v -0.261543 0.059000 0.157355
v -0.261543 0.078000 0.157355
v -0.112090 0.079000 0.157355
v -0.261543 0.079000 0.157355
v -0.261543 0.079000 0.157355
v -0.112090 0.079000 0.157355
v -0.261543 0.078000 0.157355
v -0.095478 0.064093 0.157355
v -0.261543 0.059000 0.157355
v -0.187667 0.059000 0.157355
v -0.088226 0.059000 0.157355
v -0.186203 0.058589 0.157355
v -0.182421 0.057529 0.157355
v -0.169649 0.052550 0.157355
v -0.077769 0.051656 0.157355
v -0.157201 0.046270 0.157355
v -0.059165 0.041830 0.157355
v -0.145151 0.038726 0.157355
v -0.039881 0.034730 0.157355
v -0.037363 0.034182 0.157355
v -0.020140 0.030437 0.157355
v -0.133570 0.029965 0.157355
v -0.000168 0.029000 0.157355
v -0.122528 0.020036 0.157355
v 0.187667 0.059000 0.157355
v 0.186816 0.058761 0.157355
v 0.087890 0.059000 0.157355
v 0.182421 0.057529 0.157355
v 0.169649 0.052550 0.157355
v 0.077433 0.051656 0.157355
v 0.157201 0.046270 0.157355
v 0.058829 0.041830 0.157355
v 0.145151 0.038726 0.157355
v 0.039545 0.034730 0.157355
v 0.037363 0.034255 0.157355
v 0.019804 0.030437 0.157355
v 0.133570 0.029965 0.157355
v 0.122528 0.020036 0.157355
v -0.112090 0.009000 0.157355
v 0.112090 0.009000 0.157355
v -0.037363 -0.001000 0.157355
v 0.037363 -0.001000 0.157355
v 0.261543 0.079000 0.157355
v 0.261543 0.078000 0.157355
v 0.111754 0.079000 0.157355
v 0.095143 0.064093 0.157355
v 0.261543 0.059000 0.157355
v -0.088226 0.059000 0.157355
v -0.077769 0.051656 0.127355
v -0.088226 0.059000 0.127355
v -0.077769 0.051656 0.157355
v -0.077769 0.051656 0.157355
v -0.088226 0.059000 0.157355
v -0.077769 0.051656 0.127355
v -0.088226 0.059000 0.127355
v -0.133570 0.029965 0.127355
v -0.000168 0.029000 0.127355
v -0.122528 0.020036 0.127355
v -0.020140 0.030437 0.127355
v -0.145151 0.038726 0.127355
v -0.037363 0.034182 0.127355
v -0.039881 0.034730 0.127355
v -0.059165 0.041830 0.127355
v -0.157201 0.046270 0.127355
v -0.077769 0.051656 0.127355
v -0.169649 0.052550 0.127355
v -0.088226 0.059000 0.127355
v -0.182421 0.057529 0.127355
v -0.186203 0.058589 0.127355
v -0.187667 0.059000 0.127355
v -0.095478 0.064093 0.127355
v -0.261543 0.059000 0.127355
v -0.261543 0.079000 0.127355
v -0.112090 0.079000 0.127355
v -0.037363 -0.001000 0.127355
v 0.112090 0.009000 0.127355
v 0.037363 -0.001000 0.127355
v -0.112090 0.009000 0.127355
v 0.122528 0.020036 0.127355
v 0.133570 0.029965 0.127355
v 0.019804 0.030437 0.127355
v 0.145151 0.038726 0.127355
v 0.037363 0.034255 0.127355
v 0.039545 0.034730 0.127355
v 0.058829 0.041830 0.127355
v 0.157201 0.046270 0.127355
v 0.077433 0.051656 0.127355
v 0.169649 0.052550 0.127355
v 0.087890 0.059000 0.127355
v 0.182421 0.057529 0.127355
v 0.186816 0.058761 0.127355
v 0.187667 0.059000 0.127355
v 0.261543 0.079000 0.127355
v 0.261543 0.059000 0.127355
v 0.095143 0.064093 0.127355
v 0.111754 0.079000 0.127355
v 0.111754 0.079000 0.127355
v 0.095143 0.064093 0.127355
v 0.261543 0.079000 0.127355
v 0.087890 0.059000 0.127355
v 0.187667 0.059000 0.127355
v 0.261543 0.059000 0.127355
v 0.186816 0.058761 0.127355
v 0.182421 0.057529 0.127355
v 0.169649 0.052550 0.127355
v 0.077433 0.051656 0.127355
v 0.157201 0.046270 0.127355
v 0.058829 0.041830 0.127355
v 0.145151 0.038726 0.127355
v 0.039545 0.034730 0.127355
v 0.037363 0.034255 0.127355
v 0.019804 0.030437 0.127355
v 0.133570 0.029965 0.127355
v -0.000168 0.029000 0.127355
v -0.122528 0.020036 0.127355
v 0.122528 0.020036 0.127355
v -0.112090 0.009000 0.127355
v 0.112090 0.009000 0.127355
v -0.037363 -0.001000 0.127355
v 0.037363 -0.001000 0.127355
v -0.112090 0.079000 0.127355
v -0.261543 0.079000 0.127355
v -0.095478 0.064093 0.127355
v -0.261543 0.059000 0.127355
v -0.187667 0.059000 0.127355
v -0.088226 0.059000 0.127355
v -0.186203 0.058589 0.127355
v -0.182421 0.057529 0.127355
v -0.169649 0.052550 0.127355
v -0.077769 0.051656 0.127355
v -0.157201 0.046270 0.127355
v -0.059165 0.041830 0.127355
v -0.145151 0.038726 0.127355
v -0.039881 0.034730 0.127355
v -0.037363 0.034182 0.127355
v -0.020140 0.030437 0.127355
v -0.133570 0.029965 0.127355
v -0.112090 0.079000 0.157355
v -0.095478 0.064093 0.127355
v -0.112090 0.079000 0.127355
v -0.095478 0.064093 0.157355
v -0.095478 0.064093 0.157355
v -0.112090 0.079000 0.157355
v -0.095478 0.064093 0.127355
v -0.112090 0.079000 0.127355
v 0.186816 0.058761 0.127355
v 0.182421 0.057529 0.157355
v 0.182421 0.057529 0.127355
v 0.186816 0.058761 0.157355
v 0.187667 0.059000 0.127355
v 0.187667 0.059000 0.157355
v 0.187667 0.059000 0.157355
v 0.187667 0.059000 0.127355
v 0.186816 0.058761 0.157355
v 0.186816 0.058761 0.127355
v 0.182421 0.057529 0.157355
v 0.182421 0.057529 0.127355
v 0.187667 0.059000 0.127355
v 0.219605 0.059000 0.133694
v 0.187667 0.059000 0.157355
v 0.222017 0.059000 0.132695
v 0.261543 0.059000 0.127355
v 0.217534 0.059000 0.135283
v 0.215945 0.059000 0.137355
v 0.214946 0.059000 0.139766
v 0.214605 0.059000 0.142355
v 0.224605 0.059000 0.132355
v 0.227193 0.059000 0.132695
v 0.229605 0.059000 0.133694
v 0.231676 0.059000 0.135283
v 0.233265 0.059000 0.137355
v 0.234264 0.059000 0.139766
v 0.234605 0.059000 0.142355
v 0.222017 0.059000 0.152014
v 0.261543 0.059000 0.157355
v 0.219605 0.059000 0.151015
v 0.217534 0.059000 0.149426
v 0.215945 0.059000 0.147355
v 0.214946 0.059000 0.144943
v 0.224605 0.059000 0.152355
v 0.227193 0.059000 0.152014
v 0.229605 0.059000 0.151015
v 0.231676 0.059000 0.149426
v 0.233265 0.059000 0.147355
v 0.234264 0.059000 0.144943
v 0.261543 0.059000 0.127355
v 0.234605 0.059000 0.142355
v 0.261543 0.059000 0.157355
v 0.234264 0.059000 0.144943
v 0.233265 0.059000 0.147355
v 0.231676 0.059000 0.149426
v 0.229605 0.059000 0.151015
v 0.227193 0.059000 0.152014
v 0.224605 0.059000 0.152355
v 0.222017 0.059000 0.152014
v 0.214605 0.059000 0.142355
v 0.187667 0.059000 0.157355
v 0.214946 0.059000 0.144943
v 0.215945 0.059000 0.147355
v 0.217534 0.059000 0.149426
v 0.219605 0.059000 0.151015
v 0.234264 0.059000 0.139766
v 0.233265 0.059000 0.137355
v 0.231676 0.059000 0.135283
v 0.229605 0.059000 0.133694
v 0.227193 0.059000 0.132695
v 0.224605 0.059000 0.132355
v 0.222017 0.059000 0.132695
v 0.214946 0.059000 0.139766
v 0.215945 0.059000 0.137355
v 0.217534 0.059000 0.135283
v 0.219605 0.059000 0.133694
v 0.187667 0.059000 0.127355
v 0.261543 0.059000 0.127355
v 0.261543 0.078000 0.157355
v 0.261543 0.059000 0.157355
v 0.261543 0.079000 0.157355
v 0.261543 0.079000 0.127355
v 0.261543 0.079000 0.127355
v 0.261543 0.059000 0.127355
v 0.261543 0.079000 0.157355
v 0.261543 0.078000 0.157355
v 0.261543 0.059000 0.157355
v 0.111754 0.079000 0.157355
v 0.261543 0.079000 0.127355
v 0.111754 0.079000 0.127355
v 0.261543 0.079000 0.157355
v 0.261543 0.079000 0.157355
v 0.111754 0.079000 0.157355
v 0.261543 0.079000 0.127355
v 0.111754 0.079000 0.127355
v 0.095143 0.064093 0.157355
v 0.111754 0.079000 0.127355
v 0.095143 0.064093 0.127355
v 0.111754 0.079000 0.157355
v 0.111754 0.079000 0.157355
v 0.095143 0.064093 0.157355
v 0.111754 0.079000 0.127355
v 0.095143 0.064093 0.127355
v 0.087890 0.059000 0.157355
v 0.095143 0.064093 0.127355
v 0.087890 0.059000 0.127355
v 0.095143 0.064093 0.157355
v 0.095143 0.064093 0.157355
v 0.087890 0.059000 0.157355
v 0.095143 0.064093 0.127355
v 0.087890 0.059000 0.127355
v 0.077433 0.051656 0.157355
v 0.087890 0.059000 0.127355
v 0.077433 0.051656 0.127355
v 0.087890 0.059000 0.157355
v 0.087890 0.059000 0.157355
v 0.077433 0.051656 0.157355
v 0.087890 0.059000 0.127355
v 0.077433 0.051656 0.127355
v 0.058829 0.041830 0.157355
v 0.077433 0.051656 0.127355
v 0.058829 0.041830 0.127355
v 0.077433 0.051656 0.157355
v 0.077433 0.051656 0.157355
v 0.058829 0.041830 0.157355
v 0.077433 0.051656 0.127355
v 0.058829 0.041830 0.127355
v 0.039545 0.034730 0.157355
v 0.058829 0.041830 0.127355
v 0.039545 0.034730 0.127355
v 0.058829 0.041830 0.157355
v 0.058829 0.041830 0.157355
v 0.039545 0.034730 0.157355
v 0.058829 0.041830 0.127355
v 0.039545 0.034730 0.127355
v 0.037363 0.034255 0.157355
v 0.039545 0.034730 0.127355
v 0.037363 0.034255 0.127355
v 0.039545 0.034730 0.157355
v 0.039545 0.034730 0.157355
v 0.037363 0.034255 0.157355
v 0.039545 0.034730 0.127355
v 0.037363 0.034255 0.127355
v 0.019804 0.030437 0.157355
v 0.037363 0.034255 0.127355
v 0.019804 0.030437 0.127355
v 0.037363 0.034255 0.157355
v 0.037363 0.034255 0.157355
v 0.019804 0.030437 0.157355
v 0.037363 0.034255 0.127355
v 0.019804 0.030437 0.127355
v -0.000168 0.029000 0.157355
v 0.019804 0.030437 0.127355
v -0.000168 0.029000 0.127355
v 0.019804 0.030437 0.157355
v 0.019804 0.030437 0.157355
v -0.000168 0.029000 0.157355
v 0.019804 0.030437 0.127355
v -0.000168 0.029000 0.127355
v -0.020140 0.030437 0.157355
v -0.000168 0.029000 0.127355
v -0.020140 0.030437 0.127355
v -0.000168 0.029000 0.157355
v -0.000168 0.029000 0.157355
v -0.020140 0.030437 0.157355
v -0.000168 0.029000 0.127355
v -0.020140 0.030437 0.127355
v -0.037363 0.034182 0.157355
v -0.020140 0.030437 0.127355
v -0.037363 0.034182 0.127355
v -0.020140 0.030437 0.157355
v -0.020140 0.030437 0.157355
v -0.037363 0.034182 0.157355
v -0.020140 0.030437 0.127355
v -0.037363 0.034182 0.127355
v -0.039881 0.034730 0.157355
v -0.037363 0.034182 0.127355
v -0.039881 0.034730 0.127355
v -0.037363 0.034182 0.157355
v -0.037363 0.034182 0.157355
v -0.039881 0.034730 0.157355
v -0.037363 0.034182 0.127355
v -0.039881 0.034730 0.127355
v -0.059165 0.041830 0.157355
v -0.039881 0.034730 0.127355
v -0.059165 0.041830 0.127355
v -0.039881 0.034730 0.157355
v -0.039881 0.034730 0.157355
v -0.059165 0.041830 0.157355
v -0.039881 0.034730 0.127355
v -0.059165 0.041830 0.127355
v -0.077769 0.051656 0.157355
v -0.059165 0.041830 0.127355
v -0.077769 0.051656 0.127355
v -0.059165 0.041830 0.157355
v -0.059165 0.041830 0.157355
v -0.077769 0.051656 0.157355
v -0.059165 0.041830 0.127355
v -0.077769 0.051656 0.127355
v -0.261543 0.079000 0.157355
v -0.112090 0.079000 0.127355
v -0.261543 0.079000 0.127355
v -0.112090 0.079000 0.157355
v -0.112090 0.079000 0.157355
v -0.261543 0.079000 0.157355
v -0.112090 0.079000 0.127355
v -0.261543 0.079000 0.127355
v -0.261543 0.079000 0.127355
v -0.261543 0.078000 0.157355
v -0.261543 0.079000 0.157355
v -0.261543 0.059000 0.127355
v -0.261543 0.059000 0.157355
v -0.261543 0.079000 0.127355
v -0.261543 0.078000 0.157355
v -0.261543 0.059000 0.127355
v -0.261543 0.059000 0.157355
v -0.261543 0.079000 0.157355
v -0.261543 0.059000 0.127355
v -0.229605 0.059000 0.133694
v -0.261543 0.059000 0.157355
v -0.227193 0.059000 0.132695
v -0.187667 0.059000 0.127355
v -0.231676 0.059000 0.135283
v -0.233265 0.059000 0.137355
v -0.234264 0.059000 0.139766
v -0.234605 0.059000 0.142355
v -0.224605 0.059000 0.132355
v -0.222017 0.059000 0.132695
v -0.219605 0.059000 0.133694
v -0.217534 0.059000 0.135283
v -0.215945 0.059000 0.137355
v -0.214946 0.059000 0.139766
v -0.214605 0.059000 0.142355
v -0.227193 0.059000 0.152014
v -0.187667 0.059000 0.157355
v -0.229605 0.059000 0.151015
v -0.231676 0.059000 0.149426
v -0.233265 0.059000 0.147355
v -0.234264 0.059000 0.144943
v -0.224605 0.059000 0.152355
v -0.222017 0.059000 0.152014
v -0.219605 0.059000 0.151015
v -0.217534 0.059000 0.149426
v -0.215945 0.059000 0.147355
v -0.214946 0.059000 0.144943
v -0.187667 0.059000 0.127355
v -0.214605 0.059000 0.142355
v -0.187667 0.059000 0.157355
v -0.214946 0.059000 0.144943
v -0.215945 0.059000 0.147355
v -0.217534 0.059000 0.149426
v -0.219605 0.059000 0.151015
v -0.222017 0.059000 0.152014
v -0.224605 0.059000 0.152355
v -0.227193 0.059000 0.152014
v -0.234605 0.059000 0.142355
v -0.261543 0.059000 0.157355
v -0.234264 0.059000 0.144943
v -0.233265 0.059000 0.147355
v -0.231676 0.059000 0.149426
v -0.229605 0.059000 0.151015
v -0.214946 0.059000 0.139766
v -0.215945 0.059000 0.137355
v -0.217534 0.059000 0.135283
v -0.219605 0.059000 0.133694
v -0.222017 0.059000 0.132695
v -0.224605 0.059000 0.132355
v -0.227193 0.059000 0.132695
v -0.234264 0.059000 0.139766
v -0.233265 0.059000 0.137355
v -0.231676 0.059000 0.135283
v -0.229605 0.059000 0.133694
v -0.261543 0.059000 0.127355
v -0.186203 0.058589 0.127355
v -0.187667 0.059000 0.157355
v -0.187667 0.059000 0.127355
v -0.186203 0.058589 0.157355
v -0.182421 0.057529 0.127355
v -0.182421 0.057529 0.157355
v -0.182421 0.057529 0.157355
v -0.182421 0.057529 0.127355
v -0.186203 0.058589 0.157355
v -0.186203 0.058589 0.127355
v -0.187667 0.059000 0.157355
v -0.187667 0.059000 0.127355
v -0.169649 0.052550 0.127355
v -0.182421 0.057529 0.157355
v -0.182421 0.057529 0.127355
v -0.169649 0.052550 0.157355
v -0.169649 0.052550 0.157355
v -0.169649 0.052550 0.127355
v -0.182421 0.057529 0.157355
v -0.182421 0.057529 0.127355
v -0.157201 0.046270 0.127355
v -0.169649 0.052550 0.157355
v -0.169649 0.052550 0.127355
v -0.157201 0.046270 0.157355
v -0.157201 0.046270 0.157355
v -0.157201 0.046270 0.127355
v -0.169649 0.052550 0.157355
v -0.169649 0.052550 0.127355
v -0.145151 0.038726 0.127355
v -0.157201 0.046270 0.157355
v -0.157201 0.046270 0.127355
v -0.145151 0.038726 0.157355
v -0.145151 0.038726 0.157355
v -0.145151 0.038726 0.127355
v -0.157201 0.046270 0.157355
v -0.157201 0.046270 0.127355
v -0.133570 0.029965 0.127355
v -0.145151 0.038726 0.157355
v -0.145151 0.038726 0.127355
v -0.133570 0.029965 0.157355
v -0.133570 0.029965 0.157355
v -0.133570 0.029965 0.127355
v -0.145151 0.038726 0.157355
v -0.145151 0.038726 0.127355
v -0.122528 0.020036 0.127355
v -0.133570 0.029965 0.157355
v -0.133570 0.029965 0.127355
v -0.122528 0.020036 0.157355
v -0.122528 0.020036 0.157355
v -0.122528 0.020036 0.127355
v -0.133570 0.029965 0.157355
v -0.133570 0.029965 0.127355
v -0.122528 0.020036 0.127355
v -0.112090 0.009000 0.157355
v -0.122528 0.020036 0.157355
v -0.112090 0.009000 0.127355
v -0.112090 0.009000 0.127355
v -0.122528 0.020036 0.127355
v -0.112090 0.009000 0.157355
v -0.122528 0.020036 0.157355
v -0.037363 -0.001000 0.127355
v -0.112090 0.009000 0.157355
v -0.112090 0.009000 0.127355
v -0.037363 -0.001000 0.157355
v -0.037363 -0.001000 0.157355
v -0.037363 -0.001000 0.127355
v -0.112090 0.009000 0.157355
v -0.112090 0.009000 0.127355
v 0.037363 -0.001000 0.127355
v -0.037363 -0.001000 0.157355
v -0.037363 -0.001000 0.127355
v 0.037363 -0.001000 0.157355
v 0.037363 -0.001000 0.157355
v 0.037363 -0.001000 0.127355
v -0.037363 -0.001000 0.157355
v -0.037363 -0.001000 0.127355
v 0.112090 0.009000 0.127355
v 0.037363 -0.001000 0.157355
v 0.037363 -0.001000 0.127355
v 0.112090 0.009000 0.157355
v 0.112090 0.009000 0.157355
v 0.112090 0.009000 0.127355
v 0.037363 -0.001000 0.157355
v 0.037363 -0.001000 0.127355
v 0.112090 0.009000 0.127355
v 0.122528 0.020036 0.157355
v 0.112090 0.009000 0.157355
v 0.122528 0.020036 0.127355
v 0.122528 0.020036 0.127355
v 0.112090 0.009000 0.127355
v 0.122528 0.020036 0.157355
v 0.112090 0.009000 0.157355
v 0.133570 0.029965 0.127355
v 0.122528 0.020036 0.157355
v 0.122528 0.020036 0.127355
v 0.133570 0.029965 0.157355
v 0.133570 0.029965 0.157355
v 0.133570 0.029965 0.127355
v 0.122528 0.020036 0.157355
v 0.122528 0.020036 0.127355
v 0.145151 0.038726 0.127355
v 0.133570 0.029965 0.157355
v 0.133570 0.029965 0.127355
v 0.145151 0.038726 0.157355
v 0.145151 0.038726 0.157355
v 0.145151 0.038726 0.127355
v 0.133570 0.029965 0.157355
v 0.133570 0.029965 0.127355
v 0.157201 0.046270 0.127355
v 0.145151 0.038726 0.157355
v 0.145151 0.038726 0.127355
v 0.157201 0.046270 0.157355
v 0.157201 0.046270 0.157355
v 0.157201 0.046270 0.127355
v 0.145151 0.038726 0.157355
v 0.145151 0.038726 0.127355
v 0.169649 0.052550 0.127355
v 0.157201 0.046270 0.157355
v 0.157201 0.046270 0.127355
v 0.169649 0.052550 0.157355
v 0.169649 0.052550 0.157355
v 0.169649 0.052550 0.127355
v 0.157201 0.046270 0.157355
v 0.157201 0.046270 0.127355
v 0.182421 0.057529 0.127355
v 0.169649 0.052550 0.157355
v 0.169649 0.052550 0.127355
v 0.182421 0.057529 0.157355
v 0.182421 0.057529 0.157355
v 0.182421 0.057529 0.127355
v 0.169649 0.052550 0.157355
v 0.169649 0.052550 0.127355
vt -0.078677 0.143713
vt -0.063677 0.132635
vt -0.063677 0.143713
vt -0.078677 0.132635
vt 0.130772 0.097500
vt 0.093834 0.073750
vt 0.130772 0.073750
vt 0.043945 0.073750
vt 0.047571 0.080117
vt 0.055877 0.098750
vt 0.130772 0.098750
vt 0.056045 0.011250
vt -0.018682 -0.001250
vt 0.018682 -0.001250
vt -0.056045 0.011250
vt 0.061264 0.025045
vt -0.061264 0.025045
vt 0.066785 0.037456
vt -0.000084 0.036250
vt 0.009902 0.038046
vt 0.072575 0.048408
vt 0.018682 0.042819
vt 0.019773 0.043412
vt 0.029414 0.052288
vt 0.078600 0.057837
vt 0.038716 0.064570
vt 0.084824 0.065687
vt 0.091210 0.071912
vt 0.093408 0.073452
vt -0.066785 0.037456
vt -0.010070 0.038046
vt -0.072575 0.048408
vt -0.018682 0.042728
vt -0.019941 0.043412
vt -0.029582 0.052288
vt -0.078600 0.057837
vt -0.038884 0.064570
vt -0.084824 0.065687
vt -0.044113 0.073750
vt -0.091210 0.071912
vt -0.093101 0.073237
vt -0.093834 0.073750
vt -0.047739 0.080117
vt -0.130772 0.073750
vt -0.130772 0.097500
vt -0.056045 0.098750
vt -0.130772 0.098750
vt -0.063677 0.116662
vt -0.078677 0.116662
vt 0.000084 0.036250
vt 0.010070 0.038046
vt 0.018682 0.042728
vt 0.019941 0.043412
vt 0.029582 0.052288
vt 0.038884 0.064570
vt 0.044113 0.073750
vt 0.093101 0.073237
vt 0.047739 0.080117
vt 0.056045 0.098750
vt -0.009902 0.038046
vt -0.018682 0.042819
vt -0.019773 0.043412
vt -0.029414 0.052288
vt -0.038716 0.064570
vt -0.043945 0.073750
vt -0.093408 0.073452
vt -0.047571 0.080117
vt -0.055877 0.098750
vt -0.078677 0.170234
vt -0.063677 0.142336
vt -0.063677 0.170234
vt -0.078677 0.142336
vt -0.063677 0.244679
vt -0.078677 0.238972
vt -0.063677 0.238972
vt -0.078677 0.244679
vt -0.063677 0.245784
vt -0.078677 0.245784
vt -0.093834 -0.159193
vt -0.109803 -0.167118
vt -0.093834 -0.196693
vt -0.111009 -0.165869
vt -0.130772 -0.159193
vt -0.108767 -0.169104
vt -0.107973 -0.171693
vt -0.107473 -0.174708
vt -0.107303 -0.177943
vt -0.112303 -0.165443
vt -0.113597 -0.165869
vt -0.114803 -0.167118
vt -0.115838 -0.169104
vt -0.116633 -0.171693
vt -0.117132 -0.174708
vt -0.117303 -0.177943
vt -0.111009 -0.190017
vt -0.130772 -0.196693
vt -0.109803 -0.188769
vt -0.108767 -0.186782
vt -0.107973 -0.184193
vt -0.107473 -0.181178
vt -0.112303 -0.190443
vt -0.113597 -0.190017
vt -0.114803 -0.188769
vt -0.115838 -0.186782
vt -0.116633 -0.184193
vt -0.117132 -0.181178
vt -0.063677 0.073750
vt -0.078677 0.097500
vt -0.078677 0.073750
vt -0.078677 0.098750
vt -0.063677 0.098750
vt 0.055877 -0.196693
vt 0.130772 -0.159193
vt 0.055877 -0.159193
vt 0.130772 -0.196693
vt 0.078677 0.142023
vt 0.063677 0.169922
vt 0.063677 0.142023
vt 0.078677 0.169922
vt 0.078677 0.132292
vt 0.063677 0.143370
vt 0.063677 0.132292
vt 0.078677 0.143370
vt 0.078677 0.116319
vt 0.063677 0.116319
vt 0.078677 0.089443
vt 0.063677 0.115743
vt 0.063677 0.089443
vt 0.078677 0.115743
vt 0.078677 0.061387
vt 0.063677 0.087074
vt 0.063677 0.061387
vt 0.078677 0.087074
vt 0.078677 0.054737
vt 0.063677 0.057528
vt 0.063677 0.054737
vt 0.078677 0.057528
vt 0.078677 0.032274
vt 0.063677 0.032274
vt 0.078677 0.002391
vt 0.063677 0.027420
vt 0.063677 0.002391
vt 0.078677 0.027420
vt -0.078677 0.027839
vt -0.063677 0.002810
vt -0.063677 0.027839
vt -0.078677 0.002810
vt -0.078677 0.054717
vt -0.063677 0.032684
vt -0.063677 0.054717
vt -0.078677 0.032684
vt -0.078677 0.057938
vt -0.063677 0.057938
vt -0.078677 0.087468
vt -0.063677 0.061781
vt -0.063677 0.087468
vt -0.078677 0.061781
vt -0.078677 0.116114
vt -0.063677 0.089815
vt -0.063677 0.116114
vt -0.078677 0.089815
vt -0.056045 -0.159193
vt -0.056045 -0.196693
vt 0.063677 0.098750
vt 0.078677 0.097500
vt 0.078677 0.098750
vt 0.063677 0.073750
vt 0.078677 0.073750
vt 0.114803 -0.167118
vt 0.113597 -0.165869
vt 0.093834 -0.159193
vt 0.115838 -0.169104
vt 0.116633 -0.171693
vt 0.117132 -0.174708
vt 0.117303 -0.177943
vt 0.112303 -0.165443
vt 0.111009 -0.165869
vt 0.109803 -0.167118
vt 0.108767 -0.169104
vt 0.107973 -0.171693
vt 0.107473 -0.174708
vt 0.107303 -0.177943
vt 0.113597 -0.190017
vt 0.093834 -0.196693
vt 0.114803 -0.188769
vt 0.115838 -0.186782
vt 0.116633 -0.184193
vt 0.117132 -0.181178
vt 0.112303 -0.190443
vt 0.111009 -0.190017
vt 0.109803 -0.188769
vt 0.108767 -0.186782
vt 0.107973 -0.184193
vt 0.107473 -0.181178
vt 0.063677 0.243882
vt 0.078677 0.245784
vt 0.063677 0.245784
vt 0.078677 0.243882
vt 0.063677 0.238972
vt 0.078677 0.238972
vt 0.063677 0.221436
vt 0.078677 0.238572
vt 0.063677 0.238572
vt 0.078677 0.221436
vt 0.063677 0.201490
vt 0.078677 0.218918
vt 0.063677 0.218918
vt 0.078677 0.201490
vt 0.063677 0.179476
vt 0.078677 0.197246
vt 0.063677 0.197246
vt 0.078677 0.179476
vt 0.063677 0.155746
vt 0.078677 0.173898
vt 0.063677 0.173898
vt 0.078677 0.155746
vt 0.063677 0.130637
vt 0.078677 0.149199
vt 0.063677 0.149199
vt 0.078677 0.130637
vt 0.063677 0.123441
vt 0.078677 0.104453
vt 0.078677 0.123441
vt 0.063677 0.104453
vt 0.063677 0.046126
vt 0.078677 0.140366
vt 0.063677 0.140366
vt 0.078677 0.046126
vt -0.018682 -0.159193
vt 0.018682 -0.196693
vt 0.018682 -0.159193
vt -0.018682 -0.196693
vt -0.063677 0.140366
vt -0.078677 0.046126
vt -0.063677 0.046126
vt -0.078677 0.140366
vt -0.063677 0.104453
vt -0.078677 0.123441
vt -0.078677 0.104453
vt -0.063677 0.123441
vt -0.063677 0.149199
vt -0.078677 0.130637
vt -0.063677 0.130637
vt -0.078677 0.149199
vt -0.063677 0.173898
vt -0.078677 0.155746
vt -0.063677 0.155746
vt -0.078677 0.173898
vt -0.063677 0.197246
vt -0.078677 0.179476
vt -0.063677 0.179476
vt -0.078677 0.197246
vt -0.063677 0.218918
vt -0.078677 0.201490
vt -0.063677 0.201490
vt -0.078677 0.218918
vt -0.063677 0.238572
vt -0.078677 0.221436
vt -0.063677 0.221436
vt -0.078677 0.238572
vn 0.574700 0.818300 0.000000
vn -0.574700 -0.818300 0.000000
vn 0.000000 0.000000 1.000000
vn 0.000000 0.000000 -1.000000
vn 0.667900 0.744300 0.000000
vn -0.667900 -0.744300 0.000000
vn 0.269900 -0.962900 0.000000
vn -0.269900 0.962900 0.000000
vn 0.000000 -1.000000 0.000000
vn 0.000000 -1.000000 -0.000700
vn 0.000000 1.000000 0.000000
vn 0.000000 1.000000 0.001300
vn 0.000000 1.000000 -0.001300
vn 1.000000 0.000000 0.000000
vn -1.000000 0.000000 0.000000
vn -0.667900 0.744300 0.000000
vn 0.667900 -0.744300 0.000000
vn -0.574700 0.818300 0.000000
vn 0.574700 -0.818300 0.000000
vn -0.467000 0.884200 0.000000
vn 0.467000 -0.884200 0.000000
vn -0.345500 0.938400 0.000000
vn 0.345500 -0.938400 0.000000
vn -0.212500 0.977200 0.000000
vn 0.212500 -0.977200 0.000000
vn -0.071700 0.997400 0.000000
vn 0.071700 -0.997400 0.000000
vn 0.071700 0.997400 0.000000
vn -0.071700 -0.997400 0.000000
vn 0.212500 0.977200 0.000000
vn -0.212500 -0.977200 0.000000
vn 0.345500 0.938400 0.000000
vn -0.345500 -0.938400 0.000000
vn 0.467000 0.884200 0.000000
vn -0.467000 -0.884200 0.000000
vn 0.000000 -1.000000 -0.000400
vn -0.269900 -0.962900 0.000000
vn 0.269900 0.962900 0.000000
vn -0.363200 -0.931700 0.000000
vn 0.363200 0.931700 0.000000
vn -0.450400 -0.892800 0.000000
vn 0.450400 0.892800 0.000000
vn -0.530600 -0.847600 0.000000
vn 0.530600 0.847600 0.000000
vn -0.603400 -0.797500 0.000000
vn 0.603400 0.797500 0.000000
vn -0.668600 -0.743600 0.000000
vn 0.668600 0.743600 0.000000
vn -0.726500 -0.687200 0.000000
vn 0.726500 0.687200 0.000000
vn -0.132600 -0.991200 0.000000
vn 0.132600 0.991200 0.000000
vn 0.132600 -0.991200 0.000000
vn -0.132600 0.991200 0.000000
vn 0.726500 -0.687200 0.000000
vn -0.726500 0.687200 0.000000
vn 0.668600 -0.743600 0.000000
vn -0.668600 0.743600 0.000000
vn 0.603400 -0.797500 0.000000
vn -0.603400 0.797500 0.000000
vn 0.530600 -0.847600 0.000000
vn -0.530600 0.847600 0.000000
vn 0.450400 -0.892800 0.000000
vn -0.450400 0.892800 0.000000
vn 0.363200 -0.931700 0.000000
vn -0.363200 0.931700 0.000000
usemtl woodplanks.001
s off
f 241/195/31 242/196/31 243/197/31
f 242/196/31 241/195/31 244/198/31
f 245/198/32 246/195/32 247/196/32
f 248/197/32 247/196/32 246/195/32
f 249/199/33 250/200/33 251/201/33
f 250/200/33 249/199/33 252/202/33
f 252/202/33 249/199/33 253/203/33
f 253/203/33 249/199/33 254/204/33
f 254/204/33 249/199/33 255/205/33
f 256/206/33 257/207/33 258/208/33
f 257/207/33 256/206/33 259/209/33
f 259/209/33 256/206/33 260/210/33
f 259/209/33 260/210/33 261/211/33
f 261/211/33 260/210/33 262/212/33
f 261/211/33 262/212/33 263/213/33
f 263/213/33 262/212/33 264/214/33
f 264/214/33 262/212/33 265/215/33
f 264/214/33 265/215/33 266/216/33
f 266/216/33 265/215/33 267/217/33
f 267/217/33 265/215/33 268/218/33
f 268/218/33 265/215/33 269/219/33
f 268/218/33 269/219/33 270/220/33
f 270/220/33 269/219/33 271/221/33
f 270/220/33 271/221/33 252/202/33
f 252/202/33 271/221/33 272/222/33
f 252/202/33 272/222/33 273/223/33
f 252/202/33 273/223/33 250/200/33
f 263/213/33 274/224/33 261/211/33
f 274/224/33 263/213/33 275/225/33
f 274/224/33 275/225/33 276/226/33
f 276/226/33 275/225/33 277/227/33
f 276/226/33 277/227/33 278/228/33
f 276/226/33 278/228/33 279/229/33
f 276/226/33 279/229/33 280/230/33
f 280/230/33 279/229/33 281/231/33
f 280/230/33 281/231/33 282/232/33
f 282/232/33 281/231/33 283/233/33
f 282/232/33 283/233/33 284/234/33
f 284/234/33 283/233/33 285/235/33
f 285/235/33 283/233/33 286/236/33
f 286/236/33 283/233/33 287/237/33
f 286/236/33 287/237/33 288/238/33
f 288/238/33 287/237/33 289/239/33
f 289/239/33 287/237/33 290/240/33
f 289/239/33 290/240/33 291/241/33
f 292/241/34 293/240/34 294/239/34
f 293/240/34 295/237/34 294/239/34
f 294/239/34 295/237/34 296/238/34
f 296/238/34 295/237/34 297/236/34
f 295/237/34 298/233/34 297/236/34
f 297/236/34 298/233/34 299/235/34
f 299/235/34 298/233/34 300/234/34
f 300/234/34 298/233/34 301/232/34
f 298/233/34 302/231/34 301/232/34
f 301/232/34 302/231/34 303/230/34
f 302/231/34 304/229/34 303/230/34
f 303/230/34 304/229/34 305/226/34
f 304/229/34 306/228/34 305/226/34
f 306/228/34 307/227/34 305/226/34
f 307/227/34 308/225/34 305/226/34
f 305/226/34 308/225/34 309/224/34
f 308/225/34 310/213/34 309/224/34
f 311/211/34 309/224/34 310/213/34
f 312/200/34 313/223/34 314/202/34
f 313/223/34 315/222/34 314/202/34
f 315/222/34 316/221/34 314/202/34
f 314/202/34 316/221/34 317/220/34
f 316/221/34 318/219/34 317/220/34
f 317/220/34 318/219/34 319/218/34
f 318/219/34 320/215/34 319/218/34
f 319/218/34 320/215/34 321/217/34
f 321/217/34 320/215/34 322/216/34
f 322/216/34 320/215/34 323/214/34
f 320/215/34 324/212/34 323/214/34
f 323/214/34 324/212/34 310/213/34
f 310/213/34 324/212/34 311/211/34
f 324/212/34 325/210/34 311/211/34
f 311/211/34 325/210/34 326/209/34
f 325/210/34 327/206/34 326/209/34
f 326/209/34 327/206/34 328/207/34
f 329/208/34 328/207/34 327/206/34
f 330/205/34 331/199/34 332/204/34
f 332/204/34 331/199/34 333/203/34
f 333/203/34 331/199/34 314/202/34
f 314/202/34 331/199/34 312/200/34
f 334/201/34 312/200/34 331/199/34
f 335/198/31 336/242/31 337/196/31
f 336/242/31 335/198/31 338/243/31
f 339/243/32 340/198/32 341/242/32
f 342/196/32 341/242/32 340/198/32
f 343/212/34 344/244/34 345/210/34
f 344/244/34 343/212/34 346/245/34
f 346/245/34 343/212/34 347/215/34
f 346/245/34 347/215/34 348/246/34
f 348/246/34 347/215/34 349/247/34
f 349/247/34 347/215/34 350/248/34
f 350/248/34 347/215/34 351/219/34
f 350/248/34 351/219/34 352/249/34
f 352/249/34 351/219/34 353/221/34
f 352/249/34 353/221/34 354/250/34
f 354/250/34 353/221/34 355/222/34
f 354/250/34 355/222/34 356/251/34
f 354/250/34 356/251/34 357/200/34
f 354/250/34 357/200/34 358/252/34
f 358/252/34 357/200/34 359/201/34
f 358/252/34 359/201/34 360/205/34
f 358/252/34 360/205/34 361/253/34
f 362/208/34 363/209/34 364/207/34
f 363/209/34 362/208/34 365/206/34
f 363/209/34 365/206/34 366/211/34
f 366/211/34 365/206/34 345/210/34
f 366/211/34 345/210/34 367/224/34
f 367/224/34 345/210/34 344/244/34
f 367/224/34 344/244/34 368/254/34
f 367/224/34 368/254/34 369/226/34
f 369/226/34 368/254/34 370/255/34
f 369/226/34 370/255/34 371/256/34
f 369/226/34 371/256/34 372/257/34
f 369/226/34 372/257/34 373/230/34
f 373/230/34 372/257/34 374/258/34
f 373/230/34 374/258/34 375/232/34
f 375/232/34 374/258/34 376/259/34
f 375/232/34 376/259/34 377/234/34
f 377/234/34 376/259/34 378/260/34
f 378/260/34 376/259/34 379/236/34
f 379/236/34 380/241/34 381/238/34
f 380/241/34 379/236/34 376/259/34
f 380/241/34 376/259/34 382/261/34
f 380/241/34 382/261/34 383/262/34
f 384/262/33 385/261/33 386/241/33
f 385/261/33 387/259/33 386/241/33
f 387/259/33 388/236/33 386/241/33
f 389/238/33 386/241/33 388/236/33
f 388/236/33 387/259/33 390/260/33
f 390/260/33 387/259/33 391/234/33
f 391/234/33 387/259/33 392/232/33
f 387/259/33 393/258/33 392/232/33
f 392/232/33 393/258/33 394/230/33
f 393/258/33 395/257/33 394/230/33
f 394/230/33 395/257/33 396/226/33
f 395/257/33 397/256/33 396/226/33
f 397/256/33 398/255/33 396/226/33
f 398/255/33 399/254/33 396/226/33
f 396/226/33 399/254/33 400/224/33
f 399/254/33 401/244/33 400/224/33
f 401/244/33 402/210/33 400/224/33
f 400/224/33 402/210/33 403/211/33
f 402/210/33 404/206/33 403/211/33
f 403/211/33 404/206/33 405/209/33
f 404/206/33 406/208/33 405/209/33
f 407/207/33 405/209/33 406/208/33
f 408/253/33 409/205/33 410/252/33
f 409/205/33 411/201/33 410/252/33
f 411/201/33 412/200/33 410/252/33
f 410/252/33 412/200/33 413/250/33
f 412/200/33 414/251/33 413/250/33
f 414/251/33 415/222/33 413/250/33
f 415/222/33 416/221/33 413/250/33
f 413/250/33 416/221/33 417/249/33
f 416/221/33 418/219/33 417/249/33
f 417/249/33 418/219/33 419/248/33
f 418/219/33 420/215/33 419/248/33
f 419/248/33 420/215/33 421/247/33
f 421/247/33 420/215/33 422/246/33
f 422/246/33 420/215/33 423/245/33
f 420/215/33 424/212/33 423/245/33
f 423/245/33 424/212/33 401/244/33
f 402/210/33 401/244/33 424/212/33
f 425/263/35 426/264/35 427/265/35
f 426/264/35 425/263/35 428/266/35
f 429/266/36 430/263/36 431/264/36
f 432/265/36 431/264/36 430/263/36
f 433/267/37 434/268/37 435/269/37
f 434/268/37 433/267/37 436/270/37
f 436/270/37 433/267/37 437/271/37
f 436/270/37 437/271/37 438/272/37
f 439/272/38 440/271/38 441/270/38
f 440/271/38 442/267/38 441/270/38
f 441/270/38 442/267/38 443/268/38
f 444/269/38 443/268/38 442/267/38
f 445/273/39 446/274/39 447/275/39
f 446/274/39 445/273/39 448/276/39
f 448/276/39 445/273/39 449/277/39
f 447/275/39 446/274/39 450/278/39
f 447/275/39 450/278/39 451/279/39
f 447/275/39 451/279/39 452/280/39
f 447/275/39 452/280/39 453/281/39
f 448/276/39 449/277/39 454/282/39
f 454/282/39 449/277/39 455/283/39
f 455/283/39 449/277/39 456/284/39
f 456/284/39 449/277/39 457/285/39
f 457/285/39 449/277/39 458/286/39
f 458/286/39 449/277/39 459/287/39
f 459/287/39 449/277/39 460/288/39
f 447/275/39 461/289/39 462/290/39
f 461/289/39 447/275/39 463/291/39
f 463/291/39 447/275/39 464/292/39
f 464/292/39 447/275/39 465/293/39
f 465/293/39 447/275/39 466/294/39
f 466/294/39 447/275/39 453/281/39
f 462/290/40 461/289/40 467/295/40
f 462/290/39 467/295/39 468/296/39
f 462/290/39 468/296/39 469/297/39
f 462/290/39 469/297/39 470/298/39
f 462/290/39 470/298/39 471/299/39
f 462/290/39 471/299/39 472/300/39
f 462/290/39 472/300/39 460/288/39
f 462/290/39 460/288/39 449/277/39
f 473/277/41 474/288/41 475/290/41
f 474/288/41 476/300/41 475/290/41
f 476/300/41 477/299/41 475/290/41
f 477/299/41 478/298/41 475/290/41
f 478/298/41 479/297/41 475/290/41
f 479/297/41 480/296/41 475/290/41
f 480/296/41 481/295/41 475/290/41
f 481/295/42 482/289/42 475/290/42
f 483/281/41 484/275/41 485/294/41
f 485/294/41 484/275/41 486/293/41
f 486/293/41 484/275/41 487/292/41
f 487/292/41 484/275/41 488/291/41
f 488/291/41 484/275/41 482/289/41
f 475/290/41 482/289/41 484/275/41
f 474/288/41 473/277/41 489/287/41
f 489/287/41 473/277/41 490/286/41
f 490/286/41 473/277/41 491/285/41
f 491/285/41 473/277/41 492/284/41
f 492/284/41 473/277/41 493/283/41
f 493/283/41 473/277/41 494/282/41
f 494/282/43 473/277/43 495/276/43
f 483/281/41 496/280/41 484/275/41
f 496/280/41 497/279/41 484/275/41
f 497/279/41 498/278/41 484/275/41
f 498/278/41 499/274/41 484/275/41
f 473/277/41 500/273/41 495/276/41
f 495/276/41 500/273/41 499/274/41
f 484/275/41 499/274/41 500/273/41
f 501/301/44 502/302/44 503/303/44
f 502/302/44 501/301/44 504/304/44
f 504/304/44 501/301/44 505/305/44
f 506/305/45 507/301/45 508/304/45
f 508/304/45 507/301/45 509/302/45
f 510/303/45 509/302/45 507/301/45
f 511/306/41 512/307/41 513/308/41
f 512/307/41 511/306/41 514/309/41
f 515/309/39 516/306/39 517/307/39
f 518/308/39 517/307/39 516/306/39
f 519/310/46 520/311/46 521/312/46
f 520/311/46 519/310/46 522/313/46
f 523/313/47 524/310/47 525/311/47
f 526/312/47 525/311/47 524/310/47
f 527/314/48 528/315/48 529/316/48
f 528/315/48 527/314/48 530/317/48
f 531/317/49 532/314/49 533/315/49
f 534/316/49 533/315/49 532/314/49
f 535/318/48 536/316/48 537/319/48
f 536/316/48 535/318/48 538/314/48
f 539/314/49 540/318/49 541/316/49
f 542/319/49 541/316/49 540/318/49
f 543/320/50 544/321/50 545/322/50
f 544/321/50 543/320/50 546/323/50
f 547/323/51 548/320/51 549/321/51
f 550/322/51 549/321/51 548/320/51
f 551/324/52 552/325/52 553/326/52
f 552/325/52 551/324/52 554/327/52
f 555/327/53 556/324/53 557/325/53
f 558/326/53 557/325/53 556/324/53
f 559/328/54 560/329/54 561/330/54
f 560/329/54 559/328/54 562/331/54
f 563/331/55 564/328/55 565/329/55
f 566/330/55 565/329/55 564/328/55
f 567/332/54 568/330/54 569/333/54
f 568/330/54 567/332/54 570/328/54
f 571/328/55 572/332/55 573/330/55
f 574/333/55 573/330/55 572/332/55
f 575/334/56 576/335/56 577/336/56
f 576/335/56 575/334/56 578/337/56
f 579/337/57 580/334/57 581/335/57
f 582/336/57 581/335/57 580/334/57
f 583/338/58 584/339/58 585/340/58
f 584/339/58 583/338/58 586/341/58
f 587/341/59 588/338/59 589/339/59
f 590/340/59 589/339/59 588/338/59
f 591/342/60 592/343/60 593/344/60
f 592/343/60 591/342/60 594/345/60
f 595/345/61 596/342/61 597/343/61
f 598/344/61 597/343/61 596/342/61
f 599/346/60 600/344/60 601/347/60
f 600/344/60 599/346/60 602/342/60
f 603/342/61 604/346/61 605/344/61
f 606/347/61 605/344/61 604/346/61
f 607/348/62 608/349/62 609/350/62
f 608/349/62 607/348/62 610/351/62
f 611/351/63 612/348/63 613/349/63
f 614/350/63 613/349/63 612/348/63
f 615/352/64 616/353/64 617/354/64
f 616/353/64 615/352/64 618/355/64
f 619/355/65 620/352/65 621/353/65
f 622/354/65 621/353/65 620/352/65
f 623/290/41 624/356/41 625/277/41
f 624/356/41 623/290/41 626/357/41
f 627/357/39 628/290/39 629/356/39
f 630/277/39 629/356/39 628/290/39
f 631/358/45 632/359/45 633/360/45
f 632/359/45 634/361/45 635/362/45
f 634/361/45 632/359/45 631/358/45
f 636/358/44 637/359/44 638/361/44
f 639/362/44 638/361/44 637/359/44
f 640/360/44 637/359/44 636/358/44
f 641/307/39 642/363/39 643/309/39
f 642/363/39 641/307/39 644/364/39
f 644/364/39 641/307/39 645/365/39
f 643/309/39 642/363/39 646/366/39
f 643/309/39 646/366/39 647/367/39
f 643/309/39 647/367/39 648/368/39
f 643/309/39 648/368/39 649/369/39
f 644/364/39 645/365/39 650/370/39
f 650/370/39 645/365/39 651/371/39
f 651/371/39 645/365/39 652/372/39
f 652/372/39 645/365/39 653/373/39
f 653/373/39 645/365/39 654/374/39
f 654/374/39 645/365/39 655/375/39
f 655/375/39 645/365/39 656/376/39
f 643/309/39 657/377/39 658/378/39
f 657/377/39 643/309/39 659/379/39
f 659/379/39 643/309/39 660/380/39
f 660/380/39 643/309/39 661/381/39
f 661/381/39 643/309/39 662/382/39
f 662/382/39 643/309/39 649/369/39
f 658/378/66 657/377/66 663/383/66
f 658/378/39 663/383/39 664/384/39
f 658/378/39 664/384/39 665/385/39
f 658/378/39 665/385/39 666/386/39
f 658/378/39 666/386/39 667/387/39
f 658/378/39 667/387/39 668/388/39
f 658/378/39 668/388/39 656/376/39
f 658/378/39 656/376/39 645/365/39
f 669/365/41 670/376/41 671/378/41
f 670/376/41 672/388/41 671/378/41
f 672/388/41 673/387/41 671/378/41
f 673/387/41 674/386/41 671/378/41
f 674/386/41 675/385/41 671/378/41
f 675/385/41 676/384/41 671/378/41
f 676/384/41 677/383/41 671/378/41
f 677/383/41 678/377/41 671/378/41
f 679/369/41 680/309/41 681/382/41
f 681/382/41 680/309/41 682/381/41
f 682/381/41 680/309/41 683/380/41
f 683/380/41 680/309/41 684/379/41
f 684/379/41 680/309/41 678/377/41
f 671/378/41 678/377/41 680/309/41
f 670/376/41 669/365/41 685/375/41
f 685/375/41 669/365/41 686/374/41
f 686/374/41 669/365/41 687/373/41
f 687/373/41 669/365/41 688/372/41
f 688/372/41 669/365/41 689/371/41
f 689/371/41 669/365/41 690/370/41
f 690/370/41 669/365/41 691/364/41
f 679/369/41 692/368/41 680/309/41
f 692/368/41 693/367/41 680/309/41
f 693/367/41 694/366/41 680/309/41
f 694/366/41 695/363/41 680/309/41
f 669/365/41 696/307/41 691/364/41
f 691/364/41 696/307/41 695/363/41
f 680/309/41 695/363/41 696/307/41
f 697/389/67 698/390/67 699/391/67
f 698/390/67 697/389/67 700/392/67
f 700/392/67 697/389/67 701/393/67
f 700/392/67 701/393/67 702/394/67
f 703/394/68 704/393/68 705/392/68
f 704/393/68 706/389/68 705/392/68
f 705/392/68 706/389/68 707/390/68
f 708/391/68 707/390/68 706/389/68
f 709/395/69 710/396/69 711/397/69
f 710/396/69 709/395/69 712/398/69
f 713/398/70 714/395/70 715/396/70
f 716/397/70 715/396/70 714/395/70
f 717/399/71 718/400/71 719/401/71
f 718/400/71 717/399/71 720/402/71
f 721/402/72 722/399/72 723/400/72
f 724/401/72 723/400/72 722/399/72
f 725/403/73 726/404/73 727/405/73
f 726/404/73 725/403/73 728/406/73
f 729/406/74 730/403/74 731/404/74
f 732/405/74 731/404/74 730/403/74
f 733/407/75 734/408/75 735/409/75
f 734/408/75 733/407/75 736/410/75
f 737/410/76 738/407/76 739/408/76
f 740/409/76 739/408/76 738/407/76
f 741/411/77 742/412/77 743/413/77
f 742/412/77 741/411/77 744/414/77
f 745/414/78 746/411/78 747/412/78
f 748/413/78 747/412/78 746/411/78
f 749/415/79 750/416/79 751/417/79
f 750/416/79 749/415/79 752/418/79
f 753/418/80 754/415/80 755/416/80
f 756/417/80 755/416/80 754/415/80
f 757/419/81 758/420/81 759/421/81
f 758/420/81 757/419/81 760/422/81
f 761/422/82 762/419/82 763/420/82
f 764/421/82 763/420/82 762/419/82
f 765/423/39 766/424/39 767/425/39
f 766/424/39 765/423/39 768/426/39
f 769/426/41 770/423/41 771/424/41
f 772/425/41 771/424/41 770/423/41
f 773/427/83 774/428/83 775/429/83
f 774/428/83 773/427/83 776/430/83
f 777/430/84 778/427/84 779/428/84
f 780/429/84 779/428/84 778/427/84
f 781/431/85 782/432/85 783/433/85
f 782/432/85 781/431/85 784/434/85
f 785/434/86 786/431/86 787/432/86
f 788/433/86 787/432/86 786/431/86
f 789/435/87 790/436/87 791/437/87
f 790/436/87 789/435/87 792/438/87
f 793/438/88 794/435/88 795/436/88
f 796/437/88 795/436/88 794/435/88
f 797/439/89 798/440/89 799/441/89
f 798/440/89 797/439/89 800/442/89
f 801/442/90 802/439/90 803/440/90
f 804/441/90 803/440/90 802/439/90
f 805/443/91 806/444/91 807/445/91
f 806/444/91 805/443/91 808/446/91
f 809/446/92 810/443/92 811/444/92
f 812/445/92 811/444/92 810/443/92
f 813/447/93 814/448/93 815/449/93
f 814/448/93 813/447/93 816/450/93
f 817/450/94 818/447/94 819/448/94
f 820/449/94 819/448/94 818/447/94
f 821/451/95 822/452/95 823/453/95
f 822/452/95 821/451/95 824/454/95
f 825/454/96 826/451/96 827/452/96
f 828/453/96 827/452/96 826/451/96
o SketchUp.008_ID86.001
v -0.229605 0.058000 0.133694
v -0.227193 0.059000 0.132695
v -0.227193 0.058000 0.132695
v -0.229605 0.059000 0.133694
v -0.229605 0.059000 0.133694
v -0.229605 0.058000 0.133694
v -0.227193 0.059000 0.132695
v -0.227193 0.058000 0.132695
v -0.227193 0.058000 0.132695
v -0.224605 0.059000 0.132355
v -0.224605 0.058000 0.132355
v -0.227193 0.059000 0.132695
v -0.227193 0.059000 0.132695
v -0.227193 0.058000 0.132695
v -0.224605 0.059000 0.132355
v -0.224605 0.058000 0.132355
v -0.234264 0.058000 0.139766
v -0.234264 0.058000 0.144943
v -0.234605 0.058000 0.142355
v -0.233265 0.058000 0.137355
v -0.233265 0.058000 0.147355
v -0.231676 0.058000 0.135283
v -0.231676 0.058000 0.149426
v -0.229605 0.058000 0.133694
v -0.229605 0.058000 0.151015
v -0.227193 0.058000 0.132695
v -0.227193 0.058000 0.152014
v -0.224605 0.058000 0.132355
v -0.224605 0.058000 0.152355
v -0.222017 0.058000 0.132695
v -0.222017 0.058000 0.152014
v -0.219605 0.058000 0.133694
v -0.219605 0.058000 0.151015
v -0.217534 0.058000 0.135283
v -0.217534 0.058000 0.149426
v -0.215945 0.058000 0.137355
v -0.215945 0.058000 0.147355
v -0.214946 0.058000 0.139766
v -0.214946 0.058000 0.144943
v -0.214605 0.058000 0.142355
v -0.214605 0.058000 0.142355
v -0.214946 0.058000 0.139766
v -0.214946 0.058000 0.144943
v -0.215945 0.058000 0.147355
v -0.215945 0.058000 0.137355
v -0.217534 0.058000 0.149426
v -0.217534 0.058000 0.135283
v -0.219605 0.058000 0.151015
v -0.219605 0.058000 0.133694
v -0.222017 0.058000 0.152014
v -0.222017 0.058000 0.132695
v -0.224605 0.058000 0.152355
v -0.224605 0.058000 0.132355
v -0.227193 0.058000 0.152014
v -0.227193 0.058000 0.132695
v -0.229605 0.058000 0.151015
v -0.229605 0.058000 0.133694
v -0.231676 0.058000 0.149426
v -0.231676 0.058000 0.135283
v -0.233265 0.058000 0.147355
v -0.233265 0.058000 0.137355
v -0.234264 0.058000 0.144943
v -0.234264 0.058000 0.139766
v -0.234605 0.058000 0.142355
v -0.231676 0.058000 0.135283
v -0.229605 0.059000 0.133694
v -0.229605 0.058000 0.133694
v -0.231676 0.059000 0.135283
v -0.231676 0.059000 0.135283
v -0.231676 0.058000 0.135283
v -0.229605 0.059000 0.133694
v -0.229605 0.058000 0.133694
v -0.224605 0.058000 0.132355
v -0.222017 0.059000 0.132695
v -0.222017 0.058000 0.132695
v -0.224605 0.059000 0.132355
v -0.224605 0.059000 0.132355
v -0.224605 0.058000 0.132355
v -0.222017 0.059000 0.132695
v -0.222017 0.058000 0.132695
v -0.222017 0.058000 0.132695
v -0.219605 0.059000 0.133694
v -0.219605 0.058000 0.133694
v -0.222017 0.059000 0.132695
v -0.222017 0.059000 0.132695
v -0.222017 0.058000 0.132695
v -0.219605 0.059000 0.133694
v -0.219605 0.058000 0.133694
v -0.219605 0.058000 0.133694
v -0.217534 0.059000 0.135283
v -0.217534 0.058000 0.135283
v -0.219605 0.059000 0.133694
v -0.219605 0.059000 0.133694
v -0.219605 0.058000 0.133694
v -0.217534 0.059000 0.135283
v -0.217534 0.058000 0.135283
v -0.217534 0.058000 0.135283
v -0.215945 0.059000 0.137355
v -0.215945 0.058000 0.137355
v -0.217534 0.059000 0.135283
v -0.217534 0.059000 0.135283
v -0.217534 0.058000 0.135283
v -0.215945 0.059000 0.137355
v -0.215945 0.058000 0.137355
v -0.215945 0.058000 0.137355
v -0.214946 0.059000 0.139766
v -0.214946 0.058000 0.139766
v -0.215945 0.059000 0.137355
v -0.215945 0.059000 0.137355
v -0.215945 0.058000 0.137355
v -0.214946 0.059000 0.139766
v -0.214946 0.058000 0.139766
v -0.214946 0.058000 0.139766
v -0.214605 0.059000 0.142355
v -0.214605 0.058000 0.142355
v -0.214946 0.059000 0.139766
v -0.214946 0.059000 0.139766
v -0.214946 0.058000 0.139766
v -0.214605 0.059000 0.142355
v -0.214605 0.058000 0.142355
v -0.214605 0.058000 0.142355
v -0.214946 0.059000 0.144943
v -0.214946 0.058000 0.144943
v -0.214605 0.059000 0.142355
v -0.214605 0.059000 0.142355
v -0.214605 0.058000 0.142355
v -0.214946 0.059000 0.144943
v -0.214946 0.058000 0.144943
v -0.214946 0.058000 0.144943
v -0.215945 0.059000 0.147355
v -0.215945 0.058000 0.147355
v -0.214946 0.059000 0.144943
v -0.214946 0.059000 0.144943
v -0.214946 0.058000 0.144943
v -0.215945 0.059000 0.147355
v -0.215945 0.058000 0.147355
v -0.215945 0.058000 0.147355
v -0.217534 0.059000 0.149426
v -0.217534 0.058000 0.149426
v -0.215945 0.059000 0.147355
v -0.215945 0.059000 0.147355
v -0.215945 0.058000 0.147355
v -0.217534 0.059000 0.149426
v -0.217534 0.058000 0.149426
v -0.217534 0.059000 0.149426
v -0.219605 0.058000 0.151015
v -0.217534 0.058000 0.149426
v -0.219605 0.059000 0.151015
v -0.219605 0.059000 0.151015
v -0.217534 0.059000 0.149426
v -0.219605 0.058000 0.151015
v -0.217534 0.058000 0.149426
v -0.219605 0.059000 0.151015
v -0.222017 0.058000 0.152014
v -0.219605 0.058000 0.151015
v -0.222017 0.059000 0.152014
v -0.222017 0.059000 0.152014
v -0.219605 0.059000 0.151015
v -0.222017 0.058000 0.152014
v -0.219605 0.058000 0.151015
v -0.222017 0.059000 0.152014
v -0.224605 0.058000 0.152355
v -0.222017 0.058000 0.152014
v -0.224605 0.059000 0.152355
v -0.224605 0.059000 0.152355
v -0.222017 0.059000 0.152014
v -0.224605 0.058000 0.152355
v -0.222017 0.058000 0.152014
v -0.224605 0.059000 0.152355
v -0.227193 0.058000 0.152014
v -0.224605 0.058000 0.152355
v -0.227193 0.059000 0.152014
v -0.227193 0.059000 0.152014
v -0.224605 0.059000 0.152355
v -0.227193 0.058000 0.152014
v -0.224605 0.058000 0.152355
v -0.227193 0.059000 0.152014
v -0.229605 0.058000 0.151015
v -0.227193 0.058000 0.152014
v -0.229605 0.059000 0.151015
v -0.229605 0.059000 0.151015
v -0.227193 0.059000 0.152014
v -0.229605 0.058000 0.151015
v -0.227193 0.058000 0.152014
v -0.229605 0.059000 0.151015
v -0.231676 0.058000 0.149426
v -0.229605 0.058000 0.151015
v -0.231676 0.059000 0.149426
v -0.231676 0.059000 0.149426
v -0.229605 0.059000 0.151015
v -0.231676 0.058000 0.149426
v -0.229605 0.058000 0.151015
v -0.233265 0.059000 0.147355
v -0.231676 0.058000 0.149426
v -0.231676 0.059000 0.149426
v -0.233265 0.058000 0.147355
v -0.233265 0.058000 0.147355
v -0.233265 0.059000 0.147355
v -0.231676 0.058000 0.149426
v -0.231676 0.059000 0.149426
v -0.234264 0.059000 0.144943
v -0.233265 0.058000 0.147355
v -0.233265 0.059000 0.147355
v -0.234264 0.058000 0.144943
v -0.234264 0.058000 0.144943
v -0.234264 0.059000 0.144943
v -0.233265 0.058000 0.147355
v -0.233265 0.059000 0.147355
v -0.234605 0.059000 0.142355
v -0.234264 0.058000 0.144943
v -0.234264 0.059000 0.144943
v -0.234605 0.058000 0.142355
v -0.234605 0.058000 0.142355
v -0.234605 0.059000 0.142355
v -0.234264 0.058000 0.144943
v -0.234264 0.059000 0.144943
v -0.234264 0.059000 0.139766
v -0.234605 0.058000 0.142355
v -0.234605 0.059000 0.142355
v -0.234264 0.058000 0.139766
v -0.234264 0.058000 0.139766
v -0.234264 0.059000 0.139766
v -0.234605 0.058000 0.142355
v -0.234605 0.059000 0.142355
v -0.233265 0.059000 0.137355
v -0.234264 0.058000 0.139766
v -0.234264 0.059000 0.139766
v -0.233265 0.058000 0.137355
v -0.233265 0.058000 0.137355
v -0.233265 0.059000 0.137355
v -0.234264 0.058000 0.139766
v -0.234264 0.059000 0.139766
v -0.231676 0.059000 0.135283
v -0.233265 0.058000 0.137355
v -0.233265 0.059000 0.137355
v -0.231676 0.058000 0.135283
v -0.231676 0.058000 0.135283
v -0.231676 0.059000 0.135283
v -0.233265 0.058000 0.137355
v -0.233265 0.059000 0.137355
vt 0.003491 0.000333
vt 0.004363 0.000000
vt 0.004363 0.000333
vt 0.003491 0.000000
vt 0.005236 0.000000
vt 0.005236 0.000333
vt 0.078088 -0.046589
vt 0.078088 -0.048314
vt 0.078202 -0.047452
vt 0.077755 -0.045785
vt 0.077755 -0.049118
vt 0.077225 -0.045094
vt 0.077225 -0.049809
vt 0.076535 -0.044565
vt 0.076535 -0.050338
vt 0.075731 -0.044232
vt 0.075731 -0.050671
vt 0.074868 -0.044118
vt 0.074868 -0.050785
vt 0.074006 -0.044232
vt 0.074006 -0.050671
vt 0.073202 -0.044565
vt 0.073202 -0.050338
vt 0.072511 -0.045094
vt 0.072511 -0.049809
vt 0.071982 -0.045785
vt 0.071982 -0.049118
vt 0.071649 -0.046589
vt 0.071649 -0.048314
vt 0.071535 -0.047452
vt 0.002618 0.000333
vt 0.002618 0.000000
vt 0.006109 0.000000
vt 0.006109 0.000333
vt 0.006981 0.000000
vt 0.006981 0.000333
vt 0.007854 0.000000
vt 0.007854 0.000333
vt 0.008727 0.000000
vt 0.008727 0.000333
vt 0.009599 0.000000
vt 0.009599 0.000333
vt 0.010472 0.000000
vt 0.010472 0.000333
vt 0.011345 0.000000
vt 0.011345 0.000333
vt 0.012217 0.000000
vt 0.012217 0.000333
vt 0.013090 0.000000
vt 0.013090 0.000333
vt 0.013963 0.000333
vt 0.013963 0.000000
vt 0.014835 0.000333
vt 0.014835 0.000000
vt 0.015708 0.000333
vt 0.015708 0.000000
vt 0.016581 0.000333
vt 0.016581 0.000000
vt 0.017453 0.000333
vt 0.017453 0.000000
vt 0.018326 0.000333
vt 0.018326 0.000000
vt 0.019199 0.000000
vt 0.019199 0.000333
vt 0.020071 0.000000
vt 0.020071 0.000333
vt 0.020944 0.000000
vt 0.020944 0.000333
vt 0.000873 0.000000
vt 0.000000 0.000333
vt 0.000000 0.000000
vt 0.000873 0.000333
vt 0.001745 0.000000
vt 0.001745 0.000333
vt 0.131645 0.073750
vt 0.131645 0.072500
vt 0.130340 0.073750
vt 0.130340 0.072500
vt 0.121285 0.073750
vt 0.121285 0.072500
vt 0.119980 0.073750
vt 0.119980 0.072500
vt 0.107303 -0.177943
vt 0.107473 -0.174708
vt 0.107473 -0.181178
vt 0.107973 -0.184193
vt 0.107973 -0.171693
vt 0.108767 -0.186782
vt 0.108767 -0.169104
vt 0.109803 -0.188769
vt 0.109803 -0.167118
vt 0.111009 -0.190017
vt 0.111009 -0.165869
vt 0.112303 -0.190443
vt 0.112303 -0.165443
vt 0.113597 -0.190017
vt 0.113597 -0.165869
vt 0.114803 -0.188769
vt 0.114803 -0.167118
vt 0.115838 -0.186782
vt 0.115838 -0.169104
vt 0.116633 -0.184193
vt 0.116633 -0.171693
vt 0.117132 -0.181178
vt 0.117132 -0.174708
vt 0.117303 -0.177943
vt 0.133078 0.073750
vt 0.133078 0.072500
vt 0.131773 0.073750
vt 0.131773 0.072500
vt 0.102704 0.073750
vt 0.102704 0.072500
vt 0.101399 0.073750
vt 0.101399 0.072500
vt 0.077168 0.073750
vt 0.077168 0.072500
vt 0.075863 0.073750
vt 0.075863 0.072500
vt 0.046418 0.073750
vt 0.046418 0.072500
vt 0.045113 0.073750
vt 0.045113 0.072500
vt 0.012549 0.073750
vt 0.012549 0.072500
vt 0.011244 0.073750
vt 0.011244 0.072500
vt -0.022130 0.073750
vt -0.022130 0.072500
vt -0.023436 0.073750
vt -0.023436 0.072500
vt -0.055257 0.073750
vt -0.055257 0.072500
vt -0.056563 0.073750
vt -0.056563 0.072500
vt -0.084574 0.073750
vt -0.084574 0.072500
vt -0.085879 0.073750
vt -0.085879 0.072500
vt -0.108083 0.073750
vt -0.108083 0.072500
vt -0.109388 0.073750
vt -0.109388 0.072500
vt -0.124182 0.073750
vt -0.124182 0.072500
vt -0.125487 0.073750
vt -0.125487 0.072500
vt -0.133078 0.073750
vt -0.131773 0.073750
vt -0.133078 0.072500
vt -0.131773 0.072500
vt -0.131645 0.073750
vt -0.130340 0.073750
vt -0.131645 0.072500
vt -0.130340 0.072500
vt -0.121285 0.073750
vt -0.119980 0.073750
vt -0.121285 0.072500
vt -0.119980 0.072500
vt -0.102704 0.073750
vt -0.101399 0.073750
vt -0.102704 0.072500
vt -0.101399 0.072500
vt -0.077168 0.073750
vt -0.075863 0.073750
vt -0.077168 0.072500
vt -0.075863 0.072500
vt -0.046418 0.073750
vt -0.045113 0.073750
vt -0.046418 0.072500
vt -0.045113 0.072500
vt -0.012549 0.072500
vt -0.012549 0.073750
vt -0.011244 0.072500
vt -0.011244 0.073750
vt 0.022130 0.072500
vt 0.022130 0.073750
vt 0.023436 0.072500
vt 0.023436 0.073750
vt 0.055257 0.072500
vt 0.055257 0.073750
vt 0.056563 0.072500
vt 0.056563 0.073750
vt 0.084574 0.072500
vt 0.084574 0.073750
vt 0.085879 0.072500
vt 0.085879 0.073750
vt 0.108083 0.072500
vt 0.108083 0.073750
vt 0.109388 0.072500
vt 0.109388 0.073750
vt 0.124182 0.072500
vt 0.124182 0.073750
vt 0.125487 0.072500
vt 0.125487 0.073750
vn -0.382700 0.000000 -0.923900
vn -0.130500 0.000000 -0.991400
vn 0.000000 -1.000000 0.000000
vn -0.608800 0.000000 -0.793300
vn -0.608800 0.000000 -0.793400
vn 0.130500 0.000000 -0.991400
vn 0.382700 0.000000 -0.923900
vn 0.608800 0.000000 -0.793400
vn 0.793400 0.000000 -0.608800
vn 0.923900 0.000000 -0.382700
vn 0.991400 0.000000 -0.130500
vn 0.991400 0.000000 0.130500
vn 0.923900 0.000000 0.382700
vn 0.793400 0.000000 0.608800
vn 0.608800 0.000000 0.793400
vn 0.382700 0.000000 0.923900
vn 0.130500 0.000000 0.991400
vn -0.130500 0.000000 0.991400
vn -0.382700 0.000000 0.923900
vn -0.608800 0.000000 0.793300
vn -0.608800 0.000000 0.793400
vn -0.793300 0.000000 0.608800
vn -0.793400 0.000000 0.608800
vn -0.923900 0.000000 0.382700
vn -0.991400 0.000000 0.130500
vn -0.991400 0.000000 -0.130500
vn -0.923900 0.000000 -0.382700
vn -0.793300 0.000000 -0.608800
vn -0.793400 0.000000 -0.608800
vn 0.000000 1.000000 0.000000
vn 0.608800 0.000000 0.793300
vn 0.608800 0.000000 -0.793300
vn 0.793300 0.000000 -0.608800
vn 0.793300 0.000000 0.608800
usemtl material_2.001
s off
f 829/455/97 830/456/97 831/457/97
f 830/456/97 829/455/97 832/458/97
f 837/457/98 838/459/98 839/460/98
f 838/459/98 837/457/98 840/456/98
f 845/461/99 846/462/99 847/463/99
f 846/462/99 845/461/99 848/464/99
f 846/462/99 848/464/99 849/465/99
f 849/465/99 848/464/99 850/466/99
f 849/465/99 850/466/99 851/467/99
f 851/467/99 850/466/99 852/468/99
f 851/467/99 852/468/99 853/469/99
f 853/469/99 852/468/99 854/470/99
f 853/469/99 854/470/99 855/471/99
f 855/471/99 854/470/99 856/472/99
f 855/471/99 856/472/99 857/473/99
f 857/473/99 856/472/99 858/474/99
f 857/473/99 858/474/99 859/475/99
f 859/475/99 858/474/99 860/476/99
f 859/475/99 860/476/99 861/477/99
f 861/477/99 860/476/99 862/478/99
f 861/477/99 862/478/99 863/479/99
f 863/479/99 862/478/99 864/480/99
f 863/479/99 864/480/99 865/481/99
f 865/481/99 864/480/99 866/482/99
f 865/481/99 866/482/99 867/483/99
f 867/483/99 866/482/99 868/484/99
f 893/485/100 894/458/100 895/455/100
f 894/458/101 893/485/101 896/486/101
f 901/460/102 902/487/102 903/488/102
f 902/487/102 901/460/102 904/459/102
f 909/488/103 910/489/103 911/490/103
f 910/489/103 909/488/103 912/487/103
f 917/490/104 918/491/104 919/492/104
f 918/491/104 917/490/104 920/489/104
f 925/492/105 926/493/105 927/494/105
f 926/493/105 925/492/105 928/491/105
f 933/494/106 934/495/106 935/496/106
f 934/495/106 933/494/106 936/493/106
f 941/496/107 942/497/107 943/498/107
f 942/497/107 941/496/107 944/495/107
f 949/498/108 950/499/108 951/500/108
f 950/499/108 949/498/108 952/497/108
f 957/500/109 958/501/109 959/502/109
f 958/501/109 957/500/109 960/499/109
f 965/502/110 966/503/110 967/504/110
f 966/503/110 965/502/110 968/501/110
f 973/503/111 974/505/111 975/504/111
f 974/505/111 973/503/111 976/506/111
f 981/506/112 982/507/112 983/505/112
f 982/507/112 981/506/112 984/508/112
f 989/508/113 990/509/113 991/507/113
f 990/509/113 989/508/113 992/510/113
f 997/510/114 998/511/114 999/509/114
f 998/511/114 997/510/114 1000/512/114
f 1005/512/115 1006/513/115 1007/511/115
f 1006/513/115 1005/512/115 1008/514/115
f 1013/514/116 1014/515/116 1015/513/116
f 1014/515/117 1013/514/117 1016/516/117
f 1021/517/118 1022/515/118 1023/516/118
f 1022/515/119 1021/517/119 1024/518/119
f 1029/519/120 1030/518/120 1031/517/120
f 1030/518/120 1029/519/120 1032/520/120
f 1037/521/121 1038/520/121 1039/519/121
f 1038/520/121 1037/521/121 1040/522/121
f 1045/523/122 1046/524/122 1047/525/122
f 1046/524/122 1045/523/122 1048/526/122
f 1053/527/123 1054/526/123 1055/523/123
f 1054/526/123 1053/527/123 1056/528/123
f 1061/486/124 1062/528/124 1063/527/124
f 1062/528/125 1061/486/125 1064/485/125
usemtl woodplanks.001
f 833/529/112 834/530/112 835/531/112
f 836/532/112 835/531/112 834/530/112
f 841/533/113 842/534/113 843/535/113
f 844/536/113 843/535/113 842/534/113
f 869/537/126 870/538/126 871/539/126
f 871/539/126 870/538/126 872/540/126
f 870/538/126 873/541/126 872/540/126
f 872/540/126 873/541/126 874/542/126
f 873/541/126 875/543/126 874/542/126
f 874/542/126 875/543/126 876/544/126
f 875/543/126 877/545/126 876/544/126
f 876/544/126 877/545/126 878/546/126
f 877/545/126 879/547/126 878/546/126
f 878/546/126 879/547/126 880/548/126
f 879/547/126 881/549/126 880/548/126
f 880/548/126 881/549/126 882/550/126
f 881/549/126 883/551/126 882/550/126
f 882/550/126 883/551/126 884/552/126
f 883/551/126 885/553/126 884/552/126
f 884/552/126 885/553/126 886/554/126
f 885/553/126 887/555/126 886/554/126
f 886/554/126 887/555/126 888/556/126
f 887/555/126 889/557/126 888/556/126
f 888/556/126 889/557/126 890/558/126
f 889/557/126 891/559/126 890/558/126
f 892/560/126 890/558/126 891/559/126
f 897/561/111 898/562/111 899/563/111
f 900/564/127 899/563/127 898/562/127
f 905/565/114 906/566/114 907/567/114
f 908/568/114 907/567/114 906/566/114
f 913/569/115 914/570/115 915/571/115
f 916/572/115 915/571/115 914/570/115
f 921/573/117 922/574/117 923/575/117
f 924/576/117 923/575/117 922/574/117
f 929/577/119 930/578/119 931/579/119
f 932/580/119 931/579/119 930/578/119
f 937/581/120 938/582/120 939/583/120
f 940/584/120 939/583/120 938/582/120
f 945/585/121 946/586/121 947/587/121
f 948/588/121 947/587/121 946/586/121
f 953/589/122 954/590/122 955/591/122
f 956/592/122 955/591/122 954/590/122
f 961/593/123 962/594/123 963/595/123
f 964/596/123 963/595/123 962/594/123
f 969/597/125 970/598/125 971/599/125
f 972/600/125 971/599/125 970/598/125
f 977/601/101 978/602/101 979/603/101
f 980/604/101 979/603/101 978/602/101
f 985/605/97 986/606/97 987/607/97
f 988/608/97 987/607/97 986/606/97
f 993/609/98 994/610/98 995/611/98
f 996/612/98 995/611/98 994/610/98
f 1001/613/102 1002/614/102 1003/615/102
f 1004/616/102 1003/615/102 1002/614/102
f 1009/617/103 1010/618/103 1011/619/103
f 1012/620/103 1011/619/103 1010/618/103
f 1017/621/104 1018/622/104 1019/623/104
f 1020/624/128 1019/623/128 1018/622/128
f 1025/625/105 1026/626/105 1027/627/105
f 1028/628/129 1027/627/129 1026/626/129
f 1033/629/106 1034/630/106 1035/631/106
f 1036/632/106 1035/631/106 1034/630/106
f 1041/633/107 1042/634/107 1043/635/107
f 1044/636/107 1043/635/107 1042/634/107
f 1049/637/108 1050/638/108 1051/639/108
f 1052/640/108 1051/639/108 1050/638/108
f 1057/641/109 1058/642/109 1059/643/109
f 1060/644/109 1059/643/109 1058/642/109
f 1065/645/110 1066/646/110 1067/647/110
f 1068/648/130 1067/647/130 1066/646/130
o SketchUp.007_ID78.001
v -0.167634 0.078000 0.538930
v -0.136782 0.079000 0.611460
v -0.136782 0.078000 0.611460
v -0.167634 0.079000 0.538930
v -0.167634 0.079000 0.538930
v -0.167634 0.078000 0.538930
v -0.136782 0.079000 0.611460
v -0.136782 0.078000 0.611460
v -0.136782 0.078000 0.611460
v -0.102086 0.079000 0.682232
v -0.102086 0.078000 0.682232
v -0.136782 0.079000 0.611460
v -0.136782 0.079000 0.611460
v -0.136782 0.078000 0.611460
v -0.102086 0.079000 0.682232
v -0.102086 0.078000 0.682232
v -0.194554 0.078000 0.464851
v -0.167634 0.079000 0.538930
v -0.167634 0.078000 0.538930
v -0.194554 0.079000 0.464851
v -0.194554 0.079000 0.464851
v -0.194554 0.078000 0.464851
v -0.167634 0.079000 0.538930
v -0.167634 0.078000 0.538930
v -0.102086 0.078000 0.682232
v -0.065517 0.079000 0.747694
v -0.065517 0.078000 0.747694
v -0.102086 0.079000 0.682232
v -0.102086 0.079000 0.682232
v -0.102086 0.078000 0.682232
v -0.065517 0.079000 0.747694
v -0.065517 0.078000 0.747694
v -0.217465 0.078000 0.389436
v -0.194554 0.079000 0.464851
v -0.194554 0.078000 0.464851
v -0.217465 0.079000 0.389436
v -0.217465 0.079000 0.389436
v -0.217465 0.078000 0.389436
v -0.194554 0.079000 0.464851
v -0.194554 0.078000 0.464851
v -0.065517 0.078000 0.747694
v -0.063647 0.079000 0.751042
v -0.063647 0.078000 0.751042
v -0.065517 0.079000 0.747694
v -0.065517 0.079000 0.747694
v -0.065517 0.078000 0.747694
v -0.063647 0.079000 0.751042
v -0.063647 0.078000 0.751042
v -0.236301 0.078000 0.312901
v -0.217465 0.079000 0.389436
v -0.217465 0.078000 0.389436
v -0.236301 0.079000 0.312901
v -0.236301 0.079000 0.312901
v -0.236301 0.078000 0.312901
v -0.217465 0.079000 0.389436
v -0.217465 0.078000 0.389436
v -0.063647 0.078000 0.751042
v -0.021575 0.079000 0.817693
v -0.021575 0.078000 0.817693
v -0.063647 0.079000 0.751042
v -0.063647 0.079000 0.751042
v -0.063647 0.078000 0.751042
v -0.021575 0.079000 0.817693
v -0.021575 0.078000 0.817693
v -0.251008 0.078000 0.235466
v -0.236301 0.079000 0.312901
v -0.236301 0.078000 0.312901
v -0.251008 0.079000 0.235466
v -0.251008 0.079000 0.235466
v -0.251008 0.078000 0.235466
v -0.236301 0.079000 0.312901
v -0.236301 0.078000 0.312901
v -0.021575 0.078000 0.817693
v -0.000000 0.079000 0.848127
v -0.000000 0.078000 0.848127
v -0.021575 0.079000 0.817693
v -0.021575 0.079000 0.817693
v -0.021575 0.078000 0.817693
v -0.000000 0.079000 0.848127
v -0.000000 0.078000 0.848127
v -0.261543 0.078000 0.157355
v -0.251008 0.079000 0.235466
v -0.251008 0.078000 0.235466
v -0.261543 0.079000 0.157355
v -0.261543 0.079000 0.157355
v -0.261543 0.078000 0.157355
v -0.251008 0.079000 0.235466
v -0.251008 0.078000 0.235466
v 0.021575 0.079000 0.817693
v -0.000000 0.078000 0.848127
v -0.000000 0.079000 0.848127
v 0.021575 0.078000 0.817693
v 0.021575 0.078000 0.817693
v 0.021575 0.079000 0.817693
v -0.000000 0.078000 0.848127
v -0.000000 0.079000 0.848127
v -0.267876 0.078000 0.078791
v -0.261543 0.079000 0.157355
v -0.261543 0.078000 0.157355
v -0.267876 0.079000 0.078791
v -0.267876 0.079000 0.078791
v -0.267876 0.078000 0.078791
v -0.261543 0.079000 0.157355
v -0.261543 0.078000 0.157355
v 0.063647 0.079000 0.751042
v 0.021575 0.078000 0.817693
v 0.021575 0.079000 0.817693
v 0.063647 0.078000 0.751042
v 0.063647 0.078000 0.751042
v 0.063647 0.079000 0.751042
v 0.021575 0.078000 0.817693
v 0.021575 0.079000 0.817693
v -0.269947 0.078000 0.001565
v -0.267876 0.079000 0.078791
v -0.267876 0.078000 0.078791
v -0.269947 0.079000 0.001565
v -0.269947 0.079000 0.001565
v -0.269947 0.078000 0.001565
v -0.267876 0.079000 0.078791
v -0.267876 0.078000 0.078791
v 0.065517 0.079000 0.747694
v 0.063647 0.078000 0.751042
v 0.063647 0.079000 0.751042
v 0.065517 0.078000 0.747694
v 0.065517 0.078000 0.747694
v 0.065517 0.079000 0.747694
v 0.063647 0.078000 0.751042
v 0.063647 0.079000 0.751042
v -0.260550 0.078000 -0.069814
v -0.269947 0.079000 0.001565
v -0.269947 0.078000 0.001565
v -0.260550 0.079000 -0.069814
v -0.260550 0.079000 -0.069814
v -0.260550 0.078000 -0.069814
v -0.269947 0.079000 0.001565
v -0.269947 0.078000 0.001565
v 0.102086 0.079000 0.682232
v 0.065517 0.078000 0.747694
v 0.065517 0.079000 0.747694
v 0.102086 0.078000 0.682232
v 0.102086 0.078000 0.682232
v 0.102086 0.079000 0.682232
v 0.065517 0.078000 0.747694
v 0.065517 0.079000 0.747694
v -0.233603 0.078000 -0.134871
v -0.260550 0.079000 -0.069814
v -0.260550 0.078000 -0.069814
v -0.233603 0.079000 -0.134871
v -0.233603 0.079000 -0.134871
v -0.233603 0.078000 -0.134871
v -0.260550 0.079000 -0.069814
v -0.260550 0.078000 -0.069814
v 0.136782 0.079000 0.611460
v 0.102086 0.078000 0.682232
v 0.102086 0.079000 0.682232
v 0.136782 0.078000 0.611460
v 0.136782 0.078000 0.611460
v 0.136782 0.079000 0.611460
v 0.102086 0.078000 0.682232
v 0.102086 0.079000 0.682232
v -0.190736 0.078000 -0.190736
v -0.233603 0.079000 -0.134871
v -0.233603 0.078000 -0.134871
v -0.190736 0.079000 -0.190736
v -0.190736 0.079000 -0.190736
v -0.190736 0.078000 -0.190736
v -0.233603 0.079000 -0.134871
v -0.233603 0.078000 -0.134871
v 0.167634 0.079000 0.538930
v 0.136782 0.078000 0.611460
v 0.136782 0.079000 0.611460
v 0.167634 0.078000 0.538930
v 0.167634 0.078000 0.538930
v 0.167634 0.079000 0.538930
v 0.136782 0.078000 0.611460
v 0.136782 0.079000 0.611460
v -0.134871 0.079000 -0.233603
v -0.190736 0.078000 -0.190736
v -0.134871 0.078000 -0.233603
v -0.190736 0.079000 -0.190736
v -0.190736 0.079000 -0.190736
v -0.134871 0.079000 -0.233603
v -0.190736 0.078000 -0.190736
v -0.134871 0.078000 -0.233603
v 0.194554 0.079000 0.464851
v 0.167634 0.078000 0.538930
v 0.167634 0.079000 0.538930
v 0.194554 0.078000 0.464851
v 0.194554 0.078000 0.464851
v 0.194554 0.079000 0.464851
v 0.167634 0.078000 0.538930
v 0.167634 0.079000 0.538930
v -0.069814 0.079000 -0.260550
v -0.134871 0.078000 -0.233603
v -0.069814 0.078000 -0.260550
v -0.134871 0.079000 -0.233603
v -0.134871 0.079000 -0.233603
v -0.069814 0.079000 -0.260550
v -0.134871 0.078000 -0.233603
v -0.069814 0.078000 -0.260550
v 0.217465 0.079000 0.389436
v 0.194554 0.078000 0.464851
v 0.194554 0.079000 0.464851
v 0.217465 0.078000 0.389436
v 0.217465 0.078000 0.389436
v 0.217465 0.079000 0.389436
v 0.194554 0.078000 0.464851
v 0.194554 0.079000 0.464851
v -0.000000 0.079000 -0.269741
v -0.069814 0.078000 -0.260550
v -0.000000 0.078000 -0.269741
v -0.069814 0.079000 -0.260550
v -0.069814 0.079000 -0.260550
v -0.000000 0.079000 -0.269741
v -0.069814 0.078000 -0.260550
v -0.000000 0.078000 -0.269741
v 0.236301 0.079000 0.312901
v 0.217465 0.078000 0.389436
v 0.217465 0.079000 0.389436
v 0.236301 0.078000 0.312901
v 0.236301 0.078000 0.312901
v 0.236301 0.079000 0.312901
v 0.217465 0.078000 0.389436
v 0.217465 0.079000 0.389436
v 0.069814 0.079000 -0.260550
v -0.000000 0.078000 -0.269741
v 0.069814 0.078000 -0.260550
v -0.000000 0.079000 -0.269741
v -0.000000 0.079000 -0.269741
v 0.069814 0.079000 -0.260550
v -0.000000 0.078000 -0.269741
v 0.069814 0.078000 -0.260550
v 0.251008 0.079000 0.235466
v 0.236301 0.078000 0.312901
v 0.236301 0.079000 0.312901
v 0.251008 0.078000 0.235466
v 0.251008 0.078000 0.235466
v 0.251008 0.079000 0.235466
v 0.236301 0.078000 0.312901
v 0.236301 0.079000 0.312901
v 0.134871 0.079000 -0.233603
v 0.069814 0.078000 -0.260550
v 0.134871 0.078000 -0.233603
v 0.069814 0.079000 -0.260550
v 0.069814 0.079000 -0.260550
v 0.134871 0.079000 -0.233603
v 0.069814 0.078000 -0.260550
v 0.134871 0.078000 -0.233603
v 0.261543 0.079000 0.157355
v 0.251008 0.078000 0.235466
v 0.251008 0.079000 0.235466
v 0.261543 0.078000 0.157355
v 0.261543 0.078000 0.157355
v 0.261543 0.079000 0.157355
v 0.251008 0.078000 0.235466
v 0.251008 0.079000 0.235466
v 0.190736 0.079000 -0.190736
v 0.134871 0.078000 -0.233603
v 0.190736 0.078000 -0.190736
v 0.134871 0.079000 -0.233603
v 0.134871 0.079000 -0.233603
v 0.190736 0.079000 -0.190736
v 0.134871 0.078000 -0.233603
v 0.190736 0.078000 -0.190736
v 0.267876 0.079000 0.078791
v 0.261543 0.078000 0.157355
v 0.261543 0.079000 0.157355
v 0.267876 0.078000 0.078791
v 0.267876 0.078000 0.078791
v 0.267876 0.079000 0.078791
v 0.261543 0.078000 0.157355
v 0.261543 0.079000 0.157355
v 0.190736 0.079000 -0.190736
v 0.233603 0.078000 -0.134871
v 0.233603 0.079000 -0.134871
v 0.190736 0.078000 -0.190736
v 0.190736 0.078000 -0.190736
v 0.190736 0.079000 -0.190736
v 0.233603 0.078000 -0.134871
v 0.233603 0.079000 -0.134871
v 0.269947 0.079000 0.001565
v 0.267876 0.078000 0.078791
v 0.267876 0.079000 0.078791
v 0.269947 0.078000 0.001565
v 0.269947 0.078000 0.001565
v 0.269947 0.079000 0.001565
v 0.267876 0.078000 0.078791
v 0.267876 0.079000 0.078791
v 0.233603 0.079000 -0.134871
v 0.260550 0.078000 -0.069814
v 0.260550 0.079000 -0.069814
v 0.233603 0.078000 -0.134871
v 0.233603 0.078000 -0.134871
v 0.233603 0.079000 -0.134871
v 0.260550 0.078000 -0.069814
v 0.260550 0.079000 -0.069814
v 0.260550 0.079000 -0.069814
v 0.269947 0.078000 0.001565
v 0.269947 0.079000 0.001565
v 0.260550 0.078000 -0.069814
v 0.260550 0.078000 -0.069814
v 0.260550 0.079000 -0.069814
v 0.269947 0.078000 0.001565
v 0.269947 0.079000 0.001565
vt -0.143437 -0.000333
vt -0.169710 0.000000
vt -0.169710 -0.000333
vt -0.143437 0.000000
vt -0.162941 -0.000333
vt -0.189214 0.000000
vt -0.189214 -0.000333
vt -0.162941 0.000000
vt -0.123483 -0.000333
vt -0.149756 0.000000
vt -0.149756 -0.000333
vt -0.123483 0.000000
vt -0.181938 -0.000333
vt -0.206933 0.000000
vt -0.206933 -0.000333
vt -0.181938 0.000000
vt -0.103136 -0.000333
vt -0.129409 0.000000
vt -0.129409 -0.000333
vt -0.103136 0.000000
vt -0.208211 0.000000
vt -0.208211 -0.000333
vt -0.082455 -0.000333
vt -0.108728 0.000000
vt -0.108728 -0.000333
vt -0.082455 0.000000
vt -0.200375 -0.000333
vt -0.226648 0.000000
vt -0.226648 -0.000333
vt -0.200375 0.000000
vt -0.061499 -0.000333
vt -0.087772 0.000000
vt -0.087772 -0.000333
vt -0.061499 0.000000
vt -0.218198 -0.000333
vt -0.230633 0.000000
vt -0.230633 -0.000333
vt -0.218198 0.000000
vt -0.040328 -0.000333
vt -0.066601 0.000000
vt -0.066601 -0.000333
vt -0.040328 0.000000
vt 0.218198 0.000000
vt 0.230633 -0.000333
vt 0.230633 0.000000
vt 0.218198 -0.000333
vt -0.019004 -0.000333
vt -0.045277 0.000000
vt -0.045277 -0.000333
vt -0.019004 0.000000
vt 0.200375 0.000000
vt 0.226648 -0.000333
vt 0.226648 0.000000
vt 0.200375 -0.000333
vt 0.001891 -0.000333
vt -0.023860 0.000000
vt -0.023860 -0.000333
vt 0.001891 0.000000
vt 0.206933 0.000000
vt 0.208211 -0.000333
vt 0.208211 0.000000
vt 0.206933 -0.000333
vt 0.011736 -0.000333
vt -0.012262 0.000000
vt -0.012262 -0.000333
vt 0.011736 0.000000
vt 0.181938 0.000000
vt 0.181938 -0.000333
vt -0.011736 0.000000
vt -0.011736 -0.000333
vt 0.162941 0.000000
vt 0.189214 -0.000333
vt 0.189214 0.000000
vt 0.162941 -0.000333
vt 0.143437 0.000000
vt 0.169710 -0.000333
vt 0.169710 0.000000
vt 0.143437 -0.000333
vt 0.123483 0.000000
vt 0.149756 -0.000333
vt 0.149756 0.000000
vt 0.123483 -0.000333
vt 0.103136 0.000000
vt 0.129409 -0.000333
vt 0.129409 0.000000
vt 0.103136 -0.000333
vt 0.082455 0.000000
vt 0.108728 -0.000333
vt 0.108728 0.000000
vt 0.082455 -0.000333
vt 0.061499 0.000000
vt 0.087772 -0.000333
vt 0.087772 0.000000
vt 0.061499 -0.000333
vt 0.040328 0.000000
vt 0.066601 -0.000333
vt 0.066601 0.000000
vt 0.040328 -0.000333
vt 0.019004 0.000000
vt 0.045277 -0.000333
vt 0.045277 0.000000
vt 0.019004 -0.000333
vt -0.001891 0.000000
vt 0.023860 -0.000333
vt 0.023860 0.000000
vt -0.001891 -0.000333
vt 0.012262 -0.000333
vt 0.012262 0.000000
vt -0.215155 0.098750
vt -0.215155 0.097500
vt -0.254564 0.098750
vt -0.254564 0.097500
vt -0.244411 0.098750
vt -0.244411 0.097500
vt -0.283820 0.098750
vt -0.283820 0.097500
vt -0.185224 0.098750
vt -0.185224 0.097500
vt -0.224633 0.098750
vt -0.224633 0.097500
vt -0.272907 0.098750
vt -0.272907 0.097500
vt -0.310400 0.098750
vt -0.310400 0.097500
vt -0.154704 0.098750
vt -0.154704 0.097500
vt -0.194113 0.098750
vt -0.194113 0.097500
vt -0.312317 0.098750
vt -0.312317 0.097500
vt -0.123682 0.098750
vt -0.123682 0.097500
vt -0.163091 0.098750
vt -0.163091 0.097500
vt -0.300563 0.098750
vt -0.300563 0.097500
vt -0.339972 0.098750
vt -0.339972 0.097500
vt -0.092248 0.098750
vt -0.092248 0.097500
vt -0.131657 0.098750
vt -0.131657 0.097500
vt -0.327297 0.098750
vt -0.327297 0.097500
vt -0.345950 0.098750
vt -0.345950 0.097500
vt -0.060492 0.098750
vt -0.060492 0.097500
vt -0.099902 0.098750
vt -0.099902 0.097500
vt 0.327297 0.097500
vt 0.327297 0.098750
vt 0.345950 0.097500
vt 0.345950 0.098750
vt -0.028506 0.098750
vt -0.028506 0.097500
vt -0.067915 0.098750
vt -0.067915 0.097500
vt 0.300563 0.097500
vt 0.300563 0.098750
vt 0.339972 0.097500
vt 0.339972 0.098750
vt 0.002836 0.098750
vt 0.002836 0.097500
vt -0.035790 0.098750
vt -0.035790 0.097500
vt 0.310400 0.097500
vt 0.310400 0.098750
vt 0.312317 0.097500
vt 0.312317 0.098750
vt 0.017604 0.098750
vt 0.017604 0.097500
vt -0.018394 0.098750
vt -0.018394 0.097500
vt 0.272907 0.097500
vt 0.272907 0.098750
vt -0.017604 0.098750
vt -0.017604 0.097500
vt 0.244411 0.097500
vt 0.244411 0.098750
vt 0.283820 0.097500
vt 0.283820 0.098750
vt 0.215155 0.097500
vt 0.215155 0.098750
vt 0.254564 0.097500
vt 0.254564 0.098750
vt 0.185224 0.097500
vt 0.185224 0.098750
vt 0.224633 0.097500
vt 0.224633 0.098750
vt 0.154704 0.097500
vt 0.154704 0.098750
vt 0.194113 0.097500
vt 0.194113 0.098750
vt 0.123682 0.097500
vt 0.123682 0.098750
vt 0.163091 0.097500
vt 0.163091 0.098750
vt 0.092248 0.097500
vt 0.092248 0.098750
vt 0.131657 0.097500
vt 0.131657 0.098750
vt 0.060492 0.097500
vt 0.060492 0.098750
vt 0.099902 0.097500
vt 0.099902 0.098750
vt 0.028506 0.097500
vt 0.028506 0.098750
vt 0.067915 0.097500
vt 0.067915 0.098750
vt -0.002836 0.097500
vt -0.002836 0.098750
vt 0.035790 0.097500
vt 0.035790 0.098750
vt 0.018394 0.097500
vt 0.018394 0.098750
vn 0.920200 0.000000 -0.391400
vn 0.897900 0.000000 -0.440200
vn 0.939900 0.000000 -0.341600
vn 0.939900 0.000000 -0.341500
vn 0.873000 0.000000 -0.487700
vn 0.956800 0.000000 -0.290700
vn 0.971000 0.000000 -0.239000
vn 0.845600 0.000000 -0.533800
vn 0.982400 0.000000 -0.186600
vn 0.815800 0.000000 -0.578300
vn 0.991000 0.000000 -0.133700
vn -0.815800 0.000000 -0.578300
vn 0.996800 0.000000 -0.080300
vn -0.845600 0.000000 -0.533800
vn 0.999600 0.000000 -0.026800
vn -0.873000 0.000000 -0.487700
vn 0.991400 0.000000 0.130500
vn 0.923900 0.000000 0.382700
vn -0.897900 0.000000 -0.440200
vn 0.793400 0.000000 0.608800
vn -0.920200 0.000000 -0.391400
vn 0.608800 0.000000 0.793400
vn -0.939900 0.000000 -0.341500
vn -0.939900 0.000000 -0.341600
vn 0.382700 0.000000 0.923900
vn -0.956800 0.000000 -0.290700
vn 0.130500 0.000000 0.991400
vn -0.971000 0.000000 -0.239000
vn -0.130500 0.000000 0.991400
vn -0.982400 0.000000 -0.186600
vn -0.382700 0.000000 0.923900
vn -0.991000 0.000000 -0.133700
vn -0.608800 0.000000 0.793400
vn -0.996800 0.000000 -0.080300
vn -0.793400 0.000000 0.608800
vn -0.999600 0.000000 -0.026800
vn -0.923900 0.000000 0.382700
vn -0.991400 0.000000 0.130500
vn -0.920200 0.000000 0.391400
vn -0.897900 0.000000 0.440200
vn -0.939900 0.000000 0.341500
vn -0.939900 0.000000 0.341600
vn -0.873000 0.000000 0.487700
vn -0.956800 0.000000 0.290700
vn -0.971000 0.000000 0.239000
vn -0.845600 0.000000 0.533800
vn -0.982400 0.000000 0.186600
vn -0.815800 0.000000 0.578300
vn -0.991000 0.000000 0.133700
vn 0.815800 0.000000 0.578300
vn -0.996800 0.000000 0.080300
vn 0.845600 0.000000 0.533800
vn -0.999600 0.000000 0.026800
vn 0.873000 0.000000 0.487700
vn -0.991400 0.000000 -0.130500
vn -0.923900 0.000000 -0.382700
vn 0.897900 0.000000 0.440200
vn -0.793400 0.000000 -0.608800
vn 0.920200 0.000000 0.391400
vn -0.608800 0.000000 -0.793400
vn 0.939900 0.000000 0.341600
vn 0.939900 0.000000 0.341500
vn -0.382700 0.000000 -0.923900
vn 0.956800 0.000000 0.290700
vn -0.130500 0.000000 -0.991400
vn 0.971000 0.000000 0.239000
vn 0.130500 0.000000 -0.991400
vn 0.982400 0.000000 0.186600
vn 0.382700 0.000000 -0.923900
vn 0.991000 0.000000 0.133700
vn 0.608800 0.000000 -0.793400
vn 0.996800 0.000000 0.080300
vn 0.793400 0.000000 -0.608800
vn 0.999600 0.000000 0.026800
vn 0.923900 0.000000 -0.382700
vn 0.991400 0.000000 -0.130500
usemtl material_2.001
s off
f 1069/649/131 1070/650/131 1071/651/131
f 1070/650/131 1069/649/131 1072/652/131
f 1077/653/132 1078/654/132 1079/655/132
f 1078/654/132 1077/653/132 1080/656/132
f 1085/657/133 1086/658/133 1087/659/133
f 1086/658/134 1085/657/134 1088/660/134
f 1093/661/135 1094/662/135 1095/663/135
f 1094/662/135 1093/661/135 1096/664/135
f 1101/665/136 1102/666/136 1103/667/136
f 1102/666/136 1101/665/136 1104/668/136
f 1109/663/135 1110/669/135 1111/670/135
f 1110/669/135 1109/663/135 1112/662/135
f 1117/671/137 1118/672/137 1119/673/137
f 1118/672/137 1117/671/137 1120/674/137
f 1125/675/138 1126/676/138 1127/677/138
f 1126/676/138 1125/675/138 1128/678/138
f 1133/679/139 1134/680/139 1135/681/139
f 1134/680/139 1133/679/139 1136/682/139
f 1141/683/140 1142/684/140 1143/685/140
f 1142/684/140 1141/683/140 1144/686/140
f 1149/687/141 1150/688/141 1151/689/141
f 1150/688/141 1149/687/141 1152/690/141
f 1157/691/142 1158/692/142 1159/693/142
f 1158/692/142 1157/691/142 1160/694/142
f 1165/695/143 1166/696/143 1167/697/143
f 1166/696/143 1165/695/143 1168/698/143
f 1173/699/144 1174/700/144 1175/701/144
f 1174/700/144 1173/699/144 1176/702/144
f 1181/703/145 1182/704/145 1183/705/145
f 1182/704/145 1181/703/145 1184/706/145
f 1189/707/146 1190/708/146 1191/709/146
f 1190/708/146 1189/707/146 1192/710/146
f 1197/711/147 1198/712/147 1199/713/147
f 1198/712/147 1197/711/147 1200/714/147
f 1205/715/146 1206/710/146 1207/707/146
f 1206/710/146 1205/715/146 1208/716/146
f 1213/711/148 1214/717/148 1215/718/148
f 1214/717/148 1213/711/148 1216/714/148
f 1221/719/149 1222/720/149 1223/721/149
f 1222/720/149 1221/719/149 1224/722/149
f 1229/711/150 1230/717/150 1231/718/150
f 1230/717/150 1229/711/150 1232/714/150
f 1237/723/151 1238/724/151 1239/725/151
f 1238/724/151 1237/723/151 1240/726/151
f 1245/714/152 1246/718/152 1247/711/152
f 1246/718/152 1245/714/152 1248/717/152
f 1253/727/153 1254/728/153 1255/729/153
f 1254/728/154 1253/727/154 1256/730/154
f 1261/714/155 1262/718/155 1263/711/155
f 1262/718/155 1261/714/155 1264/717/155
f 1269/731/156 1270/732/156 1271/733/156
f 1270/732/156 1269/731/156 1272/734/156
f 1277/714/157 1278/718/157 1279/711/157
f 1278/718/157 1277/714/157 1280/717/157
f 1285/735/158 1286/736/158 1287/737/158
f 1286/736/158 1285/735/158 1288/738/158
f 1293/714/159 1294/718/159 1295/711/159
f 1294/718/159 1293/714/159 1296/717/159
f 1301/739/160 1302/740/160 1303/741/160
f 1302/740/160 1301/739/160 1304/742/160
f 1309/714/161 1310/718/161 1311/711/161
f 1310/718/161 1309/714/161 1312/717/161
f 1317/743/162 1318/744/162 1319/745/162
f 1318/744/162 1317/743/162 1320/746/162
f 1325/714/163 1326/718/163 1327/711/163
f 1326/718/163 1325/714/163 1328/717/163
f 1333/747/164 1334/748/164 1335/749/164
f 1334/748/164 1333/747/164 1336/750/164
f 1341/717/165 1342/711/165 1343/714/165
f 1342/711/165 1341/717/165 1344/718/165
f 1349/751/166 1350/752/166 1351/753/166
f 1350/752/166 1349/751/166 1352/754/166
f 1357/717/167 1358/711/167 1359/714/167
f 1358/711/167 1357/717/167 1360/718/167
f 1365/717/168 1366/755/168 1367/756/168
f 1366/755/168 1365/717/168 1368/718/168
usemtl woodplanks.001
f 1073/757/169 1074/758/169 1075/759/169
f 1076/760/169 1075/759/169 1074/758/169
f 1081/761/170 1082/762/170 1083/763/170
f 1084/764/170 1083/763/170 1082/762/170
f 1089/765/171 1090/766/171 1091/767/171
f 1092/768/172 1091/767/172 1090/766/172
f 1097/769/173 1098/770/173 1099/771/173
f 1100/772/173 1099/771/173 1098/770/173
f 1105/773/174 1106/774/174 1107/775/174
f 1108/776/174 1107/775/174 1106/774/174
f 1113/771/173 1114/772/173 1115/777/173
f 1116/778/173 1115/777/173 1114/772/173
f 1121/779/175 1122/780/175 1123/781/175
f 1124/782/175 1123/781/175 1122/780/175
f 1129/783/176 1130/784/176 1131/785/176
f 1132/786/176 1131/785/176 1130/784/176
f 1137/787/177 1138/788/177 1139/789/177
f 1140/790/177 1139/789/177 1138/788/177
f 1145/791/178 1146/792/178 1147/793/178
f 1148/794/178 1147/793/178 1146/792/178
f 1153/795/179 1154/796/179 1155/797/179
f 1156/798/179 1155/797/179 1154/796/179
f 1161/799/180 1162/800/180 1163/801/180
f 1164/802/180 1163/801/180 1162/800/180
f 1169/803/181 1170/804/181 1171/805/181
f 1172/806/181 1171/805/181 1170/804/181
f 1177/807/182 1178/808/182 1179/809/182
f 1180/810/182 1179/809/182 1178/808/182
f 1185/811/183 1186/812/183 1187/813/183
f 1188/814/183 1187/813/183 1186/812/183
f 1193/815/184 1194/816/184 1195/817/184
f 1196/818/184 1195/817/184 1194/816/184
f 1201/819/185 1202/820/185 1203/821/185
f 1204/822/185 1203/821/185 1202/820/185
f 1209/823/184 1210/824/184 1211/815/184
f 1212/816/184 1211/815/184 1210/824/184
f 1217/819/186 1218/820/186 1219/825/186
f 1220/826/186 1219/825/186 1218/820/186
f 1225/827/187 1226/828/187 1227/829/187
f 1228/830/187 1227/829/187 1226/828/187
f 1233/819/188 1234/820/188 1235/825/188
f 1236/826/188 1235/825/188 1234/820/188
f 1241/831/189 1242/832/189 1243/833/189
f 1244/834/189 1243/833/189 1242/832/189
f 1249/825/190 1250/819/190 1251/826/190
f 1252/820/190 1251/826/190 1250/819/190
f 1257/835/191 1258/836/191 1259/837/191
f 1260/838/192 1259/837/192 1258/836/192
f 1265/825/193 1266/819/193 1267/826/193
f 1268/820/193 1267/826/193 1266/819/193
f 1273/839/194 1274/840/194 1275/841/194
f 1276/842/194 1275/841/194 1274/840/194
f 1281/825/195 1282/819/195 1283/826/195
f 1284/820/195 1283/826/195 1282/819/195
f 1289/843/196 1290/844/196 1291/845/196
f 1292/846/196 1291/845/196 1290/844/196
f 1297/825/197 1298/819/197 1299/826/197
f 1300/820/197 1299/826/197 1298/819/197
f 1305/847/198 1306/848/198 1307/849/198
f 1308/850/198 1307/849/198 1306/848/198
f 1313/825/199 1314/819/199 1315/826/199
f 1316/820/199 1315/826/199 1314/819/199
f 1321/851/200 1322/852/200 1323/853/200
f 1324/854/200 1323/853/200 1322/852/200
f 1329/825/201 1330/819/201 1331/826/201
f 1332/820/201 1331/826/201 1330/819/201
f 1337/855/202 1338/856/202 1339/857/202
f 1340/858/202 1339/857/202 1338/856/202
f 1345/826/203 1346/825/203 1347/820/203
f 1348/819/203 1347/820/203 1346/825/203
f 1353/859/204 1354/860/204 1355/861/204
f 1356/862/204 1355/861/204 1354/860/204
f 1361/826/205 1362/825/205 1363/820/205
f 1364/819/205 1363/820/205 1362/825/205
f 1369/826/206 1370/825/206 1371/863/206
f 1372/864/206 1371/863/206 1370/825/206
o SketchUp.006_ID70.001
v -0.260550 0.079000 -0.069814
v -0.267876 0.079000 0.078791
v -0.269947 0.079000 0.001565
v -0.261543 0.079000 0.157355
v -0.251008 0.079000 0.235466
v -0.233603 0.079000 -0.134871
v -0.236301 0.079000 0.312901
v -0.217465 0.079000 0.389436
v -0.190736 0.079000 -0.190736
v -0.194554 0.079000 0.464851
v -0.167634 0.079000 0.538930
v -0.134871 0.079000 -0.233603
v -0.136782 0.079000 0.611460
v -0.102086 0.079000 0.682232
v -0.069814 0.079000 -0.260550
v -0.065517 0.079000 0.747694
v -0.000000 0.079000 -0.269741
v -0.063647 0.079000 0.751042
v -0.021575 0.079000 0.817693
v -0.000000 0.079000 0.848127
v 0.021575 0.079000 0.817693
v 0.069814 0.079000 -0.260550
v 0.063647 0.079000 0.751042
v 0.065517 0.079000 0.747694
v 0.102086 0.079000 0.682232
v 0.134871 0.079000 -0.233603
v 0.136782 0.079000 0.611460
v 0.190736 0.079000 -0.190736
v 0.167634 0.079000 0.538930
v 0.194554 0.079000 0.464851
v 0.233603 0.079000 -0.134871
v 0.217465 0.079000 0.389436
v 0.236301 0.079000 0.312901
v 0.260550 0.079000 -0.069814
v 0.251008 0.079000 0.235466
v 0.261543 0.079000 0.157355
v 0.269947 0.079000 0.001565
v 0.267876 0.079000 0.078791
v 0.267876 0.079000 0.078791
v 0.269947 0.079000 0.001565
v 0.261543 0.079000 0.157355
v 0.260550 0.079000 -0.069814
v 0.251008 0.079000 0.235466
v 0.236301 0.079000 0.312901
v 0.233603 0.079000 -0.134871
v 0.217465 0.079000 0.389436
v 0.194554 0.079000 0.464851
v 0.190736 0.079000 -0.190736
v 0.167634 0.079000 0.538930
v 0.136782 0.079000 0.611460
v 0.134871 0.079000 -0.233603
v 0.102086 0.079000 0.682232
v 0.069814 0.079000 -0.260550
v 0.065517 0.079000 0.747694
v 0.063647 0.079000 0.751042
v 0.021575 0.079000 0.817693
v -0.000000 0.079000 -0.269741
v -0.000000 0.079000 0.848127
v -0.021575 0.079000 0.817693
v -0.063647 0.079000 0.751042
v -0.065517 0.079000 0.747694
v -0.069814 0.079000 -0.260550
v -0.102086 0.079000 0.682232
v -0.134871 0.079000 -0.233603
v -0.136782 0.079000 0.611460
v -0.167634 0.079000 0.538930
v -0.190736 0.079000 -0.190736
v -0.194554 0.079000 0.464851
v -0.217465 0.079000 0.389436
v -0.233603 0.079000 -0.134871
v -0.236301 0.079000 0.312901
v -0.251008 0.079000 0.235466
v -0.260550 0.079000 -0.069814
v -0.261543 0.079000 0.157355
v -0.267876 0.079000 0.078791
v -0.269947 0.079000 0.001565
vt 0.130275 0.087268
vt 0.133938 -0.098488
vt 0.134974 -0.001957
vt 0.130772 -0.196693
vt 0.125504 -0.294333
vt 0.116801 0.168588
vt 0.118151 -0.391126
vt 0.108733 -0.486795
vt 0.095368 0.238420
vt 0.097277 -0.581064
vt 0.083817 -0.673663
vt 0.067435 0.292003
vt 0.068391 -0.764325
vt 0.051043 -0.852790
vt 0.034907 0.325687
vt 0.032759 -0.934618
vt -0.000000 0.337176
vt 0.031824 -0.938803
vt 0.010788 -1.022117
vt 0.000000 -1.060159
vt -0.010788 -1.022117
vt -0.034907 0.325687
vt -0.031824 -0.938803
vt -0.032759 -0.934618
vt -0.051043 -0.852790
vt -0.067435 0.292003
vt -0.068391 -0.764325
vt -0.095368 0.238420
vt -0.083817 -0.673663
vt -0.097277 -0.581064
vt -0.116801 0.168588
vt -0.108733 -0.486795
vt -0.118151 -0.391126
vt -0.130275 0.087268
vt -0.125504 -0.294333
vt -0.130772 -0.196693
vt -0.134974 -0.001957
vt -0.133938 -0.098488
vn 0.000000 -1.000000 -0.000000
vn 0.000000 1.000000 0.000000
usemtl woodplanks.001
s off
f 1373/865/207 1374/866/207 1375/867/207
f 1374/866/207 1373/865/207 1376/868/207
f 1376/868/207 1373/865/207 1377/869/207
f 1377/869/207 1373/865/207 1378/870/207
f 1377/869/207 1378/870/207 1379/871/207
f 1379/871/207 1378/870/207 1380/872/207
f 1380/872/207 1378/870/207 1381/873/207
f 1380/872/207 1381/873/207 1382/874/207
f 1382/874/207 1381/873/207 1383/875/207
f 1383/875/207 1381/873/207 1384/876/207
f 1383/875/207 1384/876/207 1385/877/207
f 1385/877/207 1384/876/207 1386/878/207
f 1386/878/207 1384/876/207 1387/879/207
f 1386/878/207 1387/879/207 1388/880/207
f 1388/880/207 1387/879/207 1389/881/207
f 1388/880/207 1389/881/207 1390/882/207
f 1390/882/207 1389/881/207 1391/883/207
f 1391/883/207 1389/881/207 1392/884/207
f 1392/884/207 1389/881/207 1393/885/207
f 1393/885/207 1389/881/207 1394/886/207
f 1393/885/207 1394/886/207 1395/887/207
f 1395/887/207 1394/886/207 1396/888/207
f 1396/888/207 1394/886/207 1397/889/207
f 1397/889/207 1394/886/207 1398/890/207
f 1397/889/207 1398/890/207 1399/891/207
f 1399/891/207 1398/890/207 1400/892/207
f 1399/891/207 1400/892/207 1401/893/207
f 1401/893/207 1400/892/207 1402/894/207
f 1402/894/207 1400/892/207 1403/895/207
f 1402/894/207 1403/895/207 1404/896/207
f 1404/896/207 1403/895/207 1405/897/207
f 1405/897/207 1403/895/207 1406/898/207
f 1405/897/207 1406/898/207 1407/899/207
f 1407/899/207 1406/898/207 1408/900/207
f 1408/900/207 1406/898/207 1409/901/207
f 1408/900/207 1409/901/207 1410/902/207
f 1411/902/208 1412/901/208 1413/900/208
f 1412/901/208 1414/898/208 1413/900/208
f 1413/900/208 1414/898/208 1415/899/208
f 1415/899/208 1414/898/208 1416/897/208
f 1414/898/208 1417/895/208 1416/897/208
f 1416/897/208 1417/895/208 1418/896/208
f 1418/896/208 1417/895/208 1419/894/208
f 1417/895/208 1420/892/208 1419/894/208
f 1419/894/208 1420/892/208 1421/893/208
f 1421/893/208 1420/892/208 1422/891/208
f 1420/892/208 1423/890/208 1422/891/208
f 1422/891/208 1423/890/208 1424/889/208
f 1423/890/208 1425/886/208 1424/889/208
f 1424/889/208 1425/886/208 1426/888/208
f 1426/888/208 1425/886/208 1427/887/208
f 1427/887/208 1425/886/208 1428/885/208
f 1425/886/208 1429/881/208 1428/885/208
f 1428/885/208 1429/881/208 1430/884/208
f 1430/884/208 1429/881/208 1431/883/208
f 1431/883/208 1429/881/208 1432/882/208
f 1432/882/208 1429/881/208 1433/880/208
f 1429/881/208 1434/879/208 1433/880/208
f 1433/880/208 1434/879/208 1435/878/208
f 1434/879/208 1436/876/208 1435/878/208
f 1435/878/208 1436/876/208 1437/877/208
f 1437/877/208 1436/876/208 1438/875/208
f 1436/876/208 1439/873/208 1438/875/208
f 1438/875/208 1439/873/208 1440/874/208
f 1440/874/208 1439/873/208 1441/872/208
f 1439/873/208 1442/870/208 1441/872/208
f 1441/872/208 1442/870/208 1443/871/208
f 1443/871/208 1442/870/208 1444/869/208
f 1442/870/208 1445/865/208 1444/869/208
f 1444/869/208 1445/865/208 1446/868/208
f 1446/868/208 1445/865/208 1447/866/208
f 1448/867/208 1447/866/208 1445/865/208
o SketchUp.005_ID62.001
v -0.039327 0.089000 0.733064
v -0.037849 0.099000 0.735709
v -0.037849 0.089000 0.735709
v -0.039327 0.099000 0.733064
v -0.039327 0.099000 0.733064
v -0.039327 0.089000 0.733064
v -0.037849 0.099000 0.735709
v -0.037849 0.089000 0.735709
v -0.037849 0.089000 0.735709
v -0.000000 0.099000 0.795670
v -0.000000 0.089000 0.795670
v -0.037849 0.099000 0.735709
v -0.037849 0.099000 0.735709
v -0.037849 0.089000 0.735709
v -0.000000 0.099000 0.795670
v -0.000000 0.089000 0.795670
v -0.075503 0.089000 0.668304
v -0.039327 0.099000 0.733064
v -0.039327 0.089000 0.733064
v -0.075503 0.099000 0.668304
v -0.075503 0.099000 0.668304
v -0.075503 0.089000 0.668304
v -0.039327 0.099000 0.733064
v -0.039327 0.089000 0.733064
v 0.037849 0.099000 0.735709
v -0.000000 0.089000 0.795670
v -0.000000 0.099000 0.795670
v 0.037849 0.089000 0.735709
v 0.037849 0.089000 0.735709
v 0.037849 0.099000 0.735709
v -0.000000 0.089000 0.795670
v -0.000000 0.099000 0.795670
v -0.109490 0.089000 0.598977
v -0.075503 0.099000 0.668304
v -0.075503 0.089000 0.668304
v -0.109490 0.099000 0.598977
v -0.109490 0.099000 0.598977
v -0.109490 0.089000 0.598977
v -0.075503 0.099000 0.668304
v -0.075503 0.089000 0.668304
v 0.039327 0.099000 0.733064
v 0.037849 0.089000 0.735709
v 0.037849 0.099000 0.735709
v 0.039327 0.089000 0.733064
v 0.039327 0.089000 0.733064
v 0.039327 0.099000 0.733064
v 0.037849 0.089000 0.735709
v 0.037849 0.099000 0.735709
v -0.139713 0.089000 0.527928
v -0.109490 0.099000 0.598977
v -0.109490 0.089000 0.598977
v -0.139713 0.099000 0.527928
v -0.139713 0.099000 0.527928
v -0.139713 0.089000 0.527928
v -0.109490 0.099000 0.598977
v -0.109490 0.089000 0.598977
v 0.075503 0.099000 0.668304
v 0.039327 0.089000 0.733064
v 0.039327 0.099000 0.733064
v 0.075503 0.089000 0.668304
v 0.075503 0.089000 0.668304
v 0.075503 0.099000 0.668304
v 0.039327 0.089000 0.733064
v 0.039327 0.099000 0.733064
v -0.166083 0.089000 0.455361
v -0.139713 0.099000 0.527928
v -0.139713 0.089000 0.527928
v -0.166083 0.099000 0.455361
v -0.166083 0.099000 0.455361
v -0.166083 0.089000 0.455361
v -0.139713 0.099000 0.527928
v -0.139713 0.089000 0.527928
v 0.109490 0.099000 0.598977
v 0.075503 0.089000 0.668304
v 0.075503 0.099000 0.668304
v 0.109490 0.089000 0.598977
v 0.109490 0.089000 0.598977
v 0.109490 0.099000 0.598977
v 0.075503 0.089000 0.668304
v 0.075503 0.099000 0.668304
v -0.188527 0.089000 0.381485
v -0.166083 0.099000 0.455361
v -0.166083 0.089000 0.455361
v -0.188527 0.099000 0.381485
v -0.188527 0.099000 0.381485
v -0.188527 0.089000 0.381485
v -0.166083 0.099000 0.455361
v -0.166083 0.089000 0.455361
v 0.139713 0.099000 0.527928
v 0.109490 0.089000 0.598977
v 0.109490 0.099000 0.598977
v 0.139713 0.089000 0.527928
v 0.139713 0.089000 0.527928
v 0.139713 0.099000 0.527928
v 0.109490 0.089000 0.598977
v 0.109490 0.099000 0.598977
v -0.206978 0.089000 0.306513
v -0.188527 0.099000 0.381485
v -0.188527 0.089000 0.381485
v -0.206978 0.099000 0.306513
v -0.206978 0.099000 0.306513
v -0.206978 0.089000 0.306513
v -0.188527 0.099000 0.381485
v -0.188527 0.089000 0.381485
v 0.166083 0.099000 0.455361
v 0.139713 0.089000 0.527928
v 0.139713 0.099000 0.527928
v 0.166083 0.089000 0.455361
v 0.166083 0.089000 0.455361
v 0.166083 0.099000 0.455361
v 0.139713 0.089000 0.527928
v 0.139713 0.099000 0.527928
v -0.221385 0.089000 0.230659
v -0.206978 0.099000 0.306513
v -0.206978 0.089000 0.306513
v -0.221385 0.099000 0.230659
v -0.221385 0.099000 0.230659
v -0.221385 0.089000 0.230659
v -0.206978 0.099000 0.306513
v -0.206978 0.089000 0.306513
v 0.188527 0.099000 0.381485
v 0.166083 0.089000 0.455361
v 0.166083 0.099000 0.455361
v 0.188527 0.089000 0.381485
v 0.188527 0.089000 0.381485
v 0.188527 0.099000 0.381485
v 0.166083 0.089000 0.455361
v 0.166083 0.099000 0.455361
v -0.231705 0.089000 0.154142
v -0.221385 0.099000 0.230659
v -0.221385 0.089000 0.230659
v -0.231705 0.099000 0.154142
v -0.231705 0.099000 0.154142
v -0.231705 0.089000 0.154142
v -0.221385 0.099000 0.230659
v -0.221385 0.089000 0.230659
v 0.206978 0.099000 0.306513
v 0.188527 0.089000 0.381485
v 0.188527 0.099000 0.381485
v 0.206978 0.089000 0.306513
v 0.206978 0.089000 0.306513
v 0.206978 0.099000 0.306513
v 0.188527 0.089000 0.381485
v 0.188527 0.099000 0.381485
v -0.237908 0.089000 0.077182
v -0.231705 0.099000 0.154142
v -0.231705 0.089000 0.154142
v -0.237908 0.099000 0.077182
v -0.237908 0.099000 0.077182
v -0.237908 0.089000 0.077182
v -0.231705 0.099000 0.154142
v -0.231705 0.089000 0.154142
v 0.221385 0.099000 0.230659
v 0.206978 0.089000 0.306513
v 0.206978 0.099000 0.306513
v 0.221385 0.089000 0.230659
v 0.221385 0.089000 0.230659
v 0.221385 0.099000 0.230659
v 0.206978 0.089000 0.306513
v 0.206978 0.099000 0.306513
v -0.239894 0.089000 0.003131
v -0.237908 0.099000 0.077182
v -0.237908 0.089000 0.077182
v -0.239894 0.099000 0.003131
v -0.239894 0.099000 0.003131
v -0.239894 0.089000 0.003131
v -0.237908 0.099000 0.077182
v -0.237908 0.089000 0.077182
v 0.231705 0.099000 0.154142
v 0.221385 0.089000 0.230659
v 0.221385 0.099000 0.230659
v 0.231705 0.089000 0.154142
v 0.231705 0.089000 0.154142
v 0.231705 0.099000 0.154142
v 0.221385 0.089000 0.230659
v 0.221385 0.099000 0.230659
v -0.231322 0.089000 -0.061983
v -0.239894 0.099000 0.003131
v -0.239894 0.089000 0.003131
v -0.231322 0.099000 -0.061983
v -0.231322 0.099000 -0.061983
v -0.231322 0.089000 -0.061983
v -0.239894 0.099000 0.003131
v -0.239894 0.089000 0.003131
v 0.237908 0.099000 0.077182
v 0.231705 0.089000 0.154142
v 0.231705 0.099000 0.154142
v 0.237908 0.089000 0.077182
v 0.237908 0.089000 0.077182
v 0.237908 0.099000 0.077182
v 0.231705 0.089000 0.154142
v 0.231705 0.099000 0.154142
v -0.207398 0.089000 -0.119741
v -0.231322 0.099000 -0.061983
v -0.231322 0.089000 -0.061983
v -0.207398 0.099000 -0.119741
v -0.207398 0.099000 -0.119741
v -0.207398 0.089000 -0.119741
v -0.231322 0.099000 -0.061983
v -0.231322 0.089000 -0.061983
v 0.239894 0.099000 0.003131
v 0.237908 0.089000 0.077182
v 0.237908 0.099000 0.077182
v 0.239894 0.089000 0.003131
v 0.239894 0.089000 0.003131
v 0.239894 0.099000 0.003131
v 0.237908 0.089000 0.077182
v 0.237908 0.099000 0.077182
v -0.169340 0.089000 -0.169340
v -0.207398 0.099000 -0.119741
v -0.207398 0.089000 -0.119741
v -0.169340 0.099000 -0.169340
v -0.169340 0.099000 -0.169340
v -0.169340 0.089000 -0.169340
v -0.207398 0.099000 -0.119741
v -0.207398 0.089000 -0.119741
v 0.231322 0.099000 -0.061983
v 0.239894 0.089000 0.003131
v 0.239894 0.099000 0.003131
v 0.231322 0.089000 -0.061983
v 0.231322 0.089000 -0.061983
v 0.231322 0.099000 -0.061983
v 0.239894 0.089000 0.003131
v 0.239894 0.099000 0.003131
v -0.119741 0.099000 -0.207398
v -0.169340 0.089000 -0.169340
v -0.119741 0.089000 -0.207398
v -0.169340 0.099000 -0.169340
v -0.169340 0.099000 -0.169340
v -0.119741 0.099000 -0.207398
v -0.169340 0.089000 -0.169340
v -0.119741 0.089000 -0.207398
v 0.207398 0.099000 -0.119741
v 0.231322 0.089000 -0.061983
v 0.231322 0.099000 -0.061983
v 0.207398 0.089000 -0.119741
v 0.207398 0.089000 -0.119741
v 0.207398 0.099000 -0.119741
v 0.231322 0.089000 -0.061983
v 0.231322 0.099000 -0.061983
v -0.061983 0.099000 -0.231322
v -0.119741 0.089000 -0.207398
v -0.061983 0.089000 -0.231322
v -0.119741 0.099000 -0.207398
v -0.119741 0.099000 -0.207398
v -0.061983 0.099000 -0.231322
v -0.119741 0.089000 -0.207398
v -0.061983 0.089000 -0.231322
v 0.169340 0.099000 -0.169340
v 0.207398 0.089000 -0.119741
v 0.207398 0.099000 -0.119741
v 0.169340 0.089000 -0.169340
v 0.169340 0.089000 -0.169340
v 0.169340 0.099000 -0.169340
v 0.207398 0.089000 -0.119741
v 0.207398 0.099000 -0.119741
v -0.000000 0.099000 -0.239482
v -0.061983 0.089000 -0.231322
v -0.000000 0.089000 -0.239482
v -0.061983 0.099000 -0.231322
v -0.061983 0.099000 -0.231322
v -0.000000 0.099000 -0.239482
v -0.061983 0.089000 -0.231322
v -0.000000 0.089000 -0.239482
v 0.169340 0.099000 -0.169340
v 0.119741 0.089000 -0.207398
v 0.169340 0.089000 -0.169340
v 0.119741 0.099000 -0.207398
v 0.119741 0.099000 -0.207398
v 0.169340 0.099000 -0.169340
v 0.119741 0.089000 -0.207398
v 0.169340 0.089000 -0.169340
v 0.061983 0.099000 -0.231322
v -0.000000 0.089000 -0.239482
v 0.061983 0.089000 -0.231322
v -0.000000 0.099000 -0.239482
v -0.000000 0.099000 -0.239482
v 0.061983 0.099000 -0.231322
v -0.000000 0.089000 -0.239482
v 0.061983 0.089000 -0.231322
v 0.119741 0.099000 -0.207398
v 0.061983 0.089000 -0.231322
v 0.119741 0.089000 -0.207398
v 0.061983 0.099000 -0.231322
v 0.061983 0.099000 -0.231322
v 0.119741 0.099000 -0.207398
v 0.061983 0.089000 -0.231322
v 0.119741 0.089000 -0.207398
vt -0.206933 0.003333
vt -0.207943 0.006667
vt -0.207943 0.003333
vt -0.206933 0.006667
vt -0.200643 0.003333
vt -0.224279 0.006667
vt -0.224279 0.003333
vt -0.200643 0.006667
vt -0.182206 0.003333
vt -0.182206 0.006667
vt 0.200643 0.006667
vt 0.224279 0.003333
vt 0.224279 0.006667
vt 0.200643 0.003333
vt -0.163209 0.003333
vt -0.188945 0.006667
vt -0.188945 0.003333
vt -0.163209 0.006667
vt 0.206933 0.006667
vt 0.207943 0.003333
vt 0.207943 0.006667
vt 0.206933 0.003333
vt -0.143705 0.003333
vt -0.169441 0.006667
vt -0.169441 0.003333
vt -0.143705 0.006667
vt 0.182206 0.006667
vt 0.182206 0.003333
vt -0.123751 0.003333
vt -0.149487 0.006667
vt -0.149487 0.003333
vt -0.123751 0.006667
vt 0.163209 0.006667
vt 0.188945 0.003333
vt 0.188945 0.006667
vt 0.163209 0.003333
vt -0.103404 0.003333
vt -0.129140 0.006667
vt -0.129140 0.003333
vt -0.103404 0.006667
vt 0.143705 0.006667
vt 0.169441 0.003333
vt 0.169441 0.006667
vt 0.143705 0.003333
vt -0.082723 0.003333
vt -0.108459 0.006667
vt -0.108459 0.003333
vt -0.082723 0.006667
vt 0.123751 0.006667
vt 0.149487 0.003333
vt 0.149487 0.006667
vt 0.123751 0.003333
vt -0.061767 0.003333
vt -0.087503 0.006667
vt -0.087503 0.003333
vt -0.061767 0.006667
vt 0.103404 0.006667
vt 0.129140 0.003333
vt 0.129140 0.006667
vt 0.103404 0.003333
vt -0.040596 0.003333
vt -0.066333 0.006667
vt -0.066333 0.003333
vt -0.040596 0.006667
vt 0.082723 0.006667
vt 0.108459 0.003333
vt 0.108459 0.006667
vt 0.082723 0.003333
vt -0.019272 0.003333
vt -0.045009 0.006667
vt -0.045009 0.003333
vt -0.019272 0.006667
vt 0.061767 0.006667
vt 0.087503 0.003333
vt 0.087503 0.006667
vt 0.061767 0.003333
vt 0.001101 0.003333
vt -0.023592 0.006667
vt -0.023592 0.003333
vt 0.001101 0.006667
vt 0.040596 0.006667
vt 0.066333 0.003333
vt 0.066333 0.006667
vt 0.040596 0.003333
vt 0.010420 0.003333
vt -0.011472 0.006667
vt -0.011472 0.003333
vt 0.010420 0.006667
vt 0.019272 0.006667
vt 0.045009 0.003333
vt 0.045009 0.006667
vt 0.019272 0.003333
vt -0.010420 0.006667
vt -0.010420 0.003333
vt -0.001101 0.006667
vt 0.023592 0.003333
vt 0.023592 0.006667
vt -0.001101 0.003333
vt 0.011472 0.003333
vt 0.011472 0.006667
vt -0.310400 0.123750
vt -0.310400 0.111250
vt -0.311915 0.123750
vt -0.311915 0.111250
vt -0.300965 0.123750
vt -0.300965 0.111250
vt -0.336419 0.123750
vt -0.336419 0.111250
vt -0.273310 0.123750
vt -0.273310 0.111250
vt 0.300965 0.111250
vt 0.300965 0.123750
vt 0.336419 0.111250
vt 0.336419 0.123750
vt -0.244813 0.123750
vt -0.244813 0.111250
vt -0.283418 0.123750
vt -0.283418 0.111250
vt 0.310400 0.111250
vt 0.310400 0.123750
vt 0.311915 0.111250
vt 0.311915 0.123750
vt -0.215557 0.123750
vt -0.215557 0.111250
vt -0.254162 0.123750
vt -0.254162 0.111250
vt 0.273310 0.111250
vt 0.273310 0.123750
vt -0.185626 0.123750
vt -0.185626 0.111250
vt -0.224231 0.123750
vt -0.224231 0.111250
vt 0.244813 0.111250
vt 0.244813 0.123750
vt 0.283418 0.111250
vt 0.283418 0.123750
vt -0.155106 0.123750
vt -0.155106 0.111250
vt -0.193711 0.123750
vt -0.193711 0.111250
vt 0.215557 0.111250
vt 0.215557 0.123750
vt 0.254162 0.111250
vt 0.254162 0.123750
vt -0.124084 0.123750
vt -0.124084 0.111250
vt -0.162689 0.123750
vt -0.162689 0.111250
vt 0.185626 0.111250
vt 0.185626 0.123750
vt 0.224231 0.111250
vt 0.224231 0.123750
vt -0.092650 0.123750
vt -0.092650 0.111250
vt -0.131255 0.123750
vt -0.131255 0.111250
vt 0.155106 0.111250
vt 0.155106 0.123750
vt 0.193711 0.111250
vt 0.193711 0.123750
vt -0.060894 0.123750
vt -0.060894 0.111250
vt -0.099499 0.123750
vt -0.099499 0.111250
vt 0.124084 0.111250
vt 0.124084 0.123750
vt 0.162689 0.111250
vt 0.162689 0.123750
vt -0.028908 0.123750
vt -0.028908 0.111250
vt -0.067513 0.123750
vt -0.067513 0.111250
vt 0.092650 0.111250
vt 0.092650 0.123750
vt 0.131255 0.111250
vt 0.131255 0.123750
vt 0.001651 0.123750
vt 0.001651 0.111250
vt -0.035388 0.123750
vt -0.035388 0.111250
vt 0.060894 0.111250
vt 0.060894 0.123750
vt 0.099499 0.111250
vt 0.099499 0.123750
vt 0.015629 0.123750
vt 0.015629 0.111250
vt -0.017208 0.123750
vt -0.017208 0.111250
vt 0.028908 0.111250
vt 0.028908 0.123750
vt 0.067513 0.111250
vt 0.067513 0.123750
vt -0.015629 0.123750
vt -0.015629 0.111250
vt -0.001651 0.111250
vt -0.001651 0.123750
vt 0.035388 0.111250
vt 0.035388 0.123750
vt 0.017208 0.111250
vt 0.017208 0.123750
vn 0.873000 0.000000 -0.487700
vn 0.845600 0.000000 -0.533800
vn -0.845600 0.000000 -0.533800
vn 0.897900 0.000000 -0.440200
vn -0.873000 0.000000 -0.487700
vn 0.920200 0.000000 -0.391400
vn 0.939900 0.000000 -0.341500
vn -0.897900 0.000000 -0.440200
vn 0.956800 0.000000 -0.290700
vn -0.920200 0.000000 -0.391400
vn 0.971000 0.000000 -0.239000
vn -0.939900 0.000000 -0.341500
vn 0.982400 0.000000 -0.186600
vn -0.956800 0.000000 -0.290700
vn 0.991000 0.000000 -0.133700
vn -0.971000 0.000000 -0.239000
vn 0.996800 0.000000 -0.080400
vn -0.982400 0.000000 -0.186600
vn 0.999600 0.000000 -0.026800
vn -0.991000 0.000000 -0.133700
vn 0.991400 0.000000 0.130500
vn -0.996800 0.000000 -0.080400
vn 0.923900 0.000000 0.382700
vn -0.999600 0.000000 -0.026800
vn 0.793400 0.000000 0.608800
vn -0.991400 0.000000 0.130500
vn 0.608800 0.000000 0.793400
vn -0.923900 0.000000 0.382700
vn 0.382700 0.000000 0.923900
vn -0.793400 0.000000 0.608800
vn 0.130500 0.000000 0.991400
vn -0.608800 0.000000 0.793400
vn -0.130500 0.000000 0.991400
vn -0.382700 0.000000 0.923900
vn -0.873000 0.000000 0.487700
vn -0.845600 0.000000 0.533800
vn 0.845600 0.000000 0.533800
vn -0.897900 0.000000 0.440200
vn 0.873000 0.000000 0.487700
vn -0.920200 0.000000 0.391400
vn -0.939900 0.000000 0.341500
vn 0.897900 0.000000 0.440200
vn -0.956800 0.000000 0.290700
vn 0.920200 0.000000 0.391400
vn -0.971000 0.000000 0.239000
vn 0.939900 0.000000 0.341500
vn -0.982400 0.000000 0.186600
vn 0.956800 0.000000 0.290700
vn -0.991000 0.000000 0.133700
vn 0.971000 0.000000 0.239000
vn -0.996800 0.000000 0.080400
vn 0.982400 0.000000 0.186600
vn -0.999600 0.000000 0.026800
vn 0.991000 0.000000 0.133700
vn -0.991400 0.000000 -0.130500
vn 0.996800 0.000000 0.080400
vn -0.923900 0.000000 -0.382700
vn 0.999600 0.000000 0.026800
vn -0.793400 0.000000 -0.608800
vn 0.991400 0.000000 -0.130500
vn -0.608800 0.000000 -0.793400
vn 0.923900 0.000000 -0.382700
vn -0.382700 0.000000 -0.923900
vn 0.793400 0.000000 -0.608800
vn -0.130500 0.000000 -0.991400
vn 0.608800 0.000000 -0.793400
vn 0.130500 0.000000 -0.991400
vn 0.382700 0.000000 -0.923900
usemtl material_2.001
s off
f 1449/903/209 1450/904/209 1451/905/209
f 1450/904/209 1449/903/209 1452/906/209
f 1457/907/210 1458/908/210 1459/909/210
f 1458/908/210 1457/907/210 1460/910/210
f 1465/911/209 1466/906/209 1467/903/209
f 1466/906/209 1465/911/209 1468/912/209
f 1473/913/211 1474/914/211 1475/915/211
f 1474/914/211 1473/913/211 1476/916/211
f 1481/917/212 1482/918/212 1483/919/212
f 1482/918/212 1481/917/212 1484/920/212
f 1489/921/213 1490/922/213 1491/923/213
f 1490/922/213 1489/921/213 1492/924/213
f 1497/925/214 1498/926/214 1499/927/214
f 1498/926/214 1497/925/214 1500/928/214
f 1505/929/213 1506/924/213 1507/921/213
f 1506/924/213 1505/929/213 1508/930/213
f 1513/931/215 1514/932/215 1515/933/215
f 1514/932/215 1513/931/215 1516/934/215
f 1521/935/216 1522/936/216 1523/937/216
f 1522/936/216 1521/935/216 1524/938/216
f 1529/939/217 1530/940/217 1531/941/217
f 1530/940/217 1529/939/217 1532/942/217
f 1537/943/218 1538/944/218 1539/945/218
f 1538/944/218 1537/943/218 1540/946/218
f 1545/947/219 1546/948/219 1547/949/219
f 1546/948/219 1545/947/219 1548/950/219
f 1553/951/220 1554/952/220 1555/953/220
f 1554/952/220 1553/951/220 1556/954/220
f 1561/955/221 1562/956/221 1563/957/221
f 1562/956/221 1561/955/221 1564/958/221
f 1569/959/222 1570/960/222 1571/961/222
f 1570/960/222 1569/959/222 1572/962/222
f 1577/963/223 1578/964/223 1579/965/223
f 1578/964/223 1577/963/223 1580/966/223
f 1585/967/224 1586/968/224 1587/969/224
f 1586/968/224 1585/967/224 1588/970/224
f 1593/971/225 1594/972/225 1595/973/225
f 1594/972/225 1593/971/225 1596/974/225
f 1601/975/226 1602/976/226 1603/977/226
f 1602/976/226 1601/975/226 1604/978/226
f 1609/979/227 1610/980/227 1611/981/227
f 1610/980/227 1609/979/227 1612/982/227
f 1617/983/228 1618/984/228 1619/985/228
f 1618/984/228 1617/983/228 1620/986/228
f 1625/987/229 1626/988/229 1627/989/229
f 1626/988/229 1625/987/229 1628/990/229
f 1633/991/230 1634/992/230 1635/993/230
f 1634/992/230 1633/991/230 1636/994/230
f 1641/987/231 1642/995/231 1643/996/231
f 1642/995/231 1641/987/231 1644/990/231
f 1649/997/232 1650/998/232 1651/999/232
f 1650/998/232 1649/997/232 1652/1000/232
f 1657/987/233 1658/995/233 1659/996/233
f 1658/995/233 1657/987/233 1660/990/233
f 1665/995/234 1666/1001/234 1667/1002/234
f 1666/1001/234 1665/995/234 1668/996/234
f 1673/990/235 1674/996/235 1675/987/235
f 1674/996/235 1673/990/235 1676/995/235
f 1681/995/236 1682/987/236 1683/990/236
f 1682/987/236 1681/995/236 1684/996/236
f 1689/990/237 1690/996/237 1691/987/237
f 1690/996/237 1689/990/237 1692/995/237
f 1697/995/238 1698/987/238 1699/990/238
f 1698/987/238 1697/995/238 1700/996/238
f 1705/990/239 1706/996/239 1707/987/239
f 1706/996/239 1705/990/239 1708/995/239
f 1713/990/240 1714/996/240 1715/987/240
f 1714/996/240 1713/990/240 1716/995/240
f 1721/990/241 1722/996/241 1723/987/241
f 1722/996/241 1721/990/241 1724/995/241
f 1729/990/242 1730/996/242 1731/987/242
f 1730/996/242 1729/990/242 1732/995/242
usemtl woodplanks.001
f 1453/1003/243 1454/1004/243 1455/1005/243
f 1456/1006/243 1455/1005/243 1454/1004/243
f 1461/1007/244 1462/1008/244 1463/1009/244
f 1464/1010/244 1463/1009/244 1462/1008/244
f 1469/1011/243 1470/1012/243 1471/1003/243
f 1472/1004/243 1471/1003/243 1470/1012/243
f 1477/1013/245 1478/1014/245 1479/1015/245
f 1480/1016/245 1479/1015/245 1478/1014/245
f 1485/1017/246 1486/1018/246 1487/1019/246
f 1488/1020/246 1487/1019/246 1486/1018/246
f 1493/1021/247 1494/1022/247 1495/1023/247
f 1496/1024/247 1495/1023/247 1494/1022/247
f 1501/1025/248 1502/1026/248 1503/1027/248
f 1504/1028/248 1503/1027/248 1502/1026/248
f 1509/1029/247 1510/1030/247 1511/1021/247
f 1512/1022/247 1511/1021/247 1510/1030/247
f 1517/1031/249 1518/1032/249 1519/1033/249
f 1520/1034/249 1519/1033/249 1518/1032/249
f 1525/1035/250 1526/1036/250 1527/1037/250
f 1528/1038/250 1527/1037/250 1526/1036/250
f 1533/1039/251 1534/1040/251 1535/1041/251
f 1536/1042/251 1535/1041/251 1534/1040/251
f 1541/1043/252 1542/1044/252 1543/1045/252
f 1544/1046/252 1543/1045/252 1542/1044/252
f 1549/1047/253 1550/1048/253 1551/1049/253
f 1552/1050/253 1551/1049/253 1550/1048/253
f 1557/1051/254 1558/1052/254 1559/1053/254
f 1560/1054/254 1559/1053/254 1558/1052/254
f 1565/1055/255 1566/1056/255 1567/1057/255
f 1568/1058/255 1567/1057/255 1566/1056/255
f 1573/1059/256 1574/1060/256 1575/1061/256
f 1576/1062/256 1575/1061/256 1574/1060/256
f 1581/1063/257 1582/1064/257 1583/1065/257
f 1584/1066/257 1583/1065/257 1582/1064/257
f 1589/1067/258 1590/1068/258 1591/1069/258
f 1592/1070/258 1591/1069/258 1590/1068/258
f 1597/1071/259 1598/1072/259 1599/1073/259
f 1600/1074/259 1599/1073/259 1598/1072/259
f 1605/1075/260 1606/1076/260 1607/1077/260
f 1608/1078/260 1607/1077/260 1606/1076/260
f 1613/1079/261 1614/1080/261 1615/1081/261
f 1616/1082/261 1615/1081/261 1614/1080/261
f 1621/1083/262 1622/1084/262 1623/1085/262
f 1624/1086/262 1623/1085/262 1622/1084/262
f 1629/1087/263 1630/1088/263 1631/1089/263
f 1632/1090/263 1631/1089/263 1630/1088/263
f 1637/1091/264 1638/1092/264 1639/1093/264
f 1640/1094/264 1639/1093/264 1638/1092/264
f 1645/1087/265 1646/1088/265 1647/1095/265
f 1648/1096/265 1647/1095/265 1646/1088/265
f 1653/1097/266 1654/1098/266 1655/1099/266
f 1656/1100/266 1655/1099/266 1654/1098/266
f 1661/1087/267 1662/1088/267 1663/1095/267
f 1664/1096/267 1663/1095/267 1662/1088/267
f 1669/1096/268 1670/1095/268 1671/1101/268
f 1672/1102/268 1671/1101/268 1670/1095/268
f 1677/1095/269 1678/1087/269 1679/1096/269
f 1680/1088/269 1679/1096/269 1678/1087/269
f 1685/1096/270 1686/1095/270 1687/1088/270
f 1688/1087/270 1687/1088/270 1686/1095/270
f 1693/1095/271 1694/1087/271 1695/1096/271
f 1696/1088/271 1695/1096/271 1694/1087/271
f 1701/1096/272 1702/1095/272 1703/1088/272
f 1704/1087/272 1703/1088/272 1702/1095/272
f 1709/1095/273 1710/1087/273 1711/1096/273
f 1712/1088/273 1711/1096/273 1710/1087/273
f 1717/1095/274 1718/1087/274 1719/1096/274
f 1720/1088/274 1719/1096/274 1718/1087/274
f 1725/1095/275 1726/1087/275 1727/1096/275
f 1728/1088/275 1727/1096/275 1726/1087/275
f 1733/1095/276 1734/1087/276 1735/1096/276
f 1736/1088/276 1735/1096/276 1734/1087/276
o SketchUp.004_ID54.001
v 0.013136 0.099000 0.718433
v 0.012051 0.099000 0.160930
v 0.012051 0.099000 0.720376
v 0.200518 0.099000 0.160930
v 0.048920 0.099000 0.654375
v 0.082199 0.099000 0.586493
v 0.111792 0.099000 0.516925
v 0.137613 0.099000 0.445871
v 0.159588 0.099000 0.373535
v 0.177655 0.099000 0.300125
v 0.191761 0.099000 0.225852
v 0.191761 0.099000 0.225852
v 0.177655 0.099000 0.300125
v 0.200518 0.099000 0.160930
v 0.159588 0.099000 0.373535
v 0.137613 0.099000 0.445871
v 0.111792 0.099000 0.516925
v 0.082199 0.099000 0.586493
v 0.048920 0.099000 0.654375
v 0.013136 0.099000 0.718433
v 0.012051 0.099000 0.160930
v 0.012051 0.099000 0.720376
v 0.037849 0.089000 0.735709
v 0.013136 0.099000 0.718433
v 0.012051 0.099000 0.720376
v 0.048920 0.099000 0.654375
v 0.039327 0.089000 0.733064
v 0.075503 0.089000 0.668304
v 0.075503 0.089000 0.668304
v 0.039327 0.089000 0.733064
v 0.048920 0.099000 0.654375
v 0.037849 0.089000 0.735709
v 0.013136 0.099000 0.718433
v 0.012051 0.099000 0.720376
v 0.075503 0.089000 0.668304
v 0.082199 0.099000 0.586493
v 0.048920 0.099000 0.654375
v 0.109490 0.089000 0.598977
v 0.109490 0.089000 0.598977
v 0.075503 0.089000 0.668304
v 0.082199 0.099000 0.586493
v 0.048920 0.099000 0.654375
v 0.109490 0.089000 0.598977
v 0.111792 0.099000 0.516925
v 0.082199 0.099000 0.586493
v 0.139713 0.089000 0.527928
v 0.139713 0.089000 0.527928
v 0.109490 0.089000 0.598977
v 0.111792 0.099000 0.516925
v 0.082199 0.099000 0.586493
v 0.139713 0.089000 0.527928
v 0.137613 0.099000 0.445871
v 0.111792 0.099000 0.516925
v 0.166083 0.089000 0.455361
v 0.166083 0.089000 0.455361
v 0.139713 0.089000 0.527928
v 0.137613 0.099000 0.445871
v 0.111792 0.099000 0.516925
v 0.166083 0.089000 0.455361
v 0.159588 0.099000 0.373535
v 0.137613 0.099000 0.445871
v 0.188527 0.089000 0.381485
v 0.188527 0.089000 0.381485
v 0.166083 0.089000 0.455361
v 0.159588 0.099000 0.373535
v 0.137613 0.099000 0.445871
v 0.188527 0.089000 0.381485
v 0.177655 0.099000 0.300125
v 0.159588 0.099000 0.373535
v 0.206978 0.089000 0.306513
v 0.206978 0.089000 0.306513
v 0.188527 0.089000 0.381485
v 0.177655 0.099000 0.300125
v 0.159588 0.099000 0.373535
v 0.206978 0.089000 0.306513
v 0.191761 0.099000 0.225852
v 0.177655 0.099000 0.300125
v 0.221385 0.089000 0.230659
v 0.221385 0.089000 0.230659
v 0.206978 0.089000 0.306513
v 0.191761 0.099000 0.225852
v 0.177655 0.099000 0.300125
v 0.221385 0.089000 0.230659
v 0.200518 0.099000 0.160930
v 0.191761 0.099000 0.225852
v 0.231705 0.089000 0.154142
v 0.231705 0.089000 0.154142
v 0.221385 0.089000 0.230659
v 0.200518 0.099000 0.160930
v 0.191761 0.099000 0.225852
v 0.012051 0.089000 0.150930
v 0.200518 0.099000 0.160930
v 0.201866 0.089000 0.150930
v 0.012051 0.099000 0.160930
v 0.012051 0.099000 0.160930
v 0.012051 0.089000 0.150930
v 0.200518 0.099000 0.160930
v 0.201866 0.089000 0.150930
v 0.012051 0.099000 0.720376
v -0.000000 0.089000 0.160930
v -0.000000 0.089000 0.739467
v 0.012051 0.099000 0.160930
v 0.012051 0.099000 0.160930
v 0.012051 0.099000 0.720376
v -0.000000 0.089000 0.160930
v -0.000000 0.089000 0.739467
v 0.037849 0.089000 0.735709
v 0.012051 0.099000 0.720376
v -0.000000 0.089000 0.795670
v -0.000000 0.089000 0.795670
v 0.012051 0.099000 0.720376
v 0.037849 0.089000 0.735709
v 0.231705 0.089000 0.154142
v 0.201866 0.089000 0.150930
v 0.200518 0.099000 0.160930
v 0.200518 0.099000 0.160930
v 0.201866 0.089000 0.150930
v 0.231705 0.089000 0.154142
v 0.012051 0.099000 0.160930
v 0.012051 0.089000 0.150930
v -0.000000 0.089000 0.150930
v -0.000000 0.089000 0.150930
v 0.012051 0.089000 0.150930
v 0.012051 0.099000 0.160930
v 0.012051 0.099000 0.720376
v -0.000000 0.089000 0.739467
v -0.000000 0.089000 0.795670
v -0.000000 0.089000 0.795670
v -0.000000 0.089000 0.739467
v 0.012051 0.099000 0.720376
v 0.012051 0.099000 0.160930
v -0.000000 0.089000 0.150930
v -0.000000 0.089000 0.160930
v -0.000000 0.089000 0.160930
v -0.000000 0.089000 0.150930
v 0.012051 0.099000 0.160930
vt 0.095881 -0.282315
vt 0.088828 -0.375156
vt 0.100259 -0.201162
vt 0.079794 -0.466918
vt 0.068806 -0.557339
vt 0.055896 -0.646156
vt 0.041099 -0.733117
vt 0.024460 -0.817969
vt 0.006568 -0.898041
vt 0.006025 -0.201162
vt 0.006025 -0.900470
vt -0.273310 -0.429483
vt -0.310400 -0.429483
vt -0.273712 -0.389955
vt -0.311915 -0.429483
vt -0.310400 -0.389955
vt -0.311512 -0.389955
vt -0.244813 -0.394071
vt -0.283418 -0.394071
vt -0.245216 -0.354543
vt -0.283016 -0.354543
vt -0.215557 -0.362333
vt -0.254162 -0.362333
vt -0.215960 -0.322805
vt -0.253760 -0.322805
vt -0.185626 -0.334360
vt -0.224231 -0.334360
vt -0.186028 -0.294831
vt -0.223829 -0.294831
vt -0.155106 -0.310231
vt -0.193711 -0.310231
vt -0.155508 -0.270703
vt -0.193309 -0.270703
vt -0.124084 -0.290017
vt -0.162689 -0.290017
vt -0.124486 -0.250489
vt -0.162287 -0.250489
vt -0.092650 -0.273776
vt -0.131255 -0.273776
vt -0.093053 -0.234248
vt -0.130853 -0.234248
vt -0.060894 -0.261554
vt -0.099499 -0.261554
vt -0.066342 -0.222026
vt -0.099097 -0.222026
vt -0.006025 0.229747
vt -0.006025 0.212070
vt -0.100259 0.229747
vt -0.100933 0.212070
vt 0.080465 0.090617
vt 0.360188 0.090617
vt 0.080465 0.071043
vt 0.369734 0.071043
vt -0.336419 -0.468466
vt -0.301367 -0.428938
vt -0.300965 -0.468466
vt -0.108296 0.210107
vt -0.108431 0.192353
vt -0.123437 0.192353
vt -0.000000 0.212070
vt 0.397835 0.071043
vt 0.075465 0.071043
vn 0.000000 -1.000000 0.000000
vn -0.276100 -0.948700 -0.154200
vn -0.283900 -0.948700 -0.139200
vn -0.291000 -0.948700 -0.123800
vn -0.297200 -0.948700 -0.108000
vn -0.302600 -0.948700 -0.091900
vn -0.307100 -0.948700 -0.075600
vn -0.310700 -0.948700 -0.059000
vn -0.313400 -0.948700 -0.042300
vn 0.000000 -0.707100 0.707100
vn 0.638600 -0.769500 0.000000
vn -0.267400 -0.948700 -0.168800
vn -0.075400 -0.710200 0.700000
vn 0.000000 1.000000 0.000000
vn 0.276100 0.948700 0.154200
vn 0.283900 0.948700 0.139200
vn 0.291000 0.948700 0.123800
vn 0.297200 0.948700 0.108000
vn 0.302600 0.948700 0.091900
vn 0.307100 0.948700 0.075600
vn 0.310700 0.948700 0.059000
vn 0.313400 0.948700 0.042300
vn 0.000000 0.707100 -0.707100
vn -0.638600 0.769500 0.000000
vn 0.267400 0.948700 0.168800
vn 0.075400 0.710200 -0.700000
usemtl woodplanks.001
s off
f 1748/1103/277 1749/1104/277 1750/1105/277
f 1749/1104/277 1751/1106/277 1750/1105/277
f 1751/1106/277 1752/1107/277 1750/1105/277
f 1752/1107/277 1753/1108/277 1750/1105/277
f 1753/1108/277 1754/1109/277 1750/1105/277
f 1754/1109/277 1755/1110/277 1750/1105/277
f 1755/1110/277 1756/1111/277 1750/1105/277
f 1750/1105/277 1756/1111/277 1757/1112/277
f 1758/1113/277 1757/1112/277 1756/1111/277
f 1765/1114/278 1766/1115/278 1767/1116/278
f 1766/1115/278 1768/1117/278 1767/1116/278
f 1767/1116/278 1768/1117/278 1769/1118/278
f 1770/1119/278 1769/1118/278 1768/1117/278
f 1775/1120/279 1776/1121/279 1777/1122/279
f 1778/1123/279 1777/1122/279 1776/1121/279
f 1783/1124/280 1784/1125/280 1785/1126/280
f 1786/1127/280 1785/1126/280 1784/1125/280
f 1791/1128/281 1792/1129/281 1793/1130/281
f 1794/1131/281 1793/1130/281 1792/1129/281
f 1799/1132/282 1800/1133/282 1801/1134/282
f 1802/1135/282 1801/1134/282 1800/1133/282
f 1807/1136/283 1808/1137/283 1809/1138/283
f 1810/1139/283 1809/1138/283 1808/1137/283
f 1815/1140/284 1816/1141/284 1817/1142/284
f 1818/1143/284 1817/1142/284 1816/1141/284
f 1823/1144/285 1824/1145/285 1825/1146/285
f 1826/1147/285 1825/1146/285 1824/1145/285
f 1831/1148/286 1832/1149/286 1833/1150/286
f 1834/1151/286 1833/1150/286 1832/1149/286
f 1839/1152/287 1840/1153/287 1841/1154/287
f 1842/1155/287 1841/1154/287 1840/1153/287
f 1846/1156/288 1847/1157/288 1848/1158/288
f 1852/1159/289 1853/1160/289 1854/1161/289
f 1858/1162/286 1859/1149/286 1860/1148/286
f 1864/1163/287 1865/1155/287 1866/1153/287
f 1870/1154/287 1871/1164/287 1872/1152/287
usemtl material_3.001
f 1737/1111/290 1738/1112/290 1739/1113/290
f 1738/1112/290 1737/1111/290 1740/1105/290
f 1740/1105/290 1737/1111/290 1741/1110/290
f 1740/1105/290 1741/1110/290 1742/1109/290
f 1740/1105/290 1742/1109/290 1743/1108/290
f 1740/1105/290 1743/1108/290 1744/1107/290
f 1740/1105/290 1744/1107/290 1745/1106/290
f 1740/1105/290 1745/1106/290 1746/1104/290
f 1740/1105/290 1746/1104/290 1747/1103/290
f 1759/1117/291 1760/1118/291 1761/1119/291
f 1760/1118/291 1759/1117/291 1762/1116/291
f 1762/1116/291 1759/1117/291 1763/1115/291
f 1762/1116/291 1763/1115/291 1764/1114/291
f 1771/1121/292 1772/1122/292 1773/1123/292
f 1772/1122/292 1771/1121/292 1774/1120/292
f 1779/1125/293 1780/1126/293 1781/1127/293
f 1780/1126/293 1779/1125/293 1782/1124/293
f 1787/1129/294 1788/1130/294 1789/1131/294
f 1788/1130/294 1787/1129/294 1790/1128/294
f 1795/1133/295 1796/1134/295 1797/1135/295
f 1796/1134/295 1795/1133/295 1798/1132/295
f 1803/1137/296 1804/1138/296 1805/1139/296
f 1804/1138/296 1803/1137/296 1806/1136/296
f 1811/1141/297 1812/1142/297 1813/1143/297
f 1812/1142/297 1811/1141/297 1814/1140/297
f 1819/1145/298 1820/1146/298 1821/1147/298
f 1820/1146/298 1819/1145/298 1822/1144/298
f 1827/1149/299 1828/1150/299 1829/1151/299
f 1828/1150/299 1827/1149/299 1830/1148/299
f 1835/1153/300 1836/1154/300 1837/1155/300
f 1836/1154/300 1835/1153/300 1838/1152/300
f 1843/1158/301 1844/1157/301 1845/1156/301
f 1849/1161/302 1850/1160/302 1851/1159/302
f 1855/1148/299 1856/1149/299 1857/1162/299
f 1861/1153/300 1862/1155/300 1863/1163/300
f 1867/1152/300 1868/1164/300 1869/1154/300
o SketchUp.003_ID46.001
v 0.147943 0.099000 -0.147943
v 0.119741 0.089000 -0.207398
v 0.104612 0.099000 -0.181193
v 0.169340 0.089000 -0.169340
v 0.169340 0.089000 -0.169340
v 0.147943 0.099000 -0.147943
v 0.119741 0.089000 -0.207398
v 0.104612 0.099000 -0.181193
v 0.104612 0.099000 -0.181193
v 0.061983 0.089000 -0.231322
v 0.054151 0.099000 -0.202094
v 0.119741 0.089000 -0.207398
v 0.119741 0.089000 -0.207398
v 0.104612 0.099000 -0.181193
v 0.061983 0.089000 -0.231322
v 0.054151 0.099000 -0.202094
v 0.012051 0.099000 0.140930
v 0.054151 0.099000 -0.202094
v 0.012051 0.099000 -0.207637
v 0.202672 0.099000 0.140930
v 0.104612 0.099000 -0.181193
v 0.147943 0.099000 -0.147943
v 0.181193 0.099000 -0.104612
v 0.202094 0.099000 -0.054151
v 0.209842 0.099000 0.004696
v 0.207941 0.099000 0.075573
v 0.207941 0.099000 0.075573
v 0.202672 0.099000 0.140930
v 0.209842 0.099000 0.004696
v 0.202094 0.099000 -0.054151
v 0.181193 0.099000 -0.104612
v 0.147943 0.099000 -0.147943
v 0.104612 0.099000 -0.181193
v 0.054151 0.099000 -0.202094
v 0.012051 0.099000 0.140930
v 0.012051 0.099000 -0.207637
v 0.181193 0.099000 -0.104612
v 0.169340 0.089000 -0.169340
v 0.147943 0.099000 -0.147943
v 0.207398 0.089000 -0.119741
v 0.207398 0.089000 -0.119741
v 0.181193 0.099000 -0.104612
v 0.169340 0.089000 -0.169340
v 0.147943 0.099000 -0.147943
v 0.012051 0.099000 -0.207637
v 0.061983 0.089000 -0.231322
v -0.000000 0.089000 -0.239482
v 0.054151 0.099000 -0.202094
v 0.054151 0.099000 -0.202094
v 0.012051 0.099000 -0.207637
v 0.061983 0.089000 -0.231322
v -0.000000 0.089000 -0.239482
v 0.012051 0.089000 0.150930
v 0.012051 0.099000 0.140930
v -0.000000 0.089000 0.150930
v 0.201866 0.089000 0.150930
v 0.202672 0.099000 0.140930
v 0.202672 0.099000 0.140930
v 0.201866 0.089000 0.150930
v 0.012051 0.099000 0.140930
v 0.012051 0.089000 0.150930
v -0.000000 0.089000 0.150930
v 0.231705 0.089000 0.154142
v 0.207941 0.099000 0.075573
v 0.202672 0.099000 0.140930
v 0.237908 0.089000 0.077182
v 0.237908 0.089000 0.077182
v 0.231705 0.089000 0.154142
v 0.207941 0.099000 0.075573
v 0.202672 0.099000 0.140930
v 0.237908 0.089000 0.077182
v 0.209842 0.099000 0.004696
v 0.207941 0.099000 0.075573
v 0.239894 0.089000 0.003131
v 0.239894 0.089000 0.003131
v 0.237908 0.089000 0.077182
v 0.209842 0.099000 0.004696
v 0.207941 0.099000 0.075573
v 0.209842 0.099000 0.004696
v 0.231322 0.089000 -0.061983
v 0.202094 0.099000 -0.054151
v 0.239894 0.089000 0.003131
v 0.239894 0.089000 0.003131
v 0.209842 0.099000 0.004696
v 0.231322 0.089000 -0.061983
v 0.202094 0.099000 -0.054151
v 0.202094 0.099000 -0.054151
v 0.207398 0.089000 -0.119741
v 0.181193 0.099000 -0.104612
v 0.231322 0.089000 -0.061983
v 0.231322 0.089000 -0.061983
v 0.202094 0.099000 -0.054151
v 0.207398 0.089000 -0.119741
v 0.181193 0.099000 -0.104612
v 0.012051 0.099000 0.140930
v -0.000000 0.089000 0.140930
v -0.000000 0.089000 0.150930
v -0.000000 0.089000 -0.209223
v 0.012051 0.099000 -0.207637
v 0.012051 0.099000 -0.207637
v 0.012051 0.099000 0.140930
v -0.000000 0.089000 -0.209223
v -0.000000 0.089000 0.140930
v -0.000000 0.089000 0.150930
v 0.012051 0.099000 -0.207637
v -0.000000 0.089000 -0.239482
v -0.000000 0.089000 -0.209223
v -0.000000 0.089000 -0.209223
v -0.000000 0.089000 -0.239482
v 0.012051 0.099000 -0.207637
v 0.231705 0.089000 0.154142
v 0.202672 0.099000 0.140930
v 0.201866 0.089000 0.150930
v 0.201866 0.089000 0.150930
v 0.202672 0.099000 0.140930
v 0.231705 0.089000 0.154142
vt -0.015629 -0.246381
vt -0.013655 -0.206853
vt 0.015629 -0.246381
vt 0.013655 -0.206853
vt 0.103970 -0.094467
vt 0.101336 -0.176162
vt 0.104921 -0.005871
vt 0.101047 0.067689
vt 0.090596 0.130765
vt 0.073972 0.184929
vt 0.052306 0.226491
vt 0.027076 0.252618
vt 0.006025 -0.176162
vt 0.006025 0.259546
vt 0.007577 -0.206853
vt 0.101336 -0.037061
vt 0.100933 -0.054739
vt 0.006025 -0.037061
vt 0.006025 -0.054739
vt -0.000000 -0.054739
vt -0.028908 -0.253386
vt -0.067513 -0.253386
vt -0.029310 -0.213858
vt -0.062094 -0.213858
vt 0.001651 -0.249297
vt -0.035388 -0.249297
vt 0.000466 -0.209768
vt -0.034986 -0.209768
vt -0.017208 -0.246381
vt -0.016023 -0.206853
vt -0.103818 0.090617
vt 0.070465 0.090617
vt -0.104612 0.071043
vt 0.070465 0.071043
vt 0.075465 0.071043
vt -0.119741 0.071043
vt 0.108431 -0.035149
vt 0.108297 -0.017446
vt 0.123437 -0.035149
vt -0.013655 -0.238080
vt 0.015629 -0.277609
vt 0.013655 -0.238080
vt -0.015629 -0.277609
vt 0.007577 -0.238080
vt 0.006025 -0.124565
vt 0.006025 -0.106888
vt 0.000000 -0.124565
vt 0.100933 -0.124565
vt 0.101336 -0.106888
vt -0.067513 -0.284614
vt -0.029310 -0.245086
vt -0.062094 -0.245086
vt -0.028908 -0.284614
vt -0.035388 -0.280524
vt 0.000466 -0.240996
vt -0.034986 -0.240996
vt 0.001651 -0.280524
vt -0.016023 -0.238080
vt -0.017208 -0.277609
vt 0.070465 0.027557
vt 0.070465 0.007982
vt 0.075465 0.007982
vt -0.104612 0.007982
vt -0.103818 0.027557
vt -0.119741 0.007982
vt 0.123437 -0.104875
vt 0.108297 -0.087172
vt 0.108431 -0.104875
vn -0.192500 -0.948700 0.250900
vn -0.121000 -0.948700 0.292200
vn 0.000000 -1.000000 0.000000
vn -0.250900 -0.948700 0.192500
vn -0.041300 -0.948700 0.313500
vn 0.000000 -0.707100 -0.707100
vn -0.315200 -0.948700 -0.025400
vn -0.316100 -0.948700 -0.008500
vn -0.313500 -0.948700 0.041300
vn -0.292200 -0.948700 0.121000
vn 0.638600 -0.769500 0.000000
vn 0.075600 -0.708100 -0.702000
vn 0.192500 0.948700 -0.250900
vn 0.121000 0.948700 -0.292200
vn 0.000000 1.000000 0.000000
vn 0.250900 0.948700 -0.192500
vn 0.041300 0.948700 -0.313500
vn 0.000000 0.707100 0.707100
vn 0.315200 0.948700 0.025400
vn 0.316100 0.948700 0.008500
vn 0.313500 0.948700 -0.041300
vn 0.292200 0.948700 -0.121000
vn -0.638600 0.769500 0.000000
vn -0.075600 0.708100 0.702000
usemtl woodplanks.001
s off
f 1877/1165/303 1878/1166/303 1879/1167/303
f 1880/1168/303 1879/1167/303 1878/1166/303
f 1885/1165/304 1886/1166/304 1887/1167/304
f 1888/1168/304 1887/1167/304 1886/1166/304
f 1899/1169/305 1900/1170/305 1901/1171/305
f 1901/1171/305 1900/1170/305 1902/1172/305
f 1902/1172/305 1900/1170/305 1903/1173/305
f 1903/1173/305 1900/1170/305 1904/1174/305
f 1904/1174/305 1900/1170/305 1905/1175/305
f 1905/1175/305 1900/1170/305 1906/1176/305
f 1900/1170/305 1907/1177/305 1906/1176/305
f 1908/1178/305 1906/1176/305 1907/1177/305
f 1913/1165/306 1914/1166/306 1915/1167/306
f 1916/1168/306 1915/1167/306 1914/1166/306
f 1921/1166/307 1922/1179/307 1923/1165/307
f 1924/1167/307 1923/1165/307 1922/1179/307
f 1930/1180/308 1931/1181/308 1932/1182/308
f 1931/1181/308 1933/1183/308 1932/1182/308
f 1934/1184/308 1932/1182/308 1933/1183/308
f 1939/1185/309 1940/1186/309 1941/1187/309
f 1942/1188/309 1941/1187/309 1940/1186/309
f 1947/1189/310 1948/1190/310 1949/1191/310
f 1950/1192/310 1949/1191/310 1948/1190/310
f 1955/1193/311 1956/1194/311 1957/1167/311
f 1958/1168/311 1957/1167/311 1956/1194/311
f 1963/1165/312 1964/1166/312 1965/1167/312
f 1966/1168/312 1965/1167/312 1964/1166/312
f 1972/1195/313 1973/1196/313 1974/1197/313
f 1974/1197/313 1973/1196/313 1975/1198/313
f 1976/1199/313 1975/1198/313 1973/1196/313
f 1980/1197/313 1981/1200/313 1982/1195/313
f 1986/1201/314 1987/1202/314 1988/1203/314
usemtl WoodPlanks_Blue.001
f 1873/1204/315 1874/1205/315 1875/1206/315
f 1874/1205/315 1873/1204/315 1876/1207/315
f 1881/1204/316 1882/1205/316 1883/1206/316
f 1882/1205/316 1881/1204/316 1884/1207/316
f 1889/1177/317 1890/1176/317 1891/1178/317
f 1890/1176/317 1889/1177/317 1892/1170/317
f 1890/1176/317 1892/1170/317 1893/1175/317
f 1893/1175/317 1892/1170/317 1894/1174/317
f 1894/1174/317 1892/1170/317 1895/1173/317
f 1895/1173/317 1892/1170/317 1896/1172/317
f 1896/1172/317 1892/1170/317 1897/1171/317
f 1897/1171/317 1892/1170/317 1898/1169/317
f 1909/1204/318 1910/1205/318 1911/1206/318
f 1910/1205/318 1909/1204/318 1912/1207/318
f 1917/1208/319 1918/1207/319 1919/1205/319
f 1918/1207/319 1917/1208/319 1920/1204/319
f 1925/1209/320 1926/1210/320 1927/1211/320
f 1926/1210/320 1925/1209/320 1928/1212/320
f 1926/1210/320 1928/1212/320 1929/1213/320
f 1935/1214/321 1936/1215/321 1937/1216/321
f 1936/1215/321 1935/1214/321 1938/1217/321
f 1943/1218/322 1944/1219/322 1945/1220/322
f 1944/1219/322 1943/1218/322 1946/1221/322
f 1951/1222/323 1952/1205/323 1953/1206/323
f 1952/1205/323 1951/1222/323 1954/1223/323
f 1959/1204/324 1960/1205/324 1961/1206/324
f 1960/1205/324 1959/1204/324 1962/1207/324
f 1967/1224/325 1968/1225/325 1969/1226/325
f 1968/1225/325 1967/1224/325 1970/1227/325
f 1970/1227/325 1967/1224/325 1971/1228/325
f 1977/1228/325 1978/1229/325 1979/1227/325
f 1983/1230/326 1984/1231/326 1985/1232/326
o SketchUp.002_ID33.001
v -0.201866 0.089000 0.150930
v -0.202672 0.099000 0.140930
v -0.231705 0.089000 0.154142
v -0.231705 0.089000 0.154142
v -0.202672 0.099000 0.140930
v -0.201866 0.089000 0.150930
v -0.012051 0.089000 0.150930
v -0.202672 0.099000 0.140930
v -0.201866 0.089000 0.150930
v -0.012051 0.099000 0.140930
v -0.012051 0.099000 0.140930
v -0.012051 0.089000 0.150930
v -0.202672 0.099000 0.140930
v -0.201866 0.089000 0.150930
v -0.231705 0.089000 0.154142
v -0.207941 0.099000 0.075573
v -0.237908 0.089000 0.077182
v -0.202672 0.099000 0.140930
v -0.202672 0.099000 0.140930
v -0.231705 0.089000 0.154142
v -0.207941 0.099000 0.075573
v -0.237908 0.089000 0.077182
v -0.012051 0.099000 0.140930
v -0.012051 0.089000 0.150930
v -0.000000 0.089000 0.150930
v -0.000000 0.089000 0.150930
v -0.012051 0.089000 0.150930
v -0.012051 0.099000 0.140930
v -0.207941 0.099000 0.075573
v -0.202094 0.099000 -0.054151
v -0.209842 0.099000 0.004696
v -0.202672 0.099000 0.140930
v -0.012051 0.099000 0.140930
v -0.181193 0.099000 -0.104612
v -0.147943 0.099000 -0.147943
v -0.104612 0.099000 -0.181193
v -0.054151 0.099000 -0.202094
v -0.012051 0.099000 -0.207637
v -0.012051 0.099000 -0.207637
v -0.012051 0.099000 0.140930
v -0.054151 0.099000 -0.202094
v -0.104612 0.099000 -0.181193
v -0.147943 0.099000 -0.147943
v -0.181193 0.099000 -0.104612
v -0.202094 0.099000 -0.054151
v -0.202672 0.099000 0.140930
v -0.207941 0.099000 0.075573
v -0.209842 0.099000 0.004696
v -0.237908 0.089000 0.077182
v -0.209842 0.099000 0.004696
v -0.239894 0.089000 0.003131
v -0.207941 0.099000 0.075573
v -0.207941 0.099000 0.075573
v -0.237908 0.089000 0.077182
v -0.209842 0.099000 0.004696
v -0.239894 0.089000 0.003131
v -0.000000 0.089000 0.140930
v -0.012051 0.099000 0.140930
v -0.000000 0.089000 0.150930
v -0.000000 0.089000 0.150930
v -0.012051 0.099000 0.140930
v -0.000000 0.089000 0.140930
v -0.000000 0.089000 0.140930
v -0.012051 0.099000 -0.207637
v -0.012051 0.099000 0.140930
v -0.000000 0.089000 -0.209223
v -0.000000 0.089000 -0.209223
v -0.000000 0.089000 0.140930
v -0.012051 0.099000 -0.207637
v -0.012051 0.099000 0.140930
v -0.054151 0.099000 -0.202094
v -0.000000 0.089000 -0.239482
v -0.061983 0.089000 -0.231322
v -0.012051 0.099000 -0.207637
v -0.012051 0.099000 -0.207637
v -0.054151 0.099000 -0.202094
v -0.000000 0.089000 -0.239482
v -0.061983 0.089000 -0.231322
v -0.104612 0.099000 -0.181193
v -0.061983 0.089000 -0.231322
v -0.119741 0.089000 -0.207398
v -0.054151 0.099000 -0.202094
v -0.054151 0.099000 -0.202094
v -0.104612 0.099000 -0.181193
v -0.061983 0.089000 -0.231322
v -0.119741 0.089000 -0.207398
v -0.147943 0.099000 -0.147943
v -0.119741 0.089000 -0.207398
v -0.169340 0.089000 -0.169340
v -0.104612 0.099000 -0.181193
v -0.104612 0.099000 -0.181193
v -0.147943 0.099000 -0.147943
v -0.119741 0.089000 -0.207398
v -0.169340 0.089000 -0.169340
v -0.181193 0.099000 -0.104612
v -0.169340 0.089000 -0.169340
v -0.207398 0.089000 -0.119741
v -0.147943 0.099000 -0.147943
v -0.147943 0.099000 -0.147943
v -0.181193 0.099000 -0.104612
v -0.169340 0.089000 -0.169340
v -0.207398 0.089000 -0.119741
v -0.202094 0.099000 -0.054151
v -0.207398 0.089000 -0.119741
v -0.231322 0.089000 -0.061983
v -0.181193 0.099000 -0.104612
v -0.181193 0.099000 -0.104612
v -0.202094 0.099000 -0.054151
v -0.207398 0.089000 -0.119741
v -0.231322 0.089000 -0.061983
v -0.209842 0.099000 0.004696
v -0.231322 0.089000 -0.061983
v -0.239894 0.089000 0.003131
v -0.202094 0.099000 -0.054151
v -0.202094 0.099000 -0.054151
v -0.209842 0.099000 0.004696
v -0.231322 0.089000 -0.061983
v -0.239894 0.089000 0.003131
v -0.000000 0.089000 -0.239482
v -0.012051 0.099000 -0.207637
v -0.000000 0.089000 -0.209223
v -0.000000 0.089000 -0.209223
v -0.012051 0.099000 -0.207637
v -0.000000 0.089000 -0.239482
vt -0.123437 -0.035149
vt -0.108297 -0.017446
vt -0.108431 -0.035149
vt -0.006025 -0.037061
vt -0.006025 -0.054739
vt -0.101336 -0.037061
vt -0.100933 -0.054739
vt 0.062094 -0.213858
vt 0.067513 -0.253386
vt 0.029310 -0.213858
vt 0.028908 -0.253386
vt 0.000000 -0.054739
vt -0.006025 0.259546
vt -0.006025 -0.176162
vt -0.027076 0.252618
vt -0.052306 0.226491
vt -0.073972 0.184929
vt -0.090596 0.130765
vt -0.101047 0.067689
vt -0.101336 -0.176162
vt -0.103970 -0.094467
vt -0.104921 -0.005871
vt 0.034986 -0.209768
vt 0.035388 -0.249297
vt -0.000466 -0.209768
vt -0.001651 -0.249297
vt -0.075465 0.071043
vt -0.070465 0.090617
vt -0.070465 0.071043
vt 0.104612 0.071043
vt 0.103818 0.090617
vt -0.007577 -0.206853
vt 0.013655 -0.206853
vt -0.015629 -0.246381
vt 0.015629 -0.246381
vt -0.013655 -0.206853
vt 0.016023 -0.206853
vt 0.017208 -0.246381
vt 0.119741 0.071043
vn -0.075600 -0.708100 -0.702000
vn 0.000000 -0.707100 -0.707100
vn 0.315200 -0.948700 -0.025400
vn 0.000000 -1.000000 0.000000
vn 0.316100 -0.948700 -0.008500
vn -0.638600 -0.769500 0.000000
vn 0.041300 -0.948700 0.313500
vn 0.121000 -0.948700 0.292200
vn 0.192500 -0.948700 0.250900
vn 0.250900 -0.948700 0.192500
vn 0.292200 -0.948700 0.121000
vn 0.313500 -0.948700 0.041300
vn 0.075600 0.708100 0.702000
vn 0.000000 0.707100 0.707100
vn -0.315200 0.948700 0.025400
vn 0.000000 1.000000 0.000000
vn -0.316100 0.948700 0.008500
vn 0.638600 0.769500 0.000000
vn -0.041300 0.948700 -0.313500
vn -0.121000 0.948700 -0.292200
vn -0.192500 0.948700 -0.250900
vn -0.250900 0.948700 -0.192500
vn -0.292200 0.948700 -0.121000
vn -0.313500 0.948700 -0.041300
usemtl woodplanks.001
s off
f 1992/1233/327 1993/1234/327 1994/1235/327
f 1999/1236/328 2000/1237/328 2001/1238/328
f 2002/1239/328 2001/1238/328 2000/1237/328
f 2007/1240/329 2008/1241/329 2009/1242/329
f 2010/1243/329 2009/1242/329 2008/1241/329
f 2014/1244/328 2015/1237/328 2016/1236/328
f 2027/1245/330 2028/1246/330 2029/1247/330
f 2029/1247/330 2028/1246/330 2030/1248/330
f 2030/1248/330 2028/1246/330 2031/1249/330
f 2031/1249/330 2028/1246/330 2032/1250/330
f 2032/1250/330 2028/1246/330 2033/1251/330
f 2028/1246/330 2034/1252/330 2033/1251/330
f 2034/1252/330 2035/1253/330 2033/1251/330
f 2036/1254/330 2033/1251/330 2035/1253/330
f 2041/1255/331 2042/1256/331 2043/1257/331
f 2044/1258/331 2043/1257/331 2042/1256/331
f 2048/1259/332 2049/1260/332 2050/1261/332
f 2055/1262/332 2056/1261/332 2057/1263/332
f 2058/1260/332 2057/1263/332 2056/1261/332
f 2063/1264/333 2064/1265/333 2065/1266/333
f 2066/1267/333 2065/1266/333 2064/1265/333
f 2071/1268/334 2072/1265/334 2073/1266/334
f 2074/1267/334 2073/1266/334 2072/1265/334
f 2079/1268/335 2080/1265/335 2081/1266/335
f 2082/1267/335 2081/1266/335 2080/1265/335
f 2087/1268/336 2088/1265/336 2089/1266/336
f 2090/1267/336 2089/1266/336 2088/1265/336
f 2095/1268/337 2096/1265/337 2097/1266/337
f 2098/1267/337 2097/1266/337 2096/1265/337
f 2103/1268/338 2104/1269/338 2105/1266/338
f 2106/1270/338 2105/1266/338 2104/1269/338
f 2110/1262/332 2111/1263/332 2112/1271/332
usemtl material_3.001
f 1989/1235/339 1990/1234/339 1991/1233/339
f 1995/1237/340 1996/1238/340 1997/1239/340
f 1996/1238/340 1995/1237/340 1998/1236/340
f 2003/1241/341 2004/1242/341 2005/1243/341
f 2004/1242/341 2003/1241/341 2006/1240/341
f 2011/1236/340 2012/1237/340 2013/1244/340
f 2017/1253/342 2018/1251/342 2019/1254/342
f 2018/1251/342 2017/1253/342 2020/1252/342
f 2018/1251/342 2020/1252/342 2021/1246/342
f 2018/1251/342 2021/1246/342 2022/1250/342
f 2022/1250/342 2021/1246/342 2023/1249/342
f 2023/1249/342 2021/1246/342 2024/1248/342
f 2024/1248/342 2021/1246/342 2025/1247/342
f 2025/1247/342 2021/1246/342 2026/1245/342
f 2037/1256/343 2038/1257/343 2039/1258/343
f 2038/1257/343 2037/1256/343 2040/1255/343
f 2045/1261/344 2046/1260/344 2047/1259/344
f 2051/1261/344 2052/1263/344 2053/1260/344
f 2052/1263/344 2051/1261/344 2054/1262/344
f 2059/1265/345 2060/1266/345 2061/1267/345
f 2060/1266/345 2059/1265/345 2062/1264/345
f 2067/1265/346 2068/1266/346 2069/1267/346
f 2068/1266/346 2067/1265/346 2070/1268/346
f 2075/1265/347 2076/1266/347 2077/1267/347
f 2076/1266/347 2075/1265/347 2078/1268/347
f 2083/1265/348 2084/1266/348 2085/1267/348
f 2084/1266/348 2083/1265/348 2086/1268/348
f 2091/1265/349 2092/1266/349 2093/1267/349
f 2092/1266/349 2091/1265/349 2094/1268/349
f 2099/1269/350 2100/1266/350 2101/1270/350
f 2100/1266/350 2099/1269/350 2102/1268/350
f 2107/1271/344 2108/1263/344 2109/1262/344
o SketchUp.001_ID20.001
v -0.188527 0.089000 0.381485
v -0.177655 0.099000 0.300125
v -0.206978 0.089000 0.306513
v -0.159588 0.099000 0.373535
v -0.159588 0.099000 0.373535
v -0.188527 0.089000 0.381485
v -0.177655 0.099000 0.300125
v -0.206978 0.089000 0.306513
v -0.166083 0.089000 0.455361
v -0.159588 0.099000 0.373535
v -0.188527 0.089000 0.381485
v -0.137613 0.099000 0.445871
v -0.137613 0.099000 0.445871
v -0.166083 0.089000 0.455361
v -0.159588 0.099000 0.373535
v -0.188527 0.089000 0.381485
v -0.191761 0.099000 0.225852
v -0.012051 0.099000 0.160930
v -0.200518 0.099000 0.160930
v -0.177655 0.099000 0.300125
v -0.159588 0.099000 0.373535
v -0.137613 0.099000 0.445871
v -0.111792 0.099000 0.516925
v -0.082199 0.099000 0.586493
v -0.048920 0.099000 0.654375
v -0.013136 0.099000 0.718433
v -0.012051 0.099000 0.720376
v -0.012051 0.099000 0.720376
v -0.013136 0.099000 0.718433
v -0.012051 0.099000 0.160930
v -0.048920 0.099000 0.654375
v -0.082199 0.099000 0.586493
v -0.111792 0.099000 0.516925
v -0.137613 0.099000 0.445871
v -0.159588 0.099000 0.373535
v -0.177655 0.099000 0.300125
v -0.191761 0.099000 0.225852
v -0.200518 0.099000 0.160930
v -0.206978 0.089000 0.306513
v -0.191761 0.099000 0.225852
v -0.221385 0.089000 0.230659
v -0.177655 0.099000 0.300125
v -0.177655 0.099000 0.300125
v -0.206978 0.089000 0.306513
v -0.191761 0.099000 0.225852
v -0.221385 0.089000 0.230659
v -0.139713 0.089000 0.527928
v -0.137613 0.099000 0.445871
v -0.166083 0.089000 0.455361
v -0.111792 0.099000 0.516925
v -0.111792 0.099000 0.516925
v -0.139713 0.089000 0.527928
v -0.137613 0.099000 0.445871
v -0.166083 0.089000 0.455361
v -0.221385 0.089000 0.230659
v -0.200518 0.099000 0.160930
v -0.231705 0.089000 0.154142
v -0.191761 0.099000 0.225852
v -0.191761 0.099000 0.225852
v -0.221385 0.089000 0.230659
v -0.200518 0.099000 0.160930
v -0.231705 0.089000 0.154142
v -0.109490 0.089000 0.598977
v -0.111792 0.099000 0.516925
v -0.139713 0.089000 0.527928
v -0.082199 0.099000 0.586493
v -0.082199 0.099000 0.586493
v -0.109490 0.089000 0.598977
v -0.111792 0.099000 0.516925
v -0.139713 0.089000 0.527928
v -0.075503 0.089000 0.668304
v -0.082199 0.099000 0.586493
v -0.109490 0.089000 0.598977
v -0.048920 0.099000 0.654375
v -0.048920 0.099000 0.654375
v -0.075503 0.089000 0.668304
v -0.082199 0.099000 0.586493
v -0.109490 0.089000 0.598977
v -0.039327 0.089000 0.733064
v -0.048920 0.099000 0.654375
v -0.075503 0.089000 0.668304
v -0.013136 0.099000 0.718433
v -0.037849 0.089000 0.735709
v -0.012051 0.099000 0.720376
v -0.012051 0.099000 0.720376
v -0.037849 0.089000 0.735709
v -0.013136 0.099000 0.718433
v -0.039327 0.089000 0.733064
v -0.048920 0.099000 0.654375
v -0.075503 0.089000 0.668304
v -0.000000 0.089000 0.739467
v -0.012051 0.099000 0.160930
v -0.012051 0.099000 0.720376
v -0.000000 0.089000 0.150930
v -0.000000 0.089000 0.160930
v -0.000000 0.089000 0.160930
v -0.000000 0.089000 0.739467
v -0.000000 0.089000 0.150930
v -0.012051 0.099000 0.160930
v -0.012051 0.099000 0.720376
v -0.200518 0.099000 0.160930
v -0.012051 0.089000 0.150930
v -0.201866 0.089000 0.150930
v -0.012051 0.099000 0.160930
v -0.000000 0.089000 0.150930
v -0.000000 0.089000 0.150930
v -0.012051 0.099000 0.160930
v -0.012051 0.089000 0.150930
v -0.200518 0.099000 0.160930
v -0.201866 0.089000 0.150930
v -0.200518 0.099000 0.160930
v -0.201866 0.089000 0.150930
v -0.231705 0.089000 0.154142
v -0.231705 0.089000 0.154142
v -0.201866 0.089000 0.150930
v -0.200518 0.099000 0.160930
v -0.000000 0.089000 0.795670
v -0.012051 0.099000 0.720376
v -0.037849 0.089000 0.735709
v -0.037849 0.089000 0.735709
v -0.012051 0.099000 0.720376
v -0.000000 0.089000 0.795670
v -0.000000 0.089000 0.795670
v -0.000000 0.089000 0.739467
v -0.012051 0.099000 0.720376
v -0.012051 0.099000 0.720376
v -0.000000 0.089000 0.739467
v -0.000000 0.089000 0.795670
vt 0.162287 -0.250489
vt 0.162689 -0.290017
vt 0.124486 -0.250489
vt 0.124084 -0.290017
vt 0.193309 -0.270703
vt 0.193711 -0.310231
vt 0.155508 -0.270703
vt 0.155106 -0.310231
vt -0.006025 -0.900470
vt -0.006568 -0.898041
vt -0.006025 -0.201162
vt -0.024460 -0.817969
vt -0.041099 -0.733117
vt -0.055896 -0.646156
vt -0.068806 -0.557339
vt -0.079794 -0.466918
vt -0.088828 -0.375156
vt -0.095881 -0.282315
vt -0.100259 -0.201162
vt 0.130853 -0.234248
vt 0.131255 -0.273776
vt 0.093053 -0.234248
vt 0.092650 -0.273776
vt 0.223829 -0.294831
vt 0.224231 -0.334360
vt 0.186028 -0.294831
vt 0.185626 -0.334360
vt 0.099097 -0.222026
vt 0.099499 -0.261554
vt 0.066342 -0.222026
vt 0.060894 -0.261554
vt 0.253760 -0.322805
vt 0.254162 -0.362333
vt 0.215960 -0.322805
vt 0.215557 -0.362333
vt 0.283016 -0.354543
vt 0.283418 -0.394071
vt 0.245216 -0.354543
vt 0.244813 -0.394071
vt 0.311512 -0.389955
vt 0.311915 -0.429483
vt 0.310400 -0.389955
vt 0.310400 -0.429483
vt 0.273712 -0.389955
vt 0.273310 -0.429483
vt -0.080465 0.071043
vt -0.369734 0.071043
vt -0.075465 0.071043
vt -0.080465 0.090617
vt -0.360188 0.090617
vt 0.000000 0.212070
vt 0.006025 0.229747
vt 0.006025 0.212070
vt 0.100259 0.229747
vt 0.100933 0.212070
vt 0.123437 0.192353
vt 0.108431 0.192353
vt 0.108296 0.210107
vt 0.300965 -0.468466
vt 0.301367 -0.428938
vt 0.336419 -0.468466
vt -0.397835 0.071043
vt 0.162689 -0.321245
vt 0.124486 -0.281716
vt 0.124084 -0.321245
vt 0.162287 -0.281716
vt 0.193711 -0.341459
vt 0.155508 -0.301930
vt 0.155106 -0.341459
vt 0.193309 -0.301930
vt 0.131255 -0.305003
vt 0.093053 -0.265475
vt 0.092650 -0.305003
vt 0.130853 -0.265475
vt 0.224231 -0.365587
vt 0.186028 -0.326059
vt 0.185626 -0.365587
vt 0.223829 -0.326059
vt 0.099499 -0.292782
vt 0.066342 -0.253253
vt 0.060894 -0.292782
vt 0.099097 -0.253253
vt 0.254162 -0.393561
vt 0.215960 -0.354032
vt 0.215557 -0.393561
vt 0.253760 -0.354032
vt 0.283418 -0.425299
vt 0.245216 -0.385770
vt 0.244813 -0.425299
vt 0.283016 -0.385770
vt 0.310400 -0.460711
vt 0.273712 -0.421182
vt 0.273310 -0.460711
vt 0.310400 -0.421182
vt 0.311915 -0.460711
vt 0.311512 -0.421182
vt -0.369734 0.007982
vt -0.080465 0.027557
vt -0.360188 0.027557
vt -0.075465 0.007982
vt -0.080465 0.007982
vt 0.100259 0.159921
vt 0.006025 0.142243
vt 0.100933 0.142243
vt 0.006025 0.159921
vt -0.000000 0.142243
vt 0.108296 0.140583
vt 0.108431 0.122829
vt 0.123437 0.122829
vt 0.336419 -0.499694
vt 0.301367 -0.460165
vt 0.300965 -0.499694
vt -0.397835 0.007982
vn 0.307100 -0.948700 -0.075600
vn 0.302600 -0.948700 -0.091900
vn 0.000000 -1.000000 0.000000
vn 0.310700 -0.948700 -0.059000
vn 0.297200 -0.948700 -0.108000
vn 0.313400 -0.948700 -0.042300
vn 0.291000 -0.948700 -0.123800
vn 0.283900 -0.948700 -0.139200
vn 0.276100 -0.948700 -0.154200
vn 0.000000 0.000000 1.000000
vn -0.638600 -0.769500 0.000000
vn 0.000000 -0.707100 0.707100
vn 0.075400 -0.710200 0.700000
vn 0.267400 -0.948700 -0.168800
vn -0.307100 0.948700 0.075600
vn -0.302600 0.948700 0.091900
vn 0.000000 1.000000 -0.000000
vn -0.310700 0.948700 0.059000
vn -0.297200 0.948700 0.108000
vn -0.313400 0.948700 0.042300
vn -0.291000 0.948700 0.123800
vn -0.283900 0.948700 0.139200
vn -0.276100 0.948700 0.154200
vn 0.638600 0.769500 0.000000
vn 0.000000 0.707100 -0.707100
vn -0.075400 0.710200 -0.700000
vn -0.267400 0.948700 0.168800
usemtl woodplanks.001
s off
f 2117/1272/351 2118/1273/351 2119/1274/351
f 2120/1275/351 2119/1274/351 2118/1273/351
f 2125/1276/352 2126/1277/352 2127/1278/352
f 2128/1279/352 2127/1278/352 2126/1277/352
f 2140/1280/353 2141/1281/353 2142/1282/353
f 2141/1281/353 2143/1283/353 2142/1282/353
f 2143/1283/353 2144/1284/353 2142/1282/353
f 2144/1284/353 2145/1285/353 2142/1282/353
f 2145/1285/353 2146/1286/353 2142/1282/353
f 2146/1286/353 2147/1287/353 2142/1282/353
f 2147/1287/353 2148/1288/353 2142/1282/353
f 2148/1288/353 2149/1289/353 2142/1282/353
f 2150/1290/353 2142/1282/353 2149/1289/353
f 2155/1291/354 2156/1292/354 2157/1293/354
f 2158/1294/354 2157/1293/354 2156/1292/354
f 2163/1295/355 2164/1296/355 2165/1297/355
f 2166/1298/355 2165/1297/355 2164/1296/355
f 2171/1299/356 2172/1300/356 2173/1301/356
f 2174/1302/356 2173/1301/356 2172/1300/356
f 2179/1303/357 2180/1304/357 2181/1305/357
f 2182/1306/357 2181/1305/357 2180/1304/357
f 2187/1307/358 2188/1308/358 2189/1309/358
f 2190/1310/358 2189/1309/358 2188/1308/358
f 2197/1311/359 2198/1312/359 2199/1313/359
f 2198/1312/359 2200/1314/359 2199/1313/359
f 2199/1313/359 2200/1314/359 2201/1315/359
f 2202/1316/359 2201/1315/359 2200/1314/359
f 2208/1317/360 2209/1318/360 2210/1319/360
f 2210/1319/361 2209/1318/361 2211/1320/361
f 2212/1321/361 2211/1320/361 2209/1318/361
f 2218/1322/362 2219/1323/362 2220/1324/362
f 2219/1323/362 2221/1325/362 2220/1324/362
f 2222/1326/362 2220/1324/362 2221/1325/362
f 2226/1327/363 2227/1328/363 2228/1329/363
f 2232/1330/364 2233/1331/364 2234/1332/364
f 2238/1321/361 2239/1318/361 2240/1333/361
usemtl WoodPlanks_Blue.001
f 2113/1334/365 2114/1335/365 2115/1336/365
f 2114/1335/365 2113/1334/365 2116/1337/365
f 2121/1338/366 2122/1339/366 2123/1340/366
f 2122/1339/366 2121/1338/366 2124/1341/366
f 2129/1289/367 2130/1282/367 2131/1290/367
f 2130/1282/367 2129/1289/367 2132/1288/367
f 2130/1282/367 2132/1288/367 2133/1287/367
f 2130/1282/367 2133/1287/367 2134/1286/367
f 2130/1282/367 2134/1286/367 2135/1285/367
f 2130/1282/367 2135/1285/367 2136/1284/367
f 2130/1282/367 2136/1284/367 2137/1283/367
f 2130/1282/367 2137/1283/367 2138/1281/367
f 2130/1282/367 2138/1281/367 2139/1280/367
f 2151/1342/368 2152/1343/368 2153/1344/368
f 2152/1343/368 2151/1342/368 2154/1345/368
f 2159/1346/369 2160/1347/369 2161/1348/369
f 2160/1347/369 2159/1346/369 2162/1349/369
f 2167/1350/370 2168/1351/370 2169/1352/370
f 2168/1351/370 2167/1350/370 2170/1353/370
f 2175/1354/371 2176/1355/371 2177/1356/371
f 2176/1355/371 2175/1354/371 2178/1357/371
f 2183/1358/372 2184/1359/372 2185/1360/372
f 2184/1359/372 2183/1358/372 2186/1361/372
f 2191/1362/373 2192/1363/373 2193/1364/373
f 2192/1363/373 2191/1362/373 2194/1365/373
f 2194/1365/373 2191/1362/373 2195/1366/373
f 2194/1365/373 2195/1366/373 2196/1367/373
f 2203/1368/374 2204/1369/374 2205/1370/374
f 2204/1369/374 2203/1368/374 2206/1371/374
f 2206/1371/360 2203/1368/360 2207/1372/360
f 2213/1373/375 2214/1374/375 2215/1375/375
f 2214/1374/375 2213/1373/375 2216/1376/375
f 2214/1374/375 2216/1376/375 2217/1377/375
f 2223/1378/376 2224/1379/376 2225/1380/376
f 2229/1381/377 2230/1382/377 2231/1383/377
f 2235/1384/374 2236/1368/374 2237/1370/374
o SketchUp_ID2.001
v 0.150000 0.089000 -0.259808
v 0.212132 0.078000 -0.212132
v 0.150000 0.078000 -0.259808
v 0.212132 0.089000 -0.212132
v 0.212132 0.089000 -0.212132
v 0.150000 0.089000 -0.259808
v 0.212132 0.078000 -0.212132
v 0.150000 0.078000 -0.259808
v 0.212132 0.078000 -0.212132
v 0.259808 0.089000 -0.150000
v 0.259808 0.078000 -0.150000
v 0.212132 0.089000 -0.212132
v 0.212132 0.089000 -0.212132
v 0.212132 0.078000 -0.212132
v 0.259808 0.089000 -0.150000
v 0.259808 0.078000 -0.150000
v -0.289778 0.078000 -0.077646
v -0.297844 0.078000 0.080399
v -0.300000 0.078000 0.000000
v -0.291381 0.078000 0.160567
v -0.280631 0.078000 0.240273
v -0.269947 0.078000 0.001565
v -0.259808 0.078000 -0.150000
v -0.260550 0.078000 -0.069814
v -0.233603 0.078000 -0.134871
v -0.212132 0.078000 -0.212132
v -0.190736 0.078000 -0.190736
v -0.150000 0.078000 -0.259808
v -0.134871 0.078000 -0.233603
v -0.077646 0.078000 -0.289778
v -0.069814 0.078000 -0.260550
v -0.000000 0.078000 -0.300000
v -0.000000 0.078000 -0.269741
v 0.077646 0.078000 -0.289778
v 0.069814 0.078000 -0.260550
v 0.134871 0.078000 -0.233603
v 0.150000 0.078000 -0.259808
v 0.190736 0.078000 -0.190736
v 0.212132 0.078000 -0.212132
v 0.233603 0.078000 -0.134871
v 0.259808 0.078000 -0.150000
v 0.260550 0.078000 -0.069814
v 0.289778 0.078000 -0.077646
v 0.269947 0.078000 0.001565
v 0.280631 0.078000 0.240273
v 0.291381 0.078000 0.160567
v 0.300000 0.078000 0.000000
v 0.297844 0.078000 0.080399
v -0.265624 0.078000 0.319289
v -0.267876 0.078000 0.078791
v -0.261543 0.078000 0.157355
v -0.246404 0.078000 0.397387
v -0.251008 0.078000 0.235466
v -0.236301 0.078000 0.312901
v -0.223025 0.078000 0.474342
v -0.217465 0.078000 0.389436
v -0.195555 0.078000 0.549933
v -0.194554 0.078000 0.464851
v -0.164073 0.078000 0.623943
v -0.167634 0.078000 0.538930
v -0.136782 0.078000 0.611460
v -0.128669 0.078000 0.696160
v -0.102086 0.078000 0.682232
v -0.091708 0.078000 0.762325
v -0.065517 0.078000 0.747694
v -0.089445 0.078000 0.766375
v -0.046514 0.078000 0.834387
v -0.063647 0.078000 0.751042
v -0.021575 0.078000 0.817693
v -0.000000 0.078000 0.900000
v -0.000000 0.078000 0.848127
v 0.021575 0.078000 0.817693
v 0.046514 0.078000 0.834387
v 0.063647 0.078000 0.751042
v 0.089445 0.078000 0.766375
v 0.065517 0.078000 0.747694
v 0.102086 0.078000 0.682232
v 0.091708 0.078000 0.762325
v 0.128669 0.078000 0.696160
v 0.136782 0.078000 0.611460
v 0.164073 0.078000 0.623943
v 0.167634 0.078000 0.538930
v 0.195555 0.078000 0.549933
v 0.194554 0.078000 0.464851
v 0.217465 0.078000 0.389436
v 0.223025 0.078000 0.474342
v 0.236301 0.078000 0.312901
v 0.246404 0.078000 0.397387
v 0.251008 0.078000 0.235466
v 0.265624 0.078000 0.319289
v 0.261543 0.078000 0.157355
v 0.267876 0.078000 0.078791
v 0.269947 0.078000 0.001565
v 0.267876 0.078000 0.078791
v 0.280631 0.078000 0.240273
v 0.265624 0.078000 0.319289
v 0.261543 0.078000 0.157355
v 0.251008 0.078000 0.235466
v 0.246404 0.078000 0.397387
v 0.236301 0.078000 0.312901
v 0.223025 0.078000 0.474342
v 0.217465 0.078000 0.389436
v 0.195555 0.078000 0.549933
v 0.194554 0.078000 0.464851
v 0.167634 0.078000 0.538930
v 0.164073 0.078000 0.623943
v 0.136782 0.078000 0.611460
v 0.128669 0.078000 0.696160
v 0.102086 0.078000 0.682232
v 0.091708 0.078000 0.762325
v 0.089445 0.078000 0.766375
v 0.065517 0.078000 0.747694
v 0.063647 0.078000 0.751042
v 0.046514 0.078000 0.834387
v 0.021575 0.078000 0.817693
v -0.000000 0.078000 0.900000
v -0.000000 0.078000 0.848127
v -0.021575 0.078000 0.817693
v -0.046514 0.078000 0.834387
v -0.063647 0.078000 0.751042
v -0.065517 0.078000 0.747694
v -0.089445 0.078000 0.766375
v -0.091708 0.078000 0.762325
v -0.102086 0.078000 0.682232
v -0.128669 0.078000 0.696160
v -0.136782 0.078000 0.611460
v -0.164073 0.078000 0.623943
v -0.167634 0.078000 0.538930
v -0.194554 0.078000 0.464851
v -0.195555 0.078000 0.549933
v -0.217465 0.078000 0.389436
v -0.223025 0.078000 0.474342
v -0.236301 0.078000 0.312901
v -0.246404 0.078000 0.397387
v -0.251008 0.078000 0.235466
v -0.261543 0.078000 0.157355
v -0.265624 0.078000 0.319289
v -0.267876 0.078000 0.078791
v -0.269947 0.078000 0.001565
v -0.280631 0.078000 0.240273
v 0.297844 0.078000 0.080399
v 0.300000 0.078000 0.000000
v 0.291381 0.078000 0.160567
v 0.289778 0.078000 -0.077646
v 0.260550 0.078000 -0.069814
v 0.259808 0.078000 -0.150000
v 0.233603 0.078000 -0.134871
v 0.212132 0.078000 -0.212132
v 0.190736 0.078000 -0.190736
v 0.150000 0.078000 -0.259808
v 0.134871 0.078000 -0.233603
v 0.077646 0.078000 -0.289778
v 0.069814 0.078000 -0.260550
v -0.000000 0.078000 -0.269741
v -0.000000 0.078000 -0.300000
v -0.069814 0.078000 -0.260550
v -0.077646 0.078000 -0.289778
v -0.134871 0.078000 -0.233603
v -0.150000 0.078000 -0.259808
v -0.190736 0.078000 -0.190736
v -0.212132 0.078000 -0.212132
v -0.233603 0.078000 -0.134871
v -0.259808 0.078000 -0.150000
v -0.260550 0.078000 -0.069814
v -0.289778 0.078000 -0.077646
v -0.291381 0.078000 0.160567
v -0.297844 0.078000 0.080399
v -0.300000 0.078000 0.000000
v 0.077646 0.089000 -0.289778
v 0.150000 0.078000 -0.259808
v 0.077646 0.078000 -0.289778
v 0.150000 0.089000 -0.259808
v 0.150000 0.089000 -0.259808
v 0.077646 0.089000 -0.289778
v 0.150000 0.078000 -0.259808
v 0.077646 0.078000 -0.289778
v 0.190736 0.099000 -0.190736
v 0.150000 0.089000 -0.259808
v 0.134871 0.099000 -0.233603
v 0.212132 0.089000 -0.212132
v 0.212132 0.089000 -0.212132
v 0.190736 0.099000 -0.190736
v 0.150000 0.089000 -0.259808
v 0.134871 0.099000 -0.233603
v 0.259808 0.078000 -0.150000
v 0.289778 0.089000 -0.077646
v 0.289778 0.078000 -0.077646
v 0.259808 0.089000 -0.150000
v 0.259808 0.089000 -0.150000
v 0.259808 0.078000 -0.150000
v 0.289778 0.089000 -0.077646
v 0.289778 0.078000 -0.077646
v 0.233603 0.099000 -0.134871
v 0.212132 0.089000 -0.212132
v 0.190736 0.099000 -0.190736
v 0.259808 0.089000 -0.150000
v 0.259808 0.089000 -0.150000
v 0.233603 0.099000 -0.134871
v 0.212132 0.089000 -0.212132
v 0.190736 0.099000 -0.190736
v -0.280631 0.089000 0.240273
v -0.265624 0.078000 0.319289
v -0.265624 0.089000 0.319289
v -0.280631 0.078000 0.240273
v -0.280631 0.078000 0.240273
v -0.280631 0.089000 0.240273
v -0.265624 0.078000 0.319289
v -0.265624 0.089000 0.319289
v -0.291381 0.089000 0.160567
v -0.280631 0.078000 0.240273
v -0.280631 0.089000 0.240273
v -0.291381 0.078000 0.160567
v -0.291381 0.078000 0.160567
v -0.291381 0.089000 0.160567
v -0.280631 0.078000 0.240273
v -0.280631 0.089000 0.240273
v -0.297844 0.089000 0.080399
v -0.291381 0.078000 0.160567
v -0.291381 0.089000 0.160567
v -0.297844 0.078000 0.080399
v -0.297844 0.078000 0.080399
v -0.297844 0.089000 0.080399
v -0.291381 0.078000 0.160567
v -0.291381 0.089000 0.160567
v -0.300000 0.089000 0.000000
v -0.297844 0.078000 0.080399
v -0.297844 0.089000 0.080399
v -0.300000 0.078000 0.000000
v -0.300000 0.078000 0.000000
v -0.300000 0.089000 0.000000
v -0.297844 0.078000 0.080399
v -0.297844 0.089000 0.080399
v -0.289778 0.089000 -0.077646
v -0.300000 0.078000 0.000000
v -0.300000 0.089000 0.000000
v -0.289778 0.078000 -0.077646
v -0.289778 0.078000 -0.077646
v -0.289778 0.089000 -0.077646
v -0.300000 0.078000 0.000000
v -0.300000 0.089000 0.000000
v -0.259808 0.089000 -0.150000
v -0.289778 0.078000 -0.077646
v -0.289778 0.089000 -0.077646
v -0.259808 0.078000 -0.150000
v -0.259808 0.078000 -0.150000
v -0.259808 0.089000 -0.150000
v -0.289778 0.078000 -0.077646
v -0.289778 0.089000 -0.077646
v -0.212132 0.089000 -0.212132
v -0.259808 0.078000 -0.150000
v -0.259808 0.089000 -0.150000
v -0.212132 0.078000 -0.212132
v -0.212132 0.078000 -0.212132
v -0.212132 0.089000 -0.212132
v -0.259808 0.078000 -0.150000
v -0.259808 0.089000 -0.150000
v -0.212132 0.089000 -0.212132
v -0.150000 0.078000 -0.259808
v -0.212132 0.078000 -0.212132
v -0.150000 0.089000 -0.259808
v -0.150000 0.089000 -0.259808
v -0.212132 0.089000 -0.212132
v -0.150000 0.078000 -0.259808
v -0.212132 0.078000 -0.212132
v -0.150000 0.089000 -0.259808
v -0.077646 0.078000 -0.289778
v -0.150000 0.078000 -0.259808
v -0.077646 0.089000 -0.289778
v -0.077646 0.089000 -0.289778
v -0.150000 0.089000 -0.259808
v -0.077646 0.078000 -0.289778
v -0.150000 0.078000 -0.259808
v -0.077646 0.089000 -0.289778
v -0.000000 0.078000 -0.300000
v -0.077646 0.078000 -0.289778
v -0.000000 0.089000 -0.300000
v -0.000000 0.089000 -0.300000
v -0.077646 0.089000 -0.289778
v -0.000000 0.078000 -0.300000
v -0.077646 0.078000 -0.289778
v -0.000000 0.089000 -0.300000
v 0.077646 0.078000 -0.289778
v -0.000000 0.078000 -0.300000
v 0.077646 0.089000 -0.289778
v 0.077646 0.089000 -0.289778
v -0.000000 0.089000 -0.300000
v 0.077646 0.078000 -0.289778
v -0.000000 0.078000 -0.300000
v 0.289778 0.078000 -0.077646
v 0.300000 0.089000 0.000000
v 0.300000 0.078000 0.000000
v 0.289778 0.089000 -0.077646
v 0.289778 0.089000 -0.077646
v 0.289778 0.078000 -0.077646
v 0.300000 0.089000 0.000000
v 0.300000 0.078000 0.000000
v 0.300000 0.078000 0.000000
v 0.297844 0.089000 0.080399
v 0.297844 0.078000 0.080399
v 0.300000 0.089000 0.000000
v 0.300000 0.089000 0.000000
v 0.300000 0.078000 0.000000
v 0.297844 0.089000 0.080399
v 0.297844 0.078000 0.080399
v 0.297844 0.078000 0.080399
v 0.291381 0.089000 0.160567
v 0.291381 0.078000 0.160567
v 0.297844 0.089000 0.080399
v 0.297844 0.089000 0.080399
v 0.297844 0.078000 0.080399
v 0.291381 0.089000 0.160567
v 0.291381 0.078000 0.160567
v 0.291381 0.078000 0.160567
v 0.280631 0.089000 0.240273
v 0.280631 0.078000 0.240273
v 0.291381 0.089000 0.160567
v 0.291381 0.089000 0.160567
v 0.291381 0.078000 0.160567
v 0.280631 0.089000 0.240273
v 0.280631 0.078000 0.240273
v 0.280631 0.078000 0.240273
v 0.265624 0.089000 0.319289
v 0.265624 0.078000 0.319289
v 0.280631 0.089000 0.240273
v 0.280631 0.089000 0.240273
v 0.280631 0.078000 0.240273
v 0.265624 0.089000 0.319289
v 0.265624 0.078000 0.319289
v 0.265624 0.078000 0.319289
v 0.246404 0.089000 0.397387
v 0.246404 0.078000 0.397387
v 0.265624 0.089000 0.319289
v 0.265624 0.089000 0.319289
v 0.265624 0.078000 0.319289
v 0.246404 0.089000 0.397387
v 0.246404 0.078000 0.397387
v 0.246404 0.078000 0.397387
v 0.223025 0.089000 0.474342
v 0.223025 0.078000 0.474342
v 0.246404 0.089000 0.397387
v 0.246404 0.089000 0.397387
v 0.246404 0.078000 0.397387
v 0.223025 0.089000 0.474342
v 0.223025 0.078000 0.474342
v 0.223025 0.078000 0.474342
v 0.195555 0.089000 0.549933
v 0.195555 0.078000 0.549933
v 0.223025 0.089000 0.474342
v 0.223025 0.089000 0.474342
v 0.223025 0.078000 0.474342
v 0.195555 0.089000 0.549933
v 0.195555 0.078000 0.549933
v 0.195555 0.078000 0.549933
v 0.164073 0.089000 0.623943
v 0.164073 0.078000 0.623943
v 0.195555 0.089000 0.549933
v 0.195555 0.089000 0.549933
v 0.195555 0.078000 0.549933
v 0.164073 0.089000 0.623943
v 0.164073 0.078000 0.623943
v 0.164073 0.078000 0.623943
v 0.128669 0.089000 0.696160
v 0.128669 0.078000 0.696160
v 0.164073 0.089000 0.623943
v 0.164073 0.089000 0.623943
v 0.164073 0.078000 0.623943
v 0.128669 0.089000 0.696160
v 0.128669 0.078000 0.696160
v 0.128669 0.078000 0.696160
v 0.091708 0.089000 0.762325
v 0.091708 0.078000 0.762325
v 0.128669 0.089000 0.696160
v 0.128669 0.089000 0.696160
v 0.128669 0.078000 0.696160
v 0.091708 0.089000 0.762325
v 0.091708 0.078000 0.762325
v 0.091708 0.078000 0.762325
v 0.089445 0.089000 0.766375
v 0.089445 0.078000 0.766375
v 0.091708 0.089000 0.762325
v 0.091708 0.089000 0.762325
v 0.091708 0.078000 0.762325
v 0.089445 0.089000 0.766375
v 0.089445 0.078000 0.766375
v 0.089445 0.078000 0.766375
v 0.046514 0.089000 0.834387
v 0.046514 0.078000 0.834387
v 0.089445 0.089000 0.766375
v 0.089445 0.089000 0.766375
v 0.089445 0.078000 0.766375
v 0.046514 0.089000 0.834387
v 0.046514 0.078000 0.834387
v 0.046514 0.078000 0.834387
v -0.000000 0.089000 0.900000
v -0.000000 0.078000 0.900000
v 0.046514 0.089000 0.834387
v 0.046514 0.089000 0.834387
v 0.046514 0.078000 0.834387
v -0.000000 0.089000 0.900000
v -0.000000 0.078000 0.900000
v -0.046514 0.089000 0.834387
v -0.000000 0.078000 0.900000
v -0.000000 0.089000 0.900000
v -0.046514 0.078000 0.834387
v -0.046514 0.078000 0.834387
v -0.046514 0.089000 0.834387
v -0.000000 0.078000 0.900000
v -0.000000 0.089000 0.900000
v -0.089445 0.089000 0.766375
v -0.046514 0.078000 0.834387
v -0.046514 0.089000 0.834387
v -0.089445 0.078000 0.766375
v -0.089445 0.078000 0.766375
v -0.089445 0.089000 0.766375
v -0.046514 0.078000 0.834387
v -0.046514 0.089000 0.834387
v -0.091708 0.089000 0.762325
v -0.089445 0.078000 0.766375
v -0.089445 0.089000 0.766375
v -0.091708 0.078000 0.762325
v -0.091708 0.078000 0.762325
v -0.091708 0.089000 0.762325
v -0.089445 0.078000 0.766375
v -0.089445 0.089000 0.766375
v -0.128669 0.089000 0.696160
v -0.091708 0.078000 0.762325
v -0.091708 0.089000 0.762325
v -0.128669 0.078000 0.696160
v -0.128669 0.078000 0.696160
v -0.128669 0.089000 0.696160
v -0.091708 0.078000 0.762325
v -0.091708 0.089000 0.762325
v -0.164073 0.089000 0.623943
v -0.128669 0.078000 0.696160
v -0.128669 0.089000 0.696160
v -0.164073 0.078000 0.623943
v -0.164073 0.078000 0.623943
v -0.164073 0.089000 0.623943
v -0.128669 0.078000 0.696160
v -0.128669 0.089000 0.696160
v -0.195555 0.089000 0.549933
v -0.164073 0.078000 0.623943
v -0.164073 0.089000 0.623943
v -0.195555 0.078000 0.549933
v -0.195555 0.078000 0.549933
v -0.195555 0.089000 0.549933
v -0.164073 0.078000 0.623943
v -0.164073 0.089000 0.623943
v -0.223025 0.089000 0.474342
v -0.195555 0.078000 0.549933
v -0.195555 0.089000 0.549933
v -0.223025 0.078000 0.474342
v -0.223025 0.078000 0.474342
v -0.223025 0.089000 0.474342
v -0.195555 0.078000 0.549933
v -0.195555 0.089000 0.549933
v -0.246404 0.089000 0.397387
v -0.223025 0.078000 0.474342
v -0.223025 0.089000 0.474342
v -0.246404 0.078000 0.397387
v -0.246404 0.078000 0.397387
v -0.246404 0.089000 0.397387
v -0.223025 0.078000 0.474342
v -0.223025 0.089000 0.474342
v -0.265624 0.089000 0.319289
v -0.246404 0.078000 0.397387
v -0.246404 0.089000 0.397387
v -0.265624 0.078000 0.319289
v -0.265624 0.078000 0.319289
v -0.265624 0.089000 0.319289
v -0.246404 0.078000 0.397387
v -0.246404 0.089000 0.397387
v 0.134871 0.099000 -0.233603
v 0.077646 0.089000 -0.289778
v 0.069814 0.099000 -0.260550
v 0.150000 0.089000 -0.259808
v 0.150000 0.089000 -0.259808
v 0.134871 0.099000 -0.233603
v 0.077646 0.089000 -0.289778
v 0.069814 0.099000 -0.260550
v -0.236301 0.099000 0.312901
v -0.239894 0.099000 0.003131
v -0.251008 0.099000 0.235466
v -0.237908 0.099000 0.077182
v -0.231705 0.099000 0.154142
v -0.217465 0.099000 0.389436
v -0.221385 0.099000 0.230659
v -0.206978 0.099000 0.306513
v -0.194554 0.099000 0.464851
v -0.188527 0.099000 0.381485
v -0.167634 0.099000 0.538930
v -0.166083 0.099000 0.455361
v -0.136782 0.099000 0.611460
v -0.139713 0.099000 0.527928
v -0.109490 0.099000 0.598977
v -0.102086 0.099000 0.682232
v -0.075503 0.099000 0.668304
v -0.065517 0.099000 0.747694
v -0.039327 0.099000 0.733064
v -0.063647 0.099000 0.751042
v -0.021575 0.099000 0.817693
v -0.037849 0.099000 0.735709
v -0.000000 0.099000 0.795670
v -0.000000 0.099000 0.848127
v 0.021575 0.099000 0.817693
v 0.037849 0.099000 0.735709
v 0.063647 0.099000 0.751042
v 0.039327 0.099000 0.733064
v 0.075503 0.099000 0.668304
v 0.065517 0.099000 0.747694
v 0.102086 0.099000 0.682232
v 0.109490 0.099000 0.598977
v 0.136782 0.099000 0.611460
v 0.139713 0.099000 0.527928
v 0.167634 0.099000 0.538930
v 0.166083 0.099000 0.455361
v 0.188527 0.099000 0.381485
v 0.194554 0.099000 0.464851
v 0.206978 0.099000 0.306513
v 0.217465 0.099000 0.389436
v 0.221385 0.099000 0.230659
v 0.236301 0.099000 0.312901
v 0.231705 0.099000 0.154142
v 0.237908 0.099000 0.077182
v 0.251008 0.099000 0.235466
v 0.239894 0.099000 0.003131
v -0.267876 0.099000 0.078791
v -0.260550 0.099000 -0.069814
v -0.269947 0.099000 0.001565
v -0.261543 0.099000 0.157355
v -0.233603 0.099000 -0.134871
v -0.231322 0.099000 -0.061983
v -0.190736 0.099000 -0.190736
v -0.207398 0.099000 -0.119741
v -0.169340 0.099000 -0.169340
v -0.134871 0.099000 -0.233603
v -0.119741 0.099000 -0.207398
v -0.069814 0.099000 -0.260550
v -0.061983 0.099000 -0.231322
v -0.000000 0.099000 -0.269741
v -0.000000 0.099000 -0.239482
v 0.069814 0.099000 -0.260550
v 0.061983 0.099000 -0.231322
v 0.119741 0.099000 -0.207398
v 0.134871 0.099000 -0.233603
v 0.169340 0.099000 -0.169340
v 0.190736 0.099000 -0.190736
v 0.207398 0.099000 -0.119741
v 0.233603 0.099000 -0.134871
v 0.231322 0.099000 -0.061983
v 0.260550 0.099000 -0.069814
v 0.261543 0.099000 0.157355
v 0.269947 0.099000 0.001565
v 0.267876 0.099000 0.078791
v 0.267876 0.099000 0.078791
v 0.261543 0.099000 0.157355
v 0.269947 0.099000 0.001565
v 0.260550 0.099000 -0.069814
v 0.251008 0.099000 0.235466
v 0.239894 0.099000 0.003131
v 0.233603 0.099000 -0.134871
v 0.231322 0.099000 -0.061983
v 0.207398 0.099000 -0.119741
v 0.190736 0.099000 -0.190736
v 0.169340 0.099000 -0.169340
v 0.134871 0.099000 -0.233603
v 0.119741 0.099000 -0.207398
v 0.069814 0.099000 -0.260550
v 0.061983 0.099000 -0.231322
v -0.000000 0.099000 -0.239482
v -0.000000 0.099000 -0.269741
v -0.061983 0.099000 -0.231322
v -0.069814 0.099000 -0.260550
v -0.119741 0.099000 -0.207398
v -0.134871 0.099000 -0.233603
v -0.169340 0.099000 -0.169340
v -0.190736 0.099000 -0.190736
v -0.207398 0.099000 -0.119741
v -0.231322 0.099000 -0.061983
v -0.233603 0.099000 -0.134871
v -0.239894 0.099000 0.003131
v -0.251008 0.099000 0.235466
v -0.260550 0.099000 -0.069814
v -0.261543 0.099000 0.157355
v -0.267876 0.099000 0.078791
v -0.269947 0.099000 0.001565
v 0.237908 0.099000 0.077182
v 0.236301 0.099000 0.312901
v 0.231705 0.099000 0.154142
v 0.221385 0.099000 0.230659
v 0.217465 0.099000 0.389436
v 0.206978 0.099000 0.306513
v 0.194554 0.099000 0.464851
v 0.188527 0.099000 0.381485
v 0.167634 0.099000 0.538930
v 0.166083 0.099000 0.455361
v 0.139713 0.099000 0.527928
v 0.136782 0.099000 0.611460
v 0.109490 0.099000 0.598977
v 0.102086 0.099000 0.682232
v 0.075503 0.099000 0.668304
v 0.065517 0.099000 0.747694
v 0.063647 0.099000 0.751042
v 0.039327 0.099000 0.733064
v 0.037849 0.099000 0.735709
v 0.021575 0.099000 0.817693
v -0.000000 0.099000 0.795670
v -0.000000 0.099000 0.848127
v -0.021575 0.099000 0.817693
v -0.037849 0.099000 0.735709
v -0.039327 0.099000 0.733064
v -0.063647 0.099000 0.751042
v -0.065517 0.099000 0.747694
v -0.075503 0.099000 0.668304
v -0.102086 0.099000 0.682232
v -0.109490 0.099000 0.598977
v -0.136782 0.099000 0.611460
v -0.139713 0.099000 0.527928
v -0.166083 0.099000 0.455361
v -0.167634 0.099000 0.538930
v -0.188527 0.099000 0.381485
v -0.194554 0.099000 0.464851
v -0.206978 0.099000 0.306513
v -0.217465 0.099000 0.389436
v -0.221385 0.099000 0.230659
v -0.231705 0.099000 0.154142
v -0.236301 0.099000 0.312901
v -0.237908 0.099000 0.077182
v 0.260550 0.099000 -0.069814
v 0.259808 0.089000 -0.150000
v 0.233603 0.099000 -0.134871
v 0.289778 0.089000 -0.077646
v 0.289778 0.089000 -0.077646
v 0.260550 0.099000 -0.069814
v 0.259808 0.089000 -0.150000
v 0.233603 0.099000 -0.134871
v -0.265624 0.089000 0.319289
v -0.251008 0.099000 0.235466
v -0.280631 0.089000 0.240273
v -0.236301 0.099000 0.312901
v -0.236301 0.099000 0.312901
v -0.265624 0.089000 0.319289
v -0.251008 0.099000 0.235466
v -0.280631 0.089000 0.240273
v -0.280631 0.089000 0.240273
v -0.261543 0.099000 0.157355
v -0.291381 0.089000 0.160567
v -0.251008 0.099000 0.235466
v -0.251008 0.099000 0.235466
v -0.280631 0.089000 0.240273
v -0.261543 0.099000 0.157355
v -0.291381 0.089000 0.160567
v -0.291381 0.089000 0.160567
v -0.267876 0.099000 0.078791
v -0.297844 0.089000 0.080399
v -0.261543 0.099000 0.157355
v -0.261543 0.099000 0.157355
v -0.291381 0.089000 0.160567
v -0.267876 0.099000 0.078791
v -0.297844 0.089000 0.080399
v -0.297844 0.089000 0.080399
v -0.269947 0.099000 0.001565
v -0.300000 0.089000 0.000000
v -0.267876 0.099000 0.078791
v -0.267876 0.099000 0.078791
v -0.297844 0.089000 0.080399
v -0.269947 0.099000 0.001565
v -0.300000 0.089000 0.000000
v -0.269947 0.099000 0.001565
v -0.289778 0.089000 -0.077646
v -0.300000 0.089000 0.000000
v -0.260550 0.099000 -0.069814
v -0.260550 0.099000 -0.069814
v -0.269947 0.099000 0.001565
v -0.289778 0.089000 -0.077646
v -0.300000 0.089000 0.000000
v -0.260550 0.099000 -0.069814
v -0.259808 0.089000 -0.150000
v -0.289778 0.089000 -0.077646
v -0.233603 0.099000 -0.134871
v -0.233603 0.099000 -0.134871
v -0.260550 0.099000 -0.069814
v -0.259808 0.089000 -0.150000
v -0.289778 0.089000 -0.077646
v -0.233603 0.099000 -0.134871
v -0.212132 0.089000 -0.212132
v -0.259808 0.089000 -0.150000
v -0.190736 0.099000 -0.190736
v -0.190736 0.099000 -0.190736
v -0.233603 0.099000 -0.134871
v -0.212132 0.089000 -0.212132
v -0.259808 0.089000 -0.150000
v -0.190736 0.099000 -0.190736
v -0.150000 0.089000 -0.259808
v -0.212132 0.089000 -0.212132
v -0.134871 0.099000 -0.233603
v -0.134871 0.099000 -0.233603
v -0.190736 0.099000 -0.190736
v -0.150000 0.089000 -0.259808
v -0.212132 0.089000 -0.212132
v -0.134871 0.099000 -0.233603
v -0.077646 0.089000 -0.289778
v -0.150000 0.089000 -0.259808
v -0.069814 0.099000 -0.260550
v -0.069814 0.099000 -0.260550
v -0.134871 0.099000 -0.233603
v -0.077646 0.089000 -0.289778
v -0.150000 0.089000 -0.259808
v -0.069814 0.099000 -0.260550
v -0.000000 0.089000 -0.300000
v -0.077646 0.089000 -0.289778
v -0.000000 0.099000 -0.269741
v -0.000000 0.099000 -0.269741
v -0.069814 0.099000 -0.260550
v -0.000000 0.089000 -0.300000
v -0.077646 0.089000 -0.289778
v -0.000000 0.099000 -0.269741
v 0.077646 0.089000 -0.289778
v -0.000000 0.089000 -0.300000
v 0.069814 0.099000 -0.260550
v 0.069814 0.099000 -0.260550
v -0.000000 0.099000 -0.269741
v 0.077646 0.089000 -0.289778
v -0.000000 0.089000 -0.300000
v 0.269947 0.099000 0.001565
v 0.289778 0.089000 -0.077646
v 0.260550 0.099000 -0.069814
v 0.300000 0.089000 0.000000
v 0.300000 0.089000 0.000000
v 0.269947 0.099000 0.001565
v 0.289778 0.089000 -0.077646
v 0.260550 0.099000 -0.069814
v 0.297844 0.089000 0.080399
v 0.269947 0.099000 0.001565
v 0.267876 0.099000 0.078791
v 0.300000 0.089000 0.000000
v 0.300000 0.089000 0.000000
v 0.297844 0.089000 0.080399
v 0.269947 0.099000 0.001565
v 0.267876 0.099000 0.078791
v 0.291381 0.089000 0.160567
v 0.267876 0.099000 0.078791
v 0.261543 0.099000 0.157355
v 0.297844 0.089000 0.080399
v 0.297844 0.089000 0.080399
v 0.291381 0.089000 0.160567
v 0.267876 0.099000 0.078791
v 0.261543 0.099000 0.157355
v 0.280631 0.089000 0.240273
v 0.261543 0.099000 0.157355
v 0.251008 0.099000 0.235466
v 0.291381 0.089000 0.160567
v 0.291381 0.089000 0.160567
v 0.280631 0.089000 0.240273
v 0.261543 0.099000 0.157355
v 0.251008 0.099000 0.235466
v 0.265624 0.089000 0.319289
v 0.251008 0.099000 0.235466
v 0.236301 0.099000 0.312901
v 0.280631 0.089000 0.240273
v 0.280631 0.089000 0.240273
v 0.265624 0.089000 0.319289
v 0.251008 0.099000 0.235466
v 0.236301 0.099000 0.312901
v 0.246404 0.089000 0.397387
v 0.236301 0.099000 0.312901
v 0.217465 0.099000 0.389436
v 0.265624 0.089000 0.319289
v 0.265624 0.089000 0.319289
v 0.246404 0.089000 0.397387
v 0.236301 0.099000 0.312901
v 0.217465 0.099000 0.389436
v 0.223025 0.089000 0.474342
v 0.217465 0.099000 0.389436
v 0.194554 0.099000 0.464851
v 0.246404 0.089000 0.397387
v 0.246404 0.089000 0.397387
v 0.223025 0.089000 0.474342
v 0.217465 0.099000 0.389436
v 0.194554 0.099000 0.464851
v 0.195555 0.089000 0.549933
v 0.194554 0.099000 0.464851
v 0.167634 0.099000 0.538930
v 0.223025 0.089000 0.474342
v 0.223025 0.089000 0.474342
v 0.195555 0.089000 0.549933
v 0.194554 0.099000 0.464851
v 0.167634 0.099000 0.538930
v 0.164073 0.089000 0.623943
v 0.167634 0.099000 0.538930
v 0.136782 0.099000 0.611460
v 0.195555 0.089000 0.549933
v 0.195555 0.089000 0.549933
v 0.164073 0.089000 0.623943
v 0.167634 0.099000 0.538930
v 0.136782 0.099000 0.611460
v 0.128669 0.089000 0.696160
v 0.136782 0.099000 0.611460
v 0.102086 0.099000 0.682232
v 0.164073 0.089000 0.623943
v 0.164073 0.089000 0.623943
v 0.128669 0.089000 0.696160
v 0.136782 0.099000 0.611460
v 0.102086 0.099000 0.682232
v 0.089445 0.089000 0.766375
v 0.065517 0.099000 0.747694
v 0.063647 0.099000 0.751042
v 0.102086 0.099000 0.682232
v 0.091708 0.089000 0.762325
v 0.128669 0.089000 0.696160
v 0.128669 0.089000 0.696160
v 0.091708 0.089000 0.762325
v 0.102086 0.099000 0.682232
v 0.089445 0.089000 0.766375
v 0.065517 0.099000 0.747694
v 0.063647 0.099000 0.751042
v 0.046514 0.089000 0.834387
v 0.063647 0.099000 0.751042
v 0.021575 0.099000 0.817693
v 0.089445 0.089000 0.766375
v 0.089445 0.089000 0.766375
v 0.046514 0.089000 0.834387
v 0.063647 0.099000 0.751042
v 0.021575 0.099000 0.817693
v -0.000000 0.089000 0.900000
v 0.021575 0.099000 0.817693
v -0.000000 0.099000 0.848127
v 0.046514 0.089000 0.834387
v 0.046514 0.089000 0.834387
v -0.000000 0.089000 0.900000
v 0.021575 0.099000 0.817693
v -0.000000 0.099000 0.848127
v -0.000000 0.089000 0.900000
v -0.021575 0.099000 0.817693
v -0.046514 0.089000 0.834387
v -0.000000 0.099000 0.848127
v -0.000000 0.099000 0.848127
v -0.000000 0.089000 0.900000
v -0.021575 0.099000 0.817693
v -0.046514 0.089000 0.834387
v -0.046514 0.089000 0.834387
v -0.063647 0.099000 0.751042
v -0.089445 0.089000 0.766375
v -0.021575 0.099000 0.817693
v -0.021575 0.099000 0.817693
v -0.046514 0.089000 0.834387
v -0.063647 0.099000 0.751042
v -0.089445 0.089000 0.766375
v -0.091708 0.089000 0.762325
v -0.102086 0.099000 0.682232
v -0.128669 0.089000 0.696160
v -0.065517 0.099000 0.747694
v -0.089445 0.089000 0.766375
v -0.063647 0.099000 0.751042
v -0.063647 0.099000 0.751042
v -0.089445 0.089000 0.766375
v -0.065517 0.099000 0.747694
v -0.091708 0.089000 0.762325
v -0.102086 0.099000 0.682232
v -0.128669 0.089000 0.696160
v -0.128669 0.089000 0.696160
v -0.136782 0.099000 0.611460
v -0.164073 0.089000 0.623943
v -0.102086 0.099000 0.682232
v -0.102086 0.099000 0.682232
v -0.128669 0.089000 0.696160
v -0.136782 0.099000 0.611460
v -0.164073 0.089000 0.623943
v -0.164073 0.089000 0.623943
v -0.167634 0.099000 0.538930
v -0.195555 0.089000 0.549933
v -0.136782 0.099000 0.611460
v -0.136782 0.099000 0.611460
v -0.164073 0.089000 0.623943
v -0.167634 0.099000 0.538930
v -0.195555 0.089000 0.549933
v -0.195555 0.089000 0.549933
v -0.194554 0.099000 0.464851
v -0.223025 0.089000 0.474342
v -0.167634 0.099000 0.538930
v -0.167634 0.099000 0.538930
v -0.195555 0.089000 0.549933
v -0.194554 0.099000 0.464851
v -0.223025 0.089000 0.474342
v -0.223025 0.089000 0.474342
v -0.217465 0.099000 0.389436
v -0.246404 0.089000 0.397387
v -0.194554 0.099000 0.464851
v -0.194554 0.099000 0.464851
v -0.223025 0.089000 0.474342
v -0.217465 0.099000 0.389436
v -0.246404 0.089000 0.397387
v -0.246404 0.089000 0.397387
v -0.236301 0.099000 0.312901
v -0.265624 0.089000 0.319289
v -0.217465 0.099000 0.389436
v -0.217465 0.099000 0.389436
v -0.246404 0.089000 0.397387
v -0.236301 0.099000 0.312901
v -0.265624 0.089000 0.319289
vt 0.013053 0.003333
vt -0.013053 -0.000333
vt 0.013053 -0.000333
vt -0.013053 0.003333
vt 0.096593 0.025882
vt 0.099281 -0.026800
vt 0.100000 0.000000
vt 0.097127 -0.053522
vt 0.093544 -0.080091
vt 0.089982 -0.000522
vt 0.086603 0.050000
vt 0.086850 0.023271
vt 0.077868 0.044957
vt 0.070711 0.070711
vt 0.063579 0.063579
vt 0.050000 0.086603
vt 0.044957 0.077868
vt 0.025882 0.096593
vt 0.023271 0.086850
vt 0.000000 0.100000
vt -0.000000 0.089914
vt -0.025882 0.096593
vt -0.023271 0.086850
vt -0.044957 0.077868
vt -0.050000 0.086603
vt -0.063579 0.063579
vt -0.070711 0.070711
vt -0.077868 0.044957
vt -0.086603 0.050000
vt -0.086850 0.023271
vt -0.096593 0.025882
vt -0.089982 -0.000522
vt -0.093544 -0.080091
vt -0.097127 -0.053522
vt -0.100000 0.000000
vt -0.099281 -0.026800
vt 0.088541 -0.106430
vt 0.089292 -0.026264
vt 0.087181 -0.052452
vt 0.082135 -0.132462
vt 0.083669 -0.078489
vt 0.078767 -0.104300
vt 0.074342 -0.158114
vt 0.072488 -0.129812
vt 0.065185 -0.183311
vt 0.064851 -0.154950
vt 0.054691 -0.207981
vt 0.055878 -0.179643
vt 0.045594 -0.203820
vt 0.042890 -0.232053
vt 0.034029 -0.227411
vt 0.030569 -0.254108
vt 0.021839 -0.249232
vt 0.029815 -0.255458
vt 0.015505 -0.278129
vt 0.021216 -0.250347
vt 0.007192 -0.272564
vt 0.000000 -0.300000
vt 0.000000 -0.282709
vt -0.007192 -0.272564
vt -0.015505 -0.278129
vt -0.021216 -0.250347
vt -0.029815 -0.255458
vt -0.021839 -0.249232
vt -0.034029 -0.227411
vt -0.030569 -0.254108
vt -0.042890 -0.232053
vt -0.045594 -0.203820
vt -0.054691 -0.207981
vt -0.055878 -0.179643
vt -0.065185 -0.183311
vt -0.064851 -0.154950
vt -0.072488 -0.129812
vt -0.074342 -0.158114
vt -0.078767 -0.104300
vt -0.082135 -0.132462
vt -0.083669 -0.078489
vt -0.088541 -0.106430
vt -0.087181 -0.052452
vt -0.089292 -0.026264
vt -0.011736 -0.082462
vt 0.013053 -0.093003
vt 0.011736 -0.082462
vt -0.013053 -0.093003
vt 0.061230 0.003333
vt 0.088040 -0.000333
vt 0.088040 0.003333
vt 0.061230 -0.000333
vt 0.040060 0.003333
vt 0.066869 -0.000333
vt 0.066869 0.003333
vt 0.040060 -0.000333
vt 0.018736 0.003333
vt 0.045545 -0.000333
vt 0.045545 0.003333
vt 0.018736 -0.000333
vt -0.002681 0.003333
vt 0.024128 -0.000333
vt 0.024128 0.003333
vt -0.002681 -0.000333
vt 0.002681 -0.000333
vt -0.024128 0.003333
vt -0.024128 -0.000333
vt 0.002681 0.003333
vt -0.018736 -0.000333
vt -0.045545 0.003333
vt -0.045545 -0.000333
vt -0.018736 0.003333
vt -0.040060 -0.000333
vt -0.066869 0.003333
vt -0.066869 -0.000333
vt -0.040060 0.003333
vt -0.061230 -0.000333
vt -0.088040 0.003333
vt -0.088040 -0.000333
vt -0.061230 0.003333
vt -0.082186 -0.000333
vt -0.108996 0.003333
vt -0.108996 -0.000333
vt -0.082186 0.003333
vt -0.102867 -0.000333
vt -0.129677 0.003333
vt -0.129677 -0.000333
vt -0.102867 0.003333
vt -0.123214 -0.000333
vt -0.150024 0.003333
vt -0.150024 -0.000333
vt -0.123214 0.003333
vt -0.143169 -0.000333
vt -0.169978 0.003333
vt -0.169978 -0.000333
vt -0.143169 0.003333
vt -0.162672 -0.000333
vt -0.189482 0.003333
vt -0.189482 -0.000333
vt -0.162672 0.003333
vt -0.181670 -0.000333
vt -0.206933 0.003333
vt -0.206933 -0.000333
vt -0.181670 0.003333
vt -0.208480 0.003333
vt -0.208480 -0.000333
vt -0.200107 -0.000333
vt -0.226916 0.003333
vt -0.226916 -0.000333
vt -0.200107 0.003333
vt -0.217930 -0.000333
vt -0.244739 0.003333
vt -0.244739 -0.000333
vt -0.217930 0.003333
vt 0.217930 0.003333
vt 0.244739 -0.000333
vt 0.244739 0.003333
vt 0.217930 -0.000333
vt 0.200107 0.003333
vt 0.226916 -0.000333
vt 0.226916 0.003333
vt 0.200107 -0.000333
vt 0.206933 0.003333
vt 0.208480 -0.000333
vt 0.208480 0.003333
vt 0.206933 -0.000333
vt 0.181670 0.003333
vt 0.181670 -0.000333
vt 0.162672 0.003333
vt 0.189482 -0.000333
vt 0.189482 0.003333
vt 0.162672 -0.000333
vt 0.143169 0.003333
vt 0.169978 -0.000333
vt 0.169978 0.003333
vt 0.143169 -0.000333
vt 0.123214 0.003333
vt 0.150024 -0.000333
vt 0.150024 0.003333
vt 0.123214 -0.000333
vt 0.102867 0.003333
vt 0.129677 -0.000333
vt 0.129677 0.003333
vt 0.102867 -0.000333
vt 0.082186 0.003333
vt 0.108996 -0.000333
vt 0.108996 0.003333
vt 0.082186 -0.000333
vt -0.079965 -0.001044
vt -0.079303 -0.025727
vt -0.077235 -0.051381
vt -0.073795 -0.076886
vt -0.068993 -0.102171
vt -0.062842 -0.127162
vt -0.055361 -0.151787
vt -0.046571 -0.175976
vt -0.036497 -0.199659
vt -0.025168 -0.222768
vt -0.013109 -0.244355
vt -0.012616 -0.245236
vt -0.000000 -0.265223
vt 0.012616 -0.245236
vt 0.013109 -0.244355
vt 0.025168 -0.222768
vt 0.036497 -0.199659
vt 0.046571 -0.175976
vt 0.055361 -0.151787
vt 0.062842 -0.127162
vt 0.068993 -0.102171
vt 0.073795 -0.076886
vt 0.077235 -0.051381
vt 0.079303 -0.025727
vt 0.079965 -0.001044
vt -0.077107 0.020661
vt -0.069133 0.039914
vt -0.056447 0.056447
vt -0.039914 0.069133
vt -0.020661 0.077107
vt 0.000000 0.079827
vt 0.020661 0.077107
vt 0.039914 0.069133
vt 0.056447 0.056447
vt 0.069133 0.039914
vt 0.077107 0.020661
vt 0.088040 -0.100308
vt 0.061499 -0.089767
vt 0.061230 -0.100308
vt 0.087772 -0.089767
vt 0.066869 -0.097049
vt 0.040328 -0.086508
vt 0.040060 -0.097049
vt 0.066601 -0.086508
vt 0.045545 -0.094871
vt 0.019004 -0.084330
vt 0.018736 -0.094871
vt 0.045277 -0.084330
vt 0.024128 -0.093780
vt -0.001891 -0.083239
vt -0.002681 -0.093780
vt 0.023860 -0.083239
vt 0.012262 -0.082462
vt -0.012262 -0.082462
vt -0.024128 -0.093780
vt 0.001891 -0.083239
vt -0.023860 -0.083239
vt 0.002681 -0.093780
vt -0.045545 -0.094871
vt -0.019004 -0.084330
vt -0.045277 -0.084330
vt -0.018736 -0.094871
vt -0.066869 -0.097049
vt -0.040328 -0.086508
vt -0.066601 -0.086508
vt -0.040060 -0.097049
vt -0.088040 -0.100308
vt -0.061499 -0.089767
vt -0.087772 -0.089767
vt -0.061230 -0.100308
vt -0.108996 -0.104639
vt -0.082455 -0.094098
vt -0.108728 -0.094098
vt -0.082186 -0.104639
vt -0.129677 -0.110029
vt -0.103136 -0.099488
vt -0.129409 -0.099488
vt -0.102867 -0.110029
vt -0.150024 -0.116464
vt -0.123483 -0.105923
vt -0.149756 -0.105923
vt -0.123214 -0.116464
vt -0.169978 -0.123923
vt -0.143437 -0.113382
vt -0.169710 -0.113382
vt -0.143169 -0.123923
vt -0.189482 -0.132387
vt -0.162941 -0.121846
vt -0.189214 -0.121846
vt -0.162672 -0.132387
vt -0.208480 -0.141830
vt -0.206933 -0.131289
vt -0.208211 -0.131289
vt -0.181938 -0.131289
vt -0.206933 -0.141830
vt -0.181670 -0.141830
vt -0.226916 -0.152225
vt -0.200375 -0.141684
vt -0.226648 -0.141684
vt -0.200107 -0.152225
vt -0.244739 -0.163544
vt -0.218198 -0.153003
vt -0.230633 -0.153003
vt -0.217930 -0.163544
vt 0.244739 -0.163544
vt 0.218198 -0.153003
vt 0.217930 -0.163544
vt 0.230633 -0.153003
vt 0.226916 -0.152225
vt 0.200375 -0.141684
vt 0.200107 -0.152225
vt 0.226648 -0.141684
vt 0.206933 -0.141830
vt 0.181938 -0.131289
vt 0.181670 -0.141830
vt 0.206933 -0.131289
vt 0.208480 -0.141830
vt 0.208211 -0.131289
vt 0.189482 -0.132387
vt 0.162941 -0.121846
vt 0.162672 -0.132387
vt 0.189214 -0.121846
vt 0.169978 -0.123923
vt 0.143437 -0.113382
vt 0.143169 -0.123923
vt 0.169710 -0.113382
vt 0.150024 -0.116464
vt 0.123483 -0.105923
vt 0.123214 -0.116464
vt 0.149756 -0.105923
vt 0.129677 -0.110029
vt 0.103136 -0.099488
vt 0.102867 -0.110029
vt 0.129409 -0.099488
vt 0.108996 -0.104639
vt 0.082455 -0.094098
vt 0.082186 -0.104639
vt 0.108728 -0.094098
vt -0.019579 0.111250
vt 0.019579 0.111250
vt -0.019579 0.097500
vt 0.019579 0.097500
vt -0.134974 -0.001957
vt -0.133938 -0.098488
vt -0.140316 -0.300342
vt -0.132812 -0.399111
vt -0.130772 -0.196693
vt -0.125504 -0.294333
vt -0.123202 -0.496733
vt -0.118151 -0.391126
vt -0.111513 -0.592927
vt -0.108733 -0.486795
vt -0.097777 -0.687416
vt -0.097277 -0.581064
vt -0.083817 -0.673663
vt -0.082036 -0.779929
vt -0.068391 -0.764325
vt -0.064334 -0.870200
vt -0.051043 -0.852790
vt -0.045854 -0.952906
vt -0.044723 -0.957969
vt -0.032759 -0.934618
vt -0.031824 -0.938803
vt -0.023257 -1.042984
vt -0.010788 -1.022117
vt 0.000000 -1.125000
vt 0.000000 -1.060159
vt 0.010788 -1.022117
vt 0.023257 -1.042984
vt 0.031824 -0.938803
vt 0.032759 -0.934618
vt 0.044723 -0.957969
vt 0.045854 -0.952906
vt 0.051043 -0.852790
vt 0.064334 -0.870200
vt 0.068391 -0.764325
vt 0.082036 -0.779929
vt 0.083817 -0.673663
vt 0.097277 -0.581064
vt 0.097777 -0.687416
vt 0.108733 -0.486795
vt 0.111513 -0.592927
vt 0.118151 -0.391126
vt 0.123202 -0.496733
vt 0.125504 -0.294333
vt 0.130772 -0.196693
vt 0.132812 -0.399111
vt 0.133938 -0.098488
vt 0.134974 -0.001957
vt 0.140316 -0.300342
vt -0.148922 -0.100499
vt -0.150000 0.000000
vt -0.145691 -0.200709
vt -0.144889 0.097057
vt -0.130275 0.087268
vt -0.129904 0.187500
vt -0.116801 0.168588
vt -0.106066 0.265165
vt -0.095368 0.238420
vt -0.075000 0.324760
vt -0.067435 0.292003
vt -0.038823 0.362222
vt -0.034907 0.325687
vt 0.000000 0.337176
vt 0.000000 0.375000
vt 0.034907 0.325687
vt 0.038823 0.362222
vt 0.067435 0.292003
vt 0.075000 0.324760
vt 0.095368 0.238420
vt 0.106066 0.265165
vt 0.116801 0.168588
vt 0.129904 0.187500
vt 0.130275 0.087268
vt 0.144889 0.097057
vt 0.145691 -0.200709
vt 0.148922 -0.100499
vt 0.150000 0.000000
vt -0.019579 -0.317532
vt -0.017604 -0.278004
vt 0.019579 -0.317532
vt 0.017604 -0.278004
vt 0.091846 0.097500
vt 0.091846 0.111250
vt 0.132060 0.097500
vt 0.132060 0.111250
vt 0.060090 0.097500
vt 0.060090 0.111250
vt 0.100304 0.097500
vt 0.100304 0.111250
vt 0.028104 0.097500
vt 0.028104 0.111250
vt 0.068318 0.097500
vt 0.068318 0.111250
vt -0.004021 0.097500
vt -0.004021 0.111250
vt 0.036193 0.097500
vt 0.036193 0.111250
vt 0.004021 0.111250
vt 0.004021 0.097500
vt -0.036193 0.111250
vt -0.036193 0.097500
vt -0.028104 0.111250
vt -0.028104 0.097500
vt -0.068318 0.111250
vt -0.068318 0.097500
vt -0.060090 0.111250
vt -0.060090 0.097500
vt -0.100304 0.111250
vt -0.100304 0.097500
vt -0.091846 0.111250
vt -0.091846 0.097500
vt -0.132060 0.111250
vt -0.132060 0.097500
vt -0.123280 0.111250
vt -0.123280 0.097500
vt -0.163494 0.111250
vt -0.163494 0.097500
vt -0.154301 0.111250
vt -0.154301 0.097500
vt -0.194515 0.111250
vt -0.194515 0.097500
vt -0.184822 0.111250
vt -0.184822 0.097500
vt -0.225036 0.111250
vt -0.225036 0.097500
vt -0.214753 0.111250
vt -0.214753 0.097500
vt -0.254967 0.111250
vt -0.254967 0.097500
vt -0.244009 0.111250
vt -0.244009 0.097500
vt -0.284223 0.111250
vt -0.284223 0.097500
vt -0.272505 0.111250
vt -0.272505 0.097500
vt -0.310400 0.111250
vt -0.310400 0.097500
vt -0.312719 0.111250
vt -0.312719 0.097500
vt -0.300160 0.111250
vt -0.300160 0.097500
vt -0.340374 0.111250
vt -0.340374 0.097500
vt -0.326895 0.111250
vt -0.326895 0.097500
vt -0.367109 0.111250
vt -0.367109 0.097500
vt 0.326895 0.097500
vt 0.326895 0.111250
vt 0.367109 0.097500
vt 0.367109 0.111250
vt 0.300160 0.097500
vt 0.300160 0.111250
vt 0.340374 0.097500
vt 0.340374 0.111250
vt 0.310400 0.097500
vt 0.310400 0.111250
vt 0.312719 0.097500
vt 0.312719 0.111250
vt 0.272505 0.097500
vt 0.272505 0.111250
vt 0.244009 0.097500
vt 0.244009 0.111250
vt 0.284223 0.097500
vt 0.284223 0.111250
vt 0.214753 0.097500
vt 0.214753 0.111250
vt 0.254967 0.097500
vt 0.254967 0.111250
vt 0.184822 0.097500
vt 0.184822 0.111250
vt 0.225036 0.097500
vt 0.225036 0.111250
vt 0.154301 0.097500
vt 0.154301 0.111250
vt 0.194515 0.097500
vt 0.194515 0.111250
vt 0.123280 0.097500
vt 0.123280 0.111250
vt 0.163494 0.097500
vt 0.163494 0.111250
vt 0.119947 -0.003914
vt 0.115661 0.077478
vt 0.103699 0.149676
vt 0.084670 0.211674
vt 0.059871 0.259247
vt 0.030991 0.289153
vt -0.000000 0.299353
vt -0.030991 0.289153
vt -0.059871 0.259247
vt -0.084670 0.211674
vt -0.103699 0.149676
vt -0.115661 0.077478
vt -0.119947 -0.003914
vt 0.118954 -0.096477
vt 0.115852 -0.192678
vt 0.110692 -0.288324
vt 0.103489 -0.383141
vt 0.094263 -0.476857
vt 0.083042 -0.569202
vt 0.069856 -0.659910
vt 0.054745 -0.748721
vt 0.037752 -0.835379
vt 0.019663 -0.916330
vt 0.018924 -0.919636
vt -0.000000 -0.994588
vt -0.018924 -0.919636
vt -0.019663 -0.916330
vt -0.037752 -0.835379
vt -0.054745 -0.748721
vt -0.069856 -0.659910
vt -0.083042 -0.569202
vt -0.094263 -0.476857
vt -0.103489 -0.383141
vt -0.110692 -0.288324
vt -0.115852 -0.192678
vt -0.118954 -0.096477
vt 0.131657 -0.305399
vt 0.132060 -0.344927
vt 0.092248 -0.305399
vt 0.091846 -0.344927
vt 0.099902 -0.293177
vt 0.100304 -0.332705
vt 0.060492 -0.293177
vt 0.060090 -0.332705
vt 0.067915 -0.285009
vt 0.068318 -0.324538
vt 0.028506 -0.285009
vt 0.028104 -0.324538
vt 0.035790 -0.280920
vt 0.036193 -0.320448
vt -0.002836 -0.280920
vt -0.004021 -0.320448
vt 0.018394 -0.278004
vt -0.018394 -0.278004
vt 0.004021 -0.320448
vt -0.036193 -0.320448
vt 0.002836 -0.280920
vt -0.035790 -0.280920
vt -0.028104 -0.324538
vt -0.068318 -0.324538
vt -0.028506 -0.285009
vt -0.067915 -0.285009
vt -0.060090 -0.332705
vt -0.100304 -0.332705
vt -0.060492 -0.293177
vt -0.099902 -0.293177
vt -0.091846 -0.344927
vt -0.132060 -0.344927
vt -0.092248 -0.305399
vt -0.131657 -0.305399
vt -0.123280 -0.361169
vt -0.163494 -0.361169
vt -0.123682 -0.321640
vt -0.163091 -0.321640
vt -0.154301 -0.381382
vt -0.194515 -0.381382
vt -0.154704 -0.341854
vt -0.194113 -0.341854
vt -0.184822 -0.405511
vt -0.225036 -0.405511
vt -0.185224 -0.365983
vt -0.224633 -0.365983
vt -0.214753 -0.433484
vt -0.254967 -0.433484
vt -0.215155 -0.393956
vt -0.254564 -0.393956
vt -0.244009 -0.465223
vt -0.284223 -0.465223
vt -0.244411 -0.425694
vt -0.283820 -0.425694
vt -0.272505 -0.500634
vt -0.310400 -0.500634
vt -0.272907 -0.461106
vt -0.312719 -0.500634
vt -0.310400 -0.461106
vt -0.312317 -0.461106
vt -0.300160 -0.539618
vt -0.340374 -0.539618
vt -0.300563 -0.500089
vt -0.339972 -0.500089
vt -0.326895 -0.582061
vt -0.367109 -0.582061
vt -0.327297 -0.542532
vt -0.345950 -0.542532
vt 0.345950 -0.542532
vt 0.367109 -0.582061
vt 0.327297 -0.542532
vt 0.326895 -0.582061
vt 0.339972 -0.500089
vt 0.340374 -0.539618
vt 0.300563 -0.500089
vt 0.300160 -0.539618
vt 0.312317 -0.461106
vt 0.312719 -0.500634
vt 0.310400 -0.461106
vt 0.310400 -0.500634
vt 0.272907 -0.461106
vt 0.272505 -0.500634
vt 0.283820 -0.425694
vt 0.284223 -0.465223
vt 0.244411 -0.425694
vt 0.244009 -0.465223
vt 0.254564 -0.393956
vt 0.254967 -0.433484
vt 0.215155 -0.393956
vt 0.214753 -0.433484
vt 0.224633 -0.365983
vt 0.225036 -0.405511
vt 0.185224 -0.365983
vt 0.184822 -0.405511
vt 0.194113 -0.341854
vt 0.194515 -0.381382
vt 0.154704 -0.341854
vt 0.154301 -0.381382
vt 0.163091 -0.321640
vt 0.163494 -0.361169
vt 0.123682 -0.321640
vt 0.123280 -0.361169
vn 0.608800 0.000000 -0.793400
vn 0.793400 0.000000 -0.608800
vn 0.000000 -1.000000 0.000000
vn 0.382700 0.000000 -0.923900
vn 0.192500 0.948700 -0.250900
vn 0.923900 0.000000 -0.382700
vn 0.250900 0.948700 -0.192500
vn -0.982400 0.000000 0.186600
vn -0.991000 0.000000 0.133700
vn -0.996800 0.000000 0.080300
vn -0.999600 0.000000 0.026800
vn -0.991400 0.000000 -0.130500
vn -0.923900 0.000000 -0.382700
vn -0.793400 0.000000 -0.608800
vn -0.608800 0.000000 -0.793400
vn -0.382700 0.000000 -0.923900
vn -0.130500 0.000000 -0.991400
vn 0.130500 0.000000 -0.991400
vn 0.991400 0.000000 -0.130500
vn 0.999600 0.000000 0.026800
vn 0.996800 0.000000 0.080300
vn 0.991000 0.000000 0.133700
vn 0.982400 0.000000 0.186600
vn 0.971000 0.000000 0.239000
vn 0.956800 0.000000 0.290700
vn 0.939900 0.000000 0.341500
vn 0.920200 0.000000 0.391400
vn 0.897900 0.000000 0.440200
vn 0.873000 0.000000 0.487700
vn 0.845600 0.000000 0.533800
vn 0.815800 0.000000 0.578300
vn -0.815800 0.000000 0.578300
vn -0.845600 0.000000 0.533800
vn -0.873000 0.000000 0.487700
vn -0.897900 0.000000 0.440200
vn -0.920200 0.000000 0.391400
vn -0.939900 0.000000 0.341500
vn -0.956800 0.000000 0.290700
vn -0.971000 0.000000 0.239000
vn 0.121000 0.948700 -0.292200
vn 0.000000 1.000000 0.000000
vn 0.292200 0.948700 -0.121000
vn -0.310700 0.948700 0.059000
vn -0.313400 0.948700 0.042300
vn -0.315200 0.948700 0.025400
vn -0.316100 0.948700 0.008500
vn -0.313500 0.948700 -0.041300
vn -0.292200 0.948700 -0.121000
vn -0.250900 0.948700 -0.192500
vn -0.192500 0.948700 -0.250900
vn -0.121000 0.948700 -0.292200
vn -0.041300 0.948700 -0.313500
vn 0.041300 0.948700 -0.313500
vn 0.313500 0.948700 -0.041300
vn 0.316100 0.948700 0.008500
vn 0.315200 0.948700 0.025400
vn 0.313400 0.948700 0.042300
vn 0.310700 0.948700 0.059000
vn 0.307100 0.948700 0.075600
vn 0.302600 0.948700 0.091900
vn 0.297200 0.948700 0.108000
vn 0.291000 0.948700 0.123800
vn 0.283900 0.948700 0.139200
vn 0.276100 0.948700 0.154200
vn 0.267400 0.948700 0.168800
vn 0.258000 0.948700 0.182900
vn -0.258000 0.948700 0.182900
vn -0.267400 0.948700 0.168800
vn -0.276100 0.948700 0.154200
vn -0.283900 0.948700 0.139200
vn -0.291000 0.948700 0.123800
vn -0.297200 0.948700 0.108000
vn -0.302600 0.948700 0.091900
vn -0.307100 0.948700 0.075600
vn -0.608800 0.000000 0.793400
vn -0.793400 0.000000 0.608800
vn -0.382700 0.000000 0.923900
vn -0.192500 -0.948700 0.250900
vn -0.923900 0.000000 0.382700
vn -0.250900 -0.948700 0.192500
vn 0.982400 0.000000 -0.186600
vn 0.991000 0.000000 -0.133700
vn 0.996800 0.000000 -0.080300
vn 0.999600 0.000000 -0.026800
vn 0.991400 0.000000 0.130500
vn 0.923900 0.000000 0.382700
vn 0.793400 0.000000 0.608800
vn 0.608800 0.000000 0.793400
vn 0.382700 0.000000 0.923900
vn 0.130500 0.000000 0.991400
vn -0.130500 0.000000 0.991400
vn -0.991400 0.000000 0.130500
vn -0.999600 0.000000 -0.026800
vn -0.996800 0.000000 -0.080300
vn -0.991000 0.000000 -0.133700
vn -0.982400 0.000000 -0.186600
vn -0.971000 0.000000 -0.239000
vn -0.956800 0.000000 -0.290700
vn -0.939900 0.000000 -0.341500
vn -0.920200 0.000000 -0.391400
vn -0.897900 0.000000 -0.440200
vn -0.873000 0.000000 -0.487700
vn -0.845600 0.000000 -0.533800
vn -0.815800 0.000000 -0.578300
vn 0.815800 0.000000 -0.578300
vn 0.845600 0.000000 -0.533800
vn 0.873000 0.000000 -0.487700
vn 0.897900 0.000000 -0.440200
vn 0.920200 0.000000 -0.391400
vn 0.939900 0.000000 -0.341500
vn 0.956800 0.000000 -0.290700
vn 0.971000 0.000000 -0.239000
vn -0.121000 -0.948700 0.292200
vn -0.292200 -0.948700 0.121000
vn 0.310700 -0.948700 -0.059000
vn 0.313400 -0.948700 -0.042300
vn 0.315200 -0.948700 -0.025400
vn 0.316100 -0.948700 -0.008500
vn 0.313500 -0.948700 0.041300
vn 0.292200 -0.948700 0.121000
vn 0.250900 -0.948700 0.192500
vn 0.192500 -0.948700 0.250900
vn 0.121000 -0.948700 0.292200
vn 0.041300 -0.948700 0.313500
vn -0.041300 -0.948700 0.313500
vn -0.313500 -0.948700 0.041300
vn -0.316100 -0.948700 -0.008500
vn -0.315200 -0.948700 -0.025400
vn -0.313400 -0.948700 -0.042300
vn -0.310700 -0.948700 -0.059000
vn -0.307100 -0.948700 -0.075600
vn -0.302600 -0.948700 -0.091900
vn -0.297200 -0.948700 -0.108000
vn -0.291000 -0.948700 -0.123800
vn -0.283900 -0.948700 -0.139200
vn -0.276100 -0.948700 -0.154200
vn -0.267400 -0.948700 -0.168800
vn -0.258000 -0.948700 -0.182900
vn 0.258000 -0.948700 -0.182900
vn 0.267400 -0.948700 -0.168800
vn 0.276100 -0.948700 -0.154200
vn 0.283900 -0.948700 -0.139200
vn 0.291000 -0.948700 -0.123800
vn 0.297200 -0.948700 -0.108000
vn 0.302600 -0.948700 -0.091900
vn 0.307100 -0.948700 -0.075600
usemtl material_2.001
s off
f 2241/1385/378 2242/1386/378 2243/1387/378
f 2242/1386/378 2241/1385/378 2244/1388/378
f 2249/1387/379 2250/1388/379 2251/1386/379
f 2250/1388/379 2249/1387/379 2252/1385/379
f 2257/1389/380 2258/1390/380 2259/1391/380
f 2258/1390/380 2257/1389/380 2260/1392/380
f 2260/1392/380 2257/1389/380 2261/1393/380
f 2261/1393/380 2257/1389/380 2262/1394/380
f 2262/1394/380 2257/1389/380 2263/1395/380
f 2262/1394/380 2263/1395/380 2264/1396/380
f 2264/1396/380 2263/1395/380 2265/1397/380
f 2265/1397/380 2263/1395/380 2266/1398/380
f 2265/1397/380 2266/1398/380 2267/1399/380
f 2267/1399/380 2266/1398/380 2268/1400/380
f 2267/1399/380 2268/1400/380 2269/1401/380
f 2269/1401/380 2268/1400/380 2270/1402/380
f 2269/1401/380 2270/1402/380 2271/1403/380
f 2271/1403/380 2270/1402/380 2272/1404/380
f 2271/1403/380 2272/1404/380 2273/1405/380
f 2273/1405/380 2272/1404/380 2274/1406/380
f 2273/1405/380 2274/1406/380 2275/1407/380
f 2275/1407/380 2274/1406/380 2276/1408/380
f 2276/1408/380 2274/1406/380 2277/1409/380
f 2276/1408/380 2277/1409/380 2278/1410/380
f 2278/1410/380 2277/1409/380 2279/1411/380
f 2278/1410/380 2279/1411/380 2280/1412/380
f 2280/1412/380 2279/1411/380 2281/1413/380
f 2280/1412/380 2281/1413/380 2282/1414/380
f 2282/1414/380 2281/1413/380 2283/1415/380
f 2282/1414/380 2283/1415/380 2284/1416/380
f 2284/1416/380 2283/1415/380 2285/1417/380
f 2285/1417/380 2283/1415/380 2286/1418/380
f 2286/1418/380 2283/1415/380 2287/1419/380
f 2286/1418/380 2287/1419/380 2288/1420/380
f 2262/1394/380 2289/1421/380 2261/1393/380
f 2289/1421/380 2262/1394/380 2290/1422/380
f 2289/1421/380 2290/1422/380 2291/1423/380
f 2289/1421/380 2291/1423/380 2292/1424/380
f 2292/1424/380 2291/1423/380 2293/1425/380
f 2292/1424/380 2293/1425/380 2294/1426/380
f 2292/1424/380 2294/1426/380 2295/1427/380
f 2295/1427/380 2294/1426/380 2296/1428/380
f 2295/1427/380 2296/1428/380 2297/1429/380
f 2297/1429/380 2296/1428/380 2298/1430/380
f 2297/1429/380 2298/1430/380 2299/1431/380
f 2299/1431/380 2298/1430/380 2300/1432/380
f 2299/1431/380 2300/1432/380 2301/1433/380
f 2299/1431/380 2301/1433/380 2302/1434/380
f 2302/1434/380 2301/1433/380 2303/1435/380
f 2302/1434/380 2303/1435/380 2304/1436/380
f 2304/1436/380 2303/1435/380 2305/1437/380
f 2304/1436/380 2305/1437/380 2306/1438/380
f 2306/1438/380 2305/1437/380 2307/1439/380
f 2307/1439/380 2305/1437/380 2308/1440/380
f 2307/1439/380 2308/1440/380 2309/1441/380
f 2307/1439/380 2309/1441/380 2310/1442/380
f 2310/1442/380 2309/1441/380 2311/1443/380
f 2310/1442/380 2311/1443/380 2312/1444/380
f 2310/1442/380 2312/1444/380 2313/1445/380
f 2313/1445/380 2312/1444/380 2314/1446/380
f 2313/1445/380 2314/1446/380 2315/1447/380
f 2315/1447/380 2314/1446/380 2316/1448/380
f 2315/1447/380 2316/1448/380 2317/1449/380
f 2315/1447/380 2317/1449/380 2318/1450/380
f 2318/1450/380 2317/1449/380 2319/1451/380
f 2319/1451/380 2317/1449/380 2320/1452/380
f 2319/1451/380 2320/1452/380 2321/1453/380
f 2321/1453/380 2320/1452/380 2322/1454/380
f 2321/1453/380 2322/1454/380 2323/1455/380
f 2323/1455/380 2322/1454/380 2324/1456/380
f 2323/1455/380 2324/1456/380 2325/1457/380
f 2323/1455/380 2325/1457/380 2326/1458/380
f 2326/1458/380 2325/1457/380 2327/1459/380
f 2326/1458/380 2327/1459/380 2328/1460/380
f 2328/1460/380 2327/1459/380 2329/1461/380
f 2328/1460/380 2329/1461/380 2330/1462/380
f 2330/1462/380 2329/1461/380 2331/1463/380
f 2330/1462/380 2331/1463/380 2332/1464/380
f 2330/1462/380 2332/1464/380 2285/1417/380
f 2285/1417/380 2332/1464/380 2284/1416/380
f 2409/1385/381 2410/1386/381 2411/1387/381
f 2410/1386/381 2409/1385/381 2412/1388/381
f 2417/1465/382 2418/1466/382 2419/1467/382
f 2418/1466/382 2417/1465/382 2420/1468/382
f 2425/1387/383 2426/1388/383 2427/1386/383
f 2426/1388/383 2425/1387/383 2428/1385/383
f 2433/1465/384 2434/1466/384 2435/1467/384
f 2434/1466/384 2433/1465/384 2436/1468/384
f 2441/1469/385 2442/1470/385 2443/1471/385
f 2442/1470/385 2441/1469/385 2444/1472/385
f 2449/1473/386 2450/1474/386 2451/1475/386
f 2450/1474/386 2449/1473/386 2452/1476/386
f 2457/1477/387 2458/1478/387 2459/1479/387
f 2458/1478/387 2457/1477/387 2460/1480/387
f 2465/1481/388 2466/1482/388 2467/1483/388
f 2466/1482/388 2465/1481/388 2468/1484/388
f 2473/1388/389 2474/1387/389 2475/1385/389
f 2474/1387/389 2473/1388/389 2476/1386/389
f 2481/1388/390 2482/1387/390 2483/1385/390
f 2482/1387/390 2481/1388/390 2484/1386/390
f 2489/1388/391 2490/1387/391 2491/1385/391
f 2490/1387/391 2489/1388/391 2492/1386/391
f 2497/1385/392 2498/1386/392 2499/1387/392
f 2498/1386/392 2497/1385/392 2500/1388/392
f 2505/1385/393 2506/1386/393 2507/1387/393
f 2506/1386/393 2505/1385/393 2508/1388/393
f 2513/1385/394 2514/1386/394 2515/1387/394
f 2514/1386/394 2513/1385/394 2516/1388/394
f 2521/1385/395 2522/1386/395 2523/1387/395
f 2522/1386/395 2521/1385/395 2524/1388/395
f 2529/1387/396 2530/1388/396 2531/1386/396
f 2530/1388/396 2529/1387/396 2532/1385/396
f 2537/1485/397 2538/1486/397 2539/1487/397
f 2538/1486/397 2537/1485/397 2540/1488/397
f 2545/1489/398 2546/1490/398 2547/1491/398
f 2546/1490/398 2545/1489/398 2548/1492/398
f 2553/1493/399 2554/1494/399 2555/1495/399
f 2554/1494/399 2553/1493/399 2556/1496/399
f 2561/1497/400 2562/1498/400 2563/1499/400
f 2562/1498/400 2561/1497/400 2564/1500/400
f 2569/1501/401 2570/1502/401 2571/1503/401
f 2570/1502/401 2569/1501/401 2572/1504/401
f 2577/1505/402 2578/1506/402 2579/1507/402
f 2578/1506/402 2577/1505/402 2580/1508/402
f 2585/1509/403 2586/1510/403 2587/1511/403
f 2586/1510/403 2585/1509/403 2588/1512/403
f 2593/1513/404 2594/1514/404 2595/1515/404
f 2594/1514/404 2593/1513/404 2596/1516/404
f 2601/1517/405 2602/1518/405 2603/1519/405
f 2602/1518/405 2601/1517/405 2604/1520/405
f 2609/1521/406 2610/1522/406 2611/1523/406
f 2610/1522/406 2609/1521/406 2612/1524/406
f 2617/1523/406 2618/1525/406 2619/1526/406
f 2618/1525/406 2617/1523/406 2620/1522/406
f 2625/1527/407 2626/1528/407 2627/1529/407
f 2626/1528/407 2625/1527/407 2628/1530/407
f 2633/1531/408 2634/1532/408 2635/1533/408
f 2634/1532/408 2633/1531/408 2636/1534/408
f 2641/1535/409 2642/1536/409 2643/1537/409
f 2642/1536/409 2641/1535/409 2644/1538/409
f 2649/1539/410 2650/1540/410 2651/1541/410
f 2650/1540/410 2649/1539/410 2652/1542/410
f 2657/1543/411 2658/1544/411 2659/1545/411
f 2658/1544/411 2657/1543/411 2660/1546/411
f 2665/1547/411 2666/1546/411 2667/1543/411
f 2666/1546/411 2665/1547/411 2668/1548/411
f 2673/1549/412 2674/1550/412 2675/1551/412
f 2674/1550/412 2673/1549/412 2676/1552/412
f 2681/1553/413 2682/1554/413 2683/1555/413
f 2682/1554/413 2681/1553/413 2684/1556/413
f 2689/1557/414 2690/1558/414 2691/1559/414
f 2690/1558/414 2689/1557/414 2692/1560/414
f 2697/1561/415 2698/1562/415 2699/1563/415
f 2698/1562/415 2697/1561/415 2700/1564/415
f 2705/1565/416 2706/1566/416 2707/1567/416
f 2706/1566/416 2705/1565/416 2708/1568/416
f 2713/1465/417 2714/1466/417 2715/1467/417
f 2714/1466/417 2713/1465/417 2716/1468/417
f 2721/1459/418 2722/1569/418 2723/1461/418
f 2722/1569/418 2721/1459/418 2724/1570/418
f 2724/1570/418 2721/1459/418 2725/1571/418
f 2725/1571/418 2721/1459/418 2726/1457/418
f 2725/1571/418 2726/1457/418 2727/1572/418
f 2727/1572/418 2726/1457/418 2728/1573/418
f 2728/1573/418 2726/1457/418 2729/1456/418
f 2728/1573/418 2729/1456/418 2730/1574/418
f 2730/1574/418 2729/1456/418 2731/1454/418
f 2730/1574/418 2731/1454/418 2732/1575/418
f 2732/1575/418 2731/1454/418 2733/1452/418
f 2732/1575/418 2733/1452/418 2734/1576/418
f 2734/1576/418 2733/1452/418 2735/1577/418
f 2735/1577/418 2733/1452/418 2736/1449/418
f 2735/1577/418 2736/1449/418 2737/1578/418
f 2737/1578/418 2736/1449/418 2738/1448/418
f 2737/1578/418 2738/1448/418 2739/1579/418
f 2739/1579/418 2738/1448/418 2740/1446/418
f 2739/1579/418 2740/1446/418 2741/1444/418
f 2739/1579/418 2741/1444/418 2742/1580/418
f 2742/1580/418 2741/1444/418 2743/1581/418
f 2743/1581/418 2741/1444/418 2744/1443/418
f 2743/1581/418 2744/1443/418 2745/1441/418
f 2743/1581/418 2745/1441/418 2746/1582/418
f 2746/1582/418 2745/1441/418 2747/1440/418
f 2746/1582/418 2747/1440/418 2748/1583/418
f 2748/1583/418 2747/1440/418 2749/1584/418
f 2749/1584/418 2747/1440/418 2750/1437/418
f 2749/1584/418 2750/1437/418 2751/1435/418
f 2749/1584/418 2751/1435/418 2752/1585/418
f 2752/1585/418 2751/1435/418 2753/1433/418
f 2752/1585/418 2753/1433/418 2754/1586/418
f 2754/1586/418 2753/1433/418 2755/1432/418
f 2754/1586/418 2755/1432/418 2756/1587/418
f 2756/1587/418 2755/1432/418 2757/1588/418
f 2757/1588/418 2755/1432/418 2758/1430/418
f 2757/1588/418 2758/1430/418 2759/1589/418
f 2759/1589/418 2758/1430/418 2760/1428/418
f 2759/1589/418 2760/1428/418 2761/1590/418
f 2761/1590/418 2760/1428/418 2762/1426/418
f 2761/1590/418 2762/1426/418 2763/1591/418
f 2763/1591/418 2762/1426/418 2764/1592/418
f 2764/1592/418 2762/1426/418 2765/1425/418
f 2764/1592/418 2765/1425/418 2766/1593/418
f 2767/1464/418 2768/1414/418 2769/1416/418
f 2768/1414/418 2767/1464/418 2770/1463/418
f 2768/1414/418 2770/1463/418 2723/1461/418
f 2768/1414/418 2723/1461/418 2771/1412/418
f 2771/1412/418 2723/1461/418 2722/1569/418
f 2771/1412/418 2722/1569/418 2772/1594/418
f 2771/1412/418 2772/1594/418 2773/1410/418
f 2773/1410/418 2772/1594/418 2774/1595/418
f 2773/1410/418 2774/1595/418 2775/1596/418
f 2773/1410/418 2775/1596/418 2776/1408/418
f 2776/1408/418 2775/1596/418 2777/1597/418
f 2776/1408/418 2777/1597/418 2778/1407/418
f 2778/1407/418 2777/1597/418 2779/1598/418
f 2778/1407/418 2779/1598/418 2780/1405/418
f 2780/1405/418 2779/1598/418 2781/1599/418
f 2780/1405/418 2781/1599/418 2782/1403/418
f 2782/1403/418 2781/1599/418 2783/1600/418
f 2782/1403/418 2783/1600/418 2784/1601/418
f 2782/1403/418 2784/1601/418 2785/1401/418
f 2785/1401/418 2784/1601/418 2786/1602/418
f 2785/1401/418 2786/1602/418 2787/1399/418
f 2787/1399/418 2786/1602/418 2788/1603/418
f 2787/1399/418 2788/1603/418 2789/1397/418
f 2789/1397/418 2788/1603/418 2790/1604/418
f 2789/1397/418 2790/1604/418 2766/1593/418
f 2789/1397/418 2766/1593/418 2791/1396/418
f 2791/1396/418 2766/1593/418 2765/1425/418
f 2791/1396/418 2765/1425/418 2792/1423/418
f 2791/1396/418 2792/1423/418 2793/1394/418
f 2793/1394/418 2792/1423/418 2794/1422/418
f 2869/1465/419 2870/1466/419 2871/1467/419
f 2870/1466/419 2869/1465/419 2872/1468/419
f 2877/1605/420 2878/1606/420 2879/1607/420
f 2878/1606/420 2877/1605/420 2880/1608/420
f 2885/1609/421 2886/1610/421 2887/1611/421
f 2886/1610/421 2885/1609/421 2888/1612/421
f 2893/1613/422 2894/1614/422 2895/1615/422
f 2894/1614/422 2893/1613/422 2896/1616/422
f 2901/1617/423 2902/1618/423 2903/1619/423
f 2902/1618/423 2901/1617/423 2904/1620/423
f 2909/1621/424 2910/1468/424 2911/1466/424
f 2910/1468/424 2909/1621/424 2912/1465/424
f 2917/1467/425 2918/1468/425 2919/1466/425
f 2918/1468/425 2917/1467/425 2920/1465/425
f 2925/1467/426 2926/1468/426 2927/1466/426
f 2926/1468/426 2925/1467/426 2928/1465/426
f 2933/1467/427 2934/1468/427 2935/1466/427
f 2934/1468/427 2933/1467/427 2936/1465/427
f 2941/1467/428 2942/1468/428 2943/1466/428
f 2942/1468/428 2941/1467/428 2944/1465/428
f 2949/1467/429 2950/1468/429 2951/1466/429
f 2950/1468/429 2949/1467/429 2952/1465/429
f 2957/1467/430 2958/1468/430 2959/1466/430
f 2958/1468/430 2957/1467/430 2960/1465/430
f 2965/1622/431 2966/1466/431 2967/1467/431
f 2966/1466/431 2965/1622/431 2968/1468/431
f 2973/1623/432 2974/1624/432 2975/1625/432
f 2974/1624/432 2973/1623/432 2976/1626/432
f 2981/1627/433 2982/1628/433 2983/1629/433
f 2982/1628/433 2981/1627/433 2984/1630/433
f 2989/1631/434 2990/1632/434 2991/1633/434
f 2990/1632/434 2989/1631/434 2992/1634/434
f 2997/1635/435 2998/1636/435 2999/1637/435
f 2998/1636/435 2997/1635/435 3000/1638/435
f 3005/1639/436 3006/1640/436 3007/1641/436
f 3006/1640/436 3005/1639/436 3008/1642/436
f 3013/1643/437 3014/1644/437 3015/1645/437
f 3014/1644/437 3013/1643/437 3016/1646/437
f 3021/1647/438 3022/1648/438 3023/1649/438
f 3022/1648/438 3021/1647/438 3024/1650/438
f 3029/1651/439 3030/1652/439 3031/1653/439
f 3030/1652/439 3029/1651/439 3032/1654/439
f 3037/1655/440 3038/1656/440 3039/1657/440
f 3038/1656/440 3037/1655/440 3040/1658/440
f 3045/1659/441 3046/1660/441 3047/1661/441
f 3046/1660/441 3045/1659/441 3048/1662/441
f 3048/1662/441 3045/1659/441 3049/1663/441
f 3048/1662/441 3049/1663/441 3050/1664/441
f 3057/1665/442 3058/1666/442 3059/1667/442
f 3058/1666/442 3057/1665/442 3060/1668/442
f 3065/1669/443 3066/1670/443 3067/1671/443
f 3066/1670/443 3065/1669/443 3068/1672/443
f 3073/1673/444 3074/1674/444 3075/1675/444
f 3074/1674/444 3073/1673/444 3076/1676/444
f 3081/1677/445 3082/1678/445 3083/1679/445
f 3082/1678/445 3081/1677/445 3084/1680/445
f 3089/1681/446 3090/1682/446 3091/1683/446
f 3090/1682/446 3089/1681/446 3092/1684/446
f 3092/1684/446 3089/1681/446 3093/1685/446
f 3092/1684/446 3093/1685/446 3094/1686/446
f 3101/1687/447 3102/1688/447 3103/1689/447
f 3102/1688/447 3101/1687/447 3104/1690/447
f 3109/1691/448 3110/1692/448 3111/1693/448
f 3110/1692/448 3109/1691/448 3112/1694/448
f 3117/1695/449 3118/1696/449 3119/1697/449
f 3118/1696/449 3117/1695/449 3120/1698/449
f 3125/1699/450 3126/1700/450 3127/1701/450
f 3126/1700/450 3125/1699/450 3128/1702/450
f 3133/1703/451 3134/1704/451 3135/1705/451
f 3134/1704/451 3133/1703/451 3136/1706/451
usemtl woodplanks.001
f 2245/1707/452 2246/1708/452 2247/1709/452
f 2248/1710/452 2247/1709/452 2246/1708/452
f 2253/1708/453 2254/1710/453 2255/1707/453
f 2256/1709/453 2255/1707/453 2254/1710/453
f 2333/1711/418 2334/1712/418 2335/1713/418
f 2335/1713/418 2334/1712/418 2336/1714/418
f 2334/1712/418 2337/1715/418 2336/1714/418
f 2337/1715/418 2338/1716/418 2336/1714/418
f 2336/1714/418 2338/1716/418 2339/1717/418
f 2338/1716/418 2340/1718/418 2339/1717/418
f 2339/1717/418 2340/1718/418 2341/1719/418
f 2340/1718/418 2342/1720/418 2341/1719/418
f 2341/1719/418 2342/1720/418 2343/1721/418
f 2342/1720/418 2344/1722/418 2343/1721/418
f 2344/1722/418 2345/1723/418 2343/1721/418
f 2343/1721/418 2345/1723/418 2346/1724/418
f 2345/1723/418 2347/1725/418 2346/1724/418
f 2346/1724/418 2347/1725/418 2348/1726/418
f 2347/1725/418 2349/1727/418 2348/1726/418
f 2348/1726/418 2349/1727/418 2350/1728/418
f 2350/1728/418 2349/1727/418 2351/1729/418
f 2349/1727/418 2352/1730/418 2351/1729/418
f 2352/1730/418 2353/1731/418 2351/1729/418
f 2351/1729/418 2353/1731/418 2354/1732/418
f 2353/1731/418 2355/1733/418 2354/1732/418
f 2354/1732/418 2355/1733/418 2356/1734/418
f 2355/1733/418 2357/1735/418 2356/1734/418
f 2357/1735/418 2358/1736/418 2356/1734/418
f 2356/1734/418 2358/1736/418 2359/1737/418
f 2358/1736/418 2360/1738/418 2359/1737/418
f 2360/1738/418 2361/1739/418 2359/1737/418
f 2359/1737/418 2361/1739/418 2362/1740/418
f 2362/1740/418 2361/1739/418 2363/1741/418
f 2361/1739/418 2364/1742/418 2363/1741/418
f 2363/1741/418 2364/1742/418 2365/1743/418
f 2364/1742/418 2366/1744/418 2365/1743/418
f 2365/1743/418 2366/1744/418 2367/1745/418
f 2366/1744/418 2368/1746/418 2367/1745/418
f 2368/1746/418 2369/1747/418 2367/1745/418
f 2367/1745/418 2369/1747/418 2370/1748/418
f 2369/1747/418 2371/1749/418 2370/1748/418
f 2370/1748/418 2371/1749/418 2372/1750/418
f 2371/1749/418 2373/1751/418 2372/1750/418
f 2372/1750/418 2373/1751/418 2374/1752/418
f 2373/1751/418 2375/1753/418 2374/1752/418
f 2375/1753/418 2376/1754/418 2374/1752/418
f 2374/1752/418 2376/1754/418 2377/1755/418
f 2376/1754/418 2378/1756/418 2377/1755/418
f 2378/1756/418 2379/1757/418 2377/1755/418
f 2380/1758/418 2377/1755/418 2379/1757/418
f 2381/1759/418 2382/1760/418 2383/1761/418
f 2382/1760/418 2384/1762/418 2383/1761/418
f 2383/1761/418 2384/1762/418 2335/1713/418
f 2335/1713/418 2384/1762/418 2333/1711/418
f 2333/1711/418 2384/1762/418 2385/1763/418
f 2384/1762/418 2386/1764/418 2385/1763/418
f 2385/1763/418 2386/1764/418 2387/1765/418
f 2386/1764/418 2388/1766/418 2387/1765/418
f 2387/1765/418 2388/1766/418 2389/1767/418
f 2388/1766/418 2390/1768/418 2389/1767/418
f 2389/1767/418 2390/1768/418 2391/1769/418
f 2390/1768/418 2392/1770/418 2391/1769/418
f 2391/1769/418 2392/1770/418 2393/1771/418
f 2393/1771/418 2392/1770/418 2394/1772/418
f 2392/1770/418 2395/1773/418 2394/1772/418
f 2394/1772/418 2395/1773/418 2396/1774/418
f 2395/1773/418 2397/1775/418 2396/1774/418
f 2396/1774/418 2397/1775/418 2398/1776/418
f 2397/1775/418 2399/1777/418 2398/1776/418
f 2398/1776/418 2399/1777/418 2400/1778/418
f 2399/1777/418 2401/1779/418 2400/1778/418
f 2400/1778/418 2401/1779/418 2402/1780/418
f 2401/1779/418 2403/1781/418 2402/1780/418
f 2402/1780/418 2403/1781/418 2404/1782/418
f 2404/1782/418 2403/1781/418 2379/1757/418
f 2403/1781/418 2405/1783/418 2379/1757/418
f 2379/1757/418 2405/1783/418 2380/1758/418
f 2380/1758/418 2405/1783/418 2406/1784/418
f 2406/1784/418 2405/1783/418 2407/1785/418
f 2408/1786/418 2407/1785/418 2405/1783/418
f 2413/1707/454 2414/1708/454 2415/1709/454
f 2416/1710/454 2415/1709/454 2414/1708/454
f 2421/1787/455 2422/1788/455 2423/1789/455
f 2424/1790/455 2423/1789/455 2422/1788/455
f 2429/1708/456 2430/1710/456 2431/1707/456
f 2432/1709/456 2431/1707/456 2430/1710/456
f 2437/1787/457 2438/1788/457 2439/1789/457
f 2440/1790/457 2439/1789/457 2438/1788/457
f 2445/1791/458 2446/1792/458 2447/1793/458
f 2448/1794/458 2447/1793/458 2446/1792/458
f 2453/1795/459 2454/1796/459 2455/1797/459
f 2456/1798/459 2455/1797/459 2454/1796/459
f 2461/1799/460 2462/1800/460 2463/1801/460
f 2464/1802/460 2463/1801/460 2462/1800/460
f 2469/1803/461 2470/1804/461 2471/1805/461
f 2472/1806/461 2471/1805/461 2470/1804/461
f 2477/1709/462 2478/1707/462 2479/1710/462
f 2480/1708/462 2479/1710/462 2478/1707/462
f 2485/1709/463 2486/1707/463 2487/1710/463
f 2488/1708/463 2487/1710/463 2486/1707/463
f 2493/1709/464 2494/1707/464 2495/1710/464
f 2496/1708/464 2495/1710/464 2494/1707/464
f 2501/1707/465 2502/1708/465 2503/1709/465
f 2504/1710/465 2503/1709/465 2502/1708/465
f 2509/1707/466 2510/1708/466 2511/1709/466
f 2512/1710/466 2511/1709/466 2510/1708/466
f 2517/1707/467 2518/1708/467 2519/1709/467
f 2520/1710/467 2519/1709/467 2518/1708/467
f 2525/1707/468 2526/1708/468 2527/1709/468
f 2528/1710/468 2527/1709/468 2526/1708/468
f 2533/1708/469 2534/1710/469 2535/1707/469
f 2536/1709/469 2535/1707/469 2534/1710/469
f 2541/1807/470 2542/1808/470 2543/1809/470
f 2544/1810/470 2543/1809/470 2542/1808/470
f 2549/1811/471 2550/1812/471 2551/1813/471
f 2552/1814/471 2551/1813/471 2550/1812/471
f 2557/1815/472 2558/1816/472 2559/1817/472
f 2560/1818/472 2559/1817/472 2558/1816/472
f 2565/1819/473 2566/1820/473 2567/1821/473
f 2568/1822/473 2567/1821/473 2566/1820/473
f 2573/1823/474 2574/1824/474 2575/1825/474
f 2576/1826/474 2575/1825/474 2574/1824/474
f 2581/1827/475 2582/1828/475 2583/1829/475
f 2584/1830/475 2583/1829/475 2582/1828/475
f 2589/1831/476 2590/1832/476 2591/1833/476
f 2592/1834/476 2591/1833/476 2590/1832/476
f 2597/1835/477 2598/1836/477 2599/1837/477
f 2600/1838/477 2599/1837/477 2598/1836/477
f 2605/1839/478 2606/1840/478 2607/1841/478
f 2608/1842/478 2607/1841/478 2606/1840/478
f 2613/1843/479 2614/1844/479 2615/1845/479
f 2616/1846/479 2615/1845/479 2614/1844/479
f 2621/1845/479 2622/1846/479 2623/1847/479
f 2624/1848/479 2623/1847/479 2622/1846/479
f 2629/1849/480 2630/1850/480 2631/1851/480
f 2632/1852/480 2631/1851/480 2630/1850/480
f 2637/1853/481 2638/1854/481 2639/1855/481
f 2640/1856/481 2639/1855/481 2638/1854/481
f 2645/1857/482 2646/1858/482 2647/1859/482
f 2648/1860/482 2647/1859/482 2646/1858/482
f 2653/1861/483 2654/1862/483 2655/1863/483
f 2656/1864/483 2655/1863/483 2654/1862/483
f 2661/1865/484 2662/1866/484 2663/1867/484
f 2664/1868/484 2663/1867/484 2662/1866/484
f 2669/1869/484 2670/1870/484 2671/1865/484
f 2672/1866/484 2671/1865/484 2670/1870/484
f 2677/1871/485 2678/1872/485 2679/1873/485
f 2680/1874/485 2679/1873/485 2678/1872/485
f 2685/1875/486 2686/1876/486 2687/1877/486
f 2688/1878/486 2687/1877/486 2686/1876/486
f 2693/1879/487 2694/1880/487 2695/1881/487
f 2696/1882/487 2695/1881/487 2694/1880/487
f 2701/1883/488 2702/1884/488 2703/1885/488
f 2704/1886/488 2703/1885/488 2702/1884/488
f 2709/1887/489 2710/1888/489 2711/1889/489
f 2712/1890/489 2711/1889/489 2710/1888/489
f 2717/1787/490 2718/1788/490 2719/1789/490
f 2720/1790/490 2719/1789/490 2718/1788/490
f 2795/1756/380 2796/1754/380 2797/1757/380
f 2797/1757/380 2796/1754/380 2798/1782/380
f 2796/1754/380 2799/1753/380 2798/1782/380
f 2799/1753/380 2800/1891/380 2798/1782/380
f 2798/1782/380 2800/1891/380 2801/1780/380
f 2800/1891/380 2802/1892/380 2801/1780/380
f 2802/1892/380 2803/1893/380 2801/1780/380
f 2801/1780/380 2803/1893/380 2804/1778/380
f 2803/1893/380 2805/1894/380 2804/1778/380
f 2804/1778/380 2805/1894/380 2806/1776/380
f 2805/1894/380 2807/1895/380 2806/1776/380
f 2806/1776/380 2807/1895/380 2808/1774/380
f 2807/1895/380 2809/1896/380 2808/1774/380
f 2809/1896/380 2810/1897/380 2808/1774/380
f 2808/1774/380 2810/1897/380 2811/1772/380
f 2810/1897/380 2812/1898/380 2811/1772/380
f 2811/1772/380 2812/1898/380 2813/1771/380
f 2812/1898/380 2814/1899/380 2813/1771/380
f 2813/1771/380 2814/1899/380 2815/1769/380
f 2814/1899/380 2816/1900/380 2815/1769/380
f 2815/1769/380 2816/1900/380 2817/1767/380
f 2816/1900/380 2818/1901/380 2817/1767/380
f 2818/1901/380 2819/1902/380 2817/1767/380
f 2817/1767/380 2819/1902/380 2820/1765/380
f 2819/1902/380 2821/1903/380 2820/1765/380
f 2821/1903/380 2822/1716/380 2820/1765/380
f 2820/1765/380 2822/1716/380 2823/1763/380
f 2822/1716/380 2824/1715/380 2823/1763/380
f 2824/1715/380 2825/1712/380 2823/1763/380
f 2826/1711/380 2823/1763/380 2825/1712/380
f 2800/1891/380 2799/1753/380 2827/1904/380
f 2799/1753/380 2828/1751/380 2827/1904/380
f 2827/1904/380 2828/1751/380 2829/1905/380
f 2829/1905/380 2828/1751/380 2830/1906/380
f 2828/1751/380 2831/1749/380 2830/1906/380
f 2830/1906/380 2831/1749/380 2832/1907/380
f 2831/1749/380 2833/1747/380 2832/1907/380
f 2832/1907/380 2833/1747/380 2834/1908/380
f 2833/1747/380 2835/1746/380 2834/1908/380
f 2834/1908/380 2835/1746/380 2836/1909/380
f 2836/1909/380 2835/1746/380 2837/1910/380
f 2835/1746/380 2838/1744/380 2837/1910/380
f 2837/1910/380 2838/1744/380 2839/1911/380
f 2838/1744/380 2840/1742/380 2839/1911/380
f 2839/1911/380 2840/1742/380 2841/1912/380
f 2840/1742/380 2842/1739/380 2841/1912/380
f 2842/1739/380 2843/1738/380 2841/1912/380
f 2841/1912/380 2843/1738/380 2844/1913/380
f 2844/1913/380 2843/1738/380 2845/1914/380
f 2843/1738/380 2846/1736/380 2845/1914/380
f 2845/1914/380 2846/1736/380 2847/1915/380
f 2846/1736/380 2848/1735/380 2847/1915/380
f 2848/1735/380 2849/1733/380 2847/1915/380
f 2847/1915/380 2849/1733/380 2850/1916/380
f 2850/1916/380 2849/1733/380 2851/1917/380
f 2849/1733/380 2852/1731/380 2851/1917/380
f 2852/1731/380 2853/1730/380 2851/1917/380
f 2851/1917/380 2853/1730/380 2854/1918/380
f 2853/1730/380 2855/1727/380 2854/1918/380
f 2854/1918/380 2855/1727/380 2856/1919/380
f 2855/1727/380 2857/1725/380 2856/1919/380
f 2856/1919/380 2857/1725/380 2858/1920/380
f 2858/1920/380 2857/1725/380 2859/1921/380
f 2857/1725/380 2860/1723/380 2859/1921/380
f 2859/1921/380 2860/1723/380 2861/1922/380
f 2860/1723/380 2862/1722/380 2861/1922/380
f 2861/1922/380 2862/1722/380 2863/1923/380
f 2862/1722/380 2864/1720/380 2863/1923/380
f 2863/1923/380 2864/1720/380 2865/1924/380
f 2865/1924/380 2864/1720/380 2866/1925/380
f 2864/1720/380 2867/1718/380 2866/1925/380
f 2866/1925/380 2867/1718/380 2868/1926/380
f 2868/1926/380 2867/1718/380 2821/1903/380
f 2822/1716/380 2821/1903/380 2867/1718/380
f 2873/1787/491 2874/1788/491 2875/1789/491
f 2876/1790/491 2875/1789/491 2874/1788/491
f 2881/1927/492 2882/1928/492 2883/1929/492
f 2884/1930/492 2883/1929/492 2882/1928/492
f 2889/1931/493 2890/1932/493 2891/1933/493
f 2892/1934/493 2891/1933/493 2890/1932/493
f 2897/1935/494 2898/1936/494 2899/1937/494
f 2900/1938/494 2899/1937/494 2898/1936/494
f 2905/1939/495 2906/1940/495 2907/1941/495
f 2908/1942/495 2907/1941/495 2906/1940/495
f 2913/1788/496 2914/1943/496 2915/1787/496
f 2916/1789/496 2915/1787/496 2914/1943/496
f 2921/1788/497 2922/1790/497 2923/1787/497
f 2924/1789/497 2923/1787/497 2922/1790/497
f 2929/1788/498 2930/1790/498 2931/1787/498
f 2932/1789/498 2931/1787/498 2930/1790/498
f 2937/1788/499 2938/1790/499 2939/1787/499
f 2940/1789/499 2939/1787/499 2938/1790/499
f 2945/1788/500 2946/1790/500 2947/1787/500
f 2948/1789/500 2947/1787/500 2946/1790/500
f 2953/1788/501 2954/1790/501 2955/1787/501
f 2956/1789/501 2955/1787/501 2954/1790/501
f 2961/1788/502 2962/1790/502 2963/1787/502
f 2964/1789/502 2963/1787/502 2962/1790/502
f 2969/1787/503 2970/1944/503 2971/1789/503
f 2972/1790/503 2971/1789/503 2970/1944/503
f 2977/1945/504 2978/1946/504 2979/1947/504
f 2980/1948/504 2979/1947/504 2978/1946/504
f 2985/1949/505 2986/1950/505 2987/1951/505
f 2988/1952/505 2987/1951/505 2986/1950/505
f 2993/1953/506 2994/1954/506 2995/1955/506
f 2996/1956/506 2995/1955/506 2994/1954/506
f 3001/1957/507 3002/1958/507 3003/1959/507
f 3004/1960/507 3003/1959/507 3002/1958/507
f 3009/1961/508 3010/1962/508 3011/1963/508
f 3012/1964/508 3011/1963/508 3010/1962/508
f 3017/1965/509 3018/1966/509 3019/1967/509
f 3020/1968/509 3019/1967/509 3018/1966/509
f 3025/1969/510 3026/1970/510 3027/1971/510
f 3028/1972/510 3027/1971/510 3026/1970/510
f 3033/1973/511 3034/1974/511 3035/1975/511
f 3036/1976/511 3035/1975/511 3034/1974/511
f 3041/1977/512 3042/1978/512 3043/1979/512
f 3044/1980/512 3043/1979/512 3042/1978/512
f 3051/1981/513 3052/1982/513 3053/1983/513
f 3052/1982/513 3054/1984/513 3053/1983/513
f 3053/1983/513 3054/1984/513 3055/1985/513
f 3056/1986/513 3055/1985/513 3054/1984/513
f 3061/1987/514 3062/1988/514 3063/1989/514
f 3064/1990/514 3063/1989/514 3062/1988/514
f 3069/1991/515 3070/1992/515 3071/1993/515
f 3072/1994/515 3071/1993/515 3070/1992/515
f 3077/1995/516 3078/1996/516 3079/1997/516
f 3080/1998/516 3079/1997/516 3078/1996/516
f 3085/1999/517 3086/2000/517 3087/2001/517
f 3088/2002/517 3087/2001/517 3086/2000/517
f 3095/2003/518 3096/2004/518 3097/2005/518
f 3096/2004/518 3098/2006/518 3097/2005/518
f 3097/2005/518 3098/2006/518 3099/2007/518
f 3100/2008/518 3099/2007/518 3098/2006/518
f 3105/2009/519 3106/2010/519 3107/2011/519
f 3108/2012/519 3107/2011/519 3106/2010/519
f 3113/2013/520 3114/2014/520 3115/2015/520
f 3116/2016/520 3115/2015/520 3114/2014/520
f 3121/2017/521 3122/2018/521 3123/2019/521
f 3124/2020/521 3123/2019/521 3122/2018/521
f 3129/2021/522 3130/2022/522 3131/2023/522
f 3132/2024/522 3131/2023/522 3130/2022/522
f 3137/2025/523 3138/2026/523 3139/2027/523
f 3140/2028/523 3139/2027/523 3138/2026/523
