<?xml version="1.0" encoding="UTF-8" standalone="no" ?>
<COLLADA xmlns="http://www.collada.org/2005/11/COLLADASchema" version="1.4.1">
    <asset>
        <contributor>
            <authoring_tool>SketchUp 14.0.4900</authoring_tool>
        </contributor>
        <created>2015-11-26T06:21:42Z</created>
        <modified>2015-11-26T06:21:42Z</modified>
        <unit meter="0.0254" name="inch" />
        <up_axis>Z_UP</up_axis>
    </asset>
    <library_visual_scenes>
        <visual_scene id="ID1">
            <node name="SketchUp">
                <node id="ID2" name="instance_0">
                    <matrix>-1 0 -1.045775e-012 11.81102 0 1 0 -35.43307 1.045775e-012 0 -1 3.897638 0 0 0 1</matrix>
                    <instance_node url="#ID3" />
                </node>
            </node>
        </visual_scene>
    </library_visual_scenes>
    <library_nodes>
        <node id="ID3" name="kyte_Shield">
            <node id="ID4" name="instance_1">
                <matrix>-1 0 1.045775e-012 23.62205 0 1 0 0 -1.045775e-012 0 -1 0.8267717 0 0 0 1</matrix>
                <instance_node url="#ID5" />
            </node>
            <node id="ID95" name="instance_2">
                <matrix>1 0 0 1.514057 0 1 0 29.23801 0 0 1 0.7874016 0 0 0 1</matrix>
                <instance_node url="#ID96" />
            </node>
        </node>
        <node id="ID5" name="kyteshield">
            <instance_geometry url="#ID6">
                <bind_material>
                    <technique_common>
                        <instance_material symbol="Material2" target="#ID7">
                            <bind_vertex_input semantic="UVSET0" input_semantic="TEXCOORD" input_set="0" />
                        </instance_material>
                        <instance_material symbol="Material3" target="#ID16">
                            <bind_vertex_input semantic="UVSET0" input_semantic="TEXCOORD" input_set="0" />
                        </instance_material>
                    </technique_common>
                </bind_material>
            </instance_geometry>
            <instance_geometry url="#ID24">
                <bind_material>
                    <technique_common>
                        <instance_material symbol="Material2" target="#ID16">
                            <bind_vertex_input semantic="UVSET0" input_semantic="TEXCOORD" input_set="0" />
                        </instance_material>
                        <instance_material symbol="Material3" target="#ID25">
                            <bind_vertex_input semantic="UVSET0" input_semantic="TEXCOORD" input_set="0" />
                        </instance_material>
                    </technique_common>
                </bind_material>
            </instance_geometry>
            <instance_geometry url="#ID37">
                <bind_material>
                    <technique_common>
                        <instance_material symbol="Material2" target="#ID16">
                            <bind_vertex_input semantic="UVSET0" input_semantic="TEXCOORD" input_set="0" />
                        </instance_material>
                        <instance_material symbol="Material3" target="#ID38">
                            <bind_vertex_input semantic="UVSET0" input_semantic="TEXCOORD" input_set="0" />
                        </instance_material>
                    </technique_common>
                </bind_material>
            </instance_geometry>
            <instance_geometry url="#ID50">
                <bind_material>
                    <technique_common>
                        <instance_material symbol="Material2" target="#ID7">
                            <bind_vertex_input semantic="UVSET0" input_semantic="TEXCOORD" input_set="0" />
                        </instance_material>
                        <instance_material symbol="Material3" target="#ID16">
                            <bind_vertex_input semantic="UVSET0" input_semantic="TEXCOORD" input_set="0" />
                        </instance_material>
                    </technique_common>
                </bind_material>
            </instance_geometry>
            <instance_geometry url="#ID58">
                <bind_material>
                    <technique_common>
                        <instance_material symbol="Material2" target="#ID16">
                            <bind_vertex_input semantic="UVSET0" input_semantic="TEXCOORD" input_set="0" />
                        </instance_material>
                        <instance_material symbol="Material3" target="#ID38">
                            <bind_vertex_input semantic="UVSET0" input_semantic="TEXCOORD" input_set="0" />
                        </instance_material>
                    </technique_common>
                </bind_material>
            </instance_geometry>
            <instance_geometry url="#ID66">
                <bind_material>
                    <technique_common>
                        <instance_material symbol="Material2" target="#ID16">
                            <bind_vertex_input semantic="UVSET0" input_semantic="TEXCOORD" input_set="0" />
                        </instance_material>
                        <instance_material symbol="Material3" target="#ID25">
                            <bind_vertex_input semantic="UVSET0" input_semantic="TEXCOORD" input_set="0" />
                        </instance_material>
                    </technique_common>
                </bind_material>
            </instance_geometry>
            <instance_geometry url="#ID74">
                <bind_material>
                    <technique_common>
                        <instance_material symbol="Material2" target="#ID16">
                            <bind_vertex_input semantic="UVSET0" input_semantic="TEXCOORD" input_set="0" />
                        </instance_material>
                        <instance_material symbol="Material3" target="#ID75">
                            <bind_vertex_input semantic="UVSET0" input_semantic="TEXCOORD" input_set="0" />
                        </instance_material>
                    </technique_common>
                </bind_material>
            </instance_geometry>
            <instance_geometry url="#ID87">
                <bind_material>
                    <technique_common>
                        <instance_material symbol="Material2" target="#ID16">
                            <bind_vertex_input semantic="UVSET0" input_semantic="TEXCOORD" input_set="0" />
                        </instance_material>
                        <instance_material symbol="Material3" target="#ID25">
                            <bind_vertex_input semantic="UVSET0" input_semantic="TEXCOORD" input_set="0" />
                        </instance_material>
                    </technique_common>
                </bind_material>
            </instance_geometry>
        </node>
        <node id="ID96" name="handle">
            <instance_geometry url="#ID97">
                <bind_material>
                    <technique_common>
                        <instance_material symbol="Material2" target="#ID16">
                            <bind_vertex_input semantic="UVSET0" input_semantic="TEXCOORD" input_set="0" />
                        </instance_material>
                        <instance_material symbol="Material3" target="#ID25">
                            <bind_vertex_input semantic="UVSET0" input_semantic="TEXCOORD" input_set="0" />
                        </instance_material>
                    </technique_common>
                </bind_material>
            </instance_geometry>
            <instance_geometry url="#ID105">
                <bind_material>
                    <technique_common>
                        <instance_material symbol="Material2" target="#ID16">
                            <bind_vertex_input semantic="UVSET0" input_semantic="TEXCOORD" input_set="0" />
                        </instance_material>
                        <instance_material symbol="Material3" target="#ID75">
                            <bind_vertex_input semantic="UVSET0" input_semantic="TEXCOORD" input_set="0" />
                        </instance_material>
                    </technique_common>
                </bind_material>
            </instance_geometry>
            <instance_geometry url="#ID113">
                <bind_material>
                    <technique_common>
                        <instance_material symbol="Material2" target="#ID16">
                            <bind_vertex_input semantic="UVSET0" input_semantic="TEXCOORD" input_set="0" />
                        </instance_material>
                        <instance_material symbol="Material3" target="#ID25">
                            <bind_vertex_input semantic="UVSET0" input_semantic="TEXCOORD" input_set="0" />
                        </instance_material>
                    </technique_common>
                </bind_material>
            </instance_geometry>
        </node>
    </library_nodes>
    <library_geometries>
        <geometry id="ID6">
            <mesh>
                <source id="ID12">
                    <float_array id="ID21" count="216">8.838461 9.121905 0.4330709 8.574843 12.34278 0.8267717 7.500384 11.85131 0.4330709 9.885033 9.67026 0.8267717 9.885033 9.67026 0.8267717 8.838461 9.121905 0.4330709 8.574843 12.34278 0.8267717 7.500384 11.85131 0.4330709 10.26273 6.57229 0.4330709 11.29386 7.148298 0.8267717 10.32091 6.468145 0.4330709 11.33658 7.071807 0.8267717 11.33658 7.071807 0.8267717 10.32091 6.468145 0.4330709 11.29386 7.148298 0.8267717 10.26273 6.57229 0.4330709 4.261363 26.54127 0.8267717 11.33658 29.09726 0.8267717 3.916632 29.09726 0.8267717 4.816723 23.61714 0.8267717 5.528017 20.72698 0.8267717 6.393199 17.8791 0.8267717 7.409782 15.08168 0.8267717 11.33658 29.09726 0.8267717 7.409782 15.08168 0.8267717 6.393199 17.8791 0.8267717 5.528017 20.72698 0.8267717 4.816723 23.61714 0.8267717 4.261363 26.54127 0.8267717 3.916632 29.09726 0.8267717 6.310524 14.64851 0.4330709 6.310524 14.64851 0.4330709 11.81102 4.107474 0.4330709 11.81102 4.107474 0.4330709 3.095093 26.35201 0.4330709 2.688795 29.36449 0.4330709 3.095093 26.35201 0.4330709 2.688795 29.36449 0.4330709 3.662274 23.36564 0.4330709 3.662274 23.36564 0.4330709 4.388707 20.41396 0.4330709 4.388707 20.41396 0.4330709 5.272304 17.50547 0.4330709 5.272304 17.50547 0.4330709 11.81102 6.320191 0.4330709 11.33658 29.09726 0.8267717 11.33658 7.071807 0.8267717 11.81102 29.49096 0.4330709 11.81102 29.09726 0.4330709 11.81102 29.09726 0.4330709 11.81102 6.320191 0.4330709 11.81102 29.49096 0.4330709 11.33658 29.09726 0.8267717 11.33658 7.071807 0.8267717 3.916632 29.09726 0.8267717 11.33658 29.49096 0.4330709 3.863533 29.49096 0.4330709 11.33658 29.09726 0.8267717 11.81102 29.49096 0.4330709 11.81102 29.49096 0.4330709 11.33658 29.09726 0.8267717 11.33658 29.49096 0.4330709 3.916632 29.09726 0.8267717 3.863533 29.49096 0.4330709 11.81102 4.107474 0.4330709 11.81102 6.320191 0.4330709 11.33658 7.071807 0.8267717 11.33658 7.071807 0.8267717 11.81102 6.320191 0.4330709 11.81102 4.107474 0.4330709 2.688795 29.36449 0.4330709 2.688795 29.36449 0.4330709</float_array>
                    <technique_common>
                        <accessor count="72" source="#ID21" stride="3">
                            <param name="X" type="float" />
                            <param name="Y" type="float" />
                            <param name="Z" type="float" />
                        </accessor>
                    </technique_common>
                </source>
                <source id="ID13">
                    <float_array id="ID22" count="216">-0.2800174 -0.1467159 0.9487174 -0.1480382 -0.06771447 0.9866608 -0.2874788 -0.1314963 0.9487174 -0.1441959 -0.07555189 0.9866608 0.1441959 0.07555189 -0.9866608 0.2800174 0.1467159 -0.9487174 0.1480382 0.06771447 -0.9866608 0.2874788 0.1314963 -0.9487174 -0.2760727 -0.1542202 0.9486833 -0.1398421 -0.0781188 0.9870875 -0.271751 -0.1615138 0.9487174 -0.2316427 -0.1363921 0.963192 0.2316427 0.1363921 -0.963192 0.271751 0.1615138 -0.9487174 0.1398421 0.0781188 -0.9870875 0.2760727 0.1542202 -0.9486833 -0.1606879 -0.02607606 0.9866608 -9.586671e-017 4.274539e-017 1 -0.1808446 -0.02439082 0.9832092 -0.1590592 -0.03465135 0.9866608 -0.1569733 -0.04312701 0.9866608 -0.1544361 -0.05147869 0.9866608 -0.1514549 -0.05968238 0.9866608 9.586671e-017 -4.274539e-017 -1 0.1514549 0.05968238 -0.9866608 0.1544361 0.05147869 -0.9866608 0.1569733 0.04312701 -0.9866608 0.1590592 0.03465135 -0.9866608 0.1606879 0.02607606 -0.9866608 0.1808446 0.02439082 -0.9832092 -0.2941136 -0.1158986 0.9487174 0.2941136 0.1158986 -0.9487174 -0.2674097 -0.1687958 0.9486833 0.2674097 0.1687958 -0.9486833 -0.3120435 -0.05063769 0.9487174 -0.3133903 -0.04226748 0.9486833 0.3120435 0.05063769 -0.9487174 0.3133903 0.04226748 -0.9486833 -0.3088808 -0.06729024 0.9487174 0.3088808 0.06729024 -0.9487174 -0.30483 -0.08374933 0.9487174 0.30483 0.08374933 -0.9487174 -0.2999029 -0.09996765 0.9487174 0.2999029 0.09996765 -0.9487174 0.6385894 -2.399525e-016 0.7695476 0.6385894 -2.399525e-016 0.7695476 0.6385894 -2.399525e-016 0.7695476 0.6385894 -2.399525e-016 0.7695476 0.6385894 -2.399525e-016 0.7695476 -0.6385894 2.399525e-016 -0.7695476 -0.6385894 2.399525e-016 -0.7695476 -0.6385894 2.399525e-016 -0.7695476 -0.6385894 2.399525e-016 -0.7695476 -0.6385894 2.399525e-016 -0.7695476 -0.03020829 0.704744 0.7088183 1.398235e-014 0.7071068 0.7071068 -0.03911276 0.7039232 0.7091984 1.398235e-014 0.7071068 0.7071068 1.398235e-014 0.7071068 0.7071068 -1.398235e-014 -0.7071068 -0.7071068 -1.398235e-014 -0.7071068 -0.7071068 -1.398235e-014 -0.7071068 -0.7071068 0.03020829 -0.704744 -0.7088183 0.03911276 -0.7039232 -0.7091984 0.6385894 3.982775e-015 0.7695476 0.6385894 3.982775e-015 0.7695476 0.6385894 3.982775e-015 0.7695476 -0.6385894 -3.982775e-015 -0.7695476 -0.6385894 -3.982775e-015 -0.7695476 -0.6385894 -3.982775e-015 -0.7695476 -0.07536381 0.6999953 0.7101597 0.07536381 -0.6999953 -0.7101597</float_array>
                    <technique_common>
                        <accessor count="72" source="#ID22" stride="3">
                            <param name="X" type="float" />
                            <param name="Y" type="float" />
                            <param name="Z" type="float" />
                        </accessor>
                    </technique_common>
                </source>
                <source id="ID15">
                    <float_array id="ID23" count="256">0.2834181 -0.4252989 0.2452155 -0.3857704 0.2448132 -0.4252989 0.2830158 -0.3857704 -0.05501182 0.4038635 -0.05460953 0.364335 -0.09281211 0.4038635 -0.09321439 0.364335 0.3103996 -0.4607106 0.2737121 -0.4211821 0.2733098 -0.4607106 0.3103996 -0.4211821 0.3119146 -0.4607106 0.3115124 -0.4211821 -0.008192934 0.4102881 -0.00779065 0.3707596 -0.009305674 0.4102881 -0.009305674 0.3707596 -0.04599323 0.4102881 -0.04639551 0.3707596 -0.09588069 -0.2823147 -0.006025371 -0.2011619 -0.1002588 -0.2011619 -0.08882761 -0.3751559 -0.07979418 -0.4669184 -0.06880638 -0.5573386 -0.05589577 -0.6461565 -0.0410995 -0.7331167 -0.02446008 -0.8179693 -0.006568039 -0.8980415 -0.006025371 -0.9004701 0.1439746 0.2245299 0.143432 0.2269585 0.1439746 0.9238381 0.1255399 0.3070307 0.1089005 0.3918833 0.09410423 0.4788435 0.08119362 0.5676614 0.07020582 0.6580816 0.06117239 0.7498441 0.05411931 0.8426853 0.04974123 0.9238381 0.2541622 -0.3935607 0.2159596 -0.3540322 0.2155573 -0.3935607 0.2537599 -0.3540322 -0.1016182 0.3914964 -0.1012159 0.3519679 -0.1394185 0.3914964 -0.1398208 0.3519679 0.3364188 -0.4996939 0.3013674 -0.4601654 0.3009651 -0.4996939 0.0005012614 0.3712233 0.000903546 0.4107517 0.03595498 0.3712233 0.09949934 -0.2927815 0.06634203 -0.2532531 0.06089448 -0.2927815 0.09909705 -0.2532531 -0.3268159 0.242359 -0.3264136 0.2028306 -0.3595709 0.242359 -0.3650185 0.2028306 0.1312551 -0.3050035 0.09305255 -0.2654751 0.09265026 -0.3050035 0.1308528 -0.2654751 -0.2832562 0.2835681 -0.2828539 0.2440396 -0.3210565 0.2835681 -0.3214588 0.2440396 0.1626891 -0.3212449 0.1244865 -0.2817164 0.1240842 -0.3212449 0.1622868 -0.2817164 -0.2388278 0.3191805 -0.2384256 0.2796521 -0.2766281 0.3191805 -0.2770304 0.2796521 0.1937108 -0.3414588 0.1555082 -0.3019303 0.1551059 -0.3414588 0.1933085 -0.3019303 -0.1936585 0.349094 -0.1932562 0.3095655 -0.2314588 0.349094 -0.2318611 0.3095655 0.224231 -0.3655872 0.1860285 -0.3260587 0.1856262 -0.3655872 0.2238287 -0.3260587 -0.1478781 0.3732224 -0.1474758 0.3336939 -0.1856784 0.3732224 -0.1860807 0.3336939 -0.3697336 0.007982368 -0.08046478 0.02755676 -0.3601881 0.02755676 -0.07546478 0.007982368 -0.08046478 0.007982368 0.3695352 -0.2797997 0.08026643 -0.2797997 0.3745352 -0.2797997 0.3695352 -0.2602254 0.08981194 -0.2602254 0.1002588 0.1599206 0.006025371 0.142243 0.1009331 0.142243 0.006025371 0.1599206 -1.498801e-015 0.142243 -0.15 -0.6523683 -0.1439746 -0.6346906 -0.1439746 -0.6523683 -0.04974123 -0.6346906 -0.04906687 -0.6523683 -0.3978351 0.007982368 -0.3697336 0.007982368 -0.3601881 0.02755676 0.08981194 -0.2602254 0.08026643 -0.2797997 0.05216492 -0.2797997 0.108296 0.1405834 0.1084313 0.1228288 0.1234367 0.1228288 -0.07387156 -0.6421234 -0.08887695 -0.6421234 -0.08901221 -0.6243687</float_array>
                    <technique_common>
                        <accessor count="128" source="#ID23" stride="2">
                            <param name="S" type="float" />
                            <param name="T" type="float" />
                        </accessor>
                    </technique_common>
                </source>
                <vertices id="ID14">
                    <input semantic="POSITION" source="#ID12" />
                    <input semantic="NORMAL" source="#ID13" />
                </vertices>
                <triangles count="36" material="Material2">
                    <input offset="0" semantic="VERTEX" source="#ID14" />
                    <input offset="1" semantic="TEXCOORD" source="#ID15" />
                    <p>0 0 1 1 2 2 1 1 0 0 3 3 8 8 3 9 0 10 3 9 8 8 9 11 9 11 8 8 10 12 9 11 10 12 11 13 16 20 17 21 18 22 17 21 16 20 19 23 17 21 19 23 20 24 17 21 20 24 21 25 17 21 21 25 22 26 17 21 22 26 1 27 17 21 1 27 3 28 17 21 3 28 9 29 17 21 9 29 11 30 2 42 22 43 30 44 22 43 2 42 1 45 32 50 11 51 10 52 34 56 18 57 35 58 18 57 34 56 16 59 38 64 16 65 34 66 16 65 38 64 19 67 40 72 19 73 38 74 19 73 40 72 20 75 42 80 20 81 40 82 20 81 42 80 21 83 30 88 21 89 42 90 21 89 30 88 22 91 44 96 45 97 46 98 45 97 44 96 47 99 47 99 44 96 48 100 54 106 55 107 56 108 55 107 54 106 57 109 55 107 57 109 58 110 64 116 65 117 66 118 54 122 56 123 70 124</p>
                </triangles>
                <triangles count="36" material="Material3">
                    <input offset="0" semantic="VERTEX" source="#ID14" />
                    <input offset="1" semantic="TEXCOORD" source="#ID15" />
                    <p>4 4 5 5 6 6 7 7 6 6 5 5 12 14 13 15 14 16 13 15 15 17 14 16 14 16 15 17 4 18 5 19 4 18 15 17 12 31 14 32 23 33 14 32 4 34 23 33 4 34 6 35 23 33 6 35 24 36 23 33 24 36 25 37 23 33 25 37 26 38 23 33 26 38 27 39 23 33 27 39 28 40 23 33 29 41 23 33 28 40 6 46 7 47 24 48 31 49 24 48 7 47 13 53 12 54 33 55 28 60 36 61 29 62 37 63 29 62 36 61 27 68 39 69 28 70 36 71 28 70 39 69 26 76 41 77 27 78 39 79 27 78 41 77 25 84 43 85 26 86 41 87 26 86 43 85 24 92 31 93 25 94 43 95 25 94 31 93 49 101 50 102 51 103 51 103 50 102 52 104 53 105 52 104 50 102 59 111 60 112 61 113 60 112 62 114 61 113 63 115 61 113 62 114 67 119 68 120 69 121 71 125 63 126 62 127</p>
                </triangles>
            </mesh>
        </geometry>
        <geometry id="ID24">
            <mesh>
                <source id="ID30">
                    <float_array id="ID34" count="1620">1.353374 22.86264 0.4330709 1.928822 26.16275 0.8267717 0.7625517 25.97349 0.4330709 2.507824 23.11414 0.8267717 2.507824 23.11414 0.8267717 1.353374 22.86264 0.4330709 1.928822 26.16275 0.8267717 0.7625517 25.97349 0.4330709 0.7625517 25.97349 0.4330709 1.353374 22.86264 0 1.353374 22.86264 0.4330709 0.7625517 25.97349 0 0.7625517 25.97349 0 0.7625517 25.97349 0.4330709 1.353374 22.86264 0 1.353374 22.86264 0.4330709 2.110087 19.78793 0.4330709 3.249397 20.10095 0.8267717 3.249397 20.10095 0.8267717 2.110087 19.78793 0.4330709 2.36636 35.30981 0.8267717 2.444548 32.39441 0.8267717 2.688795 29.36449 0.8267717 3.095093 26.35201 0.8267717 3.662274 23.36564 0.8267717 4.151409 17.13183 0.8267717 4.388707 20.41396 0.8267717 5.211267 14.21534 0.8267717 5.272304 17.50547 0.8267717 6.425924 11.35984 0.8267717 6.310524 14.64851 0.8267717 7.500384 11.85131 0.8267717 7.791888 8.573551 0.8267717 8.838461 9.121905 0.8267717 9.231607 5.996282 0.8267717 10.26273 6.57229 0.8267717 9.305232 5.864483 0.8267717 10.96161 3.240423 0.8267717 10.32091 6.468145 0.8267717 11.81102 4.107474 0.8267717 11.81102 2.042239 0.8267717 12.66044 3.240423 0.8267717 13.30114 6.468145 0.8267717 14.31681 5.864483 0.8267717 13.35932 6.57229 0.8267717 14.78359 9.121905 0.8267717 14.39044 5.996282 0.8267717 15.83016 8.573551 0.8267717 16.12166 11.85131 0.8267717 17.19612 11.35984 0.8267717 17.31152 14.64851 0.8267717 18.41078 14.21534 0.8267717 18.34974 17.50547 0.8267717 19.23334 20.41396 0.8267717 19.47064 17.13183 0.8267717 19.95977 23.36564 0.8267717 20.37265 20.10095 0.8267717 20.52695 26.35201 0.8267717 21.11422 23.11414 0.8267717 20.93325 29.36449 0.8267717 21.1775 32.39441 0.8267717 21.69323 26.16275 0.8267717 21.25569 35.30981 0.8267717 1.264719 32.33108 0.8267717 1.553153 38.18166 0.8267717 1.18318 35.37144 0.8267717 1.514057 29.23801 0.8267717 2.614068 40.74294 0.8267717 2.703854 37.87333 0.8267717 4.301741 42.94235 0.8267717 3.645759 40.14729 0.8267717 5.144113 42.09998 0.8267717 6.501159 44.63003 0.8267717 7.096806 43.59834 0.8267717 9.062435 45.69094 0.8267717 9.370765 44.54024 0.8267717 11.81102 46.0528 0.8267717 11.81102 44.86151 0.8267717 14.55961 45.69094 0.8267717 14.25128 44.54024 0.8267717 16.52524 43.59834 0.8267717 17.12089 44.63003 0.8267717 18.47793 42.09998 0.8267717 19.32031 42.94235 0.8267717 19.97629 40.14729 0.8267717 21.00798 40.74294 0.8267717 20.91819 37.87333 0.8267717 22.06889 38.18166 0.8267717 22.10799 29.23801 0.8267717 22.43887 35.37144 0.8267717 22.35733 32.33108 0.8267717 22.35733 32.33108 0.8267717 22.10799 29.23801 0.8267717 22.43887 35.37144 0.8267717 22.06889 38.18166 0.8267717 21.69323 26.16275 0.8267717 21.25569 35.30981 0.8267717 21.00798 40.74294 0.8267717 20.91819 37.87333 0.8267717 19.97629 40.14729 0.8267717 19.32031 42.94235 0.8267717 18.47793 42.09998 0.8267717 17.12089 44.63003 0.8267717 16.52524 43.59834 0.8267717 14.55961 45.69094 0.8267717 14.25128 44.54024 0.8267717 11.81102 44.86151 0.8267717 11.81102 46.0528 0.8267717 9.370765 44.54024 0.8267717 9.062435 45.69094 0.8267717 7.096806 43.59834 0.8267717 6.501159 44.63003 0.8267717 5.144113 42.09998 0.8267717 4.301741 42.94235 0.8267717 3.645759 40.14729 0.8267717 2.703854 37.87333 0.8267717 2.614068 40.74294 0.8267717 2.36636 35.30981 0.8267717 1.553153 38.18166 0.8267717 1.514057 29.23801 0.8267717 1.264719 32.33108 0.8267717 1.18318 35.37144 0.8267717 21.1775 32.39441 0.8267717 21.11422 23.11414 0.8267717 20.93325 29.36449 0.8267717 20.52695 26.35201 0.8267717 20.37265 20.10095 0.8267717 19.95977 23.36564 0.8267717 19.47064 17.13183 0.8267717 19.23334 20.41396 0.8267717 18.41078 14.21534 0.8267717 18.34974 17.50547 0.8267717 17.31152 14.64851 0.8267717 17.19612 11.35984 0.8267717 16.12166 11.85131 0.8267717 15.83016 8.573551 0.8267717 14.78359 9.121905 0.8267717 14.39044 5.996282 0.8267717 14.31681 5.864483 0.8267717 13.35932 6.57229 0.8267717 13.30114 6.468145 0.8267717 12.66044 3.240423 0.8267717 11.81102 4.107474 0.8267717 11.81102 2.042239 0.8267717 10.96161 3.240423 0.8267717 10.32091 6.468145 0.8267717 10.26273 6.57229 0.8267717 9.305232 5.864483 0.8267717 9.231607 5.996282 0.8267717 8.838461 9.121905 0.8267717 7.791888 8.573551 0.8267717 7.500384 11.85131 0.8267717 6.425924 11.35984 0.8267717 6.310524 14.64851 0.8267717 5.272304 17.50547 0.8267717 5.211267 14.21534 0.8267717 4.388707 20.41396 0.8267717 4.151409 17.13183 0.8267717 3.662274 23.36564 0.8267717 3.095093 26.35201 0.8267717 2.688795 29.36449 0.8267717 2.444548 32.39441 0.8267717 0.3393183 29.11153 0.4330709 0.3393183 29.11153 0.4330709 0.3393183 29.11153 0.4330709 0.3393183 29.11153 0 0.3393183 29.11153 0 0.3393183 29.11153 0.4330709 0.4024509 38.48999 0 0.0848906 32.26775 0 0 35.43307 0 0.3393183 29.11153 0 0.7625517 25.97349 0 1.18318 35.37144 0 1.582377 41.33858 0 1.553153 38.18166 0 2.614068 40.74294 0 3.459369 43.78473 0 4.301741 42.94235 0 5.905512 45.66172 0 6.501159 44.63003 0 8.754106 46.84164 0 9.062435 45.69094 0 11.81102 47.24409 0 11.81102 46.0528 0 14.86794 46.84164 0 14.55961 45.69094 0 17.12089 44.63003 0 17.71654 45.66172 0 19.32031 42.94235 0 20.16268 43.78473 0 21.00798 40.74294 0 22.03967 41.33858 0 22.06889 38.18166 0 23.2196 38.48999 0 22.43887 35.37144 0 22.8595 25.97349 0 23.28273 29.11153 0 23.62205 35.43307 0 23.53716 32.26775 0 1.353374 22.86264 0 1.264719 32.33108 0 1.514057 29.23801 0 2.110087 19.78793 0 1.928822 26.16275 0 2.507824 23.11414 0 3.030514 16.7582 0 3.249397 20.10095 0 4.11201 13.78216 0 4.151409 17.13183 0 5.351465 10.86837 0 5.211267 14.21534 0 6.425924 11.35984 0 6.745316 8.025196 0 7.791888 8.573551 0 8.200482 5.420273 0 9.231607 5.996282 0 8.289556 5.260821 0 9.979745 2.583189 0 9.305232 5.864483 0 10.96161 3.240423 0 11.81102 0 0 11.81102 2.042239 0 12.66044 3.240423 0 13.6423 2.583189 0 14.31681 5.864483 0 15.33249 5.260821 0 14.39044 5.996282 0 15.83016 8.573551 0 15.42156 5.420273 0 16.87673 8.025196 0 17.19612 11.35984 0 18.27058 10.86837 0 18.41078 14.21534 0 19.51004 13.78216 0 19.47064 17.13183 0 20.37265 20.10095 0 20.59153 16.7582 0 21.11422 23.11414 0 21.51196 19.78793 0 21.69323 26.16275 0 22.26867 22.86264 0 22.10799 29.23801 0 22.35733 32.33108 0 22.43887 35.37144 0 22.35733 32.33108 0 22.8595 25.97349 0 22.26867 22.86264 0 22.10799 29.23801 0 21.69323 26.16275 0 21.51196 19.78793 0 21.11422 23.11414 0 20.59153 16.7582 0 20.37265 20.10095 0 19.51004 13.78216 0 19.47064 17.13183 0 18.41078 14.21534 0 18.27058 10.86837 0 17.19612 11.35984 0 16.87673 8.025196 0 15.83016 8.573551 0 15.42156 5.420273 0 15.33249 5.260821 0 14.39044 5.996282 0 14.31681 5.864483 0 13.6423 2.583189 0 12.66044 3.240423 0 11.81102 0 0 11.81102 2.042239 0 10.96161 3.240423 0 9.979745 2.583189 0 9.305232 5.864483 0 9.231607 5.996282 0 8.289556 5.260821 0 8.200482 5.420273 0 7.791888 8.573551 0 6.745316 8.025196 0 6.425924 11.35984 0 5.351465 10.86837 0 5.211267 14.21534 0 4.151409 17.13183 0 4.11201 13.78216 0 3.249397 20.10095 0 3.030514 16.7582 0 2.507824 23.11414 0 2.110087 19.78793 0 1.928822 26.16275 0 1.514057 29.23801 0 1.353374 22.86264 0 1.264719 32.33108 0 1.18318 35.37144 0 0.7625517 25.97349 0 23.53716 32.26775 0 23.62205 35.43307 0 23.28273 29.11153 0 23.2196 38.48999 0 22.06889 38.18166 0 22.03967 41.33858 0 21.00798 40.74294 0 20.16268 43.78473 0 19.32031 42.94235 0 17.71654 45.66172 0 17.12089 44.63003 0 14.86794 46.84164 0 14.55961 45.69094 0 11.81102 46.0528 0 11.81102 47.24409 0 9.062435 45.69094 0 8.754106 46.84164 0 6.501159 44.63003 0 5.905512 45.66172 0 4.301741 42.94235 0 3.459369 43.78473 0 2.614068 40.74294 0 1.582377 41.33858 0 1.553153 38.18166 0 0.4024509 38.48999 0 0.3393183 29.11153 0 0.0848906 32.26775 0 0 35.43307 0 2.110087 19.78793 0 2.110087 19.78793 0.4330709 2.110087 19.78793 0 2.110087 19.78793 0.4330709 3.030514 16.7582 0.4330709 3.030514 16.7582 0.4330709 19.51004 13.78216 0.4330709 20.59153 16.7582 0.4330709 20.59153 16.7582 0.4330709 19.51004 13.78216 0.4330709 21.51196 19.78793 0.4330709 21.51196 19.78793 0.4330709 22.26867 22.86264 0.4330709 22.26867 22.86264 0.4330709 22.8595 25.97349 0.4330709 22.8595 25.97349 0.4330709 23.28273 29.11153 0.4330709 23.28273 29.11153 0.4330709 23.53716 32.26775 0.4330709 23.53716 32.26775 0.4330709 23.62205 35.43307 0.4330709 23.62205 35.43307 0.4330709 23.2196 38.48999 0.4330709 23.2196 38.48999 0.4330709 22.03967 41.33858 0.4330709 22.03967 41.33858 0.4330709 20.16268 43.78473 0.4330709 20.16268 43.78473 0.4330709 17.71654 45.66172 0.4330709 17.71654 45.66172 0.4330709 14.86794 46.84164 0.4330709 14.86794 46.84164 0.4330709 11.81102 47.24409 0.4330709 11.81102 47.24409 0.4330709 8.754106 46.84164 0.4330709 8.754106 46.84164 0.4330709 5.905512 45.66172 0.4330709 5.905512 45.66172 0.4330709 3.459369 43.78473 0.4330709 3.459369 43.78473 0.4330709 1.582377 41.33858 0.4330709 1.582377 41.33858 0.4330709 0.4024509 38.48999 0.4330709 0.4024509 38.48999 0.4330709 0 35.43307 0.4330709 0 35.43307 0.4330709 0.0848906 32.26775 0.4330709 0.0848906 32.26775 0.4330709 4.11201 13.78216 0.4330709 4.11201 13.78216 0.4330709 5.351465 10.86837 0.4330709 5.351465 10.86837 0.4330709 6.745316 8.025196 0.4330709 6.745316 8.025196 0.4330709 8.200482 5.420273 0.4330709 8.289556 5.260821 0.4330709 8.289556 5.260821 0.4330709 8.200482 5.420273 0.4330709 9.979745 2.583189 0.4330709 9.979745 2.583189 0.4330709 11.81102 0 0.4330709 11.81102 0 0.4330709 13.6423 2.583189 0.4330709 13.6423 2.583189 0.4330709 15.33249 5.260821 0.4330709 15.33249 5.260821 0.4330709 15.42156 5.420273 0.4330709 16.87673 8.025196 0.4330709 16.87673 8.025196 0.4330709 15.42156 5.420273 0.4330709 18.27058 10.86837 0.4330709 18.27058 10.86837 0.4330709 0.0848906 32.26775 0.4330709 0.0848906 32.26775 0 0.0848906 32.26775 0 0.0848906 32.26775 0.4330709 0 35.43307 0.4330709 0 35.43307 0 0 35.43307 0 0 35.43307 0.4330709 0.4024509 38.48999 0.4330709 0.4024509 38.48999 0 0.4024509 38.48999 0 0.4024509 38.48999 0.4330709 1.582377 41.33858 0.4330709 1.582377 41.33858 0 1.582377 41.33858 0 1.582377 41.33858 0.4330709 3.459369 43.78473 0.4330709 3.459369 43.78473 0 3.459369 43.78473 0 3.459369 43.78473 0.4330709 5.905512 45.66172 0 5.905512 45.66172 0.4330709 5.905512 45.66172 0.4330709 5.905512 45.66172 0 8.754106 46.84164 0 8.754106 46.84164 0.4330709 8.754106 46.84164 0.4330709 8.754106 46.84164 0 11.81102 47.24409 0 11.81102 47.24409 0.4330709 11.81102 47.24409 0.4330709 11.81102 47.24409 0 14.86794 46.84164 0 14.86794 46.84164 0.4330709 14.86794 46.84164 0.4330709 14.86794 46.84164 0 17.71654 45.66172 0 17.71654 45.66172 0.4330709 17.71654 45.66172 0.4330709 17.71654 45.66172 0 20.16268 43.78473 0 20.16268 43.78473 0.4330709 20.16268 43.78473 0.4330709 20.16268 43.78473 0 22.03967 41.33858 0.4330709 22.03967 41.33858 0 22.03967 41.33858 0.4330709 22.03967 41.33858 0 23.2196 38.48999 0.4330709 23.2196 38.48999 0 23.2196 38.48999 0.4330709 23.2196 38.48999 0 23.62205 35.43307 0.4330709 23.62205 35.43307 0 23.62205 35.43307 0.4330709 23.62205 35.43307 0 23.53716 32.26775 0.4330709 23.53716 32.26775 0 23.53716 32.26775 0.4330709 23.53716 32.26775 0 23.28273 29.11153 0.4330709 23.28273 29.11153 0 23.28273 29.11153 0.4330709 23.28273 29.11153 0 22.8595 25.97349 0.4330709 22.8595 25.97349 0 22.8595 25.97349 0.4330709 22.8595 25.97349 0 22.26867 22.86264 0.4330709 22.26867 22.86264 0 22.26867 22.86264 0.4330709 22.26867 22.86264 0 21.51196 19.78793 0.4330709 21.51196 19.78793 0 21.51196 19.78793 0.4330709 21.51196 19.78793 0 20.59153 16.7582 0.4330709 20.59153 16.7582 0 20.59153 16.7582 0.4330709 20.59153 16.7582 0 19.51004 13.78216 0.4330709 19.51004 13.78216 0 19.51004 13.78216 0.4330709 19.51004 13.78216 0 18.27058 10.86837 0.4330709 18.27058 10.86837 0 18.27058 10.86837 0.4330709 18.27058 10.86837 0 16.87673 8.025196 0.4330709 16.87673 8.025196 0 16.87673 8.025196 0.4330709 16.87673 8.025196 0 15.42156 5.420273 0.4330709 15.42156 5.420273 0 15.42156 5.420273 0.4330709 15.42156 5.420273 0 15.42156 5.420273 0 15.33249 5.260821 0.4330709 15.33249 5.260821 0 15.42156 5.420273 0.4330709 15.42156 5.420273 0.4330709 15.42156 5.420273 0 15.33249 5.260821 0.4330709 15.33249 5.260821 0 13.6423 2.583189 0.4330709 13.6423 2.583189 0 13.6423 2.583189 0.4330709 13.6423 2.583189 0 11.81102 0 0.4330709 11.81102 0 0 11.81102 0 0.4330709 11.81102 0 0 9.979745 2.583189 0.4330709 11.81102 0 0 11.81102 0 0.4330709 9.979745 2.583189 0 9.979745 2.583189 0 9.979745 2.583189 0.4330709 11.81102 0 0 11.81102 0 0.4330709 8.289556 5.260821 0.4330709 8.289556 5.260821 0 8.289556 5.260821 0 8.289556 5.260821 0.4330709 8.200482 5.420273 0.4330709 8.200482 5.420273 0 8.200482 5.420273 0 8.200482 5.420273 0.4330709 6.745316 8.025196 0.4330709 8.200482 5.420273 0 8.200482 5.420273 0.4330709 6.745316 8.025196 0 6.745316 8.025196 0 6.745316 8.025196 0.4330709 8.200482 5.420273 0 8.200482 5.420273 0.4330709 5.351465 10.86837 0.4330709 5.351465 10.86837 0 5.351465 10.86837 0 5.351465 10.86837 0.4330709 4.11201 13.78216 0.4330709 4.11201 13.78216 0 4.11201 13.78216 0 4.11201 13.78216 0.4330709 3.030514 16.7582 0.4330709 3.030514 16.7582 0 3.030514 16.7582 0 3.030514 16.7582 0.4330709</float_array>
                    <technique_common>
                        <accessor count="540" source="#ID34" stride="3">
                            <param name="X" type="float" />
                            <param name="Y" type="float" />
                            <param name="Z" type="float" />
                        </accessor>
                    </technique_common>
                </source>
                <source id="ID31">
                    <float_array id="ID35" count="1620">-0.3088808 -0.06729024 0.9487174 -0.1606879 -0.02607606 0.9866608 -0.3120435 -0.05063769 0.9487174 -0.1590592 -0.03465135 0.9866608 0.1590592 0.03465135 -0.9866608 0.3088808 0.06729024 -0.9487174 0.1606879 0.02607606 -0.9866608 0.3120435 0.05063769 -0.9487174 -0.9870875 -0.1601822 0 -0.9770829 -0.2128593 0 -0.9770829 -0.2128593 0 -0.9870875 -0.1601822 0 0.9870875 0.1601822 -0 0.9870875 0.1601822 -0 0.9770829 0.2128593 -0 0.9770829 0.2128593 -0 -0.30483 -0.08374933 0.9487174 -0.1569733 -0.04312701 0.9866608 0.1569733 0.04312701 -0.9866608 0.30483 0.08374933 -0.9487174 0 0 1 0 0 1 0 0 1 0 0 1 0 0 1 -0.1544361 -0.05147869 0.9866608 0 0 1 -0.1514549 -0.05968238 0.9866608 0 0 1 -0.1480382 -0.06771447 0.9866608 0 0 1 0 0 1 -0.1441959 -0.07555189 0.9866608 0 0 1 -0.1398421 -0.0781188 0.9870875 0 0 1 -0.1399391 -0.0831721 0.9866608 -0.13528 -0.0905532 0.9866608 0 0 1 0 0 1 -1.836283e-016 -0.1512351 0.9884978 0.13528 -0.0905532 0.9866608 0 0 1 0.1399391 -0.0831721 0.9866608 0 0 1 0 0 1 0.1398421 -0.0781188 0.9870875 0.1441959 -0.07555189 0.9866608 0 0 1 0.1480382 -0.06771447 0.9866608 0 0 1 0.1514549 -0.05968238 0.9866608 0 0 1 0 0 1 0.1544361 -0.05147869 0.9866608 0 0 1 0.1569733 -0.04312701 0.9866608 0 0 1 0.1590592 -0.03465135 0.9866608 0 0 1 0 0 1 0.1606879 -0.02607606 0.9866608 0 0 1 -0.1625559 -0.008725441 0.9866608 -0.1659137 0.04445643 0.9851377 -0.1672886 0.008714163 0.9858695 -0.1618546 -0.0174258 0.9866608 -0.1487541 0.08588323 0.9851377 0 0 1 -0.1214572 0.1214572 0.9851377 0 0 1 0 0 1 -0.08588323 0.1487541 0.9851377 0 0 1 -0.04445643 0.1659137 0.9851377 0 0 1 9.868028e-017 0.1717665 0.9851377 0 0 1 0.04445643 0.1659137 0.9851377 0 0 1 0 0 1 0.08588323 0.1487541 0.9851377 0 0 1 0.1214572 0.1214572 0.9851377 0 0 1 0.1487541 0.08588323 0.9851377 0 0 1 0.1659137 0.04445643 0.9851377 0.1618546 -0.0174258 0.9866608 0.1672886 0.008714163 0.9858695 0.1625559 -0.008725441 0.9866608 -0.1625559 0.008725441 -0.9866608 -0.1618546 0.0174258 -0.9866608 -0.1672886 -0.008714163 -0.9858695 -0.1659137 -0.04445643 -0.9851377 -0.1606879 0.02607606 -0.9866608 -0 -0 -1 -0.1487541 -0.08588323 -0.9851377 -0 -0 -1 -0 -0 -1 -0.1214572 -0.1214572 -0.9851377 -0 -0 -1 -0.08588323 -0.1487541 -0.9851377 -0 -0 -1 -0.04445643 -0.1659137 -0.9851377 -0 -0 -1 -0 -0 -1 -9.868028e-017 -0.1717665 -0.9851377 -0 -0 -1 0.04445643 -0.1659137 -0.9851377 -0 -0 -1 0.08588323 -0.1487541 -0.9851377 -0 -0 -1 0.1214572 -0.1214572 -0.9851377 -0 -0 -1 -0 -0 -1 0.1487541 -0.08588323 -0.9851377 -0 -0 -1 0.1659137 -0.04445643 -0.9851377 0.1618546 0.0174258 -0.9866608 0.1625559 0.008725441 -0.9866608 0.1672886 -0.008714163 -0.9858695 -0 -0 -1 -0.1590592 0.03465135 -0.9866608 -0 -0 -1 -0 -0 -1 -0.1569733 0.04312701 -0.9866608 -0 -0 -1 -0.1544361 0.05147869 -0.9866608 -0 -0 -1 -0.1514549 0.05968238 -0.9866608 -0 -0 -1 -0 -0 -1 -0.1480382 0.06771447 -0.9866608 -0 -0 -1 -0.1441959 0.07555189 -0.9866608 -0 -0 -1 -0.1398421 0.0781188 -0.9870875 -0.1399391 0.0831721 -0.9866608 -0 -0 -1 -0 -0 -1 -0.13528 0.0905532 -0.9866608 -0 -0 -1 1.836283e-016 0.1512351 -0.9884978 0.13528 0.0905532 -0.9866608 -0 -0 -1 -0 -0 -1 0.1399391 0.0831721 -0.9866608 0.1398421 0.0781188 -0.9870875 -0 -0 -1 0.1441959 0.07555189 -0.9866608 -0 -0 -1 0.1480382 0.06771447 -0.9866608 -0 -0 -1 -0 -0 -1 0.1514549 0.05968238 -0.9866608 -0 -0 -1 0.1544361 0.05147869 -0.9866608 -0 -0 -1 -0 -0 -1 -0 -0 -1 -0 -0 -1 -0.3143091 -0.03383955 0.9487174 0.3143091 0.03383955 -0.9487174 -0.9942542 -0.1070447 0 -0.9942542 -0.1070447 0 0.9942542 0.1070447 -0 0.9942542 0.1070447 -0 0 0 -1 0 0 -1 0 0 -1 0 0 -1 0 0 -1 0 0 -1 0 0 -1 0 0 -1 0 0 -1 0 0 -1 0 0 -1 0 0 -1 0 0 -1 0 0 -1 0 0 -1 0 0 -1 0 0 -1 0 0 -1 0 0 -1 0 0 -1 0 0 -1 0 0 -1 0 0 -1 0 0 -1 0 0 -1 0 0 -1 0 0 -1 0 0 -1 0 0 -1 0 0 -1 0 0 -1 0 0 -1 0 0 -1 0 0 -1 0 0 -1 0 0 -1 0 0 -1 0 0 -1 0 0 -1 0 0 -1 0 0 -1 0 0 -1 0 0 -1 0 0 -1 0 0 -1 0 0 -1 0 0 -1 0 0 -1 0 0 -1 0 0 -1 0 0 -1 0 0 -1 0 0 -1 0 0 -1 0 0 -1 0 0 -1 0 0 -1 0 0 -1 0 0 -1 0 0 -1 0 0 -1 0 0 -1 0 0 -1 0 0 -1 0 0 -1 0 0 -1 0 0 -1 0 0 -1 0 0 -1 0 0 -1 0 0 -1 0 0 -1 0 0 -1 0 0 -1 0 0 -1 0 0 -1 -0 -0 1 -0 -0 1 -0 -0 1 -0 -0 1 -0 -0 1 -0 -0 1 -0 -0 1 -0 -0 1 -0 -0 1 -0 -0 1 -0 -0 1 -0 -0 1 -0 -0 1 -0 -0 1 -0 -0 1 -0 -0 1 -0 -0 1 -0 -0 1 -0 -0 1 -0 -0 1 -0 -0 1 -0 -0 1 -0 -0 1 -0 -0 1 -0 -0 1 -0 -0 1 -0 -0 1 -0 -0 1 -0 -0 1 -0 -0 1 -0 -0 1 -0 -0 1 -0 -0 1 -0 -0 1 -0 -0 1 -0 -0 1 -0 -0 1 -0 -0 1 -0 -0 1 -0 -0 1 -0 -0 1 -0 -0 1 -0 -0 1 -0 -0 1 -0 -0 1 -0 -0 1 -0 -0 1 -0 -0 1 -0 -0 1 -0 -0 1 -0 -0 1 -0 -0 1 -0 -0 1 -0 -0 1 -0 -0 1 -0 -0 1 -0 -0 1 -0 -0 1 -0 -0 1 -0 -0 1 -0 -0 1 -0 -0 1 -0 -0 1 -0 -0 1 -0 -0 1 -0 -0 1 -0 -0 1 -0 -0 1 -0 -0 1 -0 -0 1 -0 -0 1 -0 -0 1 -0 -0 1 -0 -0 1 -0 -0 1 -0 -0 1 -0.9642692 -0.2649243 0 -0.9642692 -0.2649243 0 0.9642692 0.2649243 -0 0.9642692 0.2649243 -0 -0.2999029 -0.09996765 0.9487174 0.2999029 0.09996765 -0.9487174 0.2941136 -0.1158986 0.9487174 0.2999029 -0.09996765 0.9487174 -0.2999029 0.09996765 -0.9487174 -0.2941136 0.1158986 -0.9487174 0.30483 -0.08374933 0.9487174 -0.30483 0.08374933 -0.9487174 0.3088808 -0.06729024 0.9487174 -0.3088808 0.06729024 -0.9487174 0.3120435 -0.05063769 0.9487174 -0.3120435 0.05063769 -0.9487174 0.3143091 -0.03383955 0.9487174 -0.3143091 0.03383955 -0.9487174 0.315671 -0.01694413 0.9487174 -0.315671 0.01694413 -0.9487174 0.314916 0.01640417 0.9489778 -0.314916 -0.01640417 -0.9489778 0.3030977 0.08121478 0.9494925 -0.3030977 -0.08121478 -0.9494925 0.2717499 0.1568949 0.9494925 -0.2717499 -0.1568949 -0.9494925 0.2218829 0.2218829 0.9494925 -0.2218829 -0.2218829 -0.9494925 0.1568949 0.2717499 0.9494925 -0.1568949 -0.2717499 -0.9494925 0.08121478 0.3030977 0.9494925 -0.08121478 -0.3030977 -0.9494925 3.120631e-017 0.3137898 0.9494925 -3.120631e-017 -0.3137898 -0.9494925 -0.08121478 0.3030977 0.9494925 0.08121478 -0.3030977 -0.9494925 -0.1568949 0.2717499 0.9494925 0.1568949 -0.2717499 -0.9494925 -0.2218829 0.2218829 0.9494925 0.2218829 -0.2218829 -0.9494925 -0.2717499 0.1568949 0.9494925 0.2717499 -0.1568949 -0.9494925 -0.3030977 0.08121478 0.9494925 0.3030977 -0.08121478 -0.9494925 -0.314916 0.01640417 0.9489778 0.314916 -0.01640417 -0.9489778 -0.315671 -0.01694413 0.9487174 0.315671 0.01694413 -0.9487174 -0.2941136 -0.1158986 0.9487174 0.2941136 0.1158986 -0.9487174 -0.2874788 -0.1314963 0.9487174 0.2874788 0.1314963 -0.9487174 -0.2800174 -0.1467159 0.9487174 0.2800174 0.1467159 -0.9487174 -0.2760727 -0.1542202 0.9486833 -0.271751 -0.1615138 0.9487174 0.271751 0.1615138 -0.9487174 0.2760727 0.1542202 -0.9486833 -0.2627033 -0.1758473 0.9487174 0.2627033 0.1758473 -0.9487174 2.238251e-016 -0.1892936 0.9819205 -2.238251e-016 0.1892936 -0.9819205 0.2627033 -0.1758473 0.9487174 -0.2627033 0.1758473 -0.9487174 0.271751 -0.1615138 0.9487174 -0.271751 0.1615138 -0.9487174 0.2760727 -0.1542202 0.9486833 0.2800174 -0.1467159 0.9487174 -0.2800174 0.1467159 -0.9487174 -0.2760727 0.1542202 -0.9486833 0.2874788 -0.1314963 0.9487174 -0.2874788 0.1314963 -0.9487174 -0.9985625 -0.05359939 0 -0.9985625 -0.05359939 0 0.9985625 0.05359939 -0 0.9985625 0.05359939 -0 -0.998646 0.05202008 0 -0.998646 0.05202008 0 0.998646 -0.05202008 -0 0.998646 -0.05202008 -0 -0.9659258 0.258819 0 -0.9659258 0.258819 0 0.9659258 -0.258819 -0 0.9659258 -0.258819 -0 -0.8660254 0.5 0 -0.8660254 0.5 0 0.8660254 -0.5 -0 0.8660254 -0.5 -0 -0.7071068 0.7071068 0 -0.7071068 0.7071068 0 0.7071068 -0.7071068 -0 0.7071068 -0.7071068 -0 -0.5 0.8660254 0 -0.5 0.8660254 0 0.5 -0.8660254 -0 0.5 -0.8660254 -0 -0.258819 0.9659258 0 -0.258819 0.9659258 0 0.258819 -0.9659258 -0 0.258819 -0.9659258 -0 2.406e-016 1 0 2.406e-016 1 0 -2.406e-016 -1 -0 -2.406e-016 -1 -0 0.258819 0.9659258 0 0.258819 0.9659258 0 -0.258819 -0.9659258 -0 -0.258819 -0.9659258 -0 0.5 0.8660254 0 0.5 0.8660254 0 -0.5 -0.8660254 -0 -0.5 -0.8660254 -0 0.7071068 0.7071068 0 0.7071068 0.7071068 0 -0.7071068 -0.7071068 -0 -0.7071068 -0.7071068 -0 0.8660254 0.5 0 0.8660254 0.5 0 -0.8660254 -0.5 -0 -0.8660254 -0.5 -0 0.9659258 0.258819 0 0.9659258 0.258819 0 -0.9659258 -0.258819 -0 -0.9659258 -0.258819 -0 0.998646 0.05202008 0 0.998646 0.05202008 0 -0.998646 -0.05202008 -0 -0.998646 -0.05202008 -0 0.9985625 -0.05359939 0 0.9985625 -0.05359939 0 -0.9985625 0.05359939 -0 -0.9985625 0.05359939 -0 0.9942542 -0.1070447 0 0.9942542 -0.1070447 0 -0.9942542 0.1070447 -0 -0.9942542 0.1070447 -0 0.9870875 -0.1601822 0 0.9870875 -0.1601822 0 -0.9870875 0.1601822 -0 -0.9870875 0.1601822 -0 0.9770829 -0.2128593 0 0.9770829 -0.2128593 0 -0.9770829 0.2128593 -0 -0.9770829 0.2128593 -0 0.9642692 -0.2649243 0 0.9642692 -0.2649243 0 -0.9642692 0.2649243 -0 -0.9642692 0.2649243 -0 0.9486833 -0.3162278 0 0.9486833 -0.3162278 0 -0.9486833 0.3162278 -0 -0.9486833 0.3162278 -0 0.93037 -0.366622 0 0.93037 -0.366622 0 -0.93037 0.366622 -0 -0.93037 0.366622 -0 0.9093819 -0.4159623 0 0.9093819 -0.4159623 0 -0.9093819 0.4159623 -0 -0.9093819 0.4159623 -0 0.8857793 -0.4641067 0 0.8857793 -0.4641067 0 -0.8857793 0.4641067 -0 -0.8857793 0.4641067 -0 0.8730185 -0.487687 0 0.8730185 -0.487687 0 -0.8730185 0.487687 -0 -0.8730185 0.487687 -0 0.8730185 -0.487687 0 0.8596302 -0.5109168 0 0.8596302 -0.5109168 0 0.8730185 -0.487687 0 -0.8730185 0.487687 -0 -0.8730185 0.487687 -0 -0.8596302 0.5109168 -0 -0.8596302 0.5109168 -0 0.8310097 -0.556258 0 0.8310097 -0.556258 0 -0.8310097 0.556258 -0 -0.8310097 0.556258 -0 0.8157981 -0.5783369 0 0.8157981 -0.5783369 0 -0.8157981 0.5783369 -0 -0.8157981 0.5783369 -0 -0.8310097 -0.556258 0 -0.8157981 -0.5783369 -0 -0.8157981 -0.5783369 -0 -0.8310097 -0.556258 0 0.8310097 0.556258 -0 0.8310097 0.556258 -0 0.8157981 0.5783369 0 0.8157981 0.5783369 0 -0.8596302 -0.5109168 0 -0.8596302 -0.5109168 0 0.8596302 0.5109168 -0 0.8596302 0.5109168 -0 -0.8730185 -0.487687 -0 -0.8730185 -0.487687 -0 0.8730185 0.487687 0 0.8730185 0.487687 0 -0.8857793 -0.4641067 0 -0.8730185 -0.487687 -0 -0.8730185 -0.487687 -0 -0.8857793 -0.4641067 0 0.8857793 0.4641067 -0 0.8857793 0.4641067 -0 0.8730185 0.487687 0 0.8730185 0.487687 0 -0.9093819 -0.4159623 0 -0.9093819 -0.4159623 0 0.9093819 0.4159623 -0 0.9093819 0.4159623 -0 -0.93037 -0.366622 0 -0.93037 -0.366622 0 0.93037 0.366622 -0 0.93037 0.366622 -0 -0.9486833 -0.3162278 0 -0.9486833 -0.3162278 0 0.9486833 0.3162278 -0 0.9486833 0.3162278 -0</float_array>
                    <technique_common>
                        <accessor count="540" source="#ID35" stride="3">
                            <param name="X" type="float" />
                            <param name="Y" type="float" />
                            <param name="Z" type="float" />
                        </accessor>
                    </technique_common>
                </source>
                <source id="ID33">
                    <float_array id="ID36" count="1748">0.0880398 -0.1003079 0.06149865 -0.08976702 0.06123046 -0.1003079 0.08777161 -0.08976702 -0.2824516 0.2124169 -0.2820494 0.1728884 -0.3218611 0.2124169 -0.3222634 0.1728884 0.06123046 0.003333333 0.0880398 -0.0003333333 0.0880398 0.003333333 0.06123046 -0.0003333333 -0.3222634 0 -0.3222634 0.01375 -0.2820494 0 -0.2820494 0.01375 0.1089957 -0.104639 0.08245461 -0.09409804 0.08218642 -0.104639 0.1087276 -0.09409804 -0.2380233 0.2480293 -0.237621 0.2085008 -0.2774327 0.2480293 -0.277835 0.2085008 -0.07876709 -0.1043003 -0.07996482 -0.001043645 -0.08366931 -0.07848872 -0.07930283 -0.02572732 -0.07723487 -0.05138068 -0.07248844 -0.129812 -0.07379488 -0.07688632 -0.06899275 -0.1021709 -0.0648514 -0.1549505 -0.06284228 -0.1271618 -0.05587794 -0.1796435 -0.05536116 -0.1517871 -0.04559384 -0.20382 -0.04657089 -0.1759759 -0.03649675 -0.1996589 -0.03402868 -0.2274106 -0.0251677 -0.2227679 -0.02183906 -0.2492315 -0.01310888 -0.2443546 -0.0212157 -0.2503474 -0.007191742 -0.2725644 -0.01261631 -0.2452364 -1.387779e-017 -0.2652234 -2.775558e-017 -0.282709 0.007191742 -0.2725644 0.01261631 -0.2452364 0.0212157 -0.2503474 0.01310888 -0.2443546 0.0251677 -0.2227679 0.02183906 -0.2492315 0.03402868 -0.2274106 0.03649675 -0.1996589 0.04559384 -0.20382 0.04657089 -0.1759759 0.05587794 -0.1796435 0.05536116 -0.1517871 0.06284228 -0.1271618 0.0648514 -0.1549505 0.06899275 -0.1021709 0.07248844 -0.129812 0.07379488 -0.07688632 0.07876709 -0.1043003 0.07723487 -0.05138068 0.07930283 -0.02572732 0.08366931 -0.07848872 0.07996482 -0.001043645 -0.08929204 -0.02626351 -0.08684998 0.02327138 -0.08998241 -0.0005218224 -0.08718099 -0.05245151 -0.07786756 0.04495686 -0.07710737 0.02066086 -0.06357859 0.06357859 -0.06913257 0.03991371 -0.05644651 0.05644651 -0.04495686 0.07786756 -0.03991371 0.06913257 -0.02327138 0.08684998 -0.02066086 0.07710737 2.775558e-017 0.08991371 5.551115e-017 0.07982742 0.02327138 0.08684998 0.02066086 0.07710737 0.03991371 0.06913257 0.04495686 0.07786756 0.05644651 0.05644651 0.06357859 0.06357859 0.06913257 0.03991371 0.07786756 0.04495686 0.07710737 0.02066086 0.08684998 0.02327138 0.08718099 -0.05245151 0.08998241 -0.0005218224 0.08929204 -0.02626351 0.2839381 1.026512 0.2807715 0.9283068 0.2849736 1.123043 0.280275 1.212268 0.275504 0.8306673 0.2699472 1.121086 0.2668013 1.293588 0.2656611 1.202478 0.2536989 1.274676 0.2453679 1.36342 0.2346698 1.336674 0.2174353 1.417003 0.2098706 1.384247 0.1849071 1.450687 0.1809913 1.414153 0.15 1.424353 0.15 1.462176 0.1190087 1.414153 0.1150929 1.450687 0.09012943 1.384247 0.08256472 1.417003 0.06533023 1.336674 0.05463211 1.36342 0.04630114 1.274676 0.03433895 1.202478 0.03319866 1.293588 0.03005277 1.121086 0.02449604 0.8306673 0.01972504 1.212268 0.01922852 0.9283068 0.01606193 1.026512 0.01502639 1.123043 0.2689542 1.028523 0.2681506 0.733874 0.2658523 0.9323224 0.2606923 0.8366763 0.2587327 0.6382051 0.2534891 0.741859 0.2472771 0.5439357 0.2442634 0.6481433 0.2338169 0.4513369 0.2330417 0.5557985 0.2198563 0.4650902 0.2183908 0.3606749 0.2047451 0.3762791 0.201043 0.2722102 0.1877515 0.2896205 0.1827586 0.1903819 0.1818235 0.1861973 0.1696633 0.2086702 0.1689245 0.2053636 0.1607876 0.1028834 0.15 0.1304123 0.15 0.0648411 0.1392124 0.1028834 0.1310755 0.2053636 0.1303367 0.2086702 0.1181765 0.1861973 0.1172414 0.1903819 0.1122485 0.2896205 0.09895698 0.2722102 0.09525487 0.3762791 0.08160924 0.3606749 0.08014366 0.4650902 0.06695826 0.5557985 0.06618309 0.4513369 0.05573658 0.6481433 0.05272289 0.5439357 0.04651088 0.741859 0.04126734 0.6382051 0.03930768 0.8366763 0.03414769 0.9323224 0.03184936 0.733874 0.03104576 1.028523 0.06686927 -0.09704874 0.04032813 -0.08650781 0.04005994 -0.09704874 0.06660108 -0.08650781 -0.3260113 0.1712078 -0.325609 0.1316793 -0.3654208 0.1712078 -0.365823 0.1316793 0.04005994 0.003333333 0.06686927 -0.0003333333 0.06686927 0.003333333 0.04005994 -0.0003333333 -0.365823 0 -0.365823 0.01375 -0.325609 0 -0.325609 0.01375 0.09659258 0.0258819 0.09928126 -0.0267997 0.1 0 0.0971271 -0.05352235 0.09354373 -0.08009112 0.08998241 -0.0005218224 0.08660254 0.05 0.08684998 0.02327138 0.07786756 0.04495686 0.07071068 0.07071068 0.06357859 0.06357859 0.05 0.08660254 0.04495686 0.07786756 0.0258819 0.09659258 0.02327138 0.08684998 0 0.1 -6.938894e-017 0.08991371 -0.0258819 0.09659258 -0.02327138 0.08684998 -0.04495686 0.07786756 -0.05 0.08660254 -0.06357859 0.06357859 -0.07071068 0.07071068 -0.07786756 0.04495686 -0.08660254 0.05 -0.08684998 0.02327138 -0.09659258 0.0258819 -0.08998241 -0.0005218224 -0.09354373 -0.08009112 -0.0971271 -0.05352235 -0.1 0 -0.09928126 -0.0267997 0.08854143 -0.1064296 0.08929204 -0.02626351 0.08718099 -0.05245151 0.0821346 -0.1324622 0.08366931 -0.07848872 0.07876709 -0.1043003 0.07434165 -0.1581139 0.07248844 -0.129812 0.06518498 -0.183311 0.0648514 -0.1549505 0.05469093 -0.2079812 0.05587794 -0.1796435 0.04559384 -0.20382 0.04288966 -0.2320533 0.03402868 -0.2274106 0.03056925 -0.2541084 0.02183906 -0.2492315 0.02981509 -0.2554584 0.01550483 -0.278129 0.0212157 -0.2503474 0.007191742 -0.2725644 1.387779e-017 -0.3 2.775558e-017 -0.282709 -0.007191742 -0.2725644 -0.01550483 -0.278129 -0.0212157 -0.2503474 -0.02981509 -0.2554584 -0.02183906 -0.2492315 -0.03402868 -0.2274106 -0.03056925 -0.2541084 -0.04288966 -0.2320533 -0.05469093 -0.2079812 -0.05587794 -0.1796435 -0.06518498 -0.183311 -0.07248844 -0.129812 -0.07434165 -0.1581139 -0.07876709 -0.1043003 -0.0821346 -0.1324622 -0.08366931 -0.07848872 -0.08854143 -0.1064296 -0.08929204 -0.02626351 -0.2849736 1.123043 -0.2839381 1.026512 -0.2903156 0.8246583 -0.2828122 0.7258889 -0.2807715 0.9283068 -0.275504 0.8306673 -0.2732019 0.6282669 -0.2681506 0.733874 -0.2615125 0.5320729 -0.2587327 0.6382051 -0.2477775 0.4375837 -0.2472771 0.5439357 -0.2338169 0.4513369 -0.2320364 0.3450707 -0.2183908 0.3606749 -0.2143345 0.2548 -0.201043 0.2722102 -0.1958539 0.1720937 -0.1947226 0.1670311 -0.1827586 0.1903819 -0.1818235 0.1861973 -0.1732572 0.08201626 -0.1607876 0.1028834 -0.15 0 -0.15 0.0648411 -0.1392124 0.1028834 -0.1267428 0.08201626 -0.1181765 0.1861973 -0.1172414 0.1903819 -0.1052774 0.1670311 -0.1041461 0.1720937 -0.09895698 0.2722102 -0.08566552 0.2548 -0.08160924 0.3606749 -0.06796361 0.3450707 -0.06618309 0.4513369 -0.05272289 0.5439357 -0.05222252 0.4375837 -0.04126734 0.6382051 -0.03848753 0.5320729 -0.03184936 0.733874 -0.0267981 0.6282669 -0.02449604 0.8306673 -0.01922852 0.9283068 -0.01718785 0.7258889 -0.01606193 1.026512 -0.01502639 1.123043 -0.009684407 0.8246583 -0.2989219 1.024501 -0.3 1.125 -0.2956907 0.9242912 -0.2948889 1.222057 -0.280275 1.212268 -0.2799038 1.3125 -0.2668013 1.293588 -0.256066 1.390165 -0.2453679 1.36342 -0.225 1.44976 -0.2174353 1.417003 -0.1888229 1.487222 -0.1849071 1.450687 -0.15 1.462176 -0.15 1.5 -0.1150929 1.450687 -0.1111771 1.487222 -0.08256472 1.417003 -0.075 1.44976 -0.05463211 1.36342 -0.04393398 1.390165 -0.03319866 1.293588 -0.02009619 1.3125 -0.01972504 1.212268 -0.005111126 1.222057 -0.004309343 0.9242912 -0.001078111 1.024501 0 1.125 0.08218642 0.003333333 0.1089957 -0.0003333333 0.1089957 0.003333333 0.08218642 -0.0003333333 -0.277835 0 -0.277835 0.01375 -0.237621 0 -0.237621 0.01375 0.1296769 -0.1100293 0.1031357 -0.09948841 0.1028675 -0.1100293 0.1294087 -0.09948841 -0.192854 0.2779427 -0.1924517 0.2384142 -0.2322634 0.2779427 -0.2326657 0.2384142 -0.1500237 -0.1164636 -0.1234826 -0.1059227 -0.1497555 -0.1059227 -0.1232144 -0.1164636 0.2893496 -0.4061826 0.2491356 -0.4061826 0.2889473 -0.3666542 0.2495378 -0.3666542 -0.1296769 -0.1100293 -0.1031357 -0.09948841 -0.1294087 -0.09948841 -0.1028675 -0.1100293 0.3198698 -0.4423752 0.2796558 -0.4423752 0.3194675 -0.4028468 0.2800581 -0.4028468 -0.1089957 -0.104639 -0.08245461 -0.09409804 -0.1087276 -0.09409804 -0.08218642 -0.104639 0.3495283 -0.4823956 0.3093143 -0.4823956 0.349126 -0.4428671 0.3097166 -0.4428671 -0.0880398 -0.1003079 -0.06149865 -0.08976702 -0.08777161 -0.08976702 -0.06123046 -0.1003079 0.3782397 -0.5261287 0.3380257 -0.5261287 0.3778374 -0.4866002 0.338428 -0.4866002 -0.06686927 -0.09704874 -0.04032813 -0.08650781 -0.06660108 -0.08650781 -0.04005994 -0.09704874 0.4059215 -0.5734488 0.3657075 -0.5734488 0.4055192 -0.5339203 0.3661098 -0.5339203 -0.04554504 -0.09487072 -0.01900389 -0.08432979 -0.04527685 -0.08432979 -0.0187357 -0.09487072 0.4324941 -0.6242198 0.3922801 -0.6242198 0.4320918 -0.5846914 0.3926824 -0.5846914 -0.0241284 -0.09378014 0.001890734 -0.08323921 -0.02386021 -0.08323921 0.002680933 -0.09378014 0.4578811 -0.6782958 0.4176671 -0.6782958 0.4566958 -0.6387674 0.4180693 -0.6387674 -0.01226242 -0.0824617 0.01305262 -0.09300263 0.01173609 -0.0824617 -0.01305262 -0.09300263 0.4069923 -0.8403838 0.4081776 -0.8008553 0.4461502 -0.8403838 0.4441754 -0.8008553 -0.01173609 -0.0824617 0.01305262 -0.09300263 0.01173609 -0.0824617 -0.01305262 -0.09300263 0.3387643 -1.085467 0.3407391 -1.045938 0.3779222 -1.085467 0.3759474 -1.045938 -0.01173609 -0.0824617 0.01305262 -0.09300263 0.01173609 -0.0824617 -0.01305262 -0.09300263 0.2461159 -1.280317 0.2480906 -1.240789 0.2852737 -1.280317 0.2832989 -1.240789 -0.01173609 -0.0824617 0.01173609 -0.0824617 -0.01305262 -0.09300263 0.1353607 -1.411656 0.1373355 -1.372128 0.1745186 -1.411656 0.1725438 -1.372128 -0.01173609 -0.0824617 0.01305262 -0.09300263 0.01173609 -0.0824617 -0.01305262 -0.09300263 0.01404669 -1.470534 0.01602147 -1.431006 0.05320454 -1.470534 0.05122976 -1.431006 0.01173609 -0.0824617 -0.01305262 -0.09300263 0.01305262 -0.09300263 -0.01173609 -0.0824617 -0.1075841 -1.41341 -0.0723758 -1.41341 -0.1095589 -1.452938 -0.07040101 -1.452938 0.01173609 -0.0824617 -0.01305262 -0.09300263 0.01305262 -0.09300263 -0.01173609 -0.0824617 -0.2250577 -1.320539 -0.1898494 -1.320539 -0.2270324 -1.360067 -0.1878746 -1.360067 0.01173609 -0.0824617 -0.01305262 -0.09300263 -0.01173609 -0.0824617 -0.3283936 -1.158722 -0.2931853 -1.158722 -0.3303684 -1.19825 -0.2912105 -1.19825 0.01173609 -0.0824617 -0.01305262 -0.09300263 0.01305262 -0.09300263 -0.01173609 -0.0824617 -0.4105498 -0.9389866 -0.3753415 -0.9389866 -0.4125246 -0.9785151 -0.3733667 -0.9785151 0.01173609 -0.0824617 0.01305262 -0.09300263 -0.01173609 -0.0824617 -0.4659274 -0.6763077 -0.4307191 -0.6763077 -0.4679021 -0.7158362 -0.4287443 -0.7158362 -0.01305262 -0.09300263 0.01305262 -0.09300263 -0.01173609 -0.0824617 -0.4907524 -0.3885862 -0.4555442 -0.3885862 -0.4927272 -0.4281147 -0.4535694 -0.4281147 0.01226242 -0.0824617 -0.01305262 -0.09300263 0.01305262 -0.09300263 -0.4833333 -0.09542992 -0.4473355 -0.09542992 -0.485308 -0.1349584 -0.4461502 -0.1349584 0.0241284 -0.09378014 -0.001890734 -0.08323921 -0.002680933 -0.09378014 0.02386021 -0.08323921 -0.4100265 0.07248937 -0.4096243 0.03296089 -0.448653 0.07248937 -0.4498383 0.03296089 0.04554504 -0.09487072 0.01900389 -0.08432979 0.0187357 -0.09487072 0.04527685 -0.08432979 -0.3685771 0.1245205 -0.3681748 0.08499207 -0.4079865 0.1245205 -0.4083888 0.08499207 0.1500237 -0.1164636 0.1234826 -0.1059227 0.1232144 -0.1164636 0.1497555 -0.1059227 -0.1470735 0.3020711 -0.1466713 0.2625426 -0.186483 0.3020711 -0.1868853 0.2625426 0.1699778 -0.1239232 0.1434367 -0.1133823 0.1431685 -0.1239232 0.1697096 -0.1133823 -0.1008136 0.3203451 -0.1004113 0.2808167 -0.1402231 0.3203451 -0.1406253 0.2808167 0.1894818 -0.1323867 0.1629406 -0.1218458 0.1626724 -0.1323867 0.1892136 -0.1218458 -0.05420725 0.3327122 -0.05380496 0.2931837 -0.09361668 0.3327122 -0.09401896 0.2931837 0.2069331 -0.1418298 0.1819383 -0.1312889 0.1816701 -0.1418298 0.2069331 -0.1312889 0.2084795 -0.1418298 0.2082113 -0.1312889 -0.007388365 0.3391368 -0.00698608 0.2996084 -0.009305674 0.3391368 -0.009305674 0.2996084 -0.0467978 0.3391368 -0.04720008 0.2996084 0.2269164 -0.1522254 0.2003752 -0.1416844 0.200107 -0.1522254 0.2266482 -0.1416844 0.03950841 0.3396005 0.03991069 0.300072 9.897676e-005 0.3396005 -0.0003033078 0.300072 0.2447394 -0.1635435 0.2181983 -0.1530025 0.2179301 -0.1635435 0.2306335 -0.1530025 0.06559163 0.3341018 0.08675053 0.2945734 0.04693881 0.3341018 0.04653653 0.2945734 -0.2447394 -0.1635435 -0.2181983 -0.1530025 -0.2306335 -0.1530025 -0.2179301 -0.1635435 0.1269645 -0.2858771 0.08675053 -0.2858771 0.1265622 -0.2463486 0.1079094 -0.2463486 -0.2269164 -0.1522254 -0.2003752 -0.1416844 -0.2266482 -0.1416844 -0.200107 -0.1522254 0.1604371 -0.3015999 0.1202231 -0.3015999 0.1600348 -0.2620715 0.1206254 -0.2620715 -0.2084795 -0.1418298 -0.2069331 -0.1312889 -0.2082113 -0.1312889 -0.1819383 -0.1312889 -0.2069331 -0.1418298 -0.1816701 -0.1418298 0.1935062 -0.3215552 0.1556118 -0.3215552 0.1931039 -0.2820268 0.1532922 -0.3215552 0.1556118 -0.2820268 0.1536945 -0.2820268 -0.1894818 -0.1323867 -0.1629406 -0.1218458 -0.1892136 -0.1218458 -0.1626724 -0.1323867 0.2260768 -0.3456857 0.1858628 -0.3456857 0.2256745 -0.3061572 0.1862651 -0.3061572 -0.1699778 -0.1239232 -0.1434367 -0.1133823 -0.1697096 -0.1133823 -0.1431685 -0.1239232 0.2580552 -0.3739219 0.2178412 -0.3739219 0.2576529 -0.3343934 0.2182435 -0.3343934 0.0187357 0.003333333 0.04554504 -0.0003333333 0.04554504 0.003333333 0.0187357 -0.0003333333 -0.4083888 0 -0.4083888 0.01375 -0.3681748 0 -0.3681748 0.01375 -0.002680933 0.003333333 0.0241284 -0.0003333333 0.0241284 0.003333333 -0.002680933 -0.0003333333 -0.4498383 0 -0.4498383 0.01375 -0.4096243 0 -0.4096243 0.01375 -0.01305262 0.003333333 0.01305262 -0.0003333333 0.01305262 0.003333333 -0.01305262 -0.0003333333 -0.485308 0 -0.485308 0.01375 -0.4461502 0 -0.4461502 0.01375 -0.01305262 0.003333333 -0.01305262 -0.0003333333 -0.4927272 0 -0.4927272 0.01375 -0.4535694 0 -0.4535694 0.01375 -0.01305262 0.003333333 0.01305262 -0.0003333333 0.01305262 0.003333333 -0.01305262 -0.0003333333 -0.4679021 0 -0.4679021 0.01375 -0.4287443 0 -0.4287443 0.01375 0.01305262 0.003333333 0.01305262 -0.0003333333 -0.4125246 0.01375 -0.3733667 0.01375 -0.4125246 0 -0.3733667 0 0.01305262 0.003333333 0.01305262 -0.0003333333 -0.3303684 0.01375 -0.2912105 0.01375 -0.3303684 0 -0.2912105 0 -0.2270324 0.01375 -0.1878746 0.01375 -0.2270324 0 -0.1878746 0 -0.01305262 -0.0003333333 -0.01305262 0.003333333 -0.1095589 0.01375 -0.07040101 0.01375 -0.1095589 0 -0.07040101 0 0.01305262 0.003333333 0.01305262 -0.0003333333 0.01404669 0.01375 0.05320454 0.01375 0.01404669 0 0.05320454 0 0.01305262 0.003333333 -0.01305262 -0.0003333333 0.01305262 -0.0003333333 -0.01305262 0.003333333 0.1353607 0.01375 0.1745186 0.01375 0.1353607 0 0.1745186 0 -0.01305262 0.003333333 -0.01305262 -0.0003333333 0.2852737 0.01375 0.2852737 0 0.2461159 0.01375 0.2461159 0 0.01305262 -0.0003333333 -0.01305262 0.003333333 -0.01305262 -0.0003333333 0.01305262 0.003333333 0.3779222 0.01375 0.3779222 0 0.3387643 0.01375 0.3387643 0 0.01305262 -0.0003333333 0.01305262 0.003333333 0.4461502 0.01375 0.4461502 0 0.4069923 0.01375 0.4069923 0 0.002680933 -0.0003333333 -0.0241284 0.003333333 -0.0241284 -0.0003333333 0.002680933 0.003333333 0.4578811 0.01375 0.4578811 0 0.4176671 0.01375 0.4176671 0 -0.0187357 -0.0003333333 -0.04554504 0.003333333 -0.04554504 -0.0003333333 -0.0187357 0.003333333 0.4324941 0.01375 0.4324941 0 0.3922801 0.01375 0.3922801 0 -0.04005994 -0.0003333333 -0.06686927 0.003333333 -0.06686927 -0.0003333333 -0.04005994 0.003333333 0.4059215 0.01375 0.4059215 0 0.3657075 0.01375 0.3657075 0 -0.06123046 -0.0003333333 -0.0880398 0.003333333 -0.0880398 -0.0003333333 -0.06123046 0.003333333 0.3782397 0.01375 0.3782397 0 0.3380257 0.01375 0.3380257 0 -0.08218642 -0.0003333333 -0.1089957 0.003333333 -0.1089957 -0.0003333333 -0.08218642 0.003333333 0.3495283 0.01375 0.3495283 0 0.3093143 0.01375 0.3093143 0 -0.1028675 -0.0003333333 -0.1296769 0.003333333 -0.1296769 -0.0003333333 -0.1028675 0.003333333 0.3198698 0.01375 0.3198698 0 0.2796558 0.01375 0.2796558 0 -0.1232144 -0.0003333333 -0.1500237 0.003333333 -0.1500237 -0.0003333333 -0.1232144 0.003333333 0.2893496 0.01375 0.2893496 0 0.2491356 0.01375 0.2491356 0 -0.1431685 -0.0003333333 -0.1699778 0.003333333 -0.1699778 -0.0003333333 -0.1431685 0.003333333 0.2580552 0.01375 0.2580552 0 0.2178412 0.01375 0.2178412 0 -0.1626724 -0.0003333333 -0.1894818 0.003333333 -0.1894818 -0.0003333333 -0.1626724 0.003333333 0.2260768 0.01375 0.2260768 0 0.1858628 0.01375 0.1858628 0 -0.1816701 -0.0003333333 -0.2069331 0.003333333 -0.2069331 -0.0003333333 -0.1816701 0.003333333 0.1935062 0.01375 0.1935062 0 0.1556118 0.01375 0.1556118 0 -0.2069331 -0.0003333333 -0.2084795 0.003333333 -0.2084795 -0.0003333333 -0.2069331 0.003333333 0.1556118 0.01375 0.1556118 0 0.1532922 0.01375 0.1532922 0 -0.200107 -0.0003333333 -0.2269164 0.003333333 -0.2269164 -0.0003333333 -0.200107 0.003333333 0.1604371 0.01375 0.1604371 0 0.1202231 0.01375 0.1202231 0 -0.2179301 -0.0003333333 -0.2447394 0.003333333 -0.2447394 -0.0003333333 -0.2179301 0.003333333 0.1269645 0.01375 0.1269645 0 0.08675053 0.01375 0.08675053 0 0.2179301 0.003333333 0.2447394 -0.0003333333 0.2447394 0.003333333 0.2179301 -0.0003333333 0.04653653 0 0.04653653 0.01375 0.08675053 0 0.08675053 0.01375 0.200107 0.003333333 0.2269164 -0.0003333333 0.2269164 0.003333333 0.200107 -0.0003333333 -0.0003033078 0 -0.0003033078 0.01375 0.03991069 0 0.03991069 0.01375 0.2069331 0.003333333 0.2084795 -0.0003333333 0.2084795 0.003333333 0.2069331 -0.0003333333 -0.009305674 0 -0.009305674 0.01375 -0.00698608 0 -0.00698608 0.01375 0.1816701 0.003333333 0.2069331 -0.0003333333 0.2069331 0.003333333 0.1816701 -0.0003333333 -0.04720008 0 -0.04720008 0.01375 -0.009305674 0 -0.009305674 0.01375 0.1626724 0.003333333 0.1894818 -0.0003333333 0.1894818 0.003333333 0.1626724 -0.0003333333 -0.09401896 0 -0.09401896 0.01375 -0.05380496 0 -0.05380496 0.01375 0.1431685 0.003333333 0.1699778 -0.0003333333 0.1699778 0.003333333 0.1431685 -0.0003333333 -0.1406253 0 -0.1406253 0.01375 -0.1004113 0 -0.1004113 0.01375 0.1232144 0.003333333 0.1500237 -0.0003333333 0.1500237 0.003333333 0.1232144 -0.0003333333 -0.1868853 0 -0.1868853 0.01375 -0.1466713 0 -0.1466713 0.01375 0.1028675 0.003333333 0.1296769 -0.0003333333 0.1296769 0.003333333 0.1028675 -0.0003333333 -0.2326657 0 -0.2326657 0.01375 -0.1924517 0 -0.1924517 0.01375</float_array>
                    <technique_common>
                        <accessor count="874" source="#ID36" stride="2">
                            <param name="S" type="float" />
                            <param name="T" type="float" />
                        </accessor>
                    </technique_common>
                </source>
                <vertices id="ID32">
                    <input semantic="POSITION" source="#ID30" />
                    <input semantic="NORMAL" source="#ID31" />
                </vertices>
                <triangles count="302" material="Material3">
                    <input offset="0" semantic="VERTEX" source="#ID32" />
                    <input offset="1" semantic="TEXCOORD" source="#ID33" />
                    <p>0 0 1 1 2 2 1 1 0 0 3 3 8 8 9 9 10 10 9 9 8 8 11 11 16 16 3 17 0 18 3 17 16 16 17 19 3 24 20 25 1 26 20 25 3 24 21 27 21 27 3 24 22 28 22 28 3 24 17 29 22 28 17 29 23 30 23 30 17 29 24 31 24 31 17 29 25 32 24 31 25 32 26 33 26 33 25 32 27 34 26 33 27 34 28 35 28 35 27 34 29 36 28 35 29 36 30 37 30 37 29 36 31 38 31 38 29 36 32 39 31 38 32 39 33 40 33 40 32 39 34 41 33 40 34 41 35 42 35 42 34 41 36 43 35 42 36 43 37 44 35 42 37 44 38 45 38 45 37 44 39 46 39 46 37 44 40 47 39 46 40 47 41 48 39 46 41 48 42 49 42 49 41 48 43 50 42 49 43 50 44 51 44 51 43 50 45 52 45 52 43 50 46 53 45 52 46 53 47 54 45 52 47 54 48 55 48 55 47 54 49 56 48 55 49 56 50 57 50 57 49 56 51 58 50 57 51 58 52 59 52 59 51 58 53 60 53 60 51 58 54 61 53 60 54 61 55 62 55 62 54 61 56 63 55 62 56 63 57 64 57 64 56 63 58 65 57 64 58 65 59 66 59 66 58 65 60 67 60 67 58 65 61 68 60 67 61 68 62 69 63 70 64 71 65 72 64 71 63 70 66 73 64 71 66 73 1 26 64 71 1 26 67 74 67 74 1 26 20 25 67 74 20 25 68 75 67 74 68 75 69 76 69 76 68 75 70 77 69 76 70 77 71 78 69 76 71 78 72 79 72 79 71 78 73 80 72 79 73 80 74 81 74 81 73 80 75 82 74 81 75 82 76 83 76 83 75 82 77 84 76 83 77 84 78 85 78 85 77 84 79 86 78 85 79 86 80 87 78 85 80 87 81 88 81 88 80 87 82 89 81 88 82 89 83 90 83 90 82 89 84 91 83 90 84 91 85 92 85 92 84 91 86 93 85 92 86 93 62 69 85 92 62 69 87 94 87 94 62 69 61 68 87 94 61 68 88 95 87 94 88 95 89 96 89 96 88 95 90 97 2 172 66 173 162 174 66 173 2 172 1 175 164 180 11 181 8 182 11 181 164 180 165 183 168 188 169 189 170 190 169 189 168 188 171 191 171 191 168 188 172 192 172 192 168 188 173 193 173 193 168 188 174 194 173 193 174 194 175 195 175 195 174 194 176 196 176 196 174 194 177 197 176 196 177 197 178 198 178 198 177 197 179 199 178 198 179 199 180 200 180 200 179 199 181 201 180 200 181 201 182 202 182 202 181 201 183 203 182 202 183 203 184 204 184 204 183 203 185 205 184 204 185 205 186 206 186 206 185 205 187 207 187 207 185 205 188 208 187 207 188 208 189 209 189 209 188 208 190 210 189 209 190 210 191 211 191 211 190 210 192 212 191 211 192 212 193 213 193 213 192 212 194 214 193 213 194 214 195 215 195 215 194 214 196 216 196 216 194 214 197 217 197 217 194 214 198 218 197 217 198 218 199 219 173 193 200 220 172 192 200 220 173 193 201 221 200 220 201 221 202 222 200 220 202 222 203 223 203 223 202 222 204 224 203 223 204 224 205 225 203 223 205 225 206 226 206 226 205 225 207 227 206 226 207 227 208 228 208 228 207 227 209 229 208 228 209 229 210 230 210 230 209 229 211 231 210 230 211 231 212 232 210 230 212 232 213 233 213 233 212 232 214 234 213 233 214 234 215 235 215 235 214 234 216 236 215 235 216 236 217 237 217 237 216 236 218 238 218 238 216 236 219 239 218 238 219 239 220 240 218 238 220 240 221 241 221 241 220 240 222 242 221 241 222 242 223 243 221 241 223 243 224 244 224 244 223 243 225 245 224 244 225 245 226 246 226 246 225 245 227 247 226 246 227 247 228 248 226 246 228 248 229 249 229 249 228 248 230 250 230 250 228 248 231 36 230 250 231 36 232 251 232 251 231 36 233 252 232 251 233 252 234 253 234 253 233 252 235 32 234 253 235 32 236 254 234 253 236 254 237 255 237 255 236 254 238 256 237 255 238 256 239 257 239 257 238 256 240 258 239 257 240 258 241 259 241 259 240 258 242 73 241 259 242 73 243 260 241 259 243 260 196 216 196 216 243 260 195 215 10 337 320 338 321 339 320 338 10 337 9 340 324 345 17 346 16 347 17 346 324 345 25 348 326 353 54 354 51 355 54 354 326 353 327 356 327 361 56 362 54 363 56 362 327 361 330 364 330 369 58 370 56 371 58 370 330 369 332 372 332 377 61 378 58 379 61 378 332 377 334 380 334 385 88 386 61 387 88 386 334 385 336 388 336 393 90 394 88 395 90 394 336 393 338 396 338 401 89 402 90 403 89 402 338 401 340 404 89 409 342 410 87 411 342 410 89 409 340 412 87 417 344 418 85 419 344 418 87 417 342 420 85 425 346 426 83 427 346 426 85 425 344 428 83 433 348 410 81 434 348 410 83 433 346 435 81 440 350 441 78 442 350 441 81 440 348 443 76 448 350 449 352 450 350 449 76 448 78 451 74 456 352 457 354 458 352 457 74 456 76 459 72 464 354 465 356 410 354 465 72 464 74 466 69 471 356 472 358 473 356 472 69 471 72 474 67 479 358 457 360 480 358 457 67 479 69 481 64 448 360 486 362 487 360 486 64 448 67 488 65 493 362 494 364 495 362 494 65 493 64 466 366 500 65 501 364 502 65 501 366 500 63 503 162 508 63 509 366 510 63 509 162 508 66 511 368 516 25 517 324 518 25 517 368 516 27 519 370 524 27 525 368 526 27 525 370 524 29 527 372 532 29 533 370 534 29 533 372 532 32 535 374 540 32 541 372 542 32 541 374 540 34 543 34 543 374 540 375 544 34 543 375 544 36 545 378 552 36 553 375 554 36 553 378 552 37 555 380 560 37 561 378 562 37 561 380 560 40 563 380 568 41 569 40 570 41 569 380 568 382 571 382 576 43 577 41 578 43 577 382 576 384 579 384 584 46 585 43 586 46 585 384 584 47 587 47 587 384 584 386 588 47 587 386 588 387 589 387 596 49 597 47 598 49 597 387 596 390 599 390 604 51 605 49 606 51 605 390 604 326 607 392 612 165 613 164 614 165 613 392 612 393 615 396 620 393 621 392 622 393 621 396 620 397 623 400 628 397 629 396 630 397 629 400 628 401 631 404 636 401 629 400 630 401 629 404 636 405 637 408 642 405 643 404 644 405 643 408 642 409 645 408 650 412 631 409 651 412 631 408 650 413 628 413 656 416 631 412 657 416 631 413 656 417 628 417 656 420 637 416 657 420 637 417 656 421 636 421 650 424 666 420 651 424 666 421 650 425 667 425 672 428 637 424 673 428 637 425 672 429 636 429 678 432 679 428 680 432 679 429 678 433 681 432 643 436 686 437 687 436 686 432 643 433 644 437 692 440 693 441 694 440 693 437 692 436 695 441 700 444 681 445 679 444 681 441 700 440 701 445 706 448 707 449 708 448 707 445 706 444 709 449 714 452 715 453 716 452 715 449 714 448 717 453 722 456 723 457 724 456 723 453 722 452 725 457 730 460 731 461 732 460 731 457 730 456 733 461 738 464 739 465 740 464 739 461 738 460 741 465 746 468 747 469 748 468 747 465 746 464 749 469 754 472 755 473 756 472 755 469 754 468 757 473 762 476 763 477 764 476 763 473 762 472 765 477 770 480 771 481 772 480 771 477 770 476 773 481 778 484 779 485 780 484 779 481 778 480 781 488 786 489 787 490 788 489 787 488 786 491 789 490 794 496 795 497 796 496 795 490 794 489 797 497 802 500 803 501 804 500 803 497 802 496 805 504 810 505 811 506 812 505 811 504 810 507 813 512 818 507 819 504 820 507 819 512 818 513 821 516 826 513 827 512 828 513 827 516 826 517 829 520 834 521 835 522 836 521 835 520 834 523 837 528 842 523 843 520 844 523 843 528 842 529 845 532 850 529 851 528 852 529 851 532 850 533 853 536 858 533 859 532 860 533 859 536 858 537 861 321 866 537 867 536 868 537 867 321 866 320 869</p>
                </triangles>
                <triangles count="302" material="Material2">
                    <input offset="0" semantic="VERTEX" source="#ID32" />
                    <input offset="1" semantic="TEXCOORD" source="#ID33" />
                    <p>4 4 5 5 6 6 7 7 6 6 5 5 12 12 13 13 14 14 15 15 14 14 13 13 18 20 19 21 4 22 5 23 4 22 19 21 91 98 92 99 93 100 93 100 92 99 94 101 92 99 95 102 94 101 95 102 96 103 94 101 94 101 96 103 97 104 96 103 98 105 97 104 98 105 99 106 97 104 97 104 99 106 100 107 99 106 101 108 100 107 100 107 101 108 102 109 101 108 103 110 102 109 102 109 103 110 104 111 103 110 105 112 104 111 105 112 106 113 104 111 104 111 106 113 107 114 106 113 108 115 107 114 107 114 108 115 109 116 108 115 110 117 109 116 109 116 110 117 111 118 110 117 112 119 111 118 111 118 112 119 113 120 112 119 114 121 113 120 114 121 115 122 113 120 113 120 115 122 116 123 115 122 117 124 116 123 117 124 6 125 116 123 116 123 6 125 118 126 6 125 119 127 118 126 119 127 120 128 118 126 121 129 118 126 120 128 96 103 95 102 122 130 95 102 123 131 122 130 122 130 123 131 124 132 124 132 123 131 125 133 123 131 126 134 125 133 125 133 126 134 127 135 126 134 128 136 127 135 127 135 128 136 129 137 128 136 130 138 129 137 129 137 130 138 131 139 131 139 130 138 132 140 130 138 133 141 132 140 132 140 133 141 134 142 133 141 135 143 134 142 134 142 135 143 136 144 135 143 137 145 136 144 137 145 138 146 136 144 136 144 138 146 139 147 139 147 138 146 140 148 138 146 141 149 140 148 140 148 141 149 142 150 141 149 143 151 142 150 143 151 144 152 142 150 142 150 144 152 145 153 145 153 144 152 146 154 144 152 147 155 146 154 147 155 148 156 146 154 146 154 148 156 149 157 148 156 150 158 149 157 149 157 150 158 151 159 150 158 152 160 151 159 151 159 152 160 153 161 153 161 152 160 154 162 152 160 155 163 154 162 154 162 155 163 156 164 155 163 157 165 156 164 156 164 157 165 158 166 157 165 18 167 158 166 158 166 18 167 159 168 159 168 18 167 160 169 18 167 4 170 160 169 160 169 4 170 161 171 161 171 4 170 117 124 6 125 117 124 4 170 6 176 7 177 119 178 163 179 119 178 7 177 166 184 167 185 12 186 13 187 12 186 167 185 244 261 245 262 246 263 246 263 245 262 247 264 245 262 248 265 247 264 248 265 249 266 247 264 247 264 249 266 250 267 249 266 251 268 250 267 250 267 251 268 252 269 251 268 253 270 252 269 252 269 253 270 254 271 253 270 255 272 254 271 255 272 256 273 254 271 254 271 256 273 257 274 256 273 258 275 257 274 257 274 258 275 259 276 258 275 260 277 259 276 259 276 260 277 261 278 261 278 260 277 262 279 260 277 263 280 262 279 263 280 264 281 262 279 262 279 264 281 265 282 264 281 266 283 265 282 265 282 266 283 267 284 266 283 268 285 267 284 268 285 269 286 267 284 267 284 269 286 270 287 269 286 271 288 270 287 271 288 272 289 270 287 270 287 272 289 273 290 273 290 272 289 274 291 272 289 275 292 274 291 274 291 275 292 276 293 275 292 277 294 276 293 276 293 277 294 278 295 277 294 279 296 278 295 279 296 280 297 278 295 278 295 280 297 281 298 280 297 282 299 281 298 281 298 282 299 283 300 282 299 284 301 283 300 283 300 284 301 285 302 284 301 286 303 285 302 286 303 287 304 285 302 285 302 287 304 288 305 287 304 289 306 288 305 289 306 290 307 288 305 291 308 288 305 290 307 292 309 293 310 294 311 293 310 295 312 294 311 294 311 295 312 246 263 246 263 295 312 244 261 244 261 295 312 296 313 295 312 297 314 296 313 296 313 297 314 298 315 297 314 299 316 298 315 298 315 299 316 300 317 299 316 301 318 300 317 300 317 301 318 302 319 301 318 303 320 302 319 302 319 303 320 304 321 304 321 303 320 305 322 303 320 306 323 305 322 305 322 306 323 307 324 306 323 308 325 307 324 307 324 308 325 309 326 308 325 310 327 309 326 309 326 310 327 311 328 310 327 312 329 311 328 311 328 312 329 313 330 312 329 314 331 313 330 313 330 314 331 315 332 315 332 314 331 290 307 314 331 316 333 290 307 290 307 316 333 291 308 291 308 316 333 317 334 317 334 316 333 318 335 319 336 318 335 316 333 14 341 15 342 322 343 323 344 322 343 15 342 157 349 325 350 18 351 19 352 18 351 325 350 328 357 329 358 128 359 130 360 128 359 329 358 331 365 328 366 126 367 128 368 126 367 328 366 333 373 331 374 123 375 126 376 123 375 331 374 335 381 333 382 95 383 123 384 95 383 333 382 337 389 335 390 92 391 95 392 92 391 335 390 339 397 337 398 91 399 92 400 91 399 337 398 341 405 339 406 93 407 91 408 93 407 339 406 341 413 93 414 343 415 94 416 343 415 93 414 343 421 94 422 345 423 97 424 345 423 94 422 345 429 97 430 347 431 100 432 347 431 97 430 347 436 100 437 349 438 102 439 349 438 100 437 349 444 102 445 351 446 104 447 351 446 102 445 104 452 107 453 351 454 353 455 351 454 107 453 107 460 109 461 353 462 355 463 353 462 109 461 109 467 111 468 355 469 357 470 355 469 111 468 111 475 113 476 357 477 359 478 357 477 113 476 113 482 116 483 359 484 361 485 359 484 116 483 116 489 118 490 361 491 363 492 361 491 118 490 118 496 121 497 363 498 365 499 363 498 121 497 120 504 367 505 121 506 365 507 121 506 367 505 119 512 163 513 120 514 367 515 120 514 163 513 155 520 369 521 157 522 325 523 157 522 369 521 152 528 371 529 155 530 369 531 155 530 371 529 150 536 373 537 152 538 371 539 152 538 373 537 147 546 376 547 148 548 376 547 377 549 148 548 148 548 377 549 150 550 373 551 150 550 377 549 144 556 379 557 147 558 376 559 147 558 379 557 143 564 381 565 144 566 379 567 144 566 381 565 383 572 381 573 141 574 143 575 141 574 381 573 385 580 383 581 138 582 141 583 138 582 383 581 388 590 389 591 135 592 389 591 385 593 135 592 135 592 385 593 137 594 138 595 137 594 385 593 391 600 388 601 133 602 135 603 133 602 388 601 329 608 391 609 130 610 133 611 130 610 391 609 394 616 395 617 166 618 167 619 166 618 395 617 398 624 399 625 394 626 395 627 394 626 399 625 402 632 403 633 398 634 399 635 398 634 403 633 406 638 407 639 402 640 403 641 402 640 407 639 410 646 411 647 406 648 407 649 406 648 411 647 414 652 411 653 415 654 410 655 415 654 411 653 418 658 414 659 419 660 415 661 419 660 414 659 422 662 418 663 423 664 419 665 423 664 418 663 426 668 422 669 427 670 423 671 427 670 422 669 430 674 426 675 431 676 427 677 431 676 426 675 434 682 430 683 435 684 431 685 435 684 430 683 434 688 435 689 438 690 439 691 438 690 435 689 438 696 439 697 442 698 443 699 442 698 439 697 442 702 443 703 446 704 447 705 446 704 443 703 446 710 447 711 450 712 451 713 450 712 447 711 450 718 451 719 454 720 455 721 454 720 451 719 454 726 455 727 458 728 459 729 458 728 455 727 458 734 459 735 462 736 463 737 462 736 459 735 462 742 463 743 466 744 467 745 466 744 463 743 466 750 467 751 470 752 471 753 470 752 467 751 470 758 471 759 474 760 475 761 474 760 471 759 474 766 475 767 478 768 479 769 478 768 475 767 478 774 479 775 482 776 483 777 482 776 479 775 482 782 483 783 486 784 487 785 486 784 483 783 492 790 493 791 494 792 495 793 494 792 493 791 494 798 495 799 498 800 499 801 498 800 495 799 498 806 499 807 502 808 503 809 502 808 499 807 508 814 509 815 510 816 511 817 510 816 509 815 514 822 515 823 508 824 509 825 508 824 515 823 518 830 519 831 514 832 515 833 514 832 519 831 524 838 525 839 526 840 527 841 526 840 525 839 530 846 531 847 524 848 525 849 524 848 531 847 534 854 535 855 530 856 531 857 530 856 535 855 538 862 539 863 534 864 535 865 534 864 539 863 322 870 323 871 538 872 539 873 538 872 323 871</p>
                </triangles>
            </mesh>
        </geometry>
        <geometry id="ID37">
            <mesh>
                <source id="ID43">
                    <float_array id="ID47" count="222">3.863533 29.49096 0.4330709 3.831796 29.88466 0.8267717 2.688795 29.36449 0.4330709 2.688795 29.36449 0.4330709 3.831796 29.88466 0.8267717 3.863533 29.49096 0.4330709 11.33658 29.49096 0.4330709 11.33658 29.88466 0.8267717 11.33658 29.88466 0.8267717 11.33658 29.49096 0.4330709 2.688795 29.36449 0.4330709 3.624376 32.45774 0.8267717 2.444548 32.39441 0.4330709 3.831796 29.88466 0.8267717 3.831796 29.88466 0.8267717 2.688795 29.36449 0.4330709 3.624376 32.45774 0.8267717 2.444548 32.39441 0.4330709 11.33658 29.88466 0.8267717 11.33658 29.49096 0.4330709 11.81102 29.49096 0.4330709 11.81102 29.49096 0.4330709 11.33658 29.49096 0.4330709 11.33658 29.88466 0.8267717 3.854556 37.565 0.8267717 3.54954 35.24817 0.8267717 11.33658 29.88466 0.8267717 4.67745 39.55164 0.8267717 5.986485 41.25761 0.8267717 7.692453 42.56664 0.8267717 9.679095 43.38954 0.8267717 11.33658 43.60775 0.8267717 11.33658 43.60775 0.8267717 11.33658 29.88466 0.8267717 9.679095 43.38954 0.8267717 7.692453 42.56664 0.8267717 5.986485 41.25761 0.8267717 4.67745 39.55164 0.8267717 3.854556 37.565 0.8267717 3.54954 35.24817 0.8267717 2.36636 35.30981 0.4330709 2.36636 35.30981 0.4330709 11.81102 29.88466 0.4330709 11.33658 29.88466 0.8267717 11.81102 29.49096 0.4330709 11.81102 29.49096 0.4330709 11.33658 29.88466 0.8267717 11.81102 29.88466 0.4330709 11.81102 29.88466 0.4330709 11.33658 43.60775 0.8267717 11.33658 29.88466 0.8267717 11.81102 43.67021 0.4330709 11.81102 43.67021 0.4330709 11.81102 29.88466 0.4330709 11.33658 43.60775 0.8267717 11.33658 29.88466 0.8267717 11.81102 44.86151 0.4330709 9.370765 44.54024 0.4330709 11.81102 44.86151 0.4330709 9.370765 44.54024 0.4330709 7.096806 43.59834 0.4330709 7.096806 43.59834 0.4330709 5.144113 42.09998 0.4330709 5.144113 42.09998 0.4330709 3.645759 40.14729 0.4330709 3.645759 40.14729 0.4330709 2.703854 37.87333 0.4330709 2.703854 37.87333 0.4330709 11.81102 44.86151 0.4330709 11.33658 43.60775 0.8267717 11.81102 43.67021 0.4330709 11.81102 43.67021 0.4330709 11.33658 43.60775 0.8267717 11.81102 44.86151 0.4330709</float_array>
                    <technique_common>
                        <accessor count="74" source="#ID47" stride="3">
                            <param name="X" type="float" />
                            <param name="Y" type="float" />
                            <param name="Z" type="float" />
                        </accessor>
                    </technique_common>
                </source>
                <source id="ID44">
                    <float_array id="ID48" count="222">0.03737256 -0.7051049 0.7081175 0.03206878 -0.7054494 0.7080345 0.07558299 -0.7020311 0.708124 -0.07558299 0.7020311 -0.708124 -0.03206878 0.7054494 -0.7080345 -0.03737256 0.7051049 -0.7081175 -1.18872e-014 -0.7071068 0.7071068 -1.18872e-014 -0.7071068 0.7071068 1.18872e-014 0.7071068 -0.7071068 1.18872e-014 0.7071068 -0.7071068 -0.3152053 -0.02540919 0.9486833 -0.1625559 -0.008725441 0.9866608 -0.315671 -0.01694413 0.9487174 -0.1708775 -0.0137747 0.985196 0.1708775 0.0137747 -0.985196 0.3152053 0.02540919 -0.9486833 0.1625559 0.008725441 -0.9866608 0.315671 0.01694413 -0.9487174 -2.383704e-014 -0.7071068 0.7071068 -2.383704e-014 -0.7071068 0.7071068 -2.383704e-014 -0.7071068 0.7071068 2.383704e-014 0.7071068 -0.7071068 2.383704e-014 0.7071068 -0.7071068 2.383704e-014 0.7071068 -0.7071068 -0.1659137 0.04445643 0.9851377 -0.1672886 0.008714163 0.9858695 -4.149503e-017 -3.291667e-017 1 -0.1487541 0.08588323 0.9851377 -0.1214572 0.1214572 0.9851377 -0.08588323 0.1487541 0.9851377 -0.04445643 0.1659137 0.9851377 -0.02451296 0.1861944 0.9822071 0.02451296 -0.1861944 -0.9822071 4.149503e-017 3.291667e-017 -1 0.04445643 -0.1659137 -0.9851377 0.08588323 -0.1487541 -0.9851377 0.1214572 -0.1214572 -0.9851377 0.1487541 -0.08588323 -0.9851377 0.1659137 -0.04445643 -0.9851377 0.1672886 -0.008714163 -0.9858695 -0.314916 0.01640417 0.9489778 0.314916 -0.01640417 -0.9489778 0.6385894 -5.739372e-017 0.7695476 0.6385894 -5.739372e-017 0.7695476 0.6385894 -5.739372e-017 0.7695476 -0.6385894 5.739372e-017 -0.7695476 -0.6385894 5.739372e-017 -0.7695476 -0.6385894 5.739372e-017 -0.7695476 0.6385894 -2.792422e-017 0.7695476 0.6385894 -2.792422e-017 0.7695476 0.6385894 -2.792422e-017 0.7695476 0.6385894 -2.792422e-017 0.7695476 -0.6385894 2.792422e-017 -0.7695476 -0.6385894 2.792422e-017 -0.7695476 -0.6385894 2.792422e-017 -0.7695476 -0.6385894 2.792422e-017 -0.7695476 -0.04127601 0.3135224 0.9486833 -0.08121478 0.3030977 0.9494925 0.04127601 -0.3135224 -0.9486833 0.08121478 -0.3030977 -0.9494925 -0.1568949 0.2717499 0.9494925 0.1568949 -0.2717499 -0.9494925 -0.2218829 0.2218829 0.9494925 0.2218829 -0.2218829 -0.9494925 -0.2717499 0.1568949 0.9494925 0.2717499 -0.1568949 -0.9494925 -0.3030977 0.08121478 0.9494925 0.3030977 -0.08121478 -0.9494925 0.6385894 -4.087018e-015 0.7695476 0.6385894 -4.087018e-015 0.7695476 0.6385894 -4.087018e-015 0.7695476 -0.6385894 4.087018e-015 -0.7695476 -0.6385894 4.087018e-015 -0.7695476 -0.6385894 4.087018e-015 -0.7695476</float_array>
                    <technique_common>
                        <accessor count="74" source="#ID48" stride="3">
                            <param name="X" type="float" />
                            <param name="Y" type="float" />
                            <param name="Z" type="float" />
                        </accessor>
                    </technique_common>
                </source>
                <source id="ID46">
                    <float_array id="ID49" count="124">0.08887695 0.6596441 0.08901143 0.6773473 0.07387156 0.6596441 0.1439746 0.6718137 0.04866381 0.6894914 0.04906687 0.6718137 0.1439746 0.6894914 -0.3689794 0.1561433 -0.4071819 0.1956718 -0.4075842 0.1561433 -0.3743979 0.1956718 0.1439746 0.6894914 0.1439746 0.6718137 0.15 0.6718137 0.04602958 1.030533 0.04895286 1.192689 0.04507916 1.119129 0.04866381 0.9488381 0.1439746 0.9488381 0.05940361 1.255765 0.07602836 1.309929 0.09769415 1.351491 0.1229245 1.377618 0.1439746 1.384546 -0.4104288 0.1041121 -0.4462824 0.1436406 -0.4474677 0.1041121 -0.4108311 0.1436406 0.3795352 -0.2797997 0.3795352 -0.2602254 0.3745352 -0.2797997 0.3795352 -0.2797997 0.5538184 -0.2602254 0.3795352 -0.2602254 0.5546117 -0.2797997 -0.1937989 -1.249387 -0.2230829 -1.288916 -0.1918242 -1.288916 -0.2150307 -1.249387 -0.2971349 -1.087571 -0.3264188 -1.127099 -0.2951601 -1.127099 -0.324444 -1.087571 -0.3792911 -0.8678354 -0.408575 -0.9073638 -0.3773163 -0.9073638 -0.4066002 -0.8678354 -0.4346687 -0.6051565 -0.4639526 -0.6446849 -0.4326939 -0.6446849 -0.4619778 -0.6051565 -0.4594937 -0.317435 -0.4887777 -0.3569635 -0.457519 -0.3569635 -0.4868029 -0.317435 -0.4497061 -0.02427867 -0.4813585 -0.06380714 -0.4485208 -0.06380714 -0.4793837 -0.02427867 0.5697411 -0.2797997 0.5538184 -0.2602254 0.5546117 -0.2797997</float_array>
                    <technique_common>
                        <accessor count="62" source="#ID49" stride="2">
                            <param name="S" type="float" />
                            <param name="T" type="float" />
                        </accessor>
                    </technique_common>
                </source>
                <vertices id="ID45">
                    <input semantic="POSITION" source="#ID43" />
                    <input semantic="NORMAL" source="#ID44" />
                </vertices>
                <triangles count="32" material="Material3">
                    <input offset="0" semantic="VERTEX" source="#ID45" />
                    <input offset="1" semantic="TEXCOORD" source="#ID46" />
                    <p>0 0 1 1 2 2 6 3 1 4 0 5 1 4 6 3 7 6 10 7 11 8 12 9 11 8 10 7 13 10 18 11 19 12 20 13 11 14 24 15 25 16 24 15 11 14 13 17 24 15 13 17 26 18 24 15 26 18 27 19 27 19 26 18 28 20 28 20 26 18 29 21 29 21 26 18 30 22 30 22 26 18 31 23 12 24 25 25 40 26 25 25 12 24 11 27 42 28 43 29 44 30 48 31 49 32 50 33 49 32 48 31 51 34 30 35 56 36 57 37 56 36 30 35 31 38 29 39 57 40 60 41 57 40 29 39 30 42 28 43 60 44 62 45 60 44 28 43 29 46 27 47 62 48 64 49 62 48 27 47 28 50 24 51 64 52 66 53 64 52 24 51 27 54 25 55 66 56 40 57 66 56 25 55 24 58 68 59 69 60 70 61</p>
                </triangles>
                <triangles count="32" material="Material2">
                    <input offset="0" semantic="VERTEX" source="#ID45" />
                    <input offset="1" semantic="TEXCOORD" source="#ID46" />
                    <p>3 2 4 1 5 0 8 6 9 3 4 4 5 5 4 4 9 3 14 10 15 7 16 8 17 9 16 8 15 7 21 13 22 12 23 11 32 23 33 18 34 22 34 22 33 18 35 21 35 21 33 18 36 20 36 20 33 18 37 19 37 19 33 18 38 15 33 18 14 17 38 15 14 17 16 14 38 15 39 16 38 15 16 14 16 27 17 24 39 25 41 26 39 25 17 24 45 30 46 29 47 28 52 34 53 31 54 32 55 33 54 32 53 31 32 38 34 35 58 36 59 37 58 36 34 35 34 42 35 39 59 40 61 41 59 40 35 39 35 46 36 43 61 44 63 45 61 44 36 43 36 50 37 47 63 48 65 49 63 48 37 47 37 54 38 51 65 52 67 53 65 52 38 51 38 58 39 55 67 56 41 57 67 56 39 55 71 61 72 60 73 59</p>
                </triangles>
            </mesh>
        </geometry>
        <geometry id="ID50">
            <mesh>
                <source id="ID51">
                    <float_array id="ID55" count="198">17.63556 41.25761 0.8267717 16.52524 43.59834 0.4330709 15.92959 42.56664 0.8267717 18.47793 42.09998 0.4330709 18.47793 42.09998 0.4330709 17.63556 41.25761 0.8267717 16.52524 43.59834 0.4330709 15.92959 42.56664 0.8267717 14.25128 44.54024 0.4330709 13.94295 43.38954 0.8267717 14.25128 44.54024 0.4330709 13.94295 43.38954 0.8267717 12.28546 29.88466 0.8267717 12.28546 43.60775 0.8267717 19.79025 29.88466 0.8267717 18.9446 39.55164 0.8267717 19.76749 37.565 0.8267717 20.07251 35.24817 0.8267717 19.99767 32.45774 0.8267717 19.99767 32.45774 0.8267717 19.79025 29.88466 0.8267717 20.07251 35.24817 0.8267717 19.76749 37.565 0.8267717 18.9446 39.55164 0.8267717 12.28546 29.88466 0.8267717 12.28546 43.60775 0.8267717 19.97629 40.14729 0.4330709 19.97629 40.14729 0.4330709 11.81102 44.86151 0.4330709 11.81102 44.86151 0.4330709 12.28546 29.49096 0.4330709 12.28546 29.88466 0.8267717 11.81102 29.49096 0.4330709 19.75851 29.49096 0.4330709 19.79025 29.88466 0.8267717 19.79025 29.88466 0.8267717 19.75851 29.49096 0.4330709 12.28546 29.88466 0.8267717 12.28546 29.49096 0.4330709 11.81102 29.49096 0.4330709 20.93325 29.36449 0.4330709 21.1775 32.39441 0.4330709 21.1775 32.39441 0.4330709 20.93325 29.36449 0.4330709 21.25569 35.30981 0.4330709 21.25569 35.30981 0.4330709 20.91819 37.87333 0.4330709 20.91819 37.87333 0.4330709 12.28546 29.88466 0.8267717 11.81102 29.88466 0.4330709 11.81102 29.49096 0.4330709 11.81102 43.67021 0.4330709 12.28546 43.60775 0.8267717 12.28546 43.60775 0.8267717 12.28546 29.88466 0.8267717 11.81102 43.67021 0.4330709 11.81102 29.88466 0.4330709 11.81102 29.49096 0.4330709 12.28546 43.60775 0.8267717 11.81102 44.86151 0.4330709 11.81102 43.67021 0.4330709 11.81102 43.67021 0.4330709 11.81102 44.86151 0.4330709 12.28546 43.60775 0.8267717 20.93325 29.36449 0.4330709 20.93325 29.36449 0.4330709</float_array>
                    <technique_common>
                        <accessor count="66" source="#ID55" stride="3">
                            <param name="X" type="float" />
                            <param name="Y" type="float" />
                            <param name="Z" type="float" />
                        </accessor>
                    </technique_common>
                </source>
                <source id="ID52">
                    <float_array id="ID56" count="198">0.1214572 0.1214572 0.9851377 0.1568949 0.2717499 0.9494925 0.08588323 0.1487541 0.9851377 0.2218829 0.2218829 0.9494925 -0.2218829 -0.2218829 -0.9494925 -0.1214572 -0.1214572 -0.9851377 -0.1568949 -0.2717499 -0.9494925 -0.08588323 -0.1487541 -0.9851377 0.08121478 0.3030977 0.9494925 0.04445643 0.1659137 0.9851377 -0.08121478 -0.3030977 -0.9494925 -0.04445643 -0.1659137 -0.9851377 5.273919e-017 -2.471338e-017 1 0.02451296 0.1861944 0.9822071 0.1708775 -0.0137747 0.985196 0.1487541 0.08588323 0.9851377 0.1659137 0.04445643 0.9851377 0.1672886 0.008714163 0.9858695 0.1625559 -0.008725441 0.9866608 -0.1625559 0.008725441 -0.9866608 -0.1708775 0.0137747 -0.985196 -0.1672886 -0.008714163 -0.9858695 -0.1659137 -0.04445643 -0.9851377 -0.1487541 -0.08588323 -0.9851377 -5.273919e-017 2.471338e-017 -1 -0.02451296 -0.1861944 -0.9822071 0.2717499 0.1568949 0.9494925 -0.2717499 -0.1568949 -0.9494925 0.04127601 0.3135224 0.9486833 -0.04127601 -0.3135224 -0.9486833 -1.425601e-014 -0.7071068 0.7071068 -1.425601e-014 -0.7071068 0.7071068 -1.425601e-014 -0.7071068 0.7071068 -0.03737256 -0.7051049 0.7081175 -0.03206878 -0.7054494 0.7080345 0.03206878 0.7054494 -0.7080345 0.03737256 0.7051049 -0.7081175 1.425601e-014 0.7071068 -0.7071068 1.425601e-014 0.7071068 -0.7071068 1.425601e-014 0.7071068 -0.7071068 0.3152053 -0.02540919 0.9486833 0.315671 -0.01694413 0.9487174 -0.315671 0.01694413 -0.9487174 -0.3152053 0.02540919 -0.9486833 0.314916 0.01640417 0.9489778 -0.314916 -0.01640417 -0.9489778 0.3030977 0.08121478 0.9494925 -0.3030977 -0.08121478 -0.9494925 -0.6385894 -9.225282e-017 0.7695476 -0.6385894 -9.225282e-017 0.7695476 -0.6385894 -9.225282e-017 0.7695476 -0.6385894 -9.225282e-017 0.7695476 -0.6385894 -9.225282e-017 0.7695476 0.6385894 9.225282e-017 -0.7695476 0.6385894 9.225282e-017 -0.7695476 0.6385894 9.225282e-017 -0.7695476 0.6385894 9.225282e-017 -0.7695476 0.6385894 9.225282e-017 -0.7695476 -0.6385894 5.867253e-015 0.7695476 -0.6385894 5.867253e-015 0.7695476 -0.6385894 5.867253e-015 0.7695476 0.6385894 -5.867253e-015 -0.7695476 0.6385894 -5.867253e-015 -0.7695476 0.6385894 -5.867253e-015 -0.7695476 -0.07558299 -0.7020311 0.708124 0.07558299 0.7020311 -0.708124</float_array>
                    <technique_common>
                        <accessor count="66" source="#ID56" stride="3">
                            <param name="X" type="float" />
                            <param name="Y" type="float" />
                            <param name="Z" type="float" />
                        </accessor>
                    </technique_common>
                </source>
                <source id="ID54">
                    <float_array id="ID57" count="232">-0.01365457 -0.2380801 0.01562935 -0.2776086 0.01365457 -0.2380801 -0.01562935 -0.2776086 0.1393103 -1.340505 0.1412851 -1.300977 0.170569 -1.340505 0.1685942 -1.300977 -0.01365457 -0.2380801 0.01562935 -0.2776086 0.01365457 -0.2380801 -0.01562935 -0.2776086 0.01799626 -1.399383 0.01997105 -1.359855 0.04925497 -1.399383 0.04728018 -1.359855 0.006025371 -0.1761619 0.0270755 0.2526178 0.006025371 0.2595461 0.1013362 -0.1761619 0.05230585 0.226491 0.07397164 0.1849291 0.09059639 0.1307646 0.1010471 0.06768875 0.1049208 -0.005870502 0.1039704 -0.09446677 0.2539704 1.030533 0.2513362 0.9488381 0.2549208 1.119129 0.2510471 1.192689 0.2405964 1.255765 0.2239716 1.309929 0.2023058 1.351491 0.1770755 1.377618 0.1560254 0.9488381 0.1560254 1.384546 -0.01365457 -0.2380801 0.01562935 -0.2776086 0.01365457 -0.2380801 -0.01562935 -0.2776086 0.2500654 -1.209166 0.2520402 -1.169637 0.2813241 -1.209166 0.2793494 -1.169637 0.007577203 -0.2380801 -0.01562935 -0.2776086 0.01562935 -0.2776086 -0.01365457 -0.2380801 -0.1036345 -1.342258 -0.08240274 -1.342258 -0.1056093 -1.381787 -0.07435059 -1.381787 0.006025371 -0.1245653 0.006025371 -0.1068876 1.471046e-015 -0.1245653 0.1009331 -0.1245653 0.1013362 -0.1068876 0.2513362 0.6894914 0.2509331 0.6718137 0.1560254 0.6894914 0.1560254 0.6718137 0.15 0.6718137 -0.06751299 -0.2846139 -0.02931041 -0.2450855 -0.06209448 -0.2450855 -0.02890812 -0.2846139 0.4316895 -0.5530686 0.3930846 -0.5530686 0.4312872 -0.5135401 0.3985031 -0.5135401 -0.03538803 -0.2805243 0.0004655011 -0.2409958 -0.03498575 -0.2409958 0.001650801 -0.2805243 0.4555105 -0.6071446 0.4184716 -0.6071446 0.4543252 -0.5676161 0.4188739 -0.5676161 -0.01602303 -0.2380801 0.01562935 -0.2776086 0.01365457 -0.2380801 -0.01720833 -0.2776086 0.4093629 -0.7692325 0.4105482 -0.7297041 0.4422006 -0.7692325 0.4402258 -0.7297041 -0.01365457 -0.2380801 0.01562935 -0.2776086 0.01365457 -0.2380801 -0.01562935 -0.2776086 0.3427139 -1.014315 0.3446887 -0.9747868 0.3739726 -1.014315 0.3719978 -0.9747868 0.07046478 0.02755676 0.07046478 0.007982368 0.07546478 0.007982368 -0.1046117 0.007982368 -0.1038184 0.02755676 -0.5538184 0.3169353 -0.3795352 0.3169353 -0.5546117 0.297361 -0.3795352 0.297361 -0.3745352 0.297361 -0.1038184 0.02755676 -0.1197411 0.007982368 -0.1046117 0.007982368 -0.5546117 0.297361 -0.5697411 0.297361 -0.5538184 0.3169353 0.1234367 -0.1048753 0.1082968 -0.08717209 0.1084313 -0.1048753 0.2093993 0.7164948 0.2092648 0.734198 0.2244047 0.7164948</float_array>
                    <technique_common>
                        <accessor count="116" source="#ID57" stride="2">
                            <param name="S" type="float" />
                            <param name="T" type="float" />
                        </accessor>
                    </technique_common>
                </source>
                <vertices id="ID53">
                    <input semantic="POSITION" source="#ID51" />
                    <input semantic="NORMAL" source="#ID52" />
                </vertices>
                <triangles count="32" material="Material2">
                    <input offset="0" semantic="VERTEX" source="#ID53" />
                    <input offset="1" semantic="TEXCOORD" source="#ID54" />
                    <p>0 0 1 1 2 2 1 1 0 0 3 3 2 8 8 9 9 10 8 9 2 8 1 11 12 16 9 17 13 18 9 17 12 16 14 19 9 17 14 19 2 20 2 20 14 19 0 21 0 21 14 19 15 22 15 22 14 19 16 23 16 23 14 19 17 24 17 24 14 19 18 25 15 36 3 37 0 38 3 37 15 36 26 39 13 44 8 45 28 46 8 45 13 44 9 47 30 52 31 53 32 54 31 53 30 52 33 55 31 53 33 55 34 56 40 62 18 63 14 64 18 63 40 62 41 65 41 70 17 71 18 72 17 71 41 70 44 73 17 78 46 79 16 80 46 79 17 78 44 81 16 86 26 87 15 88 26 87 16 86 46 89 48 94 49 95 50 96 49 95 48 94 51 97 51 97 48 94 52 98 58 104 59 105 60 106 64 110 34 111 33 112</p>
                </triangles>
                <triangles count="32" material="Material3">
                    <input offset="0" semantic="VERTEX" source="#ID53" />
                    <input offset="1" semantic="TEXCOORD" source="#ID54" />
                    <p>4 4 5 5 6 6 7 7 6 6 5 5 6 12 7 13 10 14 11 15 10 14 7 13 19 26 20 27 21 28 21 28 20 27 22 29 22 29 20 27 23 30 23 30 20 27 5 31 5 31 20 27 7 32 7 32 20 27 11 33 20 27 24 34 11 33 25 35 11 33 24 34 27 40 23 41 4 42 5 43 4 42 23 41 11 48 25 49 10 50 29 51 10 50 25 49 35 57 36 58 37 59 36 58 38 60 37 59 39 61 37 59 38 60 42 66 43 67 19 68 20 69 19 68 43 67 45 74 42 75 21 76 19 77 21 76 42 75 45 82 21 83 47 84 22 85 47 84 21 83 47 90 22 91 27 92 23 93 27 92 22 91 53 99 54 100 55 101 55 101 54 100 56 102 57 103 56 102 54 100 61 107 62 108 63 109 36 113 35 114 65 115</p>
                </triangles>
            </mesh>
        </geometry>
        <geometry id="ID58">
            <mesh>
                <source id="ID59">
                    <float_array id="ID63" count="240">12.32819 7.148298 0.8267717 12.28546 29.09726 0.8267717 12.28546 7.071807 0.8267717 19.70542 29.09726 0.8267717 13.73701 9.67026 0.8267717 15.0472 12.34278 0.8267717 16.21227 15.08168 0.8267717 17.22885 17.8791 0.8267717 18.09403 20.72698 0.8267717 18.80532 23.61714 0.8267717 19.36068 26.54127 0.8267717 19.36068 26.54127 0.8267717 18.80532 23.61714 0.8267717 19.70542 29.09726 0.8267717 18.09403 20.72698 0.8267717 17.22885 17.8791 0.8267717 16.21227 15.08168 0.8267717 15.0472 12.34278 0.8267717 13.73701 9.67026 0.8267717 12.32819 7.148298 0.8267717 12.28546 29.09726 0.8267717 12.28546 7.071807 0.8267717 13.30114 6.468145 0.4330709 13.35932 6.57229 0.4330709 14.78359 9.121905 0.4330709 14.78359 9.121905 0.4330709 13.35932 6.57229 0.4330709 13.30114 6.468145 0.4330709 16.12166 11.85131 0.4330709 16.12166 11.85131 0.4330709 17.31152 14.64851 0.4330709 17.31152 14.64851 0.4330709 18.34974 17.50547 0.4330709 18.34974 17.50547 0.4330709 19.23334 20.41396 0.4330709 19.23334 20.41396 0.4330709 19.95977 23.36564 0.4330709 19.95977 23.36564 0.4330709 20.52695 26.35201 0.4330709 20.52695 26.35201 0.4330709 20.93325 29.36449 0.4330709 20.93325 29.36449 0.4330709 12.28546 29.49096 0.4330709 19.70542 29.09726 0.8267717 19.75851 29.49096 0.4330709 12.28546 29.09726 0.8267717 12.28546 29.09726 0.8267717 12.28546 29.49096 0.4330709 19.70542 29.09726 0.8267717 19.75851 29.49096 0.4330709 12.28546 7.071807 0.8267717 11.81102 29.09726 0.4330709 11.81102 6.320191 0.4330709 12.28546 29.09726 0.8267717 12.28546 29.09726 0.8267717 12.28546 7.071807 0.8267717 11.81102 29.09726 0.4330709 11.81102 6.320191 0.4330709 11.81102 4.107474 0.4330709 11.81102 4.107474 0.4330709 20.93325 29.36449 0.4330709 20.93325 29.36449 0.4330709 12.28546 29.09726 0.8267717 12.28546 29.49096 0.4330709 11.81102 29.49096 0.4330709 11.81102 29.49096 0.4330709 12.28546 29.49096 0.4330709 12.28546 29.09726 0.8267717 12.28546 7.071807 0.8267717 11.81102 6.320191 0.4330709 11.81102 4.107474 0.4330709 11.81102 4.107474 0.4330709 11.81102 6.320191 0.4330709 12.28546 7.071807 0.8267717 12.28546 29.09726 0.8267717 11.81102 29.49096 0.4330709 11.81102 29.09726 0.4330709 11.81102 29.09726 0.4330709 11.81102 29.49096 0.4330709 12.28546 29.09726 0.8267717</float_array>
                    <technique_common>
                        <accessor count="80" source="#ID63" stride="3">
                            <param name="X" type="float" />
                            <param name="Y" type="float" />
                            <param name="Z" type="float" />
                        </accessor>
                    </technique_common>
                </source>
                <source id="ID60">
                    <float_array id="ID64" count="240">0.1398421 -0.0781188 0.9870875 -1.47477e-016 -6.588256e-017 1 0.2316427 -0.1363921 0.963192 0.1808446 -0.02439082 0.9832092 0.1441959 -0.07555189 0.9866608 0.1480382 -0.06771447 0.9866608 0.1514549 -0.05968238 0.9866608 0.1544361 -0.05147869 0.9866608 0.1569733 -0.04312701 0.9866608 0.1590592 -0.03465135 0.9866608 0.1606879 -0.02607606 0.9866608 -0.1606879 0.02607606 -0.9866608 -0.1590592 0.03465135 -0.9866608 -0.1808446 0.02439082 -0.9832092 -0.1569733 0.04312701 -0.9866608 -0.1544361 0.05147869 -0.9866608 -0.1514549 0.05968238 -0.9866608 -0.1480382 0.06771447 -0.9866608 -0.1441959 0.07555189 -0.9866608 -0.1398421 0.0781188 -0.9870875 1.47477e-016 6.588256e-017 -1 -0.2316427 0.1363921 -0.963192 0.271751 -0.1615138 0.9487174 0.2760727 -0.1542202 0.9486833 0.2800174 -0.1467159 0.9487174 -0.2800174 0.1467159 -0.9487174 -0.2760727 0.1542202 -0.9486833 -0.271751 0.1615138 -0.9487174 0.2874788 -0.1314963 0.9487174 -0.2874788 0.1314963 -0.9487174 0.2941136 -0.1158986 0.9487174 -0.2941136 0.1158986 -0.9487174 0.2999029 -0.09996765 0.9487174 -0.2999029 0.09996765 -0.9487174 0.30483 -0.08374933 0.9487174 -0.30483 0.08374933 -0.9487174 0.3088808 -0.06729024 0.9487174 -0.3088808 0.06729024 -0.9487174 0.3120435 -0.05063769 0.9487174 -0.3120435 0.05063769 -0.9487174 0.3133903 -0.04226748 0.9486833 -0.3133903 0.04226748 -0.9486833 1.245354e-014 0.7071068 0.7071068 0.03020829 0.704744 0.7088183 0.03911276 0.7039232 0.7091984 1.245354e-014 0.7071068 0.7071068 -1.245354e-014 -0.7071068 -0.7071068 -1.245354e-014 -0.7071068 -0.7071068 -0.03020829 -0.704744 -0.7088183 -0.03911276 -0.7039232 -0.7091984 -0.6385894 -1.578501e-016 0.7695476 -0.6385894 -1.578501e-016 0.7695476 -0.6385894 -1.578501e-016 0.7695476 -0.6385894 -1.578501e-016 0.7695476 0.6385894 1.578501e-016 -0.7695476 0.6385894 1.578501e-016 -0.7695476 0.6385894 1.578501e-016 -0.7695476 0.6385894 1.578501e-016 -0.7695476 0.2674097 -0.1687958 0.9486833 -0.2674097 0.1687958 -0.9486833 0.07536381 0.6999953 0.7101597 -0.07536381 -0.6999953 -0.7101597 2.373157e-014 0.7071068 0.7071068 2.373157e-014 0.7071068 0.7071068 2.373157e-014 0.7071068 0.7071068 -2.373157e-014 -0.7071068 -0.7071068 -2.373157e-014 -0.7071068 -0.7071068 -2.373157e-014 -0.7071068 -0.7071068 -0.6385894 1.133783e-015 0.7695476 -0.6385894 1.133783e-015 0.7695476 -0.6385894 1.133783e-015 0.7695476 0.6385894 -1.133783e-015 -0.7695476 0.6385894 -1.133783e-015 -0.7695476 0.6385894 -1.133783e-015 -0.7695476 -0.6385894 5.739372e-017 0.7695476 -0.6385894 5.739372e-017 0.7695476 -0.6385894 5.739372e-017 0.7695476 0.6385894 -5.739372e-017 -0.7695476 0.6385894 -5.739372e-017 -0.7695476 0.6385894 -5.739372e-017 -0.7695476</float_array>
                    <technique_common>
                        <accessor count="80" source="#ID64" stride="3">
                            <param name="X" type="float" />
                            <param name="Y" type="float" />
                            <param name="Z" type="float" />
                        </accessor>
                    </technique_common>
                </source>
                <source id="ID62">
                    <float_array id="ID65" count="136">0.156568 0.2269585 0.1560254 0.9238381 0.1560254 0.2245299 0.2502588 0.9238381 0.1744601 0.3070307 0.1910995 0.3918833 0.2058958 0.4788435 0.2188064 0.5676614 0.2297942 0.6580816 0.2388276 0.7498441 0.2458807 0.8426853 0.1540968 -0.250404 0.1556118 -0.2108755 0.154499 -0.2108755 0.1922993 -0.2108755 0.1556118 -0.250404 0.1927016 -0.250404 0.1866673 -0.2745344 0.2248699 -0.2350059 0.1870696 -0.2350059 0.2252722 -0.2745344 0.2186458 -0.3027706 0.2568484 -0.2632421 0.2190481 -0.2632421 0.2572506 -0.3027706 0.2499401 -0.3350314 0.2881427 -0.2955029 0.2503424 -0.2955029 0.288545 -0.3350314 0.2804604 -0.371224 0.318663 -0.3316955 0.2808627 -0.3316955 0.3190653 -0.371224 0.3101189 -0.4112444 0.3483215 -0.3717159 0.3105212 -0.3717159 0.3487237 -0.4112444 0.3388303 -0.4549775 0.3770329 -0.415449 0.3392326 -0.415449 0.3774351 -0.4549775 0.3665121 -0.5022975 0.3996694 -0.4627691 0.3669143 -0.4627691 0.4051169 -0.5022975 -0.1560254 -0.6523683 -0.2502588 -0.6346906 -0.2509331 -0.6523683 -0.1560254 -0.6346906 -0.08981194 0.3169353 -0.3695352 0.297361 -0.08026643 0.297361 -0.3695352 0.3169353 0.1596325 -0.2304487 0.1592302 -0.1909202 0.1241788 -0.2304487 -0.2244047 -0.6991375 -0.2093993 -0.6991375 -0.2092641 -0.6813828 -0.1560254 -0.6346906 -0.1560254 -0.6523683 -0.15 -0.6523683 -0.08981194 0.3169353 -0.08026643 0.297361 -0.05216492 0.297361 -0.3695352 0.3169353 -0.3745352 0.297361 -0.3695352 0.297361</float_array>
                    <technique_common>
                        <accessor count="68" source="#ID65" stride="2">
                            <param name="S" type="float" />
                            <param name="T" type="float" />
                        </accessor>
                    </technique_common>
                </source>
                <vertices id="ID61">
                    <input semantic="POSITION" source="#ID59" />
                    <input semantic="NORMAL" source="#ID60" />
                </vertices>
                <triangles count="36" material="Material3">
                    <input offset="0" semantic="VERTEX" source="#ID61" />
                    <input offset="1" semantic="TEXCOORD" source="#ID62" />
                    <p>0 0 1 1 2 2 1 1 0 0 3 3 3 3 0 0 4 4 3 3 4 4 5 5 3 3 5 5 6 6 3 3 6 6 7 7 3 3 7 7 8 8 3 3 8 8 9 9 3 3 9 9 10 10 22 11 0 12 2 13 0 12 22 11 4 14 4 14 22 11 23 15 4 14 23 15 24 16 24 17 5 18 4 19 5 18 24 17 28 20 28 21 6 22 5 23 6 22 28 21 30 24 30 25 7 26 6 27 7 26 30 25 32 28 32 29 8 30 7 31 8 30 32 29 34 32 34 33 9 34 8 35 9 34 34 33 36 36 36 37 10 38 9 39 10 38 36 37 38 40 38 41 3 42 10 43 3 42 38 41 40 44 42 45 43 46 44 47 43 46 42 45 45 48 50 49 51 50 52 51 51 50 50 49 53 52 22 53 2 54 58 55 60 56 44 57 43 58 62 59 63 60 64 61 68 62 69 63 70 64 74 65 75 66 76 67</p>
                </triangles>
                <triangles count="36" material="Material2">
                    <input offset="0" semantic="VERTEX" source="#ID61" />
                    <input offset="1" semantic="TEXCOORD" source="#ID62" />
                    <p>11 10 12 9 13 3 12 9 14 8 13 3 14 8 15 7 13 3 15 7 16 6 13 3 16 6 17 5 13 3 17 5 18 4 13 3 18 4 19 0 13 3 13 3 19 0 20 1 21 2 20 1 19 0 25 16 26 15 18 14 26 15 27 11 18 14 18 14 27 11 19 12 21 13 19 12 27 11 29 20 25 17 17 18 18 19 17 18 25 17 31 24 29 21 16 22 17 23 16 22 29 21 33 28 31 25 15 26 16 27 15 26 31 25 35 32 33 29 14 30 15 31 14 30 33 29 37 36 35 33 12 34 14 35 12 34 35 33 39 40 37 37 11 38 12 39 11 38 37 37 41 44 39 41 13 42 11 43 13 42 39 41 46 48 47 45 48 46 49 47 48 46 47 45 54 52 55 49 56 50 57 51 56 50 55 49 59 55 21 54 27 53 48 58 49 57 61 56 65 61 66 60 67 59 71 64 72 63 73 62 77 67 78 66 79 65</p>
                </triangles>
            </mesh>
        </geometry>
        <geometry id="ID66">
            <mesh>
                <source id="ID67">
                    <float_array id="ID71" count="468">10.26273 6.57229 0.4330709 10.32091 6.468145 0.8267717 10.32091 6.468145 0.4330709 10.26273 6.57229 0.8267717 10.26273 6.57229 0.8267717 10.26273 6.57229 0.4330709 10.32091 6.468145 0.8267717 10.32091 6.468145 0.4330709 11.81102 4.107474 0.8267717 11.81102 4.107474 0.4330709 11.81102 4.107474 0.8267717 11.81102 4.107474 0.4330709 8.838461 9.121905 0.4330709 10.26273 6.57229 0.8267717 10.26273 6.57229 0.4330709 8.838461 9.121905 0.8267717 8.838461 9.121905 0.8267717 8.838461 9.121905 0.4330709 10.26273 6.57229 0.8267717 10.26273 6.57229 0.4330709 13.30114 6.468145 0.8267717 11.81102 4.107474 0.4330709 11.81102 4.107474 0.8267717 13.30114 6.468145 0.4330709 13.30114 6.468145 0.4330709 13.30114 6.468145 0.8267717 11.81102 4.107474 0.4330709 11.81102 4.107474 0.8267717 7.500384 11.85131 0.4330709 7.500384 11.85131 0.8267717 7.500384 11.85131 0.8267717 7.500384 11.85131 0.4330709 13.35932 6.57229 0.8267717 13.35932 6.57229 0.4330709 13.35932 6.57229 0.4330709 13.35932 6.57229 0.8267717 6.310524 14.64851 0.4330709 6.310524 14.64851 0.8267717 6.310524 14.64851 0.8267717 6.310524 14.64851 0.4330709 14.78359 9.121905 0.8267717 13.35932 6.57229 0.4330709 13.35932 6.57229 0.8267717 14.78359 9.121905 0.4330709 14.78359 9.121905 0.4330709 14.78359 9.121905 0.8267717 13.35932 6.57229 0.4330709 13.35932 6.57229 0.8267717 5.272304 17.50547 0.4330709 5.272304 17.50547 0.8267717 5.272304 17.50547 0.8267717 5.272304 17.50547 0.4330709 16.12166 11.85131 0.8267717 16.12166 11.85131 0.4330709 16.12166 11.85131 0.4330709 16.12166 11.85131 0.8267717 4.388707 20.41396 0.4330709 4.388707 20.41396 0.8267717 4.388707 20.41396 0.8267717 4.388707 20.41396 0.4330709 17.31152 14.64851 0.8267717 17.31152 14.64851 0.4330709 17.31152 14.64851 0.4330709 17.31152 14.64851 0.8267717 3.662274 23.36564 0.4330709 3.662274 23.36564 0.8267717 3.662274 23.36564 0.8267717 3.662274 23.36564 0.4330709 18.34974 17.50547 0.8267717 18.34974 17.50547 0.4330709 18.34974 17.50547 0.4330709 18.34974 17.50547 0.8267717 3.095093 26.35201 0.4330709 3.095093 26.35201 0.8267717 3.095093 26.35201 0.8267717 3.095093 26.35201 0.4330709 19.23334 20.41396 0.8267717 19.23334 20.41396 0.4330709 19.23334 20.41396 0.4330709 19.23334 20.41396 0.8267717 2.688795 29.36449 0.4330709 2.688795 29.36449 0.8267717 2.688795 29.36449 0.8267717 2.688795 29.36449 0.4330709 19.95977 23.36564 0.8267717 19.95977 23.36564 0.4330709 19.95977 23.36564 0.4330709 19.95977 23.36564 0.8267717 2.444548 32.39441 0.4330709 2.444548 32.39441 0.8267717 2.444548 32.39441 0.8267717 2.444548 32.39441 0.4330709 20.52695 26.35201 0.8267717 20.52695 26.35201 0.4330709 20.52695 26.35201 0.4330709 20.52695 26.35201 0.8267717 2.36636 35.30981 0.4330709 2.36636 35.30981 0.8267717 2.36636 35.30981 0.8267717 2.36636 35.30981 0.4330709 20.93325 29.36449 0.8267717 20.93325 29.36449 0.4330709 20.93325 29.36449 0.4330709 20.93325 29.36449 0.8267717 2.703854 37.87333 0.4330709 2.703854 37.87333 0.8267717 2.703854 37.87333 0.8267717 2.703854 37.87333 0.4330709 21.1775 32.39441 0.8267717 21.1775 32.39441 0.4330709 21.1775 32.39441 0.4330709 21.1775 32.39441 0.8267717 3.645759 40.14729 0.4330709 3.645759 40.14729 0.8267717 3.645759 40.14729 0.8267717 3.645759 40.14729 0.4330709 21.25569 35.30981 0.8267717 21.25569 35.30981 0.4330709 21.25569 35.30981 0.4330709 21.25569 35.30981 0.8267717 5.144113 42.09998 0.4330709 5.144113 42.09998 0.8267717 5.144113 42.09998 0.8267717 5.144113 42.09998 0.4330709 20.91819 37.87333 0.8267717 20.91819 37.87333 0.4330709 20.91819 37.87333 0.4330709 20.91819 37.87333 0.8267717 7.096806 43.59834 0.8267717 7.096806 43.59834 0.4330709 7.096806 43.59834 0.8267717 7.096806 43.59834 0.4330709 19.97629 40.14729 0.8267717 19.97629 40.14729 0.4330709 19.97629 40.14729 0.4330709 19.97629 40.14729 0.8267717 9.370765 44.54024 0.8267717 9.370765 44.54024 0.4330709 9.370765 44.54024 0.8267717 9.370765 44.54024 0.4330709 18.47793 42.09998 0.8267717 18.47793 42.09998 0.4330709 18.47793 42.09998 0.4330709 18.47793 42.09998 0.8267717 11.81102 44.86151 0.8267717 11.81102 44.86151 0.4330709 11.81102 44.86151 0.8267717 11.81102 44.86151 0.4330709 16.52524 43.59834 0.4330709 16.52524 43.59834 0.8267717 16.52524 43.59834 0.8267717 16.52524 43.59834 0.4330709 14.25128 44.54024 0.8267717 14.25128 44.54024 0.4330709 14.25128 44.54024 0.8267717 14.25128 44.54024 0.4330709</float_array>
                    <technique_common>
                        <accessor count="156" source="#ID71" stride="3">
                            <param name="X" type="float" />
                            <param name="Y" type="float" />
                            <param name="Z" type="float" />
                        </accessor>
                    </technique_common>
                </source>
                <source id="ID68">
                    <float_array id="ID72" count="468">0.8730185 0.487687 0 0.8596302 0.5109168 0 0.8596302 0.5109168 0 0.8730185 0.487687 0 -0.8730185 -0.487687 -0 -0.8730185 -0.487687 -0 -0.8596302 -0.5109168 -0 -0.8596302 -0.5109168 -0 0.8456239 0.5337792 0 0.8456239 0.5337792 0 -0.8456239 -0.5337792 -0 -0.8456239 -0.5337792 -0 0.8857793 0.4641067 0 0.8730185 0.487687 0 0.8730185 0.487687 0 0.8857793 0.4641067 0 -0.8857793 -0.4641067 -0 -0.8857793 -0.4641067 -0 -0.8730185 -0.487687 -0 -0.8730185 -0.487687 -0 -0.8596302 0.5109168 0 -0.8456239 0.5337792 0 -0.8456239 0.5337792 0 -0.8596302 0.5109168 0 0.8596302 -0.5109168 -0 0.8596302 -0.5109168 -0 0.8456239 -0.5337792 -0 0.8456239 -0.5337792 -0 0.9093819 0.4159623 0 0.9093819 0.4159623 0 -0.9093819 -0.4159623 -0 -0.9093819 -0.4159623 -0 -0.8730185 0.487687 0 -0.8730185 0.487687 0 0.8730185 -0.487687 -0 0.8730185 -0.487687 -0 0.93037 0.366622 0 0.93037 0.366622 0 -0.93037 -0.366622 -0 -0.93037 -0.366622 -0 -0.8857793 0.4641067 0 -0.8730185 0.487687 0 -0.8730185 0.487687 0 -0.8857793 0.4641067 0 0.8857793 -0.4641067 -0 0.8857793 -0.4641067 -0 0.8730185 -0.487687 -0 0.8730185 -0.487687 -0 0.9486833 0.3162278 0 0.9486833 0.3162278 0 -0.9486833 -0.3162278 -0 -0.9486833 -0.3162278 -0 -0.9093819 0.4159623 0 -0.9093819 0.4159623 0 0.9093819 -0.4159623 -0 0.9093819 -0.4159623 -0 0.9642692 0.2649243 0 0.9642692 0.2649243 0 -0.9642692 -0.2649243 -0 -0.9642692 -0.2649243 -0 -0.93037 0.366622 0 -0.93037 0.366622 0 0.93037 -0.366622 -0 0.93037 -0.366622 -0 0.9770829 0.2128593 0 0.9770829 0.2128593 0 -0.9770829 -0.2128593 -0 -0.9770829 -0.2128593 -0 -0.9486833 0.3162278 0 -0.9486833 0.3162278 0 0.9486833 -0.3162278 -0 0.9486833 -0.3162278 -0 0.9870875 0.1601822 0 0.9870875 0.1601822 0 -0.9870875 -0.1601822 -0 -0.9870875 -0.1601822 -0 -0.9642692 0.2649243 0 -0.9642692 0.2649243 0 0.9642692 -0.2649243 -0 0.9642692 -0.2649243 -0 0.9942542 0.1070447 0 0.9942542 0.1070447 0 -0.9942542 -0.1070447 -0 -0.9942542 -0.1070447 -0 -0.9770829 0.2128593 0 -0.9770829 0.2128593 0 0.9770829 -0.2128593 -0 0.9770829 -0.2128593 -0 0.9985625 0.05359939 0 0.9985625 0.05359939 0 -0.9985625 -0.05359939 -0 -0.9985625 -0.05359939 -0 -0.9870875 0.1601822 0 -0.9870875 0.1601822 0 0.9870875 -0.1601822 -0 0.9870875 -0.1601822 -0 0.998646 -0.05202008 0 0.998646 -0.05202008 0 -0.998646 0.05202008 -0 -0.998646 0.05202008 -0 -0.9942542 0.1070447 0 -0.9942542 0.1070447 0 0.9942542 -0.1070447 -0 0.9942542 -0.1070447 -0 0.9659258 -0.258819 0 0.9659258 -0.258819 0 -0.9659258 0.258819 -0 -0.9659258 0.258819 -0 -0.9985625 0.05359939 0 -0.9985625 0.05359939 0 0.9985625 -0.05359939 -0 0.9985625 -0.05359939 -0 0.8660254 -0.5 0 0.8660254 -0.5 0 -0.8660254 0.5 -0 -0.8660254 0.5 -0 -0.998646 -0.05202008 0 -0.998646 -0.05202008 0 0.998646 0.05202008 -0 0.998646 0.05202008 -0 0.7071068 -0.7071068 0 0.7071068 -0.7071068 0 -0.7071068 0.7071068 -0 -0.7071068 0.7071068 -0 -0.9659258 -0.258819 0 -0.9659258 -0.258819 0 0.9659258 0.258819 -0 0.9659258 0.258819 -0 0.5 -0.8660254 0 0.5 -0.8660254 0 -0.5 0.8660254 -0 -0.5 0.8660254 -0 -0.8660254 -0.5 0 -0.8660254 -0.5 0 0.8660254 0.5 -0 0.8660254 0.5 -0 0.258819 -0.9659258 0 0.258819 -0.9659258 0 -0.258819 0.9659258 -0 -0.258819 0.9659258 -0 -0.7071068 -0.7071068 0 -0.7071068 -0.7071068 0 0.7071068 0.7071068 -0 0.7071068 0.7071068 -0 -2.940666e-016 -1 0 -2.940666e-016 -1 0 2.940666e-016 1 -0 2.940666e-016 1 -0 -0.5 -0.8660254 0 -0.5 -0.8660254 0 0.5 0.8660254 -0 0.5 0.8660254 -0 -0.258819 -0.9659258 0 -0.258819 -0.9659258 0 0.258819 0.9659258 -0 0.258819 0.9659258 -0</float_array>
                    <technique_common>
                        <accessor count="156" source="#ID72" stride="3">
                            <param name="X" type="float" />
                            <param name="Y" type="float" />
                            <param name="Z" type="float" />
                        </accessor>
                    </technique_common>
                </source>
                <source id="ID70">
                    <float_array id="ID73" count="556">-0.2069331 0.003333333 -0.2079431 0.006666667 -0.2079431 0.003333333 -0.2069331 0.006666667 0.009305674 0.02625 0.009305674 0.01375 0.00779065 0.02625 0.00779065 0.01375 -0.2006434 0.003333333 -0.2242792 0.006666667 -0.2242792 0.003333333 -0.2006434 0.006666667 -0.0005012614 0.02625 -0.0005012614 0.01375 -0.03595498 0.02625 -0.03595498 0.01375 -0.1822065 0.003333333 -0.1822065 0.006666667 0.04639551 0.02625 0.04639551 0.01375 0.009305674 0.02625 0.009305674 0.01375 0.2006434 0.006666667 0.2242792 0.003333333 0.2242792 0.006666667 0.2006434 0.003333333 -0.1596325 0.01375 -0.1596325 0.02625 -0.1241788 0.01375 -0.1241788 0.02625 -0.1632088 0.003333333 -0.1889454 0.006666667 -0.1889454 0.003333333 -0.1632088 0.006666667 0.09321439 0.02625 0.09321439 0.01375 0.05460953 0.02625 0.05460953 0.01375 0.2069331 0.006666667 0.2079431 0.003333333 0.2079431 0.006666667 0.2069331 0.003333333 -0.1556118 0.01375 -0.1556118 0.02625 -0.1540968 0.01375 -0.1540968 0.02625 -0.1437049 0.003333333 -0.1694414 0.006666667 -0.1694414 0.003333333 -0.1437049 0.006666667 0.1398208 0.02625 0.1398208 0.01375 0.1012159 0.02625 0.1012159 0.01375 0.1822065 0.006666667 0.2069331 0.003333333 0.2069331 0.006666667 0.1822065 0.003333333 -0.1927016 0.01375 -0.1927016 0.02625 -0.1556118 0.01375 -0.1556118 0.02625 -0.1237508 0.003333333 -0.1494874 0.006666667 -0.1494874 0.003333333 -0.1237508 0.006666667 0.1860807 0.02625 0.1860807 0.01375 0.1474758 0.02625 0.1474758 0.01375 0.1632088 0.006666667 0.1889454 0.003333333 0.1889454 0.006666667 0.1632088 0.003333333 -0.2252722 0.01375 -0.2252722 0.02625 -0.1866673 0.01375 -0.1866673 0.02625 -0.1034039 0.003333333 -0.1291405 0.006666667 -0.1291405 0.003333333 -0.1034039 0.006666667 0.2318611 0.02625 0.2318611 0.01375 0.1932562 0.02625 0.1932562 0.01375 0.1437049 0.006666667 0.1694414 0.003333333 0.1694414 0.006666667 0.1437049 0.003333333 -0.2572506 0.01375 -0.2572506 0.02625 -0.2186458 0.01375 -0.2186458 0.02625 -0.0827228 0.003333333 -0.1084594 0.006666667 -0.1084594 0.003333333 -0.0827228 0.006666667 0.2770304 0.02625 0.2770304 0.01375 0.2384256 0.02625 0.2384256 0.01375 0.1237508 0.006666667 0.1494874 0.003333333 0.1494874 0.006666667 0.1237508 0.003333333 -0.288545 0.01375 -0.288545 0.02625 -0.2499401 0.01375 -0.2499401 0.02625 -0.06176684 0.003333333 -0.08750342 0.006666667 -0.08750342 0.003333333 -0.06176684 0.006666667 0.3214588 0.02625 0.3214588 0.01375 0.2828539 0.02625 0.2828539 0.01375 0.1034039 0.006666667 0.1291405 0.003333333 0.1291405 0.006666667 0.1034039 0.003333333 -0.3190653 0.01375 -0.3190653 0.02625 -0.2804604 0.01375 -0.2804604 0.02625 -0.04059632 0.003333333 -0.06633289 0.006666667 -0.06633289 0.003333333 -0.04059632 0.006666667 0.3650185 0.02625 0.3650185 0.01375 0.3264136 0.02625 0.3264136 0.01375 0.0827228 0.006666667 0.1084594 0.003333333 0.1084594 0.006666667 0.0827228 0.003333333 -0.3487237 0.01375 -0.3487237 0.02625 -0.3101189 0.01375 -0.3101189 0.02625 -0.01927208 0.003333333 -0.04500866 0.006666667 -0.04500866 0.003333333 -0.01927208 0.006666667 0.4075842 0.02625 0.4075842 0.01375 0.3689794 0.02625 0.3689794 0.01375 0.06176684 0.006666667 0.08750342 0.003333333 0.08750342 0.006666667 0.06176684 0.003333333 -0.3774351 0.01375 -0.3774351 0.02625 -0.3388303 0.01375 -0.3388303 0.02625 0.001100534 0.003333333 -0.02359202 0.006666667 -0.02359202 0.003333333 0.001100534 0.006666667 0.4474677 0.02625 0.4474677 0.01375 0.4104288 0.02625 0.4104288 0.01375 0.04059632 0.006666667 0.06633289 0.003333333 0.06633289 0.006666667 0.04059632 0.003333333 -0.4051169 0.01375 -0.4051169 0.02625 -0.3665121 0.01375 -0.3665121 0.02625 0.01041957 0.003333333 -0.01147222 0.006666667 -0.01147222 0.003333333 0.01041957 0.006666667 0.4813585 0.02625 0.4813585 0.01375 0.4485208 0.02625 0.4485208 0.01375 0.01927208 0.006666667 0.04500866 0.003333333 0.04500866 0.006666667 0.01927208 0.003333333 -0.4316895 0.01375 -0.4316895 0.02625 -0.3930846 0.01375 -0.3930846 0.02625 0.01041957 0.003333333 -0.01041957 0.006666667 -0.01041957 0.003333333 0.01041957 0.006666667 0.4887777 0.02625 0.4887777 0.01375 0.457519 0.02625 0.457519 0.01375 -0.001100534 0.006666667 0.02359202 0.003333333 0.02359202 0.006666667 -0.001100534 0.003333333 -0.4555105 0.01375 -0.4555105 0.02625 -0.4184716 0.01375 -0.4184716 0.02625 0.01041957 0.003333333 0.01041957 0.006666667 0.4639526 0.02625 0.4639526 0.01375 0.4326939 0.02625 0.4326939 0.01375 -0.01041957 0.006666667 0.01147222 0.003333333 0.01147222 0.006666667 -0.01041957 0.003333333 -0.4422006 0.01375 -0.4422006 0.02625 -0.4093629 0.01375 -0.4093629 0.02625 0.01041957 0.006666667 0.01041957 0.003333333 0.3773163 0.02625 0.408575 0.02625 0.3773163 0.01375 0.408575 0.01375 -0.01041957 0.006666667 0.01041957 0.003333333 0.01041957 0.006666667 -0.01041957 0.003333333 -0.3739726 0.01375 -0.3739726 0.02625 -0.3427139 0.01375 -0.3427139 0.02625 0.01041957 0.006666667 0.01041957 0.003333333 0.2951601 0.02625 0.3264188 0.02625 0.2951601 0.01375 0.3264188 0.01375 0.01041957 0.003333333 0.01041957 0.006666667 -0.2813241 0.01375 -0.2813241 0.02625 -0.2500654 0.01375 -0.2500654 0.02625 0.01041957 0.006666667 -0.01041957 0.003333333 0.01041957 0.003333333 -0.01041957 0.006666667 0.1918242 0.02625 0.2230829 0.02625 0.1918242 0.01375 0.2230829 0.01375 0.01041957 0.006666667 -0.01041957 0.003333333 0.01041957 0.003333333 -0.01041957 0.006666667 -0.170569 0.02625 -0.1393103 0.02625 -0.170569 0.01375 -0.1393103 0.01375 0.01041957 0.006666667 -0.01041957 0.003333333 0.01041957 0.003333333 -0.01041957 0.006666667 0.07435059 0.02625 0.1056093 0.02625 0.07435059 0.01375 0.1056093 0.01375 0.01041957 0.006666667 -0.01041957 0.003333333 0.01041957 0.003333333 -0.01041957 0.006666667 -0.04925497 0.02625 -0.01799626 0.02625 -0.04925497 0.01375 -0.01799626 0.01375</float_array>
                    <technique_common>
                        <accessor count="278" source="#ID73" stride="2">
                            <param name="S" type="float" />
                            <param name="T" type="float" />
                        </accessor>
                    </technique_common>
                </source>
                <vertices id="ID69">
                    <input semantic="POSITION" source="#ID67" />
                    <input semantic="NORMAL" source="#ID68" />
                </vertices>
                <triangles count="72" material="Material3">
                    <input offset="0" semantic="VERTEX" source="#ID69" />
                    <input offset="1" semantic="TEXCOORD" source="#ID70" />
                    <p>0 0 1 1 2 2 1 1 0 0 3 3 2 8 8 9 9 10 8 9 2 8 1 11 12 16 13 3 14 0 13 3 12 16 15 17 20 22 21 23 22 24 21 23 20 22 23 25 28 30 15 31 12 32 15 31 28 30 29 33 32 38 23 39 20 40 23 39 32 38 33 41 36 46 29 47 28 48 29 47 36 46 37 49 40 54 41 55 42 56 41 55 40 54 43 57 48 62 37 63 36 64 37 63 48 62 49 65 52 70 43 71 40 72 43 71 52 70 53 73 56 78 49 79 48 80 49 79 56 78 57 81 60 86 53 87 52 88 53 87 60 86 61 89 64 94 57 95 56 96 57 95 64 94 65 97 68 102 61 103 60 104 61 103 68 102 69 105 72 110 65 111 64 112 65 111 72 110 73 113 76 118 69 119 68 120 69 119 76 118 77 121 80 126 73 127 72 128 73 127 80 126 81 129 84 134 77 135 76 136 77 135 84 134 85 137 88 142 81 143 80 144 81 143 88 142 89 145 92 150 85 151 84 152 85 151 92 150 93 153 96 158 89 159 88 160 89 159 96 158 97 161 100 166 93 167 92 168 93 167 100 166 101 169 104 174 97 175 96 176 97 175 104 174 105 177 108 182 101 183 100 184 101 183 108 182 109 185 112 190 105 191 104 192 105 191 112 190 113 193 116 198 109 199 108 200 109 199 116 198 117 201 120 206 113 191 112 192 113 191 120 206 121 207 124 212 117 213 116 214 117 213 124 212 125 215 128 220 120 215 129 221 120 215 128 220 121 212 132 226 125 227 124 228 125 227 132 226 133 229 136 234 129 192 137 235 129 192 136 234 128 191 140 226 133 240 132 241 133 240 140 226 141 229 144 246 137 247 145 248 137 247 144 246 136 249 140 254 148 255 141 256 148 255 140 254 149 257 152 262 145 263 153 264 145 263 152 262 144 265 149 270 153 271 148 272 153 271 149 270 152 273</p>
                </triangles>
                <triangles count="72" material="Material2">
                    <input offset="0" semantic="VERTEX" source="#ID69" />
                    <input offset="1" semantic="TEXCOORD" source="#ID70" />
                    <p>4 4 5 5 6 6 7 7 6 6 5 5 6 12 7 13 10 14 11 15 10 14 7 13 16 18 17 19 18 20 19 21 18 20 17 19 24 26 25 27 26 28 27 29 26 28 25 27 30 34 31 35 16 36 17 37 16 36 31 35 34 42 35 43 24 44 25 45 24 44 35 43 38 50 39 51 30 52 31 53 30 52 39 51 44 58 45 59 46 60 47 61 46 60 45 59 50 66 51 67 38 68 39 69 38 68 51 67 54 74 55 75 44 76 45 77 44 76 55 75 58 82 59 83 50 84 51 85 50 84 59 83 62 90 63 91 54 92 55 93 54 92 63 91 66 98 67 99 58 100 59 101 58 100 67 99 70 106 71 107 62 108 63 109 62 108 71 107 74 114 75 115 66 116 67 117 66 116 75 115 78 122 79 123 70 124 71 125 70 124 79 123 82 130 83 131 74 132 75 133 74 132 83 131 86 138 87 139 78 140 79 141 78 140 87 139 90 146 91 147 82 148 83 149 82 148 91 147 94 154 95 155 86 156 87 157 86 156 95 155 98 162 99 163 90 164 91 165 90 164 99 163 102 170 103 171 94 172 95 173 94 172 103 171 106 178 107 179 98 180 99 181 98 180 107 179 110 186 111 187 102 188 103 189 102 188 111 187 114 194 115 195 106 196 107 197 106 196 115 195 118 202 119 203 110 204 111 205 110 204 119 203 122 208 123 209 114 210 115 211 114 210 123 209 126 216 127 217 118 218 119 219 118 218 127 217 122 222 130 223 123 224 131 225 123 224 130 223 134 230 135 231 126 232 127 233 126 232 135 231 130 236 138 237 131 238 139 239 131 238 138 237 142 242 143 243 134 244 135 245 134 244 143 243 138 250 146 251 139 252 147 253 139 252 146 251 150 258 143 259 151 260 142 261 151 260 143 259 146 266 154 267 147 268 155 269 147 268 154 267 154 274 150 275 155 276 151 277 155 276 150 275</p>
                </triangles>
            </mesh>
        </geometry>
        <geometry id="ID74">
            <mesh>
                <source id="ID80">
                    <float_array id="ID84" count="228">1.553153 38.18166 0.03937008 1.264719 32.33108 0.03937008 1.18318 35.37144 0.03937008 1.514057 29.23801 0.03937008 1.928822 26.16275 0.03937008 2.614068 40.74294 0.03937008 2.507824 23.11414 0.03937008 3.249397 20.10095 0.03937008 4.301741 42.94235 0.03937008 4.151409 17.13183 0.03937008 5.211267 14.21534 0.03937008 6.501159 44.63003 0.03937008 6.425924 11.35984 0.03937008 7.791888 8.573551 0.03937008 9.062435 45.69094 0.03937008 9.231607 5.996282 0.03937008 11.81102 46.0528 0.03937008 9.305232 5.864483 0.03937008 10.96161 3.240423 0.03937008 11.81102 2.042239 0.03937008 12.66044 3.240423 0.03937008 14.55961 45.69094 0.03937008 14.31681 5.864483 0.03937008 14.39044 5.996282 0.03937008 15.83016 8.573551 0.03937008 17.12089 44.63003 0.03937008 17.19612 11.35984 0.03937008 19.32031 42.94235 0.03937008 18.41078 14.21534 0.03937008 19.47064 17.13183 0.03937008 21.00798 40.74294 0.03937008 20.37265 20.10095 0.03937008 21.11422 23.11414 0.03937008 22.06889 38.18166 0.03937008 21.69323 26.16275 0.03937008 22.10799 29.23801 0.03937008 22.43887 35.37144 0.03937008 22.35733 32.33108 0.03937008 22.35733 32.33108 0.03937008 22.43887 35.37144 0.03937008 22.10799 29.23801 0.03937008 22.06889 38.18166 0.03937008 21.69323 26.16275 0.03937008 21.11422 23.11414 0.03937008 21.00798 40.74294 0.03937008 20.37265 20.10095 0.03937008 19.47064 17.13183 0.03937008 19.32031 42.94235 0.03937008 18.41078 14.21534 0.03937008 17.19612 11.35984 0.03937008 17.12089 44.63003 0.03937008 15.83016 8.573551 0.03937008 14.55961 45.69094 0.03937008 14.39044 5.996282 0.03937008 14.31681 5.864483 0.03937008 12.66044 3.240423 0.03937008 11.81102 46.0528 0.03937008 11.81102 2.042239 0.03937008 10.96161 3.240423 0.03937008 9.305232 5.864483 0.03937008 9.231607 5.996282 0.03937008 9.062435 45.69094 0.03937008 7.791888 8.573551 0.03937008 6.501159 44.63003 0.03937008 6.425924 11.35984 0.03937008 5.211267 14.21534 0.03937008 4.301741 42.94235 0.03937008 4.151409 17.13183 0.03937008 3.249397 20.10095 0.03937008 2.614068 40.74294 0.03937008 2.507824 23.11414 0.03937008 1.928822 26.16275 0.03937008 1.553153 38.18166 0.03937008 1.514057 29.23801 0.03937008 1.264719 32.33108 0.03937008 1.18318 35.37144 0.03937008</float_array>
                    <technique_common>
                        <accessor count="76" source="#ID84" stride="3">
                            <param name="X" type="float" />
                            <param name="Y" type="float" />
                            <param name="Z" type="float" />
                        </accessor>
                    </technique_common>
                </source>
                <source id="ID81">
                    <float_array id="ID85" count="228">0 0 -1 0 0 -1 0 0 -1 0 0 -1 0 0 -1 0 0 -1 0 0 -1 0 0 -1 0 0 -1 0 0 -1 0 0 -1 0 0 -1 0 0 -1 0 0 -1 0 0 -1 0 0 -1 0 0 -1 0 0 -1 0 0 -1 0 0 -1 0 0 -1 0 0 -1 0 0 -1 0 0 -1 0 0 -1 0 0 -1 0 0 -1 0 0 -1 0 0 -1 0 0 -1 0 0 -1 0 0 -1 0 0 -1 0 0 -1 0 0 -1 0 0 -1 0 0 -1 0 0 -1 -0 -0 1 -0 -0 1 -0 -0 1 -0 -0 1 -0 -0 1 -0 -0 1 -0 -0 1 -0 -0 1 -0 -0 1 -0 -0 1 -0 -0 1 -0 -0 1 -0 -0 1 -0 -0 1 -0 -0 1 -0 -0 1 -0 -0 1 -0 -0 1 -0 -0 1 -0 -0 1 -0 -0 1 -0 -0 1 -0 -0 1 -0 -0 1 -0 -0 1 -0 -0 1 -0 -0 1 -0 -0 1 -0 -0 1 -0 -0 1 -0 -0 1 -0 -0 1 -0 -0 1 -0 -0 1 -0 -0 1 -0 -0 1 -0 -0 1 -0 -0 1</float_array>
                    <technique_common>
                        <accessor count="76" source="#ID85" stride="3">
                            <param name="X" type="float" />
                            <param name="Y" type="float" />
                            <param name="Z" type="float" />
                        </accessor>
                    </technique_common>
                </source>
                <source id="ID83">
                    <float_array id="ID86" count="152">0.130275 0.08726768 0.1339381 -0.09848817 0.1349736 -0.001956834 0.1307715 -0.1966932 0.125504 -0.2943327 0.1168013 0.1685882 0.1181506 -0.391126 0.1087327 -0.4867949 0.09536789 0.2384197 0.09727711 -0.5810643 0.08381691 -0.6736631 0.06743528 0.2920033 0.06839076 -0.7643251 0.05104302 -0.8527898 0.03490707 0.3256874 0.0327586 -0.9346181 -1.110223e-016 0.3371764 0.03182355 -0.9388027 0.01078761 -1.022117 2.775558e-017 -1.060159 -0.01078761 -1.022117 -0.03490707 0.3256874 -0.03182355 -0.9388027 -0.0327586 -0.9346181 -0.05104302 -0.8527898 -0.06743528 0.2920033 -0.06839076 -0.7643251 -0.09536789 0.2384197 -0.08381691 -0.6736631 -0.09727711 -0.5810643 -0.1168013 0.1685882 -0.1087327 -0.4867949 -0.1181506 -0.391126 -0.130275 0.08726768 -0.125504 -0.2943327 -0.1307715 -0.1966932 -0.1349736 -0.001956834 -0.1339381 -0.09848817 -0.2839381 1.026512 -0.2849736 1.123043 -0.2807715 0.9283068 -0.280275 1.212268 -0.275504 0.8306673 -0.2681506 0.733874 -0.2668013 1.293588 -0.2587327 0.6382051 -0.2472771 0.5439357 -0.2453679 1.36342 -0.2338169 0.4513369 -0.2183908 0.3606749 -0.2174353 1.417003 -0.201043 0.2722102 -0.1849071 1.450687 -0.1827586 0.1903819 -0.1818235 0.1861973 -0.1607876 0.1028834 -0.15 1.462176 -0.15 0.0648411 -0.1392124 0.1028834 -0.1181765 0.1861973 -0.1172414 0.1903819 -0.1150929 1.450687 -0.09895698 0.2722102 -0.08256472 1.417003 -0.08160924 0.3606749 -0.06618309 0.4513369 -0.05463211 1.36342 -0.05272289 0.5439357 -0.04126734 0.6382051 -0.03319866 1.293588 -0.03184936 0.733874 -0.02449604 0.8306673 -0.01972504 1.212268 -0.01922852 0.9283068 -0.01606193 1.026512 -0.01502639 1.123043</float_array>
                    <technique_common>
                        <accessor count="76" source="#ID86" stride="2">
                            <param name="S" type="float" />
                            <param name="T" type="float" />
                        </accessor>
                    </technique_common>
                </source>
                <vertices id="ID82">
                    <input semantic="POSITION" source="#ID80" />
                    <input semantic="NORMAL" source="#ID81" />
                </vertices>
                <triangles count="36" material="Material3">
                    <input offset="0" semantic="VERTEX" source="#ID82" />
                    <input offset="1" semantic="TEXCOORD" source="#ID83" />
                    <p>0 0 1 1 2 2 1 1 0 0 3 3 3 3 0 0 4 4 4 4 0 0 5 5 4 4 5 5 6 6 6 6 5 5 7 7 7 7 5 5 8 8 7 7 8 8 9 9 9 9 8 8 10 10 10 10 8 8 11 11 10 10 11 11 12 12 12 12 11 11 13 13 13 13 11 11 14 14 13 13 14 14 15 15 15 15 14 14 16 16 15 15 16 16 17 17 17 17 16 16 18 18 18 18 16 16 19 19 19 19 16 16 20 20 20 20 16 16 21 21 20 20 21 21 22 22 22 22 21 21 23 23 23 23 21 21 24 24 24 24 21 21 25 25 24 24 25 25 26 26 26 26 25 25 27 27 26 26 27 27 28 28 28 28 27 27 29 29 29 29 27 27 30 30 29 29 30 30 31 31 31 31 30 30 32 32 32 32 30 30 33 33 32 32 33 33 34 34 34 34 33 33 35 35 35 35 33 33 36 36 35 35 36 36 37 37</p>
                </triangles>
                <triangles count="36" material="Material2">
                    <input offset="0" semantic="VERTEX" source="#ID82" />
                    <input offset="1" semantic="TEXCOORD" source="#ID83" />
                    <p>38 38 39 39 40 40 39 39 41 41 40 40 40 40 41 41 42 42 42 42 41 41 43 43 41 41 44 44 43 43 43 43 44 44 45 45 45 45 44 44 46 46 44 44 47 47 46 46 46 46 47 47 48 48 48 48 47 47 49 49 47 47 50 50 49 49 49 49 50 50 51 51 50 50 52 52 51 51 51 51 52 52 53 53 53 53 52 52 54 54 54 54 52 52 55 55 52 52 56 56 55 55 55 55 56 56 57 57 57 57 56 56 58 58 58 58 56 56 59 59 59 59 56 56 60 60 56 56 61 61 60 60 60 60 61 61 62 62 61 61 63 63 62 62 62 62 63 63 64 64 64 64 63 63 65 65 63 63 66 66 65 65 65 65 66 66 67 67 67 67 66 66 68 68 66 66 69 69 68 68 68 68 69 69 70 70 70 70 69 69 71 71 69 69 72 72 71 71 71 71 72 72 73 73 73 73 72 72 74 74 75 75 74 74 72 72</p>
                </triangles>
            </mesh>
        </geometry>
        <geometry id="ID87">
            <mesh>
                <source id="ID88">
                    <float_array id="ID92" count="492">5.211267 14.21534 0 6.425924 11.35984 0.03937008 6.425924 11.35984 0 5.211267 14.21534 0.03937008 5.211267 14.21534 0.03937008 5.211267 14.21534 0 6.425924 11.35984 0.03937008 6.425924 11.35984 0 7.791888 8.573551 0.03937008 7.791888 8.573551 0 7.791888 8.573551 0.03937008 7.791888 8.573551 0 4.151409 17.13183 0 4.151409 17.13183 0.03937008 4.151409 17.13183 0.03937008 4.151409 17.13183 0 9.231607 5.996282 0.03937008 9.231607 5.996282 0 9.231607 5.996282 0.03937008 9.231607 5.996282 0 3.249397 20.10095 0 3.249397 20.10095 0.03937008 3.249397 20.10095 0.03937008 3.249397 20.10095 0 9.231607 5.996282 0 9.305232 5.864483 0.03937008 9.305232 5.864483 0 9.231607 5.996282 0.03937008 9.231607 5.996282 0.03937008 9.231607 5.996282 0 9.305232 5.864483 0.03937008 9.305232 5.864483 0 2.507824 23.11414 0 2.507824 23.11414 0.03937008 2.507824 23.11414 0.03937008 2.507824 23.11414 0 10.96161 3.240423 0.03937008 10.96161 3.240423 0 10.96161 3.240423 0.03937008 10.96161 3.240423 0 1.928822 26.16275 0 1.928822 26.16275 0.03937008 1.928822 26.16275 0.03937008 1.928822 26.16275 0 11.81102 2.042239 0.03937008 11.81102 2.042239 0 11.81102 2.042239 0.03937008 11.81102 2.042239 0 1.514057 29.23801 0 1.514057 29.23801 0.03937008 1.514057 29.23801 0.03937008 1.514057 29.23801 0 12.66044 3.240423 0.03937008 11.81102 2.042239 0 11.81102 2.042239 0.03937008 12.66044 3.240423 0 12.66044 3.240423 0 12.66044 3.240423 0.03937008 11.81102 2.042239 0 11.81102 2.042239 0.03937008 1.264719 32.33108 0 1.264719 32.33108 0.03937008 1.264719 32.33108 0.03937008 1.264719 32.33108 0 14.31681 5.864483 0.03937008 14.31681 5.864483 0 14.31681 5.864483 0 14.31681 5.864483 0.03937008 1.18318 35.37144 0 1.18318 35.37144 0.03937008 1.18318 35.37144 0.03937008 1.18318 35.37144 0 14.39044 5.996282 0.03937008 14.39044 5.996282 0 14.39044 5.996282 0 14.39044 5.996282 0.03937008 1.553153 38.18166 0 1.553153 38.18166 0.03937008 1.553153 38.18166 0.03937008 1.553153 38.18166 0 15.83016 8.573551 0.03937008 14.39044 5.996282 0 14.39044 5.996282 0.03937008 15.83016 8.573551 0 15.83016 8.573551 0 15.83016 8.573551 0.03937008 14.39044 5.996282 0 14.39044 5.996282 0.03937008 2.614068 40.74294 0 2.614068 40.74294 0.03937008 2.614068 40.74294 0.03937008 2.614068 40.74294 0 17.19612 11.35984 0.03937008 17.19612 11.35984 0 17.19612 11.35984 0 17.19612 11.35984 0.03937008 4.301741 42.94235 0 4.301741 42.94235 0.03937008 4.301741 42.94235 0.03937008 4.301741 42.94235 0 18.41078 14.21534 0.03937008 18.41078 14.21534 0 18.41078 14.21534 0 18.41078 14.21534 0.03937008 6.501159 44.63003 0.03937008 6.501159 44.63003 0 6.501159 44.63003 0.03937008 6.501159 44.63003 0 19.47064 17.13183 0.03937008 19.47064 17.13183 0 19.47064 17.13183 0 19.47064 17.13183 0.03937008 9.062435 45.69094 0.03937008 9.062435 45.69094 0 9.062435 45.69094 0.03937008 9.062435 45.69094 0 20.37265 20.10095 0.03937008 20.37265 20.10095 0 20.37265 20.10095 0 20.37265 20.10095 0.03937008 11.81102 46.0528 0.03937008 11.81102 46.0528 0 11.81102 46.0528 0.03937008 11.81102 46.0528 0 21.11422 23.11414 0.03937008 21.11422 23.11414 0 21.11422 23.11414 0 21.11422 23.11414 0.03937008 14.55961 45.69094 0.03937008 14.55961 45.69094 0 14.55961 45.69094 0.03937008 14.55961 45.69094 0 21.69323 26.16275 0.03937008 21.69323 26.16275 0 21.69323 26.16275 0 21.69323 26.16275 0.03937008 17.12089 44.63003 0.03937008 17.12089 44.63003 0 17.12089 44.63003 0.03937008 17.12089 44.63003 0 22.10799 29.23801 0.03937008 22.10799 29.23801 0 22.10799 29.23801 0 22.10799 29.23801 0.03937008 19.32031 42.94235 0.03937008 19.32031 42.94235 0 19.32031 42.94235 0.03937008 19.32031 42.94235 0 22.35733 32.33108 0.03937008 22.35733 32.33108 0 22.35733 32.33108 0 22.35733 32.33108 0.03937008 21.00798 40.74294 0 21.00798 40.74294 0.03937008 21.00798 40.74294 0 21.00798 40.74294 0.03937008 22.43887 35.37144 0.03937008 22.43887 35.37144 0 22.43887 35.37144 0 22.43887 35.37144 0.03937008 22.06889 38.18166 0 22.06889 38.18166 0.03937008 22.06889 38.18166 0 22.06889 38.18166 0.03937008</float_array>
                    <technique_common>
                        <accessor count="164" source="#ID92" stride="3">
                            <param name="X" type="float" />
                            <param name="Y" type="float" />
                            <param name="Z" type="float" />
                        </accessor>
                    </technique_common>
                </source>
                <source id="ID89">
                    <float_array id="ID93" count="492">0.93037 0.366622 0 0.9093819 0.4159623 0 0.9093819 0.4159623 0 0.93037 0.366622 0 -0.93037 -0.366622 -0 -0.93037 -0.366622 -0 -0.9093819 -0.4159623 -0 -0.9093819 -0.4159623 -0 0.8857793 0.4641067 0 0.8857793 0.4641067 0 -0.8857793 -0.4641067 -0 -0.8857793 -0.4641067 -0 0.9486833 0.3162278 0 0.9486833 0.3162278 0 -0.9486833 -0.3162278 -0 -0.9486833 -0.3162278 -0 0.8730185 0.487687 0 0.8730185 0.487687 0 -0.8730185 -0.487687 -0 -0.8730185 -0.487687 -0 0.9642692 0.2649243 0 0.9642692 0.2649243 0 -0.9642692 -0.2649243 -0 -0.9642692 -0.2649243 -0 0.8730185 0.487687 0 0.8596302 0.5109168 0 0.8596302 0.5109168 0 0.8730185 0.487687 0 -0.8730185 -0.487687 -0 -0.8730185 -0.487687 -0 -0.8596302 -0.5109168 -0 -0.8596302 -0.5109168 -0 0.9770829 0.2128593 0 0.9770829 0.2128593 0 -0.9770829 -0.2128593 -0 -0.9770829 -0.2128593 -0 0.8310097 0.556258 0 0.8310097 0.556258 0 -0.8310097 -0.556258 -0 -0.8310097 -0.556258 -0 0.9870875 0.1601822 0 0.9870875 0.1601822 0 -0.9870875 -0.1601822 -0 -0.9870875 -0.1601822 -0 0.8157981 0.5783369 0 0.8157981 0.5783369 0 -0.8157981 -0.5783369 -0 -0.8157981 -0.5783369 -0 0.9942542 0.1070447 0 0.9942542 0.1070447 0 -0.9942542 -0.1070447 -0 -0.9942542 -0.1070447 -0 -0.8310097 0.556258 0 -0.8157981 0.5783369 0 -0.8157981 0.5783369 0 -0.8310097 0.556258 0 0.8310097 -0.556258 -0 0.8310097 -0.556258 -0 0.8157981 -0.5783369 -0 0.8157981 -0.5783369 -0 0.9985625 0.05359939 0 0.9985625 0.05359939 0 -0.9985625 -0.05359939 -0 -0.9985625 -0.05359939 -0 -0.8596302 0.5109168 0 -0.8596302 0.5109168 0 0.8596302 -0.5109168 -0 0.8596302 -0.5109168 -0 0.998646 -0.05202008 0 0.998646 -0.05202008 0 -0.998646 0.05202008 -0 -0.998646 0.05202008 -0 -0.8730185 0.487687 0 -0.8730185 0.487687 0 0.8730185 -0.487687 -0 0.8730185 -0.487687 -0 0.9659258 -0.258819 0 0.9659258 -0.258819 0 -0.9659258 0.258819 -0 -0.9659258 0.258819 -0 -0.8857793 0.4641067 0 -0.8730185 0.487687 0 -0.8730185 0.487687 0 -0.8857793 0.4641067 0 0.8857793 -0.4641067 -0 0.8857793 -0.4641067 -0 0.8730185 -0.487687 -0 0.8730185 -0.487687 -0 0.8660254 -0.5 0 0.8660254 -0.5 0 -0.8660254 0.5 -0 -0.8660254 0.5 -0 -0.9093819 0.4159623 0 -0.9093819 0.4159623 0 0.9093819 -0.4159623 -0 0.9093819 -0.4159623 -0 0.7071068 -0.7071068 0 0.7071068 -0.7071068 0 -0.7071068 0.7071068 -0 -0.7071068 0.7071068 -0 -0.93037 0.366622 0 -0.93037 0.366622 0 0.93037 -0.366622 -0 0.93037 -0.366622 -0 0.5 -0.8660254 0 0.5 -0.8660254 0 -0.5 0.8660254 -0 -0.5 0.8660254 -0 -0.9486833 0.3162278 0 -0.9486833 0.3162278 0 0.9486833 -0.3162278 -0 0.9486833 -0.3162278 -0 0.258819 -0.9659258 0 0.258819 -0.9659258 0 -0.258819 0.9659258 -0 -0.258819 0.9659258 -0 -0.9642692 0.2649243 0 -0.9642692 0.2649243 0 0.9642692 -0.2649243 -0 0.9642692 -0.2649243 -0 0 -1 0 0 -1 0 -0 1 -0 -0 1 -0 -0.9770829 0.2128593 0 -0.9770829 0.2128593 0 0.9770829 -0.2128593 -0 0.9770829 -0.2128593 -0 -0.258819 -0.9659258 0 -0.258819 -0.9659258 0 0.258819 0.9659258 -0 0.258819 0.9659258 -0 -0.9870875 0.1601822 0 -0.9870875 0.1601822 0 0.9870875 -0.1601822 -0 0.9870875 -0.1601822 -0 -0.5 -0.8660254 0 -0.5 -0.8660254 0 0.5 0.8660254 -0 0.5 0.8660254 -0 -0.9942542 0.1070447 0 -0.9942542 0.1070447 0 0.9942542 -0.1070447 -0 0.9942542 -0.1070447 -0 -0.7071068 -0.7071068 0 -0.7071068 -0.7071068 0 0.7071068 0.7071068 -0 0.7071068 0.7071068 -0 -0.9985625 0.05359939 0 -0.9985625 0.05359939 0 0.9985625 -0.05359939 -0 0.9985625 -0.05359939 -0 -0.8660254 -0.5 0 -0.8660254 -0.5 0 0.8660254 0.5 -0 0.8660254 0.5 -0 -0.998646 -0.05202008 0 -0.998646 -0.05202008 0 0.998646 0.05202008 -0 0.998646 0.05202008 -0 -0.9659258 -0.258819 0 -0.9659258 -0.258819 0 0.9659258 0.258819 -0 0.9659258 0.258819 -0</float_array>
                    <technique_common>
                        <accessor count="164" source="#ID93" stride="3">
                            <param name="X" type="float" />
                            <param name="Y" type="float" />
                            <param name="Z" type="float" />
                        </accessor>
                    </technique_common>
                </source>
                <source id="ID91">
                    <float_array id="ID94" count="584">-0.1434367 -0.0003333333 -0.1697096 0 -0.1697096 -0.0003333333 -0.1434367 0 0.1402231 0.00125 0.1402231 0 0.1008136 0.00125 0.1008136 0 -0.1629406 -0.0003333333 -0.1892136 0 -0.1892136 -0.0003333333 -0.1629406 0 0.09361668 0.00125 0.09361668 0 0.05420725 0.00125 0.05420725 0 -0.1234826 -0.0003333333 -0.1497555 0 -0.1497555 -0.0003333333 -0.1234826 0 0.186483 0.00125 0.186483 0 0.1470735 0.00125 0.1470735 0 -0.1819383 -0.0003333333 -0.2069331 0 -0.2069331 -0.0003333333 -0.1819383 0 0.0467978 0.00125 0.0467978 0 0.009305674 0.00125 0.009305674 0 -0.1031357 -0.0003333333 -0.1294087 0 -0.1294087 -0.0003333333 -0.1031357 0 0.2322634 0.00125 0.2322634 0 0.192854 0.00125 0.192854 0 -0.2082113 0 -0.2082113 -0.0003333333 0.009305674 0.00125 0.009305674 0 0.007388365 0.00125 0.007388365 0 -0.08245461 -0.0003333333 -0.1087276 0 -0.1087276 -0.0003333333 -0.08245461 0 0.2774327 0.00125 0.2774327 0 0.2380233 0.00125 0.2380233 0 -0.2003752 -0.0003333333 -0.2266482 0 -0.2266482 -0.0003333333 -0.2003752 0 -9.897676e-005 0.00125 -9.897676e-005 0 -0.03950841 0.00125 -0.03950841 0 -0.06149865 -0.0003333333 -0.08777161 0 -0.08777161 -0.0003333333 -0.06149865 0 0.3218611 0.00125 0.3218611 0 0.2824516 0.00125 0.2824516 0 -0.2181983 -0.0003333333 -0.2306335 0 -0.2306335 -0.0003333333 -0.2181983 0 -0.04693881 0.00125 -0.04693881 0 -0.06559163 0.00125 -0.06559163 0 -0.04032813 -0.0003333333 -0.06660108 0 -0.06660108 -0.0003333333 -0.04032813 0 0.3654208 0.00125 0.3654208 0 0.3260113 0.00125 0.3260113 0 0.2181983 0 0.2306335 -0.0003333333 0.2306335 0 0.2181983 -0.0003333333 -0.1265622 0 -0.1265622 0.00125 -0.1079094 0 -0.1079094 0.00125 -0.01900389 -0.0003333333 -0.04527685 0 -0.04527685 -0.0003333333 -0.01900389 0 0.4079865 0.00125 0.4079865 0 0.3685771 0.00125 0.3685771 0 0.2003752 0 0.2266482 -0.0003333333 0.2266482 0 0.2003752 -0.0003333333 -0.1600348 0 -0.1600348 0.00125 -0.1206254 0 -0.1206254 0.00125 0.001890734 -0.0003333333 -0.02386021 0 -0.02386021 -0.0003333333 0.001890734 0 0.448653 0.00125 0.448653 0 0.4100265 0.00125 0.4100265 0 0.2069331 0 0.2082113 -0.0003333333 0.2082113 0 0.2069331 -0.0003333333 -0.1556118 0 -0.1556118 0.00125 -0.1536945 0 -0.1536945 0.00125 0.01173609 -0.0003333333 -0.01226242 0 -0.01226242 -0.0003333333 0.01173609 0 0.4833333 0.00125 0.4833333 0 0.4473355 0.00125 0.4473355 0 0.1819383 0 0.2069331 -0.0003333333 0.2069331 0 0.1819383 -0.0003333333 -0.1931039 0 -0.1931039 0.00125 -0.1556118 0 -0.1556118 0.00125 0.01173609 -0.0003333333 -0.01173609 0 -0.01173609 -0.0003333333 0.01173609 0 0.4907524 0.00125 0.4907524 0 0.4555442 0.00125 0.4555442 0 0.1629406 0 0.1892136 -0.0003333333 0.1892136 0 0.1629406 -0.0003333333 -0.2256745 0 -0.2256745 0.00125 -0.1862651 0 -0.1862651 0.00125 0.01173609 -0.0003333333 -0.01173609 0 -0.01173609 -0.0003333333 0.01173609 0 0.4659274 0.00125 0.4659274 0 0.4307191 0.00125 0.4307191 0 0.1434367 0 0.1697096 -0.0003333333 0.1697096 0 0.1434367 -0.0003333333 -0.2576529 0 -0.2576529 0.00125 -0.2182435 0 -0.2182435 0.00125 -0.01173609 -0.0003333333 -0.01173609 0 0.3753415 0.00125 0.4105498 0.00125 0.3753415 0 0.4105498 0 0.1234826 0 0.1497555 -0.0003333333 0.1497555 0 0.1234826 -0.0003333333 -0.2889473 0 -0.2889473 0.00125 -0.2495378 0 -0.2495378 0.00125 0.2931853 0.00125 0.3283936 0.00125 0.2931853 0 0.3283936 0 0.1031357 0 0.1294087 -0.0003333333 0.1294087 0 0.1031357 -0.0003333333 -0.3194675 0 -0.3194675 0.00125 -0.2800581 0 -0.2800581 0.00125 0.01173609 0 -0.01173609 -0.0003333333 0.01173609 -0.0003333333 -0.01173609 0 0.1898494 0.00125 0.2250577 0.00125 0.1898494 0 0.2250577 0 0.08245461 0 0.1087276 -0.0003333333 0.1087276 0 0.08245461 -0.0003333333 -0.349126 0 -0.349126 0.00125 -0.3097166 0 -0.3097166 0.00125 -0.01173609 -0.0003333333 -0.01173609 0 0.0723758 0.00125 0.1075841 0.00125 0.0723758 0 0.1075841 0 0.06149865 0 0.08777161 -0.0003333333 0.08777161 0 0.06149865 -0.0003333333 -0.3778374 0 -0.3778374 0.00125 -0.338428 0 -0.338428 0.00125 0.01173609 0 -0.01173609 -0.0003333333 0.01173609 -0.0003333333 -0.01173609 0 -0.05122976 0.00125 -0.01602147 0.00125 -0.05122976 0 -0.01602147 0 0.04032813 0 0.06660108 -0.0003333333 0.06660108 0 0.04032813 -0.0003333333 -0.4055192 0 -0.4055192 0.00125 -0.3661098 0 -0.3661098 0.00125 0.01173609 0 -0.01173609 -0.0003333333 0.01173609 -0.0003333333 -0.01173609 0 -0.1725438 0.00125 -0.1373355 0.00125 -0.1725438 0 -0.1373355 0 0.01900389 0 0.04527685 -0.0003333333 0.04527685 0 0.01900389 -0.0003333333 -0.4320918 0 -0.4320918 0.00125 -0.3926824 0 -0.3926824 0.00125 -0.01173609 0 0.01173609 -0.0003333333 0.01173609 0 -0.01173609 -0.0003333333 -0.2832989 0 -0.2832989 0.00125 -0.2480906 0 -0.2480906 0.00125 -0.001890734 0 0.02386021 -0.0003333333 0.02386021 0 -0.001890734 -0.0003333333 -0.4566958 0 -0.4566958 0.00125 -0.4180693 0 -0.4180693 0.00125 -0.01173609 0 0.01173609 -0.0003333333 0.01173609 0 -0.01173609 -0.0003333333 -0.3759474 0 -0.3759474 0.00125 -0.3407391 0 -0.3407391 0.00125 0.01226242 -0.0003333333 0.01226242 0 -0.4441754 0 -0.4441754 0.00125 -0.4081776 0 -0.4081776 0.00125</float_array>
                    <technique_common>
                        <accessor count="292" source="#ID94" stride="2">
                            <param name="S" type="float" />
                            <param name="T" type="float" />
                        </accessor>
                    </technique_common>
                </source>
                <vertices id="ID90">
                    <input semantic="POSITION" source="#ID88" />
                    <input semantic="NORMAL" source="#ID89" />
                </vertices>
                <triangles count="76" material="Material3">
                    <input offset="0" semantic="VERTEX" source="#ID90" />
                    <input offset="1" semantic="TEXCOORD" source="#ID91" />
                    <p>0 0 1 1 2 2 1 1 0 0 3 3 2 8 8 9 9 10 8 9 2 8 1 11 12 16 3 17 0 18 3 17 12 16 13 19 9 24 16 25 17 26 16 25 9 24 8 27 20 32 13 33 12 34 13 33 20 32 21 35 24 26 25 40 26 41 25 40 24 26 27 25 32 46 21 47 20 48 21 47 32 46 33 49 26 54 36 55 37 56 36 55 26 54 25 57 40 62 33 63 32 64 33 63 40 62 41 65 37 70 44 71 45 72 44 71 37 70 36 73 48 78 41 79 40 80 41 79 48 78 49 81 52 86 53 87 54 88 53 87 52 86 55 89 60 94 49 95 48 96 49 95 60 94 61 97 64 102 55 103 52 104 55 103 64 102 65 105 68 110 61 111 60 112 61 111 68 110 69 113 72 118 65 119 64 120 65 119 72 118 73 121 76 126 69 127 68 128 69 127 76 126 77 129 80 134 81 135 82 136 81 135 80 134 83 137 88 142 77 143 76 144 77 143 88 142 89 145 92 150 83 151 80 152 83 151 92 150 93 153 96 158 89 159 88 160 89 159 96 158 97 161 100 166 93 167 92 168 93 167 100 166 101 169 104 145 96 174 105 142 96 174 104 145 97 175 108 180 101 181 100 182 101 181 108 180 109 183 112 129 105 160 113 126 105 160 112 129 104 159 116 192 109 193 108 194 109 193 116 192 117 195 120 200 113 201 121 202 113 201 120 200 112 203 124 208 117 209 116 210 117 209 124 208 125 211 128 200 121 216 129 202 121 216 128 200 120 217 132 222 125 223 124 224 125 223 132 222 133 225 136 230 129 231 137 232 129 231 136 230 128 233 140 238 133 239 132 240 133 239 140 238 141 241 144 246 137 247 145 248 137 247 144 246 136 249 148 254 141 255 140 256 141 255 148 254 149 257 144 262 152 263 153 264 152 263 144 262 145 265 156 270 149 271 148 272 149 271 156 270 157 273 153 278 160 279 161 280 160 279 153 278 152 281 161 203 157 286 156 287 157 286 161 203 160 201</p>
                </triangles>
                <triangles count="76" material="Material2">
                    <input offset="0" semantic="VERTEX" source="#ID90" />
                    <input offset="1" semantic="TEXCOORD" source="#ID91" />
                    <p>4 4 5 5 6 6 7 7 6 6 5 5 6 12 7 13 10 14 11 15 10 14 7 13 14 20 15 21 4 22 5 23 4 22 15 21 10 28 11 29 18 30 19 31 18 30 11 29 22 36 23 37 14 38 15 39 14 38 23 37 28 42 29 43 30 44 31 45 30 44 29 43 34 50 35 51 22 52 23 53 22 52 35 51 30 58 31 59 38 60 39 61 38 60 31 59 42 66 43 67 34 68 35 69 34 68 43 67 38 74 39 75 46 76 47 77 46 76 39 75 50 82 51 83 42 84 43 85 42 84 51 83 56 90 57 91 58 92 59 93 58 92 57 91 62 98 63 99 50 100 51 101 50 100 63 99 66 106 67 107 56 108 57 109 56 108 67 107 70 114 71 115 62 116 63 117 62 116 71 115 74 122 75 123 66 124 67 125 66 124 75 123 78 130 79 131 70 132 71 133 70 132 79 131 84 138 85 139 86 140 87 141 86 140 85 139 90 146 91 147 78 148 79 149 78 148 91 147 94 154 95 155 84 156 85 157 84 156 95 155 98 162 99 163 90 164 91 165 90 164 99 163 102 170 103 171 94 172 95 173 94 172 103 171 98 176 106 177 99 178 107 179 99 178 106 177 110 184 111 185 102 186 103 187 102 186 111 185 106 188 114 189 107 190 115 191 107 190 114 189 118 196 119 197 110 198 111 199 110 198 119 197 114 204 122 205 115 206 123 207 115 206 122 205 126 212 127 213 118 214 119 215 118 214 127 213 122 218 130 219 123 220 131 221 123 220 130 219 134 226 135 227 126 228 127 229 126 228 135 227 130 234 138 235 131 236 139 237 131 236 138 235 142 242 143 243 134 244 135 245 134 244 143 243 138 250 146 251 139 252 147 253 139 252 146 251 150 258 151 259 142 260 143 261 142 260 151 259 147 266 146 267 154 268 155 269 154 268 146 267 158 274 159 275 150 276 151 277 150 276 159 275 154 282 155 283 162 284 163 285 162 284 155 283 162 288 163 289 158 290 159 291 158 290 163 289</p>
                </triangles>
            </mesh>
        </geometry>
        <geometry id="ID97">
            <mesh>
                <source id="ID98">
                    <float_array id="ID102" count="432">19.24159 0.9708369 0.8267717 19.33654 0.9315061 0.7874016 19.24159 0.9708369 0.7874016 19.33654 0.9315061 0.8267717 19.33654 0.9315061 0.8267717 19.24159 0.9708369 0.8267717 19.33654 0.9315061 0.7874016 19.24159 0.9708369 0.7874016 19.13969 0.984252 0.8267717 19.13969 0.984252 0.7874016 19.13969 0.984252 0.8267717 19.13969 0.984252 0.7874016 18.75941 0.4886539 0.8267717 18.75941 0.6924484 0.8267717 18.74599 0.5905512 0.8267717 18.79874 0.3937008 0.8267717 18.79874 0.7874016 0.8267717 18.8613 0.3121627 0.8267717 18.8613 0.8689397 0.8267717 18.94284 0.2495963 0.8267717 18.94284 0.9315061 0.8267717 19.03779 0.2102654 0.8267717 19.03779 0.9708369 0.8267717 19.13969 0.1968504 0.8267717 19.13969 0.984252 0.8267717 19.24159 0.2102654 0.8267717 19.24159 0.9708369 0.8267717 19.33654 0.2495963 0.8267717 19.33654 0.9315061 0.8267717 19.41808 0.3121627 0.8267717 19.41808 0.8689397 0.8267717 19.48065 0.3937008 0.8267717 19.48065 0.7874016 0.8267717 19.51998 0.4886539 0.8267717 19.51998 0.6924484 0.8267717 19.53339 0.5905512 0.8267717 19.53339 0.5905512 0.8267717 19.51998 0.4886539 0.8267717 19.51998 0.6924484 0.8267717 19.48065 0.7874016 0.8267717 19.48065 0.3937008 0.8267717 19.41808 0.8689397 0.8267717 19.41808 0.3121627 0.8267717 19.33654 0.9315061 0.8267717 19.33654 0.2495963 0.8267717 19.24159 0.9708369 0.8267717 19.24159 0.2102654 0.8267717 19.13969 0.984252 0.8267717 19.13969 0.1968504 0.8267717 19.03779 0.9708369 0.8267717 19.03779 0.2102654 0.8267717 18.94284 0.9315061 0.8267717 18.94284 0.2495963 0.8267717 18.8613 0.8689397 0.8267717 18.8613 0.3121627 0.8267717 18.79874 0.7874016 0.8267717 18.79874 0.3937008 0.8267717 18.75941 0.6924484 0.8267717 18.75941 0.4886539 0.8267717 18.74599 0.5905512 0.8267717 19.41808 0.8689397 0.7874016 19.41808 0.8689397 0.8267717 19.41808 0.8689397 0.8267717 19.41808 0.8689397 0.7874016 19.03779 0.9708369 0.8267717 19.03779 0.9708369 0.7874016 19.03779 0.9708369 0.8267717 19.03779 0.9708369 0.7874016 18.94284 0.9315061 0.8267717 18.94284 0.9315061 0.7874016 18.94284 0.9315061 0.8267717 18.94284 0.9315061 0.7874016 18.8613 0.8689397 0.8267717 18.8613 0.8689397 0.7874016 18.8613 0.8689397 0.8267717 18.8613 0.8689397 0.7874016 18.79874 0.7874016 0.7874016 18.79874 0.7874016 0.8267717 18.79874 0.7874016 0.7874016 18.79874 0.7874016 0.8267717 18.75941 0.6924484 0.7874016 18.75941 0.6924484 0.8267717 18.75941 0.6924484 0.7874016 18.75941 0.6924484 0.8267717 18.74599 0.5905512 0.7874016 18.74599 0.5905512 0.8267717 18.74599 0.5905512 0.7874016 18.74599 0.5905512 0.8267717 18.75941 0.4886539 0.7874016 18.75941 0.4886539 0.8267717 18.75941 0.4886539 0.7874016 18.75941 0.4886539 0.8267717 18.79874 0.3937008 0.7874016 18.79874 0.3937008 0.8267717 18.79874 0.3937008 0.7874016 18.79874 0.3937008 0.8267717 18.8613 0.3121627 0.7874016 18.8613 0.3121627 0.8267717 18.8613 0.3121627 0.7874016 18.8613 0.3121627 0.8267717 18.94284 0.2495963 0.8267717 18.94284 0.2495963 0.7874016 18.94284 0.2495963 0.8267717 18.94284 0.2495963 0.7874016 19.03779 0.2102654 0.8267717 19.03779 0.2102654 0.7874016 19.03779 0.2102654 0.8267717 19.03779 0.2102654 0.7874016 19.13969 0.1968504 0.8267717 19.13969 0.1968504 0.7874016 19.13969 0.1968504 0.8267717 19.13969 0.1968504 0.7874016 19.24159 0.2102654 0.8267717 19.24159 0.2102654 0.7874016 19.24159 0.2102654 0.8267717 19.24159 0.2102654 0.7874016 19.33654 0.2495963 0.8267717 19.33654 0.2495963 0.7874016 19.33654 0.2495963 0.8267717 19.33654 0.2495963 0.7874016 19.41808 0.3121627 0.8267717 19.41808 0.3121627 0.7874016 19.41808 0.3121627 0.8267717 19.41808 0.3121627 0.7874016 19.48065 0.3937008 0.7874016 19.48065 0.3937008 0.8267717 19.48065 0.3937008 0.8267717 19.48065 0.3937008 0.7874016 19.51998 0.4886539 0.7874016 19.51998 0.4886539 0.8267717 19.51998 0.4886539 0.8267717 19.51998 0.4886539 0.7874016 19.53339 0.5905512 0.7874016 19.53339 0.5905512 0.8267717 19.53339 0.5905512 0.8267717 19.53339 0.5905512 0.7874016 19.51998 0.6924484 0.7874016 19.51998 0.6924484 0.8267717 19.51998 0.6924484 0.8267717 19.51998 0.6924484 0.7874016 19.48065 0.7874016 0.7874016 19.48065 0.7874016 0.8267717 19.48065 0.7874016 0.8267717 19.48065 0.7874016 0.7874016</float_array>
                    <technique_common>
                        <accessor count="144" source="#ID102" stride="3">
                            <param name="X" type="float" />
                            <param name="Y" type="float" />
                            <param name="Z" type="float" />
                        </accessor>
                    </technique_common>
                </source>
                <source id="ID99">
                    <float_array id="ID103" count="432">0.258819 0.9659258 0 0.5 0.8660254 0 0.258819 0.9659258 0 0.5 0.8660254 0 -0.5 -0.8660254 -0 -0.258819 -0.9659258 -0 -0.5 -0.8660254 -0 -0.258819 -0.9659258 -0 -4.277333e-015 1 0 -4.277333e-015 1 0 4.277333e-015 -1 -0 4.277333e-015 -1 -0 0 0 1 0 0 1 0 0 1 0 0 1 0 0 1 0 0 1 0 0 1 0 0 1 0 0 1 0 0 1 0 0 1 0 0 1 0 0 1 0 0 1 0 0 1 0 0 1 0 0 1 0 0 1 0 0 1 0 0 1 0 0 1 0 0 1 0 0 1 0 0 1 -0 -0 -1 -0 -0 -1 -0 -0 -1 -0 -0 -1 -0 -0 -1 -0 -0 -1 -0 -0 -1 -0 -0 -1 -0 -0 -1 -0 -0 -1 -0 -0 -1 -0 -0 -1 -0 -0 -1 -0 -0 -1 -0 -0 -1 -0 -0 -1 -0 -0 -1 -0 -0 -1 -0 -0 -1 -0 -0 -1 -0 -0 -1 -0 -0 -1 -0 -0 -1 -0 -0 -1 0.7071068 0.7071068 0 0.7071068 0.7071068 0 -0.7071068 -0.7071068 -0 -0.7071068 -0.7071068 -0 -0.258819 0.9659258 0 -0.258819 0.9659258 0 0.258819 -0.9659258 -0 0.258819 -0.9659258 -0 -0.5 0.8660254 0 -0.5 0.8660254 0 0.5 -0.8660254 -0 0.5 -0.8660254 -0 -0.7071068 0.7071068 0 -0.7071068 0.7071068 0 0.7071068 -0.7071068 -0 0.7071068 -0.7071068 -0 -0.8660254 0.5 0 -0.8660254 0.5 0 0.8660254 -0.5 -0 0.8660254 -0.5 -0 -0.9659258 0.258819 0 -0.9659258 0.258819 0 0.9659258 -0.258819 -0 0.9659258 -0.258819 -0 -1 0 0 -1 0 0 1 -0 -0 1 -0 -0 -0.9659258 -0.258819 0 -0.9659258 -0.258819 0 0.9659258 0.258819 -0 0.9659258 0.258819 -0 -0.8660254 -0.5 0 -0.8660254 -0.5 0 0.8660254 0.5 -0 0.8660254 0.5 -0 -0.7071068 -0.7071068 0 -0.7071068 -0.7071068 0 0.7071068 0.7071068 -0 0.7071068 0.7071068 -0 -0.5 -0.8660254 0 -0.5 -0.8660254 0 0.5 0.8660254 -0 0.5 0.8660254 -0 -0.258819 -0.9659258 0 -0.258819 -0.9659258 0 0.258819 0.9659258 -0 0.258819 0.9659258 -0 0 -1 0 0 -1 0 -0 1 -0 -0 1 -0 0.258819 -0.9659258 0 0.258819 -0.9659258 0 -0.258819 0.9659258 -0 -0.258819 0.9659258 -0 0.5 -0.8660254 0 0.5 -0.8660254 0 -0.5 0.8660254 -0 -0.5 0.8660254 -0 0.7071068 -0.7071068 0 0.7071068 -0.7071068 0 -0.7071068 0.7071068 -0 -0.7071068 0.7071068 -0 0.8660254 -0.5 0 0.8660254 -0.5 0 -0.8660254 0.5 -0 -0.8660254 0.5 -0 0.9659258 -0.258819 0 0.9659258 -0.258819 0 -0.9659258 0.258819 -0 -0.9659258 0.258819 -0 1 0 0 1 0 0 -1 -0 -0 -1 -0 -0 0.9659258 0.258819 0 0.9659258 0.258819 0 -0.9659258 -0.258819 -0 -0.9659258 -0.258819 -0 0.8660254 0.5 0 0.8660254 0.5 0 -0.8660254 -0.5 -0 -0.8660254 -0.5 -0</float_array>
                    <technique_common>
                        <accessor count="144" source="#ID103" stride="3">
                            <param name="X" type="float" />
                            <param name="Y" type="float" />
                            <param name="Z" type="float" />
                        </accessor>
                    </technique_common>
                </source>
                <source id="ID101">
                    <float_array id="ID104" count="474">0.004363323 0.0003333333 0.003490659 0 0.004363323 0 0.003490659 0.0003333333 -0.2223537 0.02625 -0.2210484 0.02625 -0.2223537 0.025 -0.2210484 0.025 0.005235988 0.0003333333 0.004363323 -1.734723e-018 0.005235988 -1.734723e-018 0.004363323 0.0003333333 -0.2406682 0.02625 -0.239363 0.02625 -0.2406682 0.025 -0.239363 0.025 0.1588296 0.00413727 0.1588296 0.00586273 0.1587161 0.005 0.1591626 0.003333333 0.1591626 0.006666667 0.1596924 0.002642977 0.1596924 0.007357023 0.1603827 0.002113249 0.1603827 0.007886751 0.1611867 0.001780247 0.1611867 0.008219753 0.1620494 0.001666667 0.1620494 0.008333333 0.1629121 0.001780247 0.1629121 0.008219753 0.1637161 0.002113249 0.1637161 0.007886751 0.1644064 0.002642977 0.1644064 0.007357023 0.1649361 0.003333333 0.1649361 0.006666667 0.1652691 0.00413727 0.1652691 0.00586273 0.1653827 0.005 0.2480741 0.01875 0.2479037 0.01551476 0.2479037 0.02198524 0.2474042 0.025 0.2474042 0.0125 0.2466096 0.02758883 0.2466096 0.009911165 0.2455741 0.02957532 0.2455741 0.007924682 0.2443682 0.03082407 0.2443682 0.006675927 0.2430741 0.03125 0.2430741 0.00625 0.24178 0.03082407 0.24178 0.006675927 0.2405741 0.02957532 0.2405741 0.007924682 0.2395386 0.02758883 0.2395386 0.009911165 0.238744 0.025 0.238744 0.0125 0.2382445 0.02198524 0.2382445 0.01551476 0.2380741 0.01875 0.003490659 0.0003333333 0.002617994 1.734723e-018 0.003490659 1.734723e-018 0.002617994 0.0003333333 -0.1889306 0.02625 -0.1876253 0.02625 -0.1889306 0.025 -0.1876253 0.025 0.006108652 0.0003333333 0.005235988 8.673617e-019 0.006108652 8.673617e-019 0.005235988 0.0003333333 -0.2426261 0.02625 -0.2413209 0.02625 -0.2426261 0.025 -0.2413209 0.025 0.006981317 0.0003333333 0.006108652 0 0.006981317 0 -0.2280939 0.02625 -0.2267887 0.02625 -0.2280939 0.025 -0.2267887 0.025 0.007853982 0.0003333333 0.006981317 -8.673617e-019 0.007853982 -8.673617e-019 0.006981317 0.0003333333 -0.198062 0.02625 -0.1967567 0.02625 -0.198062 0.025 -0.1967567 0.025 0.007853982 0.0003333333 0.008726646 0 0.008726646 0.0003333333 0.007853982 0 -0.1545769 0.025 -0.1545769 0.02625 -0.1532716 0.025 -0.1532716 0.02625 0.008726646 0.0003333333 0.009599311 0 0.009599311 0.0003333333 0.008726646 0 -0.1006022 0.025 -0.1006022 0.02625 -0.09929689 0.025 -0.09929689 0.02625 0.009599311 0.0003333333 0.01047198 0 0.01047198 0.0003333333 0.009599311 0 -0.039816 0.025 -0.039816 0.02625 -0.03851074 0.025 -0.03851074 0.02625 0.01047198 0.0003333333 0.01134464 0 0.01134464 0.0003333333 0.01047198 0 0.02363907 0.025 0.02363907 0.02625 0.02494433 0.025 0.02494433 0.02625 0.01134464 0.0003333333 0.0122173 1.734723e-018 0.0122173 0.0003333333 0.01134464 1.734723e-018 0.0854387 0.025 0.0854387 0.02625 0.08674396 0.025 0.08674396 0.02625 0.0122173 0.0003333333 0.01308997 0 0.01308997 0.0003333333 0.0122173 0 0.1413713 0.025 0.1413713 0.02625 0.1426766 0.025 0.1426766 0.02625 0.01396263 0.0003333333 0.01308997 0 0.01396263 0 0.01308997 0.0003333333 0.1876253 0.02625 0.1889306 0.02625 0.1876253 0.025 0.1889306 0.025 0.0148353 0.0003333333 0.01396263 1.734723e-018 0.0148353 1.734723e-018 0.01396263 0.0003333333 0.2210484 0.02625 0.2223537 0.02625 0.2210484 0.025 0.2223537 0.025 0.01570796 0.0003333333 0.0148353 0 0.01570796 0 0.0148353 0.0003333333 0.239363 0.02625 0.2406682 0.02625 0.239363 0.025 0.2406682 0.025 0.01658063 0.0003333333 0.01570796 0 0.01658063 0 0.01570796 0.0003333333 0.2413209 0.02625 0.2426261 0.02625 0.2413209 0.025 0.2426261 0.025 0.01745329 0.0003333333 0.01658063 0 0.01745329 0 0.01658063 0.0003333333 0.2267887 0.02625 0.2280939 0.02625 0.2267887 0.025 0.2280939 0.025 0.01832596 0.0003333333 0.01745329 0 0.01832596 0 0.01745329 0.0003333333 0.1967567 0.02625 0.198062 0.02625 0.1967567 0.025 0.198062 0.025 0.01919862 2.602085e-018 0.01832596 0.0003333333 0.01832596 2.602085e-018 0.01919862 0.0003333333 0.1545769 0.02625 0.1545769 0.025 0.1532716 0.02625 0.1532716 0.025 0.02007129 0 0.01919862 0.0003333333 0.01919862 0 0.02007129 0.0003333333 0.1006022 0.02625 0.1006022 0.025 0.09929689 0.02625 0.09929689 0.025 0.02094395 0 0.02007129 0.0003333333 0.02007129 0 0.02094395 0.0003333333 0.039816 0.02625 0.039816 0.025 0.03851074 0.02625 0.03851074 0.025 0.0008726646 0 1.734723e-017 0.0003333333 1.734723e-017 0 0.0008726646 0.0003333333 -0.02363907 0.02625 -0.02363907 0.025 -0.02494433 0.02625 -0.02494433 0.025 0.001745329 0 0.0008726646 0.0003333333 0.0008726646 0 0.001745329 0.0003333333 -0.0854387 0.02625 -0.0854387 0.025 -0.08674396 0.02625 -0.08674396 0.025 0.001745329 0.0003333333 0.001745329 1.734723e-018 -0.1413713 0.02625 -0.1413713 0.025 -0.1426766 0.02625 -0.1426766 0.025</float_array>
                    <technique_common>
                        <accessor count="237" source="#ID104" stride="2">
                            <param name="S" type="float" />
                            <param name="T" type="float" />
                        </accessor>
                    </technique_common>
                </source>
                <vertices id="ID100">
                    <input semantic="POSITION" source="#ID98" />
                    <input semantic="NORMAL" source="#ID99" />
                </vertices>
                <triangles count="70" material="Material3">
                    <input offset="0" semantic="VERTEX" source="#ID100" />
                    <input offset="1" semantic="TEXCOORD" source="#ID101" />
                    <p>0 0 1 1 2 2 1 1 0 0 3 3 8 8 2 9 9 10 2 9 8 8 0 11 12 16 13 17 14 18 13 17 12 16 15 19 13 17 15 19 16 20 16 20 15 19 17 21 16 20 17 21 18 22 18 22 17 21 19 23 18 22 19 23 20 24 20 24 19 23 21 25 20 24 21 25 22 26 22 26 21 25 23 27 22 26 23 27 24 28 24 28 23 27 25 29 24 28 25 29 26 30 26 30 25 29 27 31 26 30 27 31 28 32 28 32 27 31 29 33 28 32 29 33 30 34 30 34 29 33 31 35 30 34 31 35 32 36 32 36 31 35 33 37 32 36 33 37 34 38 34 38 33 37 35 39 3 64 60 65 1 66 60 65 3 64 61 67 64 72 9 73 65 74 9 73 64 72 8 75 68 80 65 81 69 82 65 81 68 80 64 72 72 87 69 88 73 89 69 88 72 87 68 90 72 95 76 96 77 97 76 96 72 95 73 98 77 103 80 104 81 105 80 104 77 103 76 106 81 111 84 112 85 113 84 112 81 111 80 114 85 119 88 120 89 121 88 120 85 119 84 122 89 127 92 128 93 129 92 128 89 127 88 130 93 135 96 136 97 137 96 136 93 135 92 138 100 143 96 144 101 145 96 144 100 143 97 146 104 151 101 152 105 153 101 152 104 151 100 154 108 159 105 160 109 161 105 160 108 159 104 162 112 167 109 168 113 169 109 168 112 167 108 170 116 175 113 176 117 177 113 176 116 175 112 178 120 183 117 184 121 185 117 184 120 183 116 186 124 191 120 192 121 193 120 192 124 191 125 194 128 199 125 200 124 201 125 200 128 199 129 202 132 207 129 208 128 209 129 208 132 207 133 210 136 215 133 216 132 217 133 216 136 215 137 218 140 223 137 224 136 225 137 224 140 223 141 226 60 65 141 231 140 232 141 231 60 65 61 67</p>
                </triangles>
                <triangles count="70" material="Material2">
                    <input offset="0" semantic="VERTEX" source="#ID100" />
                    <input offset="1" semantic="TEXCOORD" source="#ID101" />
                    <p>4 4 5 5 6 6 7 7 6 6 5 5 5 12 10 13 7 14 11 15 7 14 10 13 36 40 37 41 38 42 38 42 37 41 39 43 37 41 40 44 39 43 39 43 40 44 41 45 40 44 42 46 41 45 41 45 42 46 43 47 42 46 44 48 43 47 43 47 44 48 45 49 44 48 46 50 45 49 45 49 46 50 47 51 46 50 48 52 47 51 47 51 48 52 49 53 48 52 50 54 49 53 49 53 50 54 51 55 50 54 52 56 51 55 51 55 52 56 53 57 52 56 54 58 53 57 53 57 54 58 55 59 54 58 56 60 55 59 55 59 56 60 57 61 56 60 58 62 57 61 59 63 57 61 58 62 62 68 4 69 63 70 6 71 63 70 4 69 10 76 66 77 11 78 67 79 11 78 66 77 66 83 70 84 67 85 71 86 67 85 70 84 70 91 74 92 71 93 75 94 71 93 74 92 75 99 74 100 78 101 79 102 78 101 74 100 78 107 79 108 82 109 83 110 82 109 79 108 82 115 83 116 86 117 87 118 86 117 83 116 86 123 87 124 90 125 91 126 90 125 87 124 90 131 91 132 94 133 95 134 94 133 91 132 94 139 95 140 98 141 99 142 98 141 95 140 99 147 102 148 98 149 103 150 98 149 102 148 102 155 106 156 103 157 107 158 103 157 106 156 106 163 110 164 107 165 111 166 107 165 110 164 110 171 114 172 111 173 115 174 111 173 114 172 114 179 118 180 115 181 119 182 115 181 118 180 118 187 122 188 119 189 123 190 119 189 122 188 126 195 127 196 122 197 123 198 122 197 127 196 130 203 131 204 126 205 127 206 126 205 131 204 134 211 135 212 130 213 131 214 130 213 135 212 138 219 139 220 134 221 135 222 134 221 139 220 142 227 143 228 138 229 139 230 138 229 143 228 62 233 63 234 142 235 143 236 142 235 63 234</p>
                </triangles>
            </mesh>
        </geometry>
        <geometry id="ID105">
            <mesh>
                <source id="ID106">
                    <float_array id="ID110" count="1416">13.77043 1.181102 0.7874016 14.05596 6.505907e-012 0.58687 13.77043 6.790124e-012 0.7874016 14.05596 1.181102 0.58687 14.05596 1.181102 0.58687 13.77043 1.181102 0.7874016 14.05596 6.505907e-012 0.58687 13.77043 6.790124e-012 0.7874016 20.59393 0 0.7874016 14.70995 5.854872e-012 0 20.59393 0 0 14.05596 6.505907e-012 0.58687 13.77043 6.790124e-012 0.7874016 17.68545 2.894573e-012 0.7874016 17.62779 2.951417e-012 0.8035628 13.35873 7.199574e-012 1.076545 17.47889 3.099743e-012 0.8452987 16.97605 3.600675e-012 1.041344 16.48597 4.087397e-012 1.288591 12.62629 7.928769e-012 1.463381 16.01157 4.559908e-012 1.585572 11.86709 8.684609e-012 1.742922 15.55565 5.013767e-012 1.930528 11.76796 8.782308e-012 1.764478 11.08986 9.457324e-012 1.911946 10.30358 1.023981e-011 1.968504 15.12092 5.44631e-012 2.321412 7.248428 1.328004e-011 1.076545 2.908484 1.759837e-011 0.7874016 6.836726 1.368949e-011 0.7874016 2.941991 1.75655e-011 0.7967929 3.115049 1.73932e-011 0.8452987 3.617889 1.689315e-011 1.041344 4.107964 1.640466e-011 1.288591 7.980867 1.255174e-011 1.463381 4.582368 1.593303e-011 1.585572 8.740073 1.17959e-011 1.742922 5.038287 1.547917e-011 1.930528 8.825972 1.170974e-011 1.761603 9.517295 1.102229e-011 1.911946 5.473018 1.504663e-011 2.321412 14.70995 5.854872e-012 2.755906 5.883981 1.463807e-011 2.755906 11.76796 8.782308e-012 3.149606 8.825972 1.170974e-011 3.149606 6.551196 1.397371e-011 0.58687 0 2.049294e-011 0 5.897205 1.462475e-011 0 0 2.049294e-011 0.7874016 2.908484 1.759837e-011 0.7874016 6.836726 1.368949e-011 0.7874016 0 2.049294e-011 0.7874016 6.551196 1.397371e-011 0.58687 0 2.049294e-011 0 5.897205 1.462475e-011 0 8.825972 1.170974e-011 3.149606 11.76796 8.782308e-012 3.149606 5.883981 1.463807e-011 2.755906 14.70995 5.854872e-012 2.755906 5.473018 1.504663e-011 2.321412 15.12092 5.44631e-012 2.321412 10.30358 1.023981e-011 1.968504 5.038287 1.547917e-011 1.930528 9.517295 1.102229e-011 1.911946 8.825972 1.170974e-011 1.761603 8.740073 1.17959e-011 1.742922 4.582368 1.593303e-011 1.585572 7.980867 1.255174e-011 1.463381 4.107964 1.640466e-011 1.288591 7.248428 1.328004e-011 1.076545 3.617889 1.689315e-011 1.041344 3.115049 1.73932e-011 0.8452987 2.941991 1.75655e-011 0.7967929 15.55565 5.013767e-012 1.930528 11.08986 9.457324e-012 1.911946 11.76796 8.782308e-012 1.764478 11.86709 8.684609e-012 1.742922 16.01157 4.559908e-012 1.585572 12.62629 7.928769e-012 1.463381 16.48597 4.087397e-012 1.288591 13.35873 7.199574e-012 1.076545 16.97605 3.600675e-012 1.041344 17.47889 3.099743e-012 0.8452987 17.62779 2.951417e-012 0.8035628 13.77043 6.790124e-012 0.7874016 17.68545 2.894573e-012 0.7874016 20.59393 0 0.7874016 14.05596 6.505907e-012 0.58687 14.70995 5.854872e-012 0 20.59393 0 0 13.35873 1.181102 1.076545 13.77043 6.790124e-012 0.7874016 13.35873 7.199574e-012 1.076545 13.77043 1.181102 0.7874016 13.77043 1.181102 0.7874016 13.35873 1.181102 1.076545 13.77043 6.790124e-012 0.7874016 13.35873 7.199574e-012 1.076545 1.175948e-012 1.181102 0.7874016 5.897205 1.181102 0 1.175948e-012 1.181102 0 6.551196 1.181102 0.58687 6.836726 1.181102 0.7874016 2.908484 1.181102 0.7874016 2.941991 1.181102 0.7967929 7.248428 1.181102 1.076545 3.115049 1.181102 0.8452987 3.617889 1.181102 1.041344 4.107964 1.181102 1.288591 7.980867 1.181102 1.463381 4.582368 1.181102 1.585572 8.740073 1.181102 1.742922 5.038287 1.181102 1.930528 8.825972 1.181102 1.761603 9.517295 1.181102 1.911946 10.30358 1.181102 1.968504 5.473018 1.181102 2.321412 15.12092 1.181102 2.321412 14.70995 1.181102 2.755906 5.883981 1.181102 2.755906 8.825972 1.181102 3.149606 11.76796 1.181102 3.149606 13.35873 1.181102 1.076545 17.68545 1.181102 0.7874016 13.77043 1.181102 0.7874016 17.62779 1.181102 0.8035628 17.47889 1.181102 0.8452987 16.97605 1.181102 1.041344 16.48597 1.181102 1.288591 12.62629 1.181102 1.463381 16.01157 1.181102 1.585572 11.86709 1.181102 1.742922 15.55565 1.181102 1.930528 11.76796 1.181102 1.764478 11.08986 1.181102 1.911946 14.05596 1.181102 0.58687 20.59393 1.181102 0 14.70995 1.181102 0 20.59393 1.181102 0.7874016 17.68545 1.181102 0.7874016 13.77043 1.181102 0.7874016 20.59393 1.181102 0.7874016 14.05596 1.181102 0.58687 20.59393 1.181102 0 14.70995 1.181102 0 15.12092 1.181102 2.321412 10.30358 1.181102 1.968504 15.55565 1.181102 1.930528 11.08986 1.181102 1.911946 11.76796 1.181102 1.764478 11.86709 1.181102 1.742922 16.01157 1.181102 1.585572 12.62629 1.181102 1.463381 16.48597 1.181102 1.288591 13.35873 1.181102 1.076545 16.97605 1.181102 1.041344 17.47889 1.181102 0.8452987 17.62779 1.181102 0.8035628 11.76796 1.181102 3.149606 8.825972 1.181102 3.149606 14.70995 1.181102 2.755906 5.883981 1.181102 2.755906 5.473018 1.181102 2.321412 5.038287 1.181102 1.930528 9.517295 1.181102 1.911946 8.825972 1.181102 1.761603 8.740073 1.181102 1.742922 4.582368 1.181102 1.585572 7.980867 1.181102 1.463381 4.107964 1.181102 1.288591 7.248428 1.181102 1.076545 3.617889 1.181102 1.041344 3.115049 1.181102 0.8452987 2.941991 1.181102 0.7967929 6.836726 1.181102 0.7874016 2.908484 1.181102 0.7874016 1.175948e-012 1.181102 0.7874016 6.551196 1.181102 0.58687 5.897205 1.181102 0 1.175948e-012 1.181102 0 14.70995 5.854872e-012 0 14.70995 1.181102 0 14.70995 1.181102 0 14.70995 5.854872e-012 0 2.941991 1.75655e-011 0.7967929 2.908484 1.181102 0.7874016 2.908484 1.759837e-011 0.7874016 2.941991 1.181102 0.7967929 3.115049 1.73932e-011 0.8452987 3.115049 1.181102 0.8452987 3.115049 1.181102 0.8452987 3.115049 1.73932e-011 0.8452987 2.941991 1.181102 0.7967929 2.941991 1.75655e-011 0.7967929 2.908484 1.181102 0.7874016 2.908484 1.759837e-011 0.7874016 0 2.049294e-011 0.7874016 1.257392 0.2495963 0.7874016 1.175948e-012 1.181102 0.7874016 1.352345 0.2102654 0.7874016 1.175854 0.3121627 0.7874016 1.113287 0.3937008 0.7874016 1.073956 0.4886539 0.7874016 1.060541 0.5905512 0.7874016 1.454242 0.1968504 0.7874016 1.556139 0.2102654 0.7874016 1.651093 0.2495963 0.7874016 1.732631 0.3121627 0.7874016 1.795197 0.3937008 0.7874016 1.834528 0.4886539 0.7874016 1.847943 0.5905512 0.7874016 1.352345 0.9708369 0.7874016 1.257392 0.9315061 0.7874016 1.175854 0.8689397 0.7874016 1.113287 0.7874016 0.7874016 1.073956 0.6924484 0.7874016 1.454242 0.984252 0.7874016 1.556139 0.9708369 0.7874016 1.651093 0.9315061 0.7874016 1.732631 0.8689397 0.7874016 1.795197 0.7874016 0.7874016 1.834528 0.6924484 0.7874016 1.847943 0.5905512 0.7874016 1.834528 0.6924484 0.7874016 1.795197 0.7874016 0.7874016 1.732631 0.8689397 0.7874016 1.651093 0.9315061 0.7874016 1.556139 0.9708369 0.7874016 1.454242 0.984252 0.7874016 1.352345 0.9708369 0.7874016 1.060541 0.5905512 0.7874016 1.175948e-012 1.181102 0.7874016 1.073956 0.6924484 0.7874016 1.113287 0.7874016 0.7874016 1.175854 0.8689397 0.7874016 1.257392 0.9315061 0.7874016 1.834528 0.4886539 0.7874016 1.795197 0.3937008 0.7874016 1.732631 0.3121627 0.7874016 1.651093 0.2495963 0.7874016 1.556139 0.2102654 0.7874016 1.454242 0.1968504 0.7874016 1.352345 0.2102654 0.7874016 1.073956 0.4886539 0.7874016 1.113287 0.3937008 0.7874016 1.175854 0.3121627 0.7874016 1.257392 0.2495963 0.7874016 0 2.049294e-011 0.7874016 1.175948e-012 1.181102 0.7874016 0 2.049294e-011 0 0 2.049294e-011 0.7874016 1.175948e-012 1.181102 0 1.175948e-012 1.181102 0 1.175948e-012 1.181102 0.7874016 0 2.049294e-011 0 0 2.049294e-011 0.7874016 1.175948e-012 1.181102 0 5.897205 1.462475e-011 0 0 2.049294e-011 0 5.897205 1.181102 0 5.897205 1.181102 0 1.175948e-012 1.181102 0 5.897205 1.462475e-011 0 0 2.049294e-011 0 5.897205 1.181102 0 6.551196 1.397371e-011 0.58687 5.897205 1.462475e-011 0 6.551196 1.181102 0.58687 6.551196 1.181102 0.58687 5.897205 1.181102 0 6.551196 1.397371e-011 0.58687 5.897205 1.462475e-011 0 6.836726 1.368949e-011 0.7874016 6.836726 1.181102 0.7874016 6.836726 1.181102 0.7874016 6.836726 1.368949e-011 0.7874016 6.836726 1.181102 0.7874016 7.248428 1.328004e-011 1.076545 6.836726 1.368949e-011 0.7874016 7.248428 1.181102 1.076545 7.248428 1.181102 1.076545 6.836726 1.181102 0.7874016 7.248428 1.328004e-011 1.076545 6.836726 1.368949e-011 0.7874016 7.980867 1.255174e-011 1.463381 7.980867 1.181102 1.463381 7.980867 1.181102 1.463381 7.980867 1.255174e-011 1.463381 8.740073 1.17959e-011 1.742922 8.740073 1.181102 1.742922 8.740073 1.181102 1.742922 8.740073 1.17959e-011 1.742922 8.825972 1.170974e-011 1.761603 8.825972 1.181102 1.761603 8.825972 1.181102 1.761603 8.825972 1.170974e-011 1.761603 8.825972 1.181102 1.761603 9.517295 1.102229e-011 1.911946 8.825972 1.170974e-011 1.761603 9.517295 1.181102 1.911946 9.517295 1.181102 1.911946 8.825972 1.181102 1.761603 9.517295 1.102229e-011 1.911946 8.825972 1.170974e-011 1.761603 10.30358 1.023981e-011 1.968504 10.30358 1.181102 1.968504 10.30358 1.181102 1.968504 10.30358 1.023981e-011 1.968504 11.08986 9.457324e-012 1.911946 11.08986 1.181102 1.911946 11.08986 1.181102 1.911946 11.08986 9.457324e-012 1.911946 11.76796 8.782308e-012 1.764478 11.76796 1.181102 1.764478 11.76796 1.181102 1.764478 11.76796 8.782308e-012 1.764478 11.76796 1.181102 1.764478 11.86709 8.684609e-012 1.742922 11.76796 8.782308e-012 1.764478 11.86709 1.181102 1.742922 11.86709 1.181102 1.742922 11.76796 1.181102 1.764478 11.86709 8.684609e-012 1.742922 11.76796 8.782308e-012 1.764478 12.62629 7.928769e-012 1.463381 12.62629 1.181102 1.463381 12.62629 1.181102 1.463381 12.62629 7.928769e-012 1.463381 14.70995 1.181102 0 20.59393 0 0 14.70995 5.854872e-012 0 20.59393 1.181102 0 20.59393 1.181102 0 14.70995 1.181102 0 20.59393 0 0 14.70995 5.854872e-012 0 20.59393 1.181102 0 20.59393 0 0.7874016 20.59393 0 0 20.59393 1.181102 0.7874016 20.59393 1.181102 0.7874016 20.59393 1.181102 0 20.59393 0 0.7874016 20.59393 0 0 17.68545 2.894573e-012 0.7874016 18.94284 0.2495963 0.7874016 17.68545 1.181102 0.7874016 19.03779 0.2102654 0.7874016 20.59393 0 0.7874016 18.8613 0.3121627 0.7874016 18.79874 0.3937008 0.7874016 18.75941 0.4886539 0.7874016 18.74599 0.5905512 0.7874016 19.13969 0.1968504 0.7874016 19.24159 0.2102654 0.7874016 19.33654 0.2495963 0.7874016 19.41808 0.3121627 0.7874016 19.48065 0.3937008 0.7874016 19.51998 0.4886539 0.7874016 19.53339 0.5905512 0.7874016 19.03779 0.9708369 0.7874016 20.59393 1.181102 0.7874016 18.94284 0.9315061 0.7874016 18.8613 0.8689397 0.7874016 18.79874 0.7874016 0.7874016 18.75941 0.6924484 0.7874016 19.13969 0.984252 0.7874016 19.24159 0.9708369 0.7874016 19.33654 0.9315061 0.7874016 19.41808 0.8689397 0.7874016 19.48065 0.7874016 0.7874016 19.51998 0.6924484 0.7874016 20.59393 0 0.7874016 19.53339 0.5905512 0.7874016 20.59393 1.181102 0.7874016 19.51998 0.6924484 0.7874016 19.48065 0.7874016 0.7874016 19.41808 0.8689397 0.7874016 19.33654 0.9315061 0.7874016 19.24159 0.9708369 0.7874016 19.13969 0.984252 0.7874016 19.03779 0.9708369 0.7874016 18.74599 0.5905512 0.7874016 17.68545 1.181102 0.7874016 18.75941 0.6924484 0.7874016 18.79874 0.7874016 0.7874016 18.8613 0.8689397 0.7874016 18.94284 0.9315061 0.7874016 19.51998 0.4886539 0.7874016 19.48065 0.3937008 0.7874016 19.41808 0.3121627 0.7874016 19.33654 0.2495963 0.7874016 19.24159 0.2102654 0.7874016 19.13969 0.1968504 0.7874016 19.03779 0.2102654 0.7874016 18.75941 0.4886539 0.7874016 18.79874 0.3937008 0.7874016 18.8613 0.3121627 0.7874016 18.94284 0.2495963 0.7874016 17.68545 2.894573e-012 0.7874016 17.62779 2.951417e-012 0.8035628 17.47889 1.181102 0.8452987 17.47889 3.099743e-012 0.8452987 17.62779 1.181102 0.8035628 17.62779 1.181102 0.8035628 17.62779 2.951417e-012 0.8035628 17.47889 1.181102 0.8452987 17.47889 3.099743e-012 0.8452987 16.97605 1.181102 1.041344 16.97605 3.600675e-012 1.041344 16.97605 1.181102 1.041344 16.97605 3.600675e-012 1.041344 16.48597 1.181102 1.288591 16.48597 4.087397e-012 1.288591 16.48597 1.181102 1.288591 16.48597 4.087397e-012 1.288591 16.01157 1.181102 1.585572 16.01157 4.559908e-012 1.585572 16.01157 1.181102 1.585572 16.01157 4.559908e-012 1.585572 15.55565 1.181102 1.930528 15.55565 5.013767e-012 1.930528 15.55565 1.181102 1.930528 15.55565 5.013767e-012 1.930528 15.12092 1.181102 2.321412 15.12092 5.44631e-012 2.321412 15.12092 1.181102 2.321412 15.12092 5.44631e-012 2.321412 14.70995 5.854872e-012 2.755906 14.70995 1.181102 2.755906 14.70995 1.181102 2.755906 14.70995 5.854872e-012 2.755906 14.70995 5.854872e-012 2.755906 11.76796 1.181102 3.149606 11.76796 8.782308e-012 3.149606 14.70995 1.181102 2.755906 14.70995 1.181102 2.755906 14.70995 5.854872e-012 2.755906 11.76796 1.181102 3.149606 11.76796 8.782308e-012 3.149606 8.825972 1.181102 3.149606 8.825972 1.170974e-011 3.149606 8.825972 1.181102 3.149606 8.825972 1.170974e-011 3.149606 5.883981 1.181102 2.755906 5.883981 1.463807e-011 2.755906 5.883981 1.181102 2.755906 5.883981 1.463807e-011 2.755906 5.883981 1.181102 2.755906 5.473018 1.504663e-011 2.321412 5.883981 1.463807e-011 2.755906 5.473018 1.181102 2.321412 5.473018 1.181102 2.321412 5.883981 1.181102 2.755906 5.473018 1.504663e-011 2.321412 5.883981 1.463807e-011 2.755906 5.038287 1.181102 1.930528 5.038287 1.547917e-011 1.930528 5.038287 1.181102 1.930528 5.038287 1.547917e-011 1.930528 4.582368 1.181102 1.585572 4.582368 1.593303e-011 1.585572 4.582368 1.181102 1.585572 4.582368 1.593303e-011 1.585572 4.107964 1.181102 1.288591 4.107964 1.640466e-011 1.288591 4.107964 1.181102 1.288591 4.107964 1.640466e-011 1.288591 3.617889 1.181102 1.041344 3.617889 1.689315e-011 1.041344 3.617889 1.181102 1.041344 3.617889 1.689315e-011 1.041344</float_array>
                    <technique_common>
                        <accessor count="472" source="#ID110" stride="3">
                            <param name="X" type="float" />
                            <param name="Y" type="float" />
                            <param name="Z" type="float" />
                        </accessor>
                    </technique_common>
                </source>
                <source id="ID107">
                    <float_array id="ID111" count="1416">-0.5747316 5.719113e-013 -0.818342 -0.6224094 6.192949e-013 -0.7826918 -0.5747316 5.719113e-013 -0.818342 -0.6224094 6.192949e-013 -0.7826918 0.6224094 -6.192949e-013 0.7826918 0.5747316 -5.719113e-013 0.818342 0.6224094 -6.192949e-013 0.7826918 0.5747316 -5.719113e-013 0.818342 -9.950929e-013 -1 0 -9.950929e-013 -1 0 -9.950929e-013 -1 0 -9.950929e-013 -1 0 -9.950929e-013 -1 0 -9.950929e-013 -1 0 -9.950929e-013 -1 0 -9.950929e-013 -1 0 -9.950929e-013 -1 0 -9.950929e-013 -1 0 -9.950929e-013 -1 0 -9.950929e-013 -1 0 -9.950929e-013 -1 0 -9.950929e-013 -1 0 -9.950929e-013 -1 0 -9.950929e-013 -1 0 -9.950929e-013 -1 0 -9.950929e-013 -1 0 -9.950929e-013 -1 0 -9.950929e-013 -1 0 -9.950929e-013 -1 0 -9.950929e-013 -1 0 -9.950929e-013 -1 0 -9.950929e-013 -1 0 -9.950929e-013 -1 0 -9.950929e-013 -1 0 -9.950929e-013 -1 0 -9.950929e-013 -1 0 -9.950929e-013 -1 0 -9.950929e-013 -1 0 -9.950929e-013 -1 0 -9.950929e-013 -1 0 -9.950929e-013 -1 0 -9.950929e-013 -1 0 -9.950929e-013 -1 0 -9.950929e-013 -1 0 -9.950929e-013 -1 0 -9.950929e-013 -1 0 -9.950929e-013 -1 0 -9.950929e-013 -1 0 -9.950929e-013 -1 0 9.950929e-013 1 -0 9.950929e-013 1 -0 9.950929e-013 1 -0 9.950929e-013 1 -0 9.950929e-013 1 -0 9.950929e-013 1 -0 9.950929e-013 1 -0 9.950929e-013 1 -0 9.950929e-013 1 -0 9.950929e-013 1 -0 9.950929e-013 1 -0 9.950929e-013 1 -0 9.950929e-013 1 -0 9.950929e-013 1 -0 9.950929e-013 1 -0 9.950929e-013 1 -0 9.950929e-013 1 -0 9.950929e-013 1 -0 9.950929e-013 1 -0 9.950929e-013 1 -0 9.950929e-013 1 -0 9.950929e-013 1 -0 9.950929e-013 1 -0 9.950929e-013 1 -0 9.950929e-013 1 -0 9.950929e-013 1 -0 9.950929e-013 1 -0 9.950929e-013 1 -0 9.950929e-013 1 -0 9.950929e-013 1 -0 9.950929e-013 1 -0 9.950929e-013 1 -0 9.950929e-013 1 -0 9.950929e-013 1 -0 9.950929e-013 1 -0 9.950929e-013 1 -0 9.950929e-013 1 -0 9.950929e-013 1 -0 9.950929e-013 1 -0 9.950929e-013 1 -0 9.950929e-013 1 -0 -0.5219147 5.193536e-013 -0.8529977 -0.5747316 5.719113e-013 -0.818342 -0.5219147 5.193536e-013 -0.8529977 -0.5747316 5.719113e-013 -0.818342 0.5747316 -5.719113e-013 0.818342 0.5219147 -5.193536e-013 0.8529977 0.5747316 -5.719113e-013 0.818342 0.5219147 -5.193536e-013 0.8529977 9.95099e-013 1 -2.149179e-016 9.95099e-013 1 -2.149179e-016 9.95099e-013 1 -2.149179e-016 9.95099e-013 1 -2.149179e-016 9.95099e-013 1 -2.149179e-016 9.95099e-013 1 -2.149179e-016 9.95099e-013 1 -2.149179e-016 9.95099e-013 1 -2.149179e-016 9.95099e-013 1 -2.149179e-016 9.95099e-013 1 -2.149179e-016 9.95099e-013 1 -2.149179e-016 9.95099e-013 1 -2.149179e-016 9.95099e-013 1 -2.149179e-016 9.95099e-013 1 -2.149179e-016 9.95099e-013 1 -2.149179e-016 9.95099e-013 1 -2.149179e-016 9.95099e-013 1 -2.149179e-016 9.95099e-013 1 -2.149179e-016 9.95099e-013 1 -2.149179e-016 9.95099e-013 1 -2.149179e-016 9.95099e-013 1 -2.149179e-016 9.95099e-013 1 -2.149179e-016 9.95099e-013 1 -2.149179e-016 9.95099e-013 1 -2.149179e-016 9.95099e-013 1 -2.149179e-016 9.95099e-013 1 -2.149179e-016 9.95099e-013 1 -2.149179e-016 9.95099e-013 1 -2.149179e-016 9.95099e-013 1 -2.149179e-016 9.95099e-013 1 -2.149179e-016 9.95099e-013 1 -2.149179e-016 9.95099e-013 1 -2.149179e-016 9.95099e-013 1 -2.149179e-016 9.95099e-013 1 -2.149179e-016 9.95099e-013 1 -2.149179e-016 9.95099e-013 1 -2.149179e-016 9.95099e-013 1 -2.149179e-016 9.95099e-013 1 -2.149179e-016 9.95099e-013 1 -2.149179e-016 9.95099e-013 1 -2.149179e-016 9.95099e-013 1 -2.149179e-016 -9.95099e-013 -1 2.149179e-016 -9.95099e-013 -1 2.149179e-016 -9.95099e-013 -1 2.149179e-016 -9.95099e-013 -1 2.149179e-016 -9.95099e-013 -1 2.149179e-016 -9.95099e-013 -1 2.149179e-016 -9.95099e-013 -1 2.149179e-016 -9.95099e-013 -1 2.149179e-016 -9.95099e-013 -1 2.149179e-016 -9.95099e-013 -1 2.149179e-016 -9.95099e-013 -1 2.149179e-016 -9.95099e-013 -1 2.149179e-016 -9.95099e-013 -1 2.149179e-016 -9.95099e-013 -1 2.149179e-016 -9.95099e-013 -1 2.149179e-016 -9.95099e-013 -1 2.149179e-016 -9.95099e-013 -1 2.149179e-016 -9.95099e-013 -1 2.149179e-016 -9.95099e-013 -1 2.149179e-016 -9.95099e-013 -1 2.149179e-016 -9.95099e-013 -1 2.149179e-016 -9.95099e-013 -1 2.149179e-016 -9.95099e-013 -1 2.149179e-016 -9.95099e-013 -1 2.149179e-016 -9.95099e-013 -1 2.149179e-016 -9.95099e-013 -1 2.149179e-016 -9.95099e-013 -1 2.149179e-016 -9.95099e-013 -1 2.149179e-016 -9.95099e-013 -1 2.149179e-016 -9.95099e-013 -1 2.149179e-016 -9.95099e-013 -1 2.149179e-016 -9.95099e-013 -1 2.149179e-016 -9.95099e-013 -1 2.149179e-016 -9.95099e-013 -1 2.149179e-016 -9.95099e-013 -1 2.149179e-016 -9.95099e-013 -1 2.149179e-016 -9.95099e-013 -1 2.149179e-016 -9.95099e-013 -1 2.149179e-016 -9.95099e-013 -1 2.149179e-016 -9.95099e-013 -1 2.149179e-016 -9.95099e-013 -1 2.149179e-016 -0.6678814 6.644836e-013 -0.7442677 -0.6678814 6.644836e-013 -0.7442677 0.6678814 -6.644836e-013 0.7442677 0.6678814 -6.644836e-013 0.7442677 -0.2698853 2.685623e-013 0.9628925 -0.1362122 1.355445e-013 0.9906797 -0.1362122 1.355445e-013 0.9906797 -0.2698853 2.685623e-013 0.9628925 -0.3169492 3.153946e-013 0.9484425 -0.3169492 3.153946e-013 0.9484425 0.3169492 -3.153946e-013 -0.9484425 0.3169492 -3.153946e-013 -0.9484425 0.2698853 -2.685623e-013 -0.9628925 0.2698853 -2.685623e-013 -0.9628925 0.1362122 -1.355445e-013 -0.9906797 0.1362122 -1.355445e-013 -0.9906797 0 0 1 0 0 1 0 0 1 0 0 1 0 0 1 0 0 1 0 0 1 0 0 1 0 0 1 0 0 1 0 0 1 0 0 1 0 0 1 0 0 1 0 0 1 0 0 1 0 0 1 0 0 1 0 0 1 0 0 1 0 0 1 0 0 1 0 0 1 0 0 1 0 0 1 0 0 1 -0 -0 -1 -0 -0 -1 -0 -0 -1 -0 -0 -1 -0 -0 -1 -0 -0 -1 -0 -0 -1 -0 -0 -1 -0 -0 -1 -0 -0 -1 -0 -0 -1 -0 -0 -1 -0 -0 -1 -0 -0 -1 -0 -0 -1 -0 -0 -1 -0 -0 -1 -0 -0 -1 -0 -0 -1 -0 -0 -1 -0 -0 -1 -0 -0 -1 -0 -0 -1 -0 -0 -1 -0 -0 -1 -0 -0 -1 -1 9.950929e-013 0 -1 9.950929e-013 0 -1 9.950929e-013 0 -1 9.950929e-013 0 1 -9.950929e-013 -0 1 -9.950929e-013 -0 1 -9.950929e-013 -0 1 -9.950929e-013 -0 0 0 -1 0 0 -1 0 0 -1 0 0 -1 -0 -0 1 -0 -0 1 -0 -0 1 -0 -0 1 0.6678814 -6.644813e-013 -0.7442677 0.6224094 -6.192937e-013 -0.7826918 0.6678814 -6.644813e-013 -0.7442677 0.6224094 -6.192937e-013 -0.7826918 -0.6224094 6.192937e-013 0.7826918 -0.6678814 6.644813e-013 0.7442677 -0.6224094 6.192937e-013 0.7826918 -0.6678814 6.644813e-013 0.7442677 0.5747316 -5.719113e-013 -0.818342 0.5747316 -5.719113e-013 -0.818342 -0.5747316 5.719113e-013 0.818342 -0.5747316 5.719113e-013 0.818342 0.5747316 -5.719113e-013 -0.818342 0.5219147 -5.193536e-013 -0.8529977 0.5747316 -5.719113e-013 -0.818342 0.5219147 -5.193536e-013 -0.8529977 -0.5219147 5.193536e-013 0.8529977 -0.5747316 5.719113e-013 0.818342 -0.5219147 5.193536e-013 0.8529977 -0.5747316 5.719113e-013 0.818342 0.4071711 -4.051731e-013 -0.9133519 0.4071711 -4.051731e-013 -0.9133519 -0.4071711 4.051731e-013 0.9133519 -0.4071711 4.051731e-013 0.9133519 0.279686 -2.783136e-013 -0.9600915 0.279686 -2.783136e-013 -0.9600915 -0.279686 2.783136e-013 0.9600915 -0.279686 2.783136e-013 0.9600915 0.2125041 -2.114613e-013 -0.9771602 0.2125041 -2.114613e-013 -0.9771602 -0.2125041 2.114613e-013 0.9771602 -0.2125041 2.114613e-013 0.9771602 0.2125041 -2.114613e-013 -0.9771602 0.1424856 -1.417864e-013 -0.9897969 0.2125041 -2.114613e-013 -0.9771602 0.1424856 -1.417864e-013 -0.9897969 -0.1424856 1.417864e-013 0.9897969 -0.2125041 2.114613e-013 0.9771602 -0.1424856 1.417864e-013 0.9897969 -0.2125041 2.114613e-013 0.9771602 -5.314621e-017 6.042024e-029 -1 -9.743471e-017 1.007004e-028 -1 9.743471e-017 -1.007004e-028 1 5.314621e-017 -6.042024e-029 1 -0.1424856 1.417864e-013 -0.9897969 -0.1424856 1.417864e-013 -0.9897969 0.1424856 -1.417864e-013 0.9897969 0.1424856 -1.417864e-013 0.9897969 -0.2125041 2.114613e-013 -0.9771602 -0.2125041 2.114613e-013 -0.9771602 0.2125041 -2.114613e-013 0.9771602 0.2125041 -2.114613e-013 0.9771602 -0.2125041 2.114613e-013 -0.9771602 -0.279686 2.783136e-013 -0.9600915 -0.2125041 2.114613e-013 -0.9771602 -0.279686 2.783136e-013 -0.9600915 0.279686 -2.783136e-013 0.9600915 0.2125041 -2.114613e-013 0.9771602 0.279686 -2.783136e-013 0.9600915 0.2125041 -2.114613e-013 0.9771602 -0.4071711 4.051731e-013 -0.9133519 -0.4071711 4.051731e-013 -0.9133519 0.4071711 -4.051731e-013 0.9133519 0.4071711 -4.051731e-013 0.9133519 0 0 -1 0 0 -1 0 0 -1 0 0 -1 -0 -0 1 -0 -0 1 -0 -0 1 -0 -0 1 1 -9.950929e-013 0 1 -9.950929e-013 0 1 -9.950929e-013 0 1 -9.950929e-013 0 -1 9.950929e-013 -0 -1 9.950929e-013 -0 -1 9.950929e-013 -0 -1 9.950929e-013 -0 0.1362122 -1.355438e-013 0.9906797 0 0 1 0.1362122 -1.355438e-013 0.9906797 0 0 1 0 0 1 0 0 1 0 0 1 0 0 1 0 0 1 0 0 1 0 0 1 0 0 1 0 0 1 0 0 1 0 0 1 0 0 1 0 0 1 0 0 1 0 0 1 0 0 1 0 0 1 0 0 1 0 0 1 0 0 1 0 0 1 0 0 1 0 0 1 0 0 1 -0 -0 -1 -0 -0 -1 -0 -0 -1 -0 -0 -1 -0 -0 -1 -0 -0 -1 -0 -0 -1 -0 -0 -1 -0 -0 -1 -0 -0 -1 -0 -0 -1 -0.1362122 1.355438e-013 -0.9906797 -0 -0 -1 -0 -0 -1 -0 -0 -1 -0 -0 -1 -0 -0 -1 -0 -0 -1 -0 -0 -1 -0 -0 -1 -0 -0 -1 -0 -0 -1 -0 -0 -1 -0 -0 -1 -0 -0 -1 -0 -0 -1 -0 -0 -1 -0.1362122 1.355438e-013 -0.9906797 0.2698853 -2.685609e-013 0.9628925 0.3169492 -3.153939e-013 0.9484425 0.3169492 -3.153939e-013 0.9484425 0.2698853 -2.685609e-013 0.9628925 -0.2698853 2.685609e-013 -0.9628925 -0.2698853 2.685609e-013 -0.9628925 -0.3169492 3.153939e-013 -0.9484425 -0.3169492 3.153939e-013 -0.9484425 0.4073018 -4.053031e-013 0.9132936 0.4073018 -4.053031e-013 0.9132936 -0.4073018 4.053031e-013 -0.9132936 -0.4073018 4.053031e-013 -0.9132936 0.4910428 -4.886332e-013 0.8711354 0.4910428 -4.886332e-013 0.8711354 -0.4910428 4.886332e-013 -0.8711354 -0.4910428 4.886332e-013 -0.8711354 0.5675472 -5.647622e-013 0.8233408 0.5675472 -5.647622e-013 0.8233408 -0.5675472 5.647622e-013 -0.8233408 -0.5675472 5.647622e-013 -0.8233408 0.636561 -6.334374e-013 0.7712263 0.636561 -6.334374e-013 0.7712263 -0.636561 6.334374e-013 -0.7712263 -0.636561 6.334374e-013 -0.7712263 0.6981291 -6.947033e-013 0.7159719 0.6981291 -6.947033e-013 0.7159719 -0.6981291 6.947033e-013 -0.7159719 -0.6981291 6.947033e-013 -0.7159719 0.7265051 -7.2294e-013 0.6871611 0.7265051 -7.2294e-013 0.6871611 -0.7265051 7.2294e-013 -0.6871611 -0.7265051 7.2294e-013 -0.6871611 0.1326388 -1.31988e-013 0.9911644 0.0664664 -6.614024e-014 0.9977887 0.0664664 -6.614024e-014 0.9977887 0.1326388 -1.31988e-013 0.9911644 -0.1326388 1.31988e-013 -0.9911644 -0.1326388 1.31988e-013 -0.9911644 -0.0664664 6.614024e-014 -0.9977887 -0.0664664 6.614024e-014 -0.9977887 -0.0664664 6.614024e-014 0.9977887 -0.0664664 6.614024e-014 0.9977887 0.0664664 -6.614024e-014 -0.9977887 0.0664664 -6.614024e-014 -0.9977887 -0.1326388 1.31988e-013 0.9911644 -0.1326388 1.31988e-013 0.9911644 0.1326388 -1.31988e-013 -0.9911644 0.1326388 -1.31988e-013 -0.9911644 -0.7265051 7.2294e-013 0.6871611 -0.6981291 6.947033e-013 0.7159719 -0.7265051 7.2294e-013 0.6871611 -0.6981291 6.947033e-013 0.7159719 0.6981291 -6.947033e-013 -0.7159719 0.7265051 -7.2294e-013 -0.6871611 0.6981291 -6.947033e-013 -0.7159719 0.7265051 -7.2294e-013 -0.6871611 -0.636561 6.334374e-013 0.7712263 -0.636561 6.334374e-013 0.7712263 0.636561 -6.334374e-013 -0.7712263 0.636561 -6.334374e-013 -0.7712263 -0.5675472 5.647622e-013 0.8233408 -0.5675472 5.647622e-013 0.8233408 0.5675472 -5.647622e-013 -0.8233408 0.5675472 -5.647622e-013 -0.8233408 -0.4910428 4.886332e-013 0.8711354 -0.4910428 4.886332e-013 0.8711354 0.4910428 -4.886332e-013 -0.8711354 0.4910428 -4.886332e-013 -0.8711354 -0.4073018 4.053031e-013 0.9132936 -0.4073018 4.053031e-013 0.9132936 0.4073018 -4.053031e-013 -0.9132936 0.4073018 -4.053031e-013 -0.9132936</float_array>
                    <technique_common>
                        <accessor count="472" source="#ID111" stride="3">
                            <param name="X" type="float" />
                            <param name="Y" type="float" />
                            <param name="Z" type="float" />
                        </accessor>
                    </technique_common>
                </source>
                <source id="ID109">
                    <float_array id="ID112" count="572">-0.015 -0.34342 -2.602598e-013 -0.354498 -2.602609e-013 -0.34342 -0.015 -0.354498 0.261543 0.025 0.1868164 0 0.261543 0 0.1785107 0.01863312 0.1748845 0.025 0.2246052 0.025 0.2238729 0.02551312 0.1696559 0.0341803 0.2219818 0.02683824 0.2155958 0.03306267 0.2093718 0.04091275 0.1603539 0.04646236 0.2033469 0.05034192 0.150712 0.05533778 0.1975567 0.06129427 0.1494531 0.05602219 0.1408413 0.06070427 0.1308555 0.0625 0.1920356 0.07370483 0.09205504 0.0341803 0.03693775 0.025 0.08682643 0.025 0.03736328 0.02529818 0.03956112 0.02683824 0.04594719 0.03306267 0.05217114 0.04091275 0.101357 0.04646236 0.05819607 0.05034192 0.1109989 0.05533778 0.06398625 0.06129427 0.1120898 0.05593088 0.1208697 0.06070427 0.06950732 0.07370483 0.1868164 0.0875 0.07472656 0.0875 0.1494531 0.1 0.1120898 0.1 0.08320019 0.01863312 -2.589832e-025 0 0.0748945 0 -2.589832e-025 0.025 -0.015 -0.3274468 -2.602609e-013 -0.34342 -2.602579e-013 -0.3274468 -0.015 -0.34342 -8.057629e-018 0.025 -0.0748945 8.059421e-018 -8.057629e-018 8.059421e-018 -0.08320019 0.01863312 -0.08682643 0.025 -0.03693775 0.025 -0.03736328 0.02529818 -0.09205504 0.0341803 -0.03956112 0.02683824 -0.04594719 0.03306267 -0.05217114 0.04091275 -0.101357 0.04646236 -0.05819607 0.05034192 -0.1109989 0.05533778 -0.06398625 0.06129427 -0.1120898 0.05593088 -0.1208697 0.06070427 -0.1308555 0.0625 -0.06950732 0.07370483 -0.1920356 0.07370483 -0.1868164 0.0875 -0.07472656 0.0875 -0.1120898 0.1 -0.1494531 0.1 -0.1696559 0.0341803 -0.2246052 0.025 -0.1748845 0.025 -0.2238729 0.02551312 -0.2219818 0.02683824 -0.2155958 0.03306267 -0.2093718 0.04091275 -0.1603539 0.04646236 -0.2033469 0.05034192 -0.150712 0.05533778 -0.1975567 0.06129427 -0.1494531 0.05602219 -0.1408413 0.06070427 -0.1785107 0.01863312 -0.261543 8.059421e-018 -0.1868164 8.059421e-018 -0.261543 0.025 -0.015 -0.3197047 -2.602229e-013 -0.3476035 -2.602276e-013 -0.3197047 -0.015 -0.3476035 -2.60262e-013 0.09676966 -0.015 0.09566484 -2.602559e-013 0.09566484 -0.015 0.09676966 -2.602608e-013 0.102476 -0.015 0.102476 0 6.506509e-013 0.01596887 0.007924682 1.493454e-014 0.0375 0.01717478 0.006675927 0.03693775 5.587482e-013 0.01493334 0.009911165 0.01413875 0.0125 0.01363925 0.01551476 0.01346887 0.01875 0.01846887 0.00625 0.01976297 0.006675927 0.02096887 0.007924682 0.02200441 0.009911165 0.022799 0.0125 0.0232985 0.01551476 0.02346887 0.01875 0.01717478 0.03082407 0.03693775 0.0375 0.01596887 0.02957532 0.01493334 0.02758883 0.01413875 0.025 0.01363925 0.02198524 0.01846887 0.03125 0.01976297 0.03082407 0.02096887 0.02957532 0.02200441 0.02758883 0.022799 0.025 0.0232985 0.02198524 -0.015 0.025 -2.602603e-013 0 -2.602603e-013 0.025 -0.015 0 -1.493454e-014 0.0375 -0.0748945 4.643357e-013 -0.0748945 0.0375 0.015 0.1393539 2.602428e-013 0.1672527 2.602475e-013 0.1393539 0.015 0.1672527 0.015 0.1809246 2.602569e-013 0.1920026 2.60258e-013 0.1809246 0.015 0.1920026 0.015 0.1920026 2.602599e-013 0.2079758 2.602569e-013 0.1920026 0.015 0.2079758 0.015 0.2194617 2.602667e-013 0.2457608 2.602599e-013 0.2194617 0.015 0.2457608 0.015 0.2538399 2.602621e-013 0.2795267 2.602667e-013 0.2538399 0.015 0.2795267 0.015 0.2829188 2.602536e-013 0.2857099 2.602621e-013 0.2829188 0.015 0.2857099 2.602597e-013 0.3081724 0.015 0.3081724 0.015 0.3057507 2.602589e-013 0.3307797 2.602597e-013 0.3057507 0.015 0.3307797 -0.015 -0.3218115 -2.602581e-013 -0.3468405 -2.602589e-013 -0.3218115 -0.015 -0.3468405 -0.015 -0.3311613 -2.602551e-013 -0.3531942 -2.602581e-013 -0.3311613 -0.015 -0.3531942 -0.015 -0.3531942 -2.60267e-013 -0.3564149 -2.602551e-013 -0.3531942 -0.015 -0.3564149 -0.015 -0.3344535 -2.602624e-013 -0.3601403 -2.60267e-013 -0.3344535 -0.015 -0.3601403 -0.015 -0.3327834 -2.602579e-013 -0.3590825 -2.602624e-013 -0.3327834 -0.015 -0.3590825 -0.1868164 0.0375 -0.261543 0 -0.1868164 1.858922e-013 -0.261543 0.0375 0.015 0 2.602595e-013 0.025 2.602595e-013 0 0.015 0.025 0.2246052 9.190271e-014 0.2405741 0.007924682 0.2246052 0.0375 0.24178 0.006675927 0.2395386 0.009911165 0.238744 0.0125 0.2382445 0.01551476 0.2380741 0.01875 0.2430741 0.00625 0.2443682 0.006675927 0.2455741 0.007924682 0.2466096 0.009911165 0.2474042 0.0125 0.2479037 0.01551476 0.2480741 0.01875 0.24178 0.03082407 0.261543 0.0375 0.2405741 0.02957532 0.2395386 0.02758883 0.238744 0.025 0.2382445 0.02198524 0.2430741 0.03125 0.2443682 0.03082407 0.2455741 0.02957532 0.2466096 0.02758883 0.2474042 0.025 0.2479037 0.02198524 2.602574e-013 -0.5320283 0.015 -0.5271184 2.602593e-013 -0.5271184 0.015 -0.5320283 2.602641e-013 -0.5339295 0.015 -0.5339295 2.602593e-013 -0.5072989 0.015 -0.4901632 2.602664e-013 -0.4901632 0.015 -0.5072989 2.602664e-013 -0.4663236 0.015 -0.4488956 2.602544e-013 -0.4488956 0.015 -0.4663236 2.602544e-013 -0.4219569 0.015 -0.4041866 2.602599e-013 -0.4041866 0.015 -0.4219569 2.602599e-013 -0.3750279 0.015 -0.356876 2.602621e-013 -0.356876 0.015 -0.3750279 2.602621e-013 -0.3262818 0.015 -0.3077201 2.602614e-013 -0.3077201 0.015 -0.3262818 0.015 -0.2763516 2.602566e-013 -0.2573632 2.602614e-013 -0.2763516 0.015 -0.2573632 2.602566e-013 -0.4513085 0.015 -0.3570677 2.602551e-013 -0.3570677 0.015 -0.4513085 0.1494531 2.788383e-013 0.1120898 0.0375 0.1120898 3.717844e-013 0.1494531 0.0375 -2.602536e-013 0.2910125 -0.015 0.1967717 -2.602633e-013 0.1967717 -0.015 0.2910125 -0.015 0.1919422 -2.602585e-013 0.1729538 -2.602633e-013 0.1919422 -0.015 0.1729538 -2.602585e-013 0.1784961 -0.015 0.1599344 -2.602578e-013 0.1599344 -0.015 0.1784961 -2.602578e-013 0.1645494 -0.015 0.1463975 -2.6026e-013 0.1463975 -0.015 0.1645494 -2.6026e-013 0.1500316 -0.015 0.1322613 -2.602543e-013 0.1322613 -0.015 0.1500316 -2.602543e-013 0.1348758 -0.015 0.1174479 -2.602648e-013 0.1174479 -0.015 0.1348758 -2.602648e-013 0.1190316 -0.015 0.101896 -2.602606e-013 0.101896 -0.015 0.1190316</float_array>
                    <technique_common>
                        <accessor count="286" source="#ID112" stride="2">
                            <param name="S" type="float" />
                            <param name="T" type="float" />
                        </accessor>
                    </technique_common>
                </source>
                <vertices id="ID108">
                    <input semantic="POSITION" source="#ID106" />
                    <input semantic="NORMAL" source="#ID107" />
                </vertices>
                <triangles count="212" material="Material3">
                    <input offset="0" semantic="VERTEX" source="#ID108" />
                    <input offset="1" semantic="TEXCOORD" source="#ID109" />
                    <p>0 0 1 1 2 2 1 1 0 0 3 3 8 4 9 5 10 6 9 5 8 4 11 7 11 7 8 4 12 8 12 8 8 4 13 9 12 8 13 9 14 10 12 8 14 10 15 11 15 11 14 10 16 12 15 11 16 12 17 13 15 11 17 13 18 14 15 11 18 14 19 15 19 15 18 14 20 16 19 15 20 16 21 17 21 17 20 16 22 18 21 17 22 18 23 19 23 19 22 18 24 20 24 20 22 18 25 21 25 21 22 18 26 22 27 23 28 24 29 25 28 24 27 23 30 26 30 26 27 23 31 27 31 27 27 23 32 28 32 28 27 23 33 29 33 29 27 23 34 30 33 29 34 30 35 31 35 31 34 30 36 32 35 31 36 32 37 33 37 33 36 32 38 34 37 33 38 34 39 35 37 33 39 35 25 21 37 33 25 21 40 36 40 36 25 21 26 22 40 36 26 22 41 37 40 36 41 37 42 38 42 38 41 37 43 39 42 38 43 39 44 40 45 41 46 42 47 43 46 42 45 41 48 44 48 44 45 41 29 25 48 44 29 25 28 24 90 45 91 46 92 47 91 46 90 45 93 48 98 49 99 50 100 51 99 50 98 49 101 52 101 52 98 49 102 53 102 53 98 49 103 54 102 53 103 54 104 55 102 53 104 55 105 56 105 56 104 55 106 57 105 56 106 57 107 58 105 56 107 58 108 59 105 56 108 59 109 60 109 60 108 59 110 61 109 60 110 61 111 62 111 62 110 61 112 63 111 62 112 63 113 64 113 64 112 63 114 65 114 65 112 63 115 66 115 66 112 63 116 67 115 66 116 67 117 68 117 68 116 67 118 69 118 69 116 67 119 70 118 69 119 70 120 71 118 69 120 71 121 72 122 73 123 74 124 75 123 74 122 73 125 76 125 76 122 73 126 77 126 77 122 73 127 78 127 78 122 73 128 79 128 79 122 73 129 80 128 79 129 80 130 81 130 81 129 80 131 82 130 81 131 82 132 83 132 83 131 82 133 84 132 83 133 84 134 85 132 83 134 85 115 66 132 83 115 66 117 68 135 86 136 87 137 88 136 87 135 86 138 89 138 89 135 86 124 75 138 89 124 75 123 74 3 90 180 91 1 92 180 91 3 90 181 93 184 94 185 95 186 96 185 95 184 94 187 97 187 97 184 94 188 98 187 97 188 98 189 99 196 100 197 101 198 102 197 101 196 100 199 103 199 103 196 100 186 104 198 102 197 101 200 105 198 102 200 105 201 106 198 102 201 106 202 107 198 102 202 107 203 108 199 103 186 104 204 109 204 109 186 104 205 110 205 110 186 104 206 111 206 111 186 104 207 112 207 112 186 104 208 113 208 113 186 104 209 114 209 114 186 104 210 115 198 102 211 116 185 117 211 116 198 102 212 118 212 118 198 102 213 119 213 119 198 102 214 120 214 120 198 102 215 121 215 121 198 102 203 108 185 117 211 116 216 122 185 117 216 122 217 123 185 117 217 123 218 124 185 117 218 124 219 125 185 117 219 125 220 126 185 117 220 126 221 127 185 117 221 127 210 115 185 117 210 115 186 104 248 128 249 129 250 130 249 129 248 128 251 131 256 132 257 133 258 100 257 133 256 132 259 134 264 135 265 136 266 137 265 136 264 135 267 138 267 139 272 140 265 141 272 140 267 139 273 142 276 143 277 144 278 145 277 144 276 143 279 146 279 147 284 148 277 149 284 148 279 147 285 150 285 151 288 152 284 153 288 152 285 151 289 154 289 155 292 156 288 157 292 156 289 155 293 158 296 158 297 159 298 156 297 159 296 158 299 160 299 161 304 162 297 163 304 162 299 161 305 164 305 165 308 166 304 167 308 166 305 165 309 168 309 169 312 170 308 171 312 170 309 169 313 172 316 173 317 174 318 175 317 174 316 173 319 176 319 177 324 178 317 179 324 178 319 177 325 180 325 181 92 182 324 183 92 182 325 181 90 184 328 185 329 186 330 187 329 186 328 185 331 188 336 189 337 190 338 191 337 190 336 189 339 192 344 193 345 194 346 195 345 194 344 193 347 196 347 196 344 193 348 6 346 195 345 194 349 197 346 195 349 197 350 198 346 195 350 198 351 199 346 195 351 199 352 200 347 196 348 6 353 201 353 201 348 6 354 202 354 202 348 6 355 203 355 203 348 6 356 204 356 204 348 6 357 205 357 205 348 6 358 206 358 206 348 6 359 207 346 195 360 208 361 209 360 208 346 195 362 210 362 210 346 195 363 211 363 211 346 195 364 212 364 212 346 195 365 213 365 213 346 195 352 200 361 209 360 208 366 214 361 209 366 214 367 215 361 209 367 215 368 216 361 209 368 216 369 217 361 209 369 217 370 218 361 209 370 218 371 219 361 209 371 219 359 207 361 209 359 207 348 6 400 220 401 221 402 222 401 221 400 220 403 223 403 223 400 220 344 224 403 223 344 224 346 225 402 226 408 227 409 228 408 227 402 226 401 229 409 230 412 231 413 232 412 231 409 230 408 233 413 234 416 235 417 236 416 235 413 234 412 237 417 238 420 239 421 240 420 239 417 238 416 241 421 242 424 243 425 244 424 243 421 242 420 245 424 246 428 247 425 248 428 247 424 246 429 249 432 250 433 251 434 252 433 251 432 250 435 253 434 254 440 255 441 256 440 255 434 254 433 257 441 258 444 259 445 260 444 259 441 258 440 261 448 262 449 263 450 264 449 263 448 262 451 265 449 266 456 267 457 268 456 267 449 266 451 269 457 270 460 271 461 272 460 271 457 270 456 273 461 274 464 275 465 276 464 275 461 274 460 277 465 278 468 279 469 280 468 279 465 278 464 281 469 282 189 283 188 284 189 283 469 282 468 285</p>
                </triangles>
                <triangles count="212" material="Material2">
                    <input offset="0" semantic="VERTEX" source="#ID108" />
                    <input offset="1" semantic="TEXCOORD" source="#ID109" />
                    <p>4 3 5 0 6 1 7 2 6 1 5 0 49 24 50 25 51 44 50 25 52 41 51 44 51 44 52 41 53 42 54 43 53 42 52 41 55 40 56 39 57 38 56 39 58 37 57 38 57 38 58 37 59 36 58 37 60 22 59 36 60 22 61 21 59 36 59 36 61 21 62 33 61 21 63 35 62 33 63 35 64 34 62 33 64 34 65 32 62 33 62 33 65 32 66 31 65 32 67 30 66 31 66 31 67 30 68 29 67 30 69 23 68 29 68 29 69 23 70 28 70 28 69 23 71 27 71 27 69 23 72 26 72 26 69 23 49 24 50 25 49 24 69 23 60 22 73 18 61 21 61 21 73 18 74 20 74 20 73 18 75 19 75 19 73 18 76 17 73 18 77 16 76 17 76 17 77 16 78 15 77 16 79 14 78 15 78 15 79 14 80 11 79 14 81 13 80 11 81 13 82 12 80 11 82 12 83 10 80 11 80 11 83 10 84 8 83 10 85 9 84 8 85 9 86 4 84 8 84 8 86 4 87 7 87 7 86 4 88 5 89 6 88 5 86 4 94 48 95 45 96 46 97 47 96 46 95 45 139 74 140 75 141 89 140 75 142 86 141 89 141 89 142 86 143 87 144 88 143 87 142 86 145 68 146 66 147 83 146 66 148 85 147 83 148 85 149 84 147 83 149 84 150 82 147 83 147 83 150 82 151 81 150 82 152 80 151 81 151 81 152 80 153 79 152 80 154 73 153 79 153 79 154 73 155 78 155 78 154 73 156 77 156 77 154 73 157 76 157 76 154 73 139 74 140 75 139 74 154 73 158 72 159 71 160 69 159 71 161 70 160 69 161 70 162 67 160 69 160 69 162 67 145 68 145 68 162 67 146 66 162 67 163 63 146 66 146 66 163 63 164 65 164 65 163 63 165 64 165 64 163 63 166 62 163 63 167 61 166 62 166 62 167 61 168 60 167 61 169 59 168 60 168 60 169 59 170 56 169 59 171 58 170 56 171 58 172 57 170 56 172 57 173 55 170 56 170 56 173 55 174 53 173 55 175 54 174 53 175 54 176 49 174 53 174 53 176 49 177 52 177 52 176 49 178 50 179 51 178 50 176 49 182 93 4 90 183 91 6 92 183 91 4 90 190 99 191 98 192 97 191 98 193 94 192 97 192 97 193 94 194 95 195 96 194 95 193 94 195 104 222 115 194 117 222 115 223 127 194 117 223 127 224 126 194 117 224 126 225 125 194 117 225 125 226 124 194 117 226 124 227 123 194 117 227 123 228 122 194 117 228 122 229 116 194 117 230 108 231 102 232 121 232 121 231 102 233 120 233 120 231 102 234 119 234 119 231 102 235 118 235 118 231 102 229 116 194 117 229 116 231 102 222 115 195 104 236 114 236 114 195 104 237 113 237 113 195 104 238 112 238 112 195 104 239 111 239 111 195 104 240 110 240 110 195 104 241 109 241 109 195 104 242 103 230 108 243 107 231 102 243 107 244 106 231 102 244 106 245 105 231 102 245 105 246 101 231 102 195 104 247 100 242 103 242 103 247 100 246 101 231 102 246 101 247 100 252 131 253 128 254 129 255 130 254 129 253 128 260 134 261 132 262 133 263 100 262 133 261 132 268 138 269 135 270 136 271 137 270 136 269 135 274 142 268 139 275 140 270 141 275 140 268 139 280 146 281 143 282 144 283 145 282 144 281 143 286 150 280 147 287 148 282 149 287 148 280 147 290 154 286 151 291 152 287 153 291 152 286 151 294 158 290 155 295 156 291 157 295 156 290 155 300 160 301 158 302 159 303 156 302 159 301 158 306 164 300 161 307 162 302 163 307 162 300 161 310 168 306 165 311 166 307 167 311 166 306 165 314 172 310 169 315 170 311 171 315 170 310 169 320 176 321 173 322 174 323 175 322 174 321 173 326 180 320 177 327 178 322 179 327 178 320 177 95 184 326 181 97 182 327 183 97 182 326 181 332 188 333 185 334 186 335 187 334 186 333 185 340 192 341 189 342 190 343 191 342 190 341 189 372 6 373 207 374 209 373 207 375 219 374 209 375 219 376 218 374 209 376 218 377 217 374 209 377 217 378 216 374 209 378 216 379 215 374 209 379 215 380 214 374 209 380 214 381 208 374 209 382 200 383 195 384 213 384 213 383 195 385 212 385 212 383 195 386 211 386 211 383 195 387 210 387 210 383 195 381 208 374 209 381 208 383 195 373 207 372 6 388 206 388 206 372 6 389 205 389 205 372 6 390 204 390 204 372 6 391 203 391 203 372 6 392 202 392 202 372 6 393 201 393 201 372 6 394 196 382 200 395 199 383 195 395 199 396 198 383 195 396 198 397 197 383 195 397 197 398 194 383 195 372 6 399 193 394 196 394 196 399 193 398 194 383 195 398 194 399 193 383 225 399 224 404 223 399 224 405 220 404 223 404 223 405 220 406 221 407 222 406 221 405 220 406 229 407 226 410 227 411 228 410 227 407 226 410 233 411 230 414 231 415 232 414 231 411 230 414 237 415 234 418 235 419 236 418 235 415 234 418 241 419 238 422 239 423 240 422 239 419 238 422 245 423 242 426 243 427 244 426 243 423 242 430 249 426 246 431 247 427 248 431 247 426 246 436 253 437 250 438 251 439 252 438 251 437 250 438 257 439 254 442 255 443 256 442 255 439 254 442 261 443 258 446 259 447 260 446 259 443 258 452 265 453 262 454 263 455 264 454 263 453 262 452 269 454 266 458 267 459 268 458 267 454 266 458 273 459 270 462 271 463 272 462 271 459 270 462 277 463 274 466 275 467 276 466 275 463 274 466 281 467 278 470 279 471 280 470 279 467 278 470 285 471 282 190 283 191 284 190 283 471 282</p>
                </triangles>
            </mesh>
        </geometry>
        <geometry id="ID113">
            <mesh>
                <source id="ID114">
                    <float_array id="ID118" count="432">1.257392 0.9315061 0.8267717 1.352345 0.9708369 0.7874016 1.257392 0.9315061 0.7874016 1.352345 0.9708369 0.8267717 1.352345 0.9708369 0.8267717 1.257392 0.9315061 0.8267717 1.352345 0.9708369 0.7874016 1.257392 0.9315061 0.7874016 1.175854 0.8689397 0.8267717 1.175854 0.8689397 0.7874016 1.175854 0.8689397 0.8267717 1.175854 0.8689397 0.7874016 1.073956 0.4886539 0.8267717 1.073956 0.6924484 0.8267717 1.060541 0.5905512 0.8267717 1.113287 0.3937008 0.8267717 1.113287 0.7874016 0.8267717 1.175854 0.3121627 0.8267717 1.175854 0.8689397 0.8267717 1.257392 0.2495963 0.8267717 1.257392 0.9315061 0.8267717 1.352345 0.2102654 0.8267717 1.352345 0.9708369 0.8267717 1.454242 0.1968504 0.8267717 1.454242 0.984252 0.8267717 1.556139 0.2102654 0.8267717 1.556139 0.9708369 0.8267717 1.651093 0.2495963 0.8267717 1.651093 0.9315061 0.8267717 1.732631 0.3121627 0.8267717 1.732631 0.8689397 0.8267717 1.795197 0.3937008 0.8267717 1.795197 0.7874016 0.8267717 1.834528 0.4886539 0.8267717 1.834528 0.6924484 0.8267717 1.847943 0.5905512 0.8267717 1.847943 0.5905512 0.8267717 1.834528 0.4886539 0.8267717 1.834528 0.6924484 0.8267717 1.795197 0.7874016 0.8267717 1.795197 0.3937008 0.8267717 1.732631 0.8689397 0.8267717 1.732631 0.3121627 0.8267717 1.651093 0.9315061 0.8267717 1.651093 0.2495963 0.8267717 1.556139 0.9708369 0.8267717 1.556139 0.2102654 0.8267717 1.454242 0.984252 0.8267717 1.454242 0.1968504 0.8267717 1.352345 0.9708369 0.8267717 1.352345 0.2102654 0.8267717 1.257392 0.9315061 0.8267717 1.257392 0.2495963 0.8267717 1.175854 0.8689397 0.8267717 1.175854 0.3121627 0.8267717 1.113287 0.7874016 0.8267717 1.113287 0.3937008 0.8267717 1.073956 0.6924484 0.8267717 1.073956 0.4886539 0.8267717 1.060541 0.5905512 0.8267717 1.454242 0.984252 0.7874016 1.454242 0.984252 0.8267717 1.454242 0.984252 0.8267717 1.454242 0.984252 0.7874016 1.113287 0.7874016 0.7874016 1.113287 0.7874016 0.8267717 1.113287 0.7874016 0.7874016 1.113287 0.7874016 0.8267717 1.073956 0.6924484 0.8267717 1.060541 0.5905512 0.7874016 1.060541 0.5905512 0.8267717 1.073956 0.6924484 0.7874016 1.073956 0.6924484 0.7874016 1.073956 0.6924484 0.8267717 1.060541 0.5905512 0.7874016 1.060541 0.5905512 0.8267717 1.073956 0.4886539 0.7874016 1.073956 0.4886539 0.8267717 1.073956 0.4886539 0.7874016 1.073956 0.4886539 0.8267717 1.113287 0.3937008 0.7874016 1.113287 0.3937008 0.8267717 1.113287 0.3937008 0.7874016 1.113287 0.3937008 0.8267717 1.175854 0.3121627 0.7874016 1.175854 0.3121627 0.8267717 1.175854 0.3121627 0.7874016 1.175854 0.3121627 0.8267717 1.257392 0.2495963 0.8267717 1.257392 0.2495963 0.7874016 1.257392 0.2495963 0.8267717 1.257392 0.2495963 0.7874016 1.352345 0.2102654 0.8267717 1.352345 0.2102654 0.7874016 1.352345 0.2102654 0.8267717 1.352345 0.2102654 0.7874016 1.454242 0.1968504 0.8267717 1.454242 0.1968504 0.7874016 1.454242 0.1968504 0.8267717 1.454242 0.1968504 0.7874016 1.556139 0.2102654 0.8267717 1.556139 0.2102654 0.7874016 1.556139 0.2102654 0.8267717 1.556139 0.2102654 0.7874016 1.651093 0.2495963 0.8267717 1.651093 0.2495963 0.7874016 1.651093 0.2495963 0.8267717 1.651093 0.2495963 0.7874016 1.732631 0.3121627 0.8267717 1.732631 0.3121627 0.7874016 1.732631 0.3121627 0.8267717 1.732631 0.3121627 0.7874016 1.795197 0.3937008 0.7874016 1.795197 0.3937008 0.8267717 1.795197 0.3937008 0.8267717 1.795197 0.3937008 0.7874016 1.834528 0.4886539 0.7874016 1.834528 0.4886539 0.8267717 1.834528 0.4886539 0.8267717 1.834528 0.4886539 0.7874016 1.847943 0.5905512 0.7874016 1.847943 0.5905512 0.8267717 1.847943 0.5905512 0.8267717 1.847943 0.5905512 0.7874016 1.834528 0.6924484 0.7874016 1.834528 0.6924484 0.8267717 1.834528 0.6924484 0.8267717 1.834528 0.6924484 0.7874016 1.795197 0.7874016 0.7874016 1.795197 0.7874016 0.8267717 1.795197 0.7874016 0.8267717 1.795197 0.7874016 0.7874016 1.732631 0.8689397 0.7874016 1.732631 0.8689397 0.8267717 1.732631 0.8689397 0.8267717 1.732631 0.8689397 0.7874016 1.651093 0.9315061 0.8267717 1.651093 0.9315061 0.7874016 1.651093 0.9315061 0.8267717 1.651093 0.9315061 0.7874016 1.556139 0.9708369 0.8267717 1.556139 0.9708369 0.7874016 1.556139 0.9708369 0.8267717 1.556139 0.9708369 0.7874016</float_array>
                    <technique_common>
                        <accessor count="144" source="#ID118" stride="3">
                            <param name="X" type="float" />
                            <param name="Y" type="float" />
                            <param name="Z" type="float" />
                        </accessor>
                    </technique_common>
                </source>
                <source id="ID115">
                    <float_array id="ID119" count="432">-0.5 0.8660254 0 -0.258819 0.9659258 0 -0.5 0.8660254 0 -0.258819 0.9659258 0 0.258819 -0.9659258 -0 0.5 -0.8660254 -0 0.258819 -0.9659258 -0 0.5 -0.8660254 -0 -0.7071068 0.7071068 0 -0.7071068 0.7071068 0 0.7071068 -0.7071068 -0 0.7071068 -0.7071068 -0 0 0 1 0 0 1 0 0 1 0 0 1 0 0 1 0 0 1 0 0 1 0 0 1 0 0 1 0 0 1 0 0 1 0 0 1 0 0 1 0 0 1 0 0 1 0 0 1 0 0 1 0 0 1 0 0 1 0 0 1 0 0 1 0 0 1 0 0 1 0 0 1 -0 -0 -1 -0 -0 -1 -0 -0 -1 -0 -0 -1 -0 -0 -1 -0 -0 -1 -0 -0 -1 -0 -0 -1 -0 -0 -1 -0 -0 -1 -0 -0 -1 -0 -0 -1 -0 -0 -1 -0 -0 -1 -0 -0 -1 -0 -0 -1 -0 -0 -1 -0 -0 -1 -0 -0 -1 -0 -0 -1 -0 -0 -1 -0 -0 -1 -0 -0 -1 -0 -0 -1 -4.277333e-015 1 0 -4.277333e-015 1 0 4.277333e-015 -1 -0 4.277333e-015 -1 -0 -0.8660254 0.5 0 -0.8660254 0.5 0 0.8660254 -0.5 -0 0.8660254 -0.5 -0 -0.9659258 0.258819 0 -1 0 0 -1 0 0 -0.9659258 0.258819 0 0.9659258 -0.258819 -0 0.9659258 -0.258819 -0 1 -0 -0 1 -0 -0 -0.9659258 -0.258819 0 -0.9659258 -0.258819 0 0.9659258 0.258819 -0 0.9659258 0.258819 -0 -0.8660254 -0.5 0 -0.8660254 -0.5 0 0.8660254 0.5 -0 0.8660254 0.5 -0 -0.7071068 -0.7071068 0 -0.7071068 -0.7071068 0 0.7071068 0.7071068 -0 0.7071068 0.7071068 -0 -0.5 -0.8660254 0 -0.5 -0.8660254 0 0.5 0.8660254 -0 0.5 0.8660254 -0 -0.258819 -0.9659258 0 -0.258819 -0.9659258 0 0.258819 0.9659258 -0 0.258819 0.9659258 -0 4.277333e-015 -1 0 4.277333e-015 -1 0 -4.277333e-015 1 -0 -4.277333e-015 1 -0 0.258819 -0.9659258 0 0.258819 -0.9659258 0 -0.258819 0.9659258 -0 -0.258819 0.9659258 -0 0.5 -0.8660254 0 0.5 -0.8660254 0 -0.5 0.8660254 -0 -0.5 0.8660254 -0 0.7071068 -0.7071068 0 0.7071068 -0.7071068 0 -0.7071068 0.7071068 -0 -0.7071068 0.7071068 -0 0.8660254 -0.5 0 0.8660254 -0.5 0 -0.8660254 0.5 -0 -0.8660254 0.5 -0 0.9659258 -0.258819 0 0.9659258 -0.258819 0 -0.9659258 0.258819 -0 -0.9659258 0.258819 -0 1 0 0 1 0 0 -1 -0 -0 -1 -0 -0 0.9659258 0.258819 0 0.9659258 0.258819 0 -0.9659258 -0.258819 -0 -0.9659258 -0.258819 -0 0.8660254 0.5 0 0.8660254 0.5 0 -0.8660254 -0.5 -0 -0.8660254 -0.5 -0 0.7071068 0.7071068 0 0.7071068 0.7071068 0 -0.7071068 -0.7071068 -0 -0.7071068 -0.7071068 -0 0.5 0.8660254 0 0.5 0.8660254 0 -0.5 -0.8660254 -0 -0.5 -0.8660254 -0 0.258819 0.9659258 0 0.258819 0.9659258 0 -0.258819 -0.9659258 -0 -0.258819 -0.9659258 -0</float_array>
                    <technique_common>
                        <accessor count="144" source="#ID119" stride="3">
                            <param name="X" type="float" />
                            <param name="Y" type="float" />
                            <param name="Z" type="float" />
                        </accessor>
                    </technique_common>
                </source>
                <source id="ID117">
                    <float_array id="ID120" count="480">0.006981317 0.0003333333 0.006108652 0 0.006981317 0 0.006108652 0.0003333333 -0.02058577 0.02625 -0.01928051 0.02625 -0.02058577 0.025 -0.01928051 0.025 0.007853982 0.0003333333 0.006981317 0 0.007853982 0 0.006981317 0.0003333333 -0.01987069 0.02625 -0.01856542 0.02625 -0.01987069 0.025 -0.01856542 0.025 0.009092831 0.00413727 0.009092831 0.00586273 0.00897925 0.005 0.009425832 0.003333333 0.009425832 0.006666667 0.009955561 0.002642977 0.009955561 0.007357023 0.01064592 0.002113249 0.01064592 0.007886751 0.01144985 0.001780247 0.01144985 0.008219753 0.01231258 0.001666667 0.01231258 0.008333333 0.01317531 0.001780247 0.01317531 0.008219753 0.01397925 0.002113249 0.01397925 0.007886751 0.01466961 0.002642977 0.01466961 0.007357023 0.01519933 0.003333333 0.01519933 0.006666667 0.01553234 0.00413727 0.01553234 0.00586273 0.01564592 0.005 0.02346887 0.01875 0.0232985 0.01551476 0.0232985 0.02198524 0.022799 0.025 0.022799 0.0125 0.02200441 0.02758883 0.02200441 0.009911165 0.02096887 0.02957532 0.02096887 0.007924682 0.01976297 0.03082407 0.01976297 0.006675927 0.01846887 0.03125 0.01846887 0.00625 0.01717478 0.03082407 0.01717478 0.006675927 0.01596887 0.02957532 0.01596887 0.007924682 0.01493334 0.02758883 0.01493334 0.009911165 0.01413875 0.025 0.01413875 0.0125 0.01363925 0.02198524 0.01363925 0.01551476 0.01346887 0.01875 0.006108652 0.0003333333 0.005235988 0 0.006108652 0 0.005235988 0.0003333333 -0.01994245 0.02625 -0.01863719 0.02625 -0.01994245 0.025 -0.01863719 0.025 0.007853982 0.0003333333 0.008726646 2.602085e-018 0.008726646 0.0003333333 0.007853982 2.602085e-018 -0.01784592 0.025 -0.01784592 0.02625 -0.01654066 0.025 -0.01654066 0.02625 0.009599311 0.0003333333 0.01047198 0 0.01047198 0.0003333333 0.009599311 0 -0.01049914 0.025 -0.01049914 0.02625 -0.009193877 0.025 -0.009193877 0.02625 0.01047198 0.0003333333 0.01134464 0 0.01134464 0.0003333333 0.01047198 0 -0.005677796 0.025 -0.005677796 0.02625 -0.004372534 0.025 -0.004372534 0.02625 0.01134464 0.0003333333 0.0122173 0 0.0122173 0.0003333333 0.01134464 0 -0.000513995 0.025 -0.000513995 0.02625 0.0007912669 0.025 0.0007912669 0.02625 0.0122173 0.0003333333 0.01308997 2.602085e-018 0.01308997 0.0003333333 0.0122173 2.602085e-018 0.004640358 0.025 0.004640358 0.02625 0.00594562 0.025 0.00594562 0.02625 0.01396263 0.0003333333 0.01308997 0 0.01396263 0 0.01308997 0.0003333333 0.009434002 0.02625 0.01073926 0.02625 0.009434002 0.025 0.01073926 0.025 0.0148353 0.0003333333 0.01396263 0 0.0148353 0 0.01396263 0.0003333333 0.01354026 0.02625 0.01484552 0.02625 0.01354026 0.025 0.01484552 0.025 0.01570796 0.0003333333 0.0148353 0 0.01570796 0 0.0148353 0.0003333333 0.01667929 0.02625 0.01798456 0.02625 0.01667929 0.025 0.01798456 0.025 0.01658063 0.0003333333 0.01570796 8.673617e-019 0.01658063 8.673617e-019 0.01570796 0.0003333333 0.01863719 0.02625 0.01994245 0.02625 0.01863719 0.025 0.01994245 0.025 0.01745329 0.0003333333 0.01658063 0 0.01745329 0 0.01658063 0.0003333333 0.01928051 0.02625 0.02058577 0.02625 0.01928051 0.025 0.02058577 0.025 0.01832596 0.0003333333 0.01745329 0 0.01832596 0 0.01745329 0.0003333333 0.01856542 0.02625 0.01987069 0.02625 0.01856542 0.025 0.01987069 0.025 0.01919862 2.602085e-018 0.01832596 0.0003333333 0.01832596 2.602085e-018 0.01919862 0.0003333333 0.01784592 0.02625 0.01784592 0.025 0.01654066 0.02625 0.01654066 0.025 0.02007129 0 0.01919862 0.0003333333 0.01919862 0 0.02007129 0.0003333333 0.01464946 0.02625 0.01464946 0.025 0.0133442 0.02625 0.0133442 0.025 0.02094395 0 0.02007129 0.0003333333 0.02007129 0 0.02094395 0.0003333333 0.01049914 0.02625 0.01049914 0.025 0.009193877 0.02625 0.009193877 0.025 0.0008726646 0 1.82146e-017 0.0003333333 1.82146e-017 0 0.0008726646 0.0003333333 0.005677796 0.02625 0.005677796 0.025 0.004372534 0.02625 0.004372534 0.025 0.001745329 0 0.0008726646 0.0003333333 0.0008726646 0 0.001745329 0.0003333333 0.000513995 0.02625 0.000513995 0.025 -0.0007912669 0.02625 -0.0007912669 0.025 0.002617994 0 0.001745329 0.0003333333 0.001745329 0 0.002617994 0.0003333333 -0.004640358 0.02625 -0.004640358 0.025 -0.00594562 0.02625 -0.00594562 0.025 0.003490659 0.0003333333 0.002617994 0 0.003490659 0 0.002617994 0.0003333333 -0.01073926 0.02625 -0.009434002 0.02625 -0.01073926 0.025 -0.009434002 0.025 0.004363323 0.0003333333 0.003490659 0 0.004363323 0 0.003490659 0.0003333333 -0.01484552 0.02625 -0.01354026 0.02625 -0.01484552 0.025 -0.01354026 0.025 0.005235988 0.0003333333 0.004363323 0 0.005235988 0 0.004363323 0.0003333333 -0.01798456 0.02625 -0.01667929 0.02625 -0.01798456 0.025 -0.01667929 0.025 0.008726646 0.0003333333 0.009599311 0 0.009599311 0.0003333333 0.008726646 0 -0.01464946 0.025 -0.01464946 0.02625 -0.0133442 0.025 -0.0133442 0.02625</float_array>
                    <technique_common>
                        <accessor count="240" source="#ID120" stride="2">
                            <param name="S" type="float" />
                            <param name="T" type="float" />
                        </accessor>
                    </technique_common>
                </source>
                <vertices id="ID116">
                    <input semantic="POSITION" source="#ID114" />
                    <input semantic="NORMAL" source="#ID115" />
                </vertices>
                <triangles count="70" material="Material3">
                    <input offset="0" semantic="VERTEX" source="#ID116" />
                    <input offset="1" semantic="TEXCOORD" source="#ID117" />
                    <p>0 0 1 1 2 2 1 1 0 0 3 3 8 8 2 9 9 10 2 9 8 8 0 11 12 16 13 17 14 18 13 17 12 16 15 19 13 17 15 19 16 20 16 20 15 19 17 21 16 20 17 21 18 22 18 22 17 21 19 23 18 22 19 23 20 24 20 24 19 23 21 25 20 24 21 25 22 26 22 26 21 25 23 27 22 26 23 27 24 28 24 28 23 27 25 29 24 28 25 29 26 30 26 30 25 29 27 31 26 30 27 31 28 32 28 32 27 31 29 33 28 32 29 33 30 34 30 34 29 33 31 35 30 34 31 35 32 36 32 36 31 35 33 37 32 36 33 37 34 38 34 38 33 37 35 39 3 64 60 65 1 66 60 65 3 64 61 67 8 72 64 73 65 74 64 73 8 72 9 75 68 80 69 81 70 82 69 81 68 80 71 83 70 88 76 89 77 90 76 89 70 88 69 91 77 96 80 97 81 98 80 97 77 96 76 99 81 104 84 105 85 106 84 105 81 104 80 107 88 112 84 113 89 114 84 113 88 112 85 115 92 120 89 121 93 122 89 121 92 120 88 123 96 128 93 129 97 130 93 129 96 128 92 131 100 136 97 137 101 138 97 137 100 136 96 139 104 144 101 145 105 146 101 145 104 144 100 147 108 152 105 153 109 154 105 153 108 152 104 155 112 160 108 161 109 162 108 161 112 160 113 163 116 168 113 169 112 170 113 169 116 168 117 171 120 176 117 177 116 178 117 177 120 176 121 179 124 184 121 185 120 186 121 185 124 184 125 187 128 192 125 193 124 194 125 193 128 192 129 195 132 200 129 201 128 202 129 201 132 200 133 203 136 208 132 209 137 210 132 209 136 208 133 211 140 216 137 217 141 218 137 217 140 216 136 219 61 224 141 225 60 226 141 225 61 224 140 227 65 232 71 233 68 234 71 233 65 232 64 235</p>
                </triangles>
                <triangles count="70" material="Material2">
                    <input offset="0" semantic="VERTEX" source="#ID116" />
                    <input offset="1" semantic="TEXCOORD" source="#ID117" />
                    <p>4 4 5 5 6 6 7 7 6 6 5 5 5 12 10 13 7 14 11 15 7 14 10 13 36 40 37 41 38 42 38 42 37 41 39 43 37 41 40 44 39 43 39 43 40 44 41 45 40 44 42 46 41 45 41 45 42 46 43 47 42 46 44 48 43 47 43 47 44 48 45 49 44 48 46 50 45 49 45 49 46 50 47 51 46 50 48 52 47 51 47 51 48 52 49 53 48 52 50 54 49 53 49 53 50 54 51 55 50 54 52 56 51 55 51 55 52 56 53 57 52 56 54 58 53 57 53 57 54 58 55 59 54 58 56 60 55 59 55 59 56 60 57 61 56 60 58 62 57 61 59 63 57 61 58 62 62 68 4 69 63 70 6 71 63 70 4 69 11 76 10 77 66 78 67 79 66 78 10 77 72 84 73 85 74 86 75 87 74 86 73 85 74 92 75 93 78 94 79 95 78 94 75 93 78 100 79 101 82 102 83 103 82 102 79 101 82 108 83 109 86 110 87 111 86 110 83 109 87 116 90 117 86 118 91 119 86 118 90 117 90 124 94 125 91 126 95 127 91 126 94 125 94 132 98 133 95 134 99 135 95 134 98 133 98 140 102 141 99 142 103 143 99 142 102 141 102 148 106 149 103 150 107 151 103 150 106 149 106 156 110 157 107 158 111 159 107 158 110 157 114 164 115 165 110 166 111 167 110 166 115 165 118 172 119 173 114 174 115 175 114 174 119 173 122 180 123 181 118 182 119 183 118 182 123 181 126 188 127 189 122 190 123 191 122 190 127 189 130 196 131 197 126 198 127 199 126 198 131 197 134 204 135 205 130 206 131 207 130 206 135 205 134 212 138 213 135 214 139 215 135 214 138 213 138 220 142 221 139 222 143 223 139 222 142 221 142 228 62 229 143 230 63 231 143 230 62 229 66 236 67 237 72 238 73 239 72 238 67 237</p>
                </triangles>
            </mesh>
        </geometry>
    </library_geometries>
    <library_materials>
        <material id="ID7" name="WoodPlanks_Blue">
            <instance_effect url="#ID8" />
        </material>
        <material id="ID16" name="woodplanks">
            <instance_effect url="#ID17" />
        </material>
        <material id="ID25" name="material_2">
            <instance_effect url="#ID26" />
        </material>
        <material id="ID38" name="material_3">
            <instance_effect url="#ID39" />
        </material>
        <material id="ID75" name="woodplanks_0">
            <instance_effect url="#ID76" />
        </material>
    </library_materials>
    <library_effects>
        <effect id="ID8">
            <profile_COMMON>
                <newparam sid="ID10">
                    <surface type="2D">
                        <init_from>ID9</init_from>
                    </surface>
                </newparam>
                <newparam sid="ID11">
                    <sampler2D>
                        <source>ID10</source>
                    </sampler2D>
                </newparam>
                <technique sid="COMMON">
                    <lambert>
                        <diffuse>
                            <texture texture="ID11" texcoord="UVSET0" />
                        </diffuse>
                    </lambert>
                </technique>
            </profile_COMMON>
        </effect>
        <effect id="ID17">
            <profile_COMMON>
                <newparam sid="ID19">
                    <surface type="2D">
                        <init_from>ID18</init_from>
                    </surface>
                </newparam>
                <newparam sid="ID20">
                    <sampler2D>
                        <source>ID19</source>
                    </sampler2D>
                </newparam>
                <technique sid="COMMON">
                    <lambert>
                        <diffuse>
                            <texture texture="ID20" texcoord="UVSET0" />
                        </diffuse>
                    </lambert>
                </technique>
            </profile_COMMON>
        </effect>
        <effect id="ID26">
            <profile_COMMON>
                <newparam sid="ID28">
                    <surface type="2D">
                        <init_from>ID27</init_from>
                    </surface>
                </newparam>
                <newparam sid="ID29">
                    <sampler2D>
                        <source>ID28</source>
                    </sampler2D>
                </newparam>
                <technique sid="COMMON">
                    <lambert>
                        <diffuse>
                            <texture texture="ID29" texcoord="UVSET0" />
                        </diffuse>
                    </lambert>
                </technique>
            </profile_COMMON>
        </effect>
        <effect id="ID39">
            <profile_COMMON>
                <newparam sid="ID41">
                    <surface type="2D">
                        <init_from>ID40</init_from>
                    </surface>
                </newparam>
                <newparam sid="ID42">
                    <sampler2D>
                        <source>ID41</source>
                    </sampler2D>
                </newparam>
                <technique sid="COMMON">
                    <lambert>
                        <diffuse>
                            <texture texture="ID42" texcoord="UVSET0" />
                        </diffuse>
                    </lambert>
                </technique>
            </profile_COMMON>
        </effect>
        <effect id="ID76">
            <profile_COMMON>
                <newparam sid="ID78">
                    <surface type="2D">
                        <init_from>ID77</init_from>
                    </surface>
                </newparam>
                <newparam sid="ID79">
                    <sampler2D>
                        <source>ID78</source>
                    </sampler2D>
                </newparam>
                <technique sid="COMMON">
                    <lambert>
                        <diffuse>
                            <texture texture="ID79" texcoord="UVSET0" />
                        </diffuse>
                    </lambert>
                </technique>
            </profile_COMMON>
        </effect>
    </library_effects>
    <library_images>
        <image id="ID9">
            <init_from>kyte%20shield/WoodPlanks_Blue.jpg</init_from>
        </image>
        <image id="ID18">
            <init_from>kyte%20shield/woodplanks.jpg</init_from>
        </image>
        <image id="ID27">
            <init_from>kyte%20shield/material_2.jpg</init_from>
        </image>
        <image id="ID40">
            <init_from>kyte%20shield/material_3.jpg</init_from>
        </image>
        <image id="ID77">
            <init_from>kyte%20shield/woodplanks_0.jpg</init_from>
        </image>
    </library_images>
    <scene>
        <instance_visual_scene url="#ID1" />
    </scene>
</COLLADA>
