frame,scenario,sf,px,pz,yaw,tip_x,tip_y,tip_z,tip_speed,upper_clip,upper_active,full_active,swing,swing_elapsed,swing_id,time_scale,cam_fov,cam_h,cam_v,enemy,e_state,e_winding,e_busy,e_clip,e_clip_pos,e_dist,player_hp,flinch
97,boot,97,187.425,69.799,180.0,188.591,14.952,69.809,0.00,1H_Melee_Attack_Chop,0,0,-0.700,0.700,0,1.000,65.00,0.000,0.000,,,0.000,0.000,,0.000,-1.00,120,-0.700
98,boot,98,187.425,69.799,180.0,188.592,14.654,69.809,8.92,1H_Melee_Attack_Chop,0,0,-0.733,0.733,0,1.000,65.00,0.000,0.000,,,0.000,0.000,,0.000,-1.00,120,-0.733
99,boot,99,187.425,69.799,180.0,188.592,14.654,69.810,0.03,1H_Melee_Attack_Chop,0,0,-0.767,0.767,0,1.000,65.00,0.000,0.000,,,0.000,0.000,,0.000,-1.00,120,-0.767
100,boot,100,187.425,69.799,180.0,188.593,14.655,69.809,0.04,1H_Melee_Attack_Chop,0,0,-0.800,0.800,0,1.000,65.00,0.000,0.000,,,0.000,0.000,,0.000,-1.00,120,-0.800
101,boot,101,187.425,69.799,180.0,188.594,14.657,69.810,0.07,1H_Melee_Attack_Chop,0,0,-0.833,0.833,0,1.000,65.00,0.000,0.000,,,0.000,0.000,,0.000,-1.00,120,-0.833
102,boot,102,187.425,69.799,180.0,188.595,14.659,69.811,0.09,1H_Melee_Attack_Chop,0,0,-0.867,0.867,0,1.000,65.00,0.000,0.000,,,0.000,0.000,,0.000,-1.00,120,-0.867
103,boot,103,187.425,69.799,180.0,188.596,14.958,69.812,8.98,1H_Melee_Attack_Chop,0,0,-0.900,0.900,0,1.000,65.00,0.000,0.000,,,0.000,0.000,,0.000,-1.00,120,-0.900
104,boot,104,187.425,69.799,180.0,188.597,14.666,69.813,8.77,1H_Melee_Attack_Chop,0,0,-0.933,0.933,0,1.000,65.00,0.000,0.000,,,0.000,0.000,,0.000,-1.00,120,-0.933
105,boot,105,187.425,69.799,180.0,188.598,14.671,69.814,0.15,1H_Melee_Attack_Chop,0,0,-0.967,0.967,0,1.000,65.00,0.000,0.000,,,0.000,0.000,,0.000,-1.00,120,-0.967
106,boot,106,187.425,69.799,180.0,188.599,14.676,69.816,0.15,1H_Melee_Attack_Chop,0,0,-1.000,1.000,0,1.000,65.00,0.000,0.000,,,0.000,0.000,,0.000,-1.00,120,-1.000
107,boot,107,187.425,69.799,180.0,188.600,14.680,69.817,0.15,1H_Melee_Attack_Chop,0,0,-1.033,1.033,0,1.000,65.00,0.000,0.000,,,0.000,0.000,,0.000,-1.00,120,-1.033
108,boot,108,187.425,69.799,180.0,188.601,14.685,69.819,0.15,1H_Melee_Attack_Chop,0,0,-1.067,1.067,0,1.000,65.00,0.000,0.000,,,0.000,0.000,,0.000,-1.00,120,-1.067
109,boot,109,187.425,69.799,180.0,188.602,14.689,69.821,0.15,1H_Melee_Attack_Chop,0,0,-1.100,1.100,0,1.000,65.00,0.000,0.000,,,0.000,0.000,,0.000,-1.00,120,-1.100
110,boot,110,187.425,69.799,180.0,188.603,14.694,69.822,0.16,1H_Melee_Attack_Chop,0,0,-1.133,1.133,0,1.000,65.00,0.000,0.000,,,0.000,0.000,,0.000,-1.00,120,-1.133
111,boot,111,187.425,69.799,180.0,188.604,14.699,69.824,0.15,1H_Melee_Attack_Chop,0,0,-1.167,1.167,0,1.000,65.00,0.000,0.000,,,0.000,0.000,,0.000,-1.00,120,-1.167
112,boot,112,187.425,69.799,180.0,188.605,14.704,69.825,0.14,1H_Melee_Attack_Chop,0,0,-1.200,1.200,0,1.000,65.00,0.000,0.000,,,0.000,0.000,,0.000,-1.00,120,-1.200
113,boot,113,187.425,69.799,180.0,188.605,14.707,69.826,0.12,1H_Melee_Attack_Chop,0,0,-1.233,1.233,0,1.000,65.00,0.000,0.000,,,0.000,0.000,,0.000,-1.00,120,-1.233
114,boot,114,187.425,69.799,180.0,188.606,14.711,69.828,0.10,1H_Melee_Attack_Chop,0,0,-1.267,1.267,0,1.000,65.00,0.000,0.000,,,0.000,0.000,,0.000,-1.00,120,-1.267
115,boot,115,187.425,69.799,180.0,188.605,14.712,69.829,0.05,1H_Melee_Attack_Chop,0,0,-1.300,1.300,0,1.000,65.00,0.000,0.000,,,0.000,0.000,,0.000,-1.00,120,-1.300
116,boot,116,187.425,69.799,180.0,188.605,14.713,69.829,0.04,1H_Melee_Attack_Chop,0,0,-1.333,1.333,0,1.000,65.00,0.000,0.000,,,0.000,0.000,,0.000,-1.00,120,-1.333
117,boot,117,187.425,69.799,180.0,188.605,14.715,69.830,0.06,1H_Melee_Attack_Chop,0,0,-1.367,1.367,0,1.000,65.00,0.000,0.000,,,0.000,0.000,,0.000,-1.00,120,-1.367
118,boot,118,187.425,69.799,180.0,188.605,14.716,69.832,0.05,1H_Melee_Attack_Chop,0,0,-1.400,1.400,0,1.000,65.00,0.000,0.000,,,0.000,0.000,,0.000,-1.00,120,-1.400
119,boot,119,187.425,69.799,180.0,188.605,14.715,69.831,0.04,1H_Melee_Attack_Chop,0,0,-1.433,1.433,0,1.000,65.00,0.000,0.000,,,0.000,0.000,,0.000,-1.00,120,-1.433
120,boot,120,187.425,69.799,180.0,188.604,14.713,69.830,0.07,1H_Melee_Attack_Chop,0,0,-1.467,1.467,0,1.000,65.00,0.000,0.000,,,0.000,0.000,,0.000,-1.00,120,-1.467
121,boot,121,187.425,69.799,180.0,188.603,14.710,69.827,0.12,1H_Melee_Attack_Chop,0,0,-1.500,1.500,0,1.000,65.00,0.000,0.000,,,0.000,0.000,,0.000,-1.00,120,-1.500
122,boot,122,187.425,69.799,180.0,188.602,14.706,69.826,0.12,1H_Melee_Attack_Chop,0,0,-1.533,1.533,0,1.000,65.00,0.000,0.000,,,0.000,0.000,,0.000,-1.00,120,-1.533
123,boot,123,187.425,69.799,180.0,188.601,14.702,69.825,0.13,1H_Melee_Attack_Chop,0,0,-1.567,1.567,0,1.000,65.00,0.000,0.000,,,0.000,0.000,,0.000,-1.00,120,-1.567
124,boot,124,187.425,69.799,180.0,188.600,14.697,69.823,0.15,1H_Melee_Attack_Chop,0,0,-1.600,1.600,0,1.000,65.00,0.000,0.000,,,0.000,0.000,,0.000,-1.00,120,-1.600
125,boot,125,187.425,69.799,180.0,188.599,14.692,69.821,0.16,1H_Melee_Attack_Chop,0,0,-1.633,1.633,0,1.000,65.00,0.000,0.000,,,0.000,0.000,,0.000,-1.00,120,-1.633
126,boot,126,187.425,69.799,180.0,188.598,14.688,69.819,0.16,1H_Melee_Attack_Chop,0,0,-1.667,1.667,0,1.000,65.00,0.000,0.000,,,0.000,0.000,,0.000,-1.00,120,-1.667
127,boot,127,187.425,69.799,180.0,188.597,14.683,69.817,0.16,1H_Melee_Attack_Chop,0,0,-1.700,1.700,0,1.000,65.00,0.000,0.000,,,0.000,0.000,,0.000,-1.00,120,-1.700
128,boot,128,187.425,69.799,180.0,188.595,14.677,69.816,0.17,1H_Melee_Attack_Chop,0,0,-1.733,1.733,0,1.000,65.00,0.000,0.000,,,0.000,0.000,,0.000,-1.00,120,-1.733
129,boot,129,187.425,69.799,180.0,188.594,14.672,69.814,0.17,1H_Melee_Attack_Chop,0,0,-1.767,1.767,0,1.000,65.00,0.000,0.000,,,0.000,0.000,,0.000,-1.00,120,-1.767
130,boot,130,187.425,69.799,180.0,188.593,14.667,69.813,0.16,1H_Melee_Attack_Chop,0,0,-1.800,1.800,0,1.000,65.00,0.000,0.000,,,0.000,0.000,,0.000,-1.00,120,-1.800
131,boot,131,187.425,69.799,180.0,188.592,14.663,69.812,0.14,1H_Melee_Attack_Chop,0,0,-1.833,1.833,0,1.000,65.00,0.000,0.000,,,0.000,0.000,,0.000,-1.00,120,-1.833
132,boot,132,187.425,69.799,180.0,188.592,14.659,69.811,0.12,1H_Melee_Attack_Chop,0,0,-1.867,1.867,0,1.000,65.00,0.000,0.000,,,0.000,0.000,,0.000,-1.00,120,-1.867
133,boot,133,187.425,69.799,180.0,188.591,14.656,69.810,0.10,1H_Melee_Attack_Chop,0,0,-1.900,1.900,0,1.000,65.00,0.000,0.000,,,0.000,0.000,,0.000,-1.00,120,-1.900
134,boot,134,187.425,69.799,180.0,188.591,14.654,69.809,0.05,1H_Melee_Attack_Chop,0,0,-1.933,1.933,0,1.000,65.00,0.000,0.000,,,0.000,0.000,,0.000,-1.00,120,-1.933
135,boot,135,187.425,69.799,180.0,188.590,14.653,69.809,0.03,1H_Melee_Attack_Chop,0,0,-1.967,1.967,0,1.000,65.00,0.000,0.000,,,0.000,0.000,,0.000,-1.00,120,-1.967
136,boot,136,187.425,69.799,180.0,188.590,14.653,69.810,0.03,1H_Melee_Attack_Chop,0,0,-2.000,2.000,0,1.000,65.00,0.000,0.000,,,0.000,0.000,,0.000,-1.00,120,-2.000
137,boot,137,187.425,69.799,180.0,188.590,14.652,69.809,0.04,1H_Melee_Attack_Chop,0,0,-2.033,2.033,0,1.000,65.00,0.000,0.000,,,0.000,0.000,,0.000,-1.00,120,-2.033
138,boot,138,187.425,69.799,180.0,188.590,14.654,69.810,0.06,1H_Melee_Attack_Chop,0,0,-2.067,2.067,0,1.000,65.00,0.000,0.000,,,0.000,0.000,,0.000,-1.00,120,-2.067
139,boot,139,187.425,69.799,180.0,188.590,14.656,69.811,0.07,1H_Melee_Attack_Chop,0,0,-2.100,2.100,0,1.000,65.00,0.000,0.000,,,0.000,0.000,,0.000,-1.00,120,-2.100
140,boot,140,187.425,69.799,180.0,188.591,14.658,69.812,0.08,1H_Melee_Attack_Chop,0,0,-2.133,2.133,0,1.000,65.00,0.000,0.000,,,0.000,0.000,,0.000,-1.00,120,-2.133
141,boot,141,187.425,69.799,180.0,188.591,14.662,69.813,0.12,1H_Melee_Attack_Chop,0,0,-2.167,2.167,0,1.000,65.00,0.000,0.000,,,0.000,0.000,,0.000,-1.00,120,-2.167
142,boot,142,187.425,69.799,180.0,188.592,14.667,69.814,0.14,1H_Melee_Attack_Chop,0,0,-2.200,2.200,0,1.000,65.00,0.000,0.000,,,0.000,0.000,,0.000,-1.00,120,-2.200
143,boot,143,187.425,69.799,197.2,188.545,14.968,69.470,13.80,1H_Melee_Attack_Chop,0,0,-2.233,2.233,0,1.000,65.00,0.000,0.000,,,0.000,0.000,,0.000,-1.00,120,-2.233
144,boot,144,187.425,69.799,197.2,188.546,14.676,69.471,8.76,1H_Melee_Attack_Chop,0,0,-2.267,2.267,0,1.000,65.00,0.000,0.000,,,0.000,0.000,,0.000,-1.00,120,-2.267
145,boot,145,187.425,69.799,197.2,188.523,14.743,69.299,5.58,1H_Melee_Attack_Chop,0,0,-2.300,2.300,0,1.000,65.00,0.000,0.000,,,0.000,0.000,,0.000,-1.00,120,-2.300
146,boot,146,187.425,69.799,197.2,188.495,14.763,69.220,2.58,1H_Melee_Attack_Chop,0,0,-2.333,2.333,0,1.000,65.00,0.000,0.000,,,0.000,0.000,,0.000,-1.00,120,-2.333
147,boot,147,187.425,69.799,197.2,188.516,14.760,69.271,1.64,1H_Melee_Attack_Chop,0,0,-2.367,2.367,0,1.000,65.00,0.000,0.000,,,0.000,0.000,,0.000,-1.00,120,-2.367
148,boot,148,187.425,69.799,197.2,188.541,14.747,69.356,2.69,1H_Melee_Attack_Chop,0,0,-2.400,2.400,0,1.000,65.00,0.000,0.000,,,0.000,0.000,,0.000,-1.00,120,-2.400
149,boot,149,187.425,69.799,197.2,188.552,14.729,69.423,2.12,1H_Melee_Attack_Chop,0,0,-2.433,2.433,0,1.000,65.00,0.000,0.000,,,0.000,0.000,,0.000,-1.00,120,-2.433
150,boot,150,187.425,69.799,197.2,188.554,14.716,69.460,1.19,1H_Melee_Attack_Chop,0,0,-2.467,2.467,0,1.000,65.00,0.000,0.000,,,0.000,0.000,,0.000,-1.00,120,-2.467
151,boot,151,187.425,69.799,197.2,188.554,14.711,69.476,0.50,1H_Melee_Attack_Chop,0,0,-2.500,2.500,0,1.000,65.00,0.000,0.000,,,0.000,0.000,,0.000,-1.00,120,-2.500
152,boot,152,187.425,69.799,197.2,188.554,14.712,69.480,0.11,1H_Melee_Attack_Chop,0,0,-2.533,2.533,0,1.000,65.00,0.000,0.000,,,0.000,0.000,,0.000,-1.00,120,-2.533
153,boot,153,187.425,69.799,197.2,188.554,14.713,69.481,0.04,1H_Melee_Attack_Chop,0,0,-2.567,2.567,0,1.000,65.00,0.000,0.000,,,0.000,0.000,,0.000,-1.00,120,-2.567
154,boot,154,187.425,69.799,197.2,188.554,14.714,69.482,0.03,1H_Melee_Attack_Chop,0,0,-2.600,2.600,0,1.000,65.00,0.000,0.000,,,0.000,0.000,,0.000,-1.00,120,-2.600
155,boot,155,187.425,69.799,197.2,188.554,14.714,69.482,0.03,1H_Melee_Attack_Chop,0,0,-2.633,2.633,0,1.000,65.00,0.000,0.000,,,0.000,0.000,,0.000,-1.00,120,-2.633
156,boot,156,187.425,69.799,197.2,188.554,14.714,69.483,0.03,1H_Melee_Attack_Chop,0,0,-2.667,2.667,0,1.000,65.00,0.000,0.000,,,0.000,0.000,,0.000,-1.00,120,-2.667
157,boot,157,187.425,69.799,197.2,188.554,14.712,69.482,0.07,1H_Melee_Attack_Chop,0,0,-2.700,2.700,0,1.000,65.00,0.000,0.000,,,0.000,0.000,,0.000,-1.00,120,-2.700
158,boot,158,187.425,69.799,197.2,188.553,14.709,69.482,0.09,1H_Melee_Attack_Chop,0,0,-2.733,2.733,0,1.000,65.00,0.000,0.000,,,0.000,0.000,,0.000,-1.00,120,-2.733
159,boot,159,187.425,69.799,197.2,188.551,14.706,69.480,0.13,1H_Melee_Attack_Chop,0,0,-2.767,2.767,0,1.000,65.00,0.000,0.000,,,0.000,0.000,,0.000,-1.00,120,-2.767
160,boot,160,187.425,69.799,197.2,188.550,14.702,69.479,0.13,1H_Melee_Attack_Chop,0,0,-2.800,2.800,0,1.000,65.00,0.000,0.000,,,0.000,0.000,,0.000,-1.00,120,-2.800
161,boot,161,187.425,69.799,197.2,188.549,14.697,69.478,0.13,1H_Melee_Attack_Chop,0,0,-2.833,2.833,0,1.000,65.00,0.000,0.000,,,0.000,0.000,,0.000,-1.00,120,-2.833
162,boot,162,187.425,69.799,197.2,188.548,14.693,69.476,0.15,1H_Melee_Attack_Chop,0,0,-2.867,2.867,0,1.000,65.00,0.000,0.000,,,0.000,0.000,,0.000,-1.00,120,-2.867
163,c01_combo_4hit_idle,1,187.425,69.799,274.5,187.354,14.688,68.633,43.86,1H_Melee_Attack_Chop,0,0,-2.900,2.900,0,1.000,65.00,0.000,0.000,,,0.000,0.000,,0.000,-1.00,120,-2.900
164,c01_combo_4hit_idle,2,187.425,69.799,274.5,187.353,14.683,68.634,0.15,1H_Melee_Attack_Chop,0,0,-2.933,2.933,0,1.000,65.00,0.000,0.000,,,0.000,0.000,,0.000,-1.00,120,-2.933
165,c01_combo_4hit_idle,3,187.425,69.799,274.5,187.351,14.679,68.634,0.15,1H_Melee_Attack_Chop,0,0,-2.967,2.967,0,1.000,65.00,0.000,0.000,,,0.000,0.000,,0.000,-1.00,120,-2.967
166,c01_combo_4hit_idle,4,187.425,69.799,274.5,187.349,14.673,68.635,0.16,1H_Melee_Attack_Chop,0,0,-3.000,3.000,0,1.000,65.00,0.000,0.000,,,0.000,0.000,,0.000,-1.00,120,-3.000
167,c01_combo_4hit_idle,5,187.425,69.799,274.5,187.348,14.669,68.635,0.15,1H_Melee_Attack_Chop,0,0,-3.033,3.033,0,1.000,65.00,0.000,0.000,,,0.000,0.000,,0.000,-1.00,120,-3.033
168,c01_combo_4hit_idle,6,187.425,69.799,274.5,187.346,14.664,68.636,0.14,1H_Melee_Attack_Chop,0,0,-3.067,3.067,0,1.000,65.00,0.000,0.000,,,0.000,0.000,,0.000,-1.00,120,-3.067
169,c01_combo_4hit_idle,7,187.425,69.799,274.5,187.345,14.661,68.636,0.11,1H_Melee_Attack_Chop,0,0,-3.100,3.100,0,1.000,65.00,0.000,0.000,,,0.000,0.000,,0.000,-1.00,120,-3.100
170,c01_combo_4hit_idle,8,187.425,69.799,274.5,187.344,14.657,68.636,0.11,1H_Melee_Attack_Chop,0,0,-3.133,3.133,0,1.000,65.00,0.000,0.000,,,0.000,0.000,,0.000,-1.00,120,-3.133
171,c01_combo_4hit_idle,9,187.425,69.799,274.5,187.343,14.656,68.636,0.06,1H_Melee_Attack_Chop,0,0,-3.167,3.167,0,1.000,65.00,0.000,0.000,,,0.000,0.000,,0.000,-1.00,120,-3.167
172,c01_combo_4hit_idle,10,187.329,69.807,274.5,187.247,14.658,68.643,2.88,Sword_Light_1_Upper,0,0,0.387,0.033,1,1.000,65.00,0.000,0.000,,,0.000,0.000,,0.000,-1.00,120,-3.200
173,c01_combo_4hit_idle,11,187.247,69.813,274.5,187.084,14.701,68.710,5.46,Sword_Light_1_Upper,1,0,0.353,0.067,1,1.000,65.00,0.000,0.000,,,0.000,0.000,,0.000,-1.00,120,-3.233
174,c01_combo_4hit_idle,12,187.179,69.819,274.5,187.098,14.761,68.689,1.96,Sword_Light_1_Upper,1,0,0.320,0.100,1,1.000,65.00,0.000,0.000,,,0.000,0.000,,0.000,-1.00,120,-3.267
175,c01_combo_4hit_idle,13,187.123,69.824,274.5,186.692,15.281,68.852,20.38,Sword_Light_1_Upper,1,0,0.287,0.133,1,1.000,65.00,0.000,0.000,,,0.000,0.000,,0.000,-1.00,120,-3.300
176,c01_combo_4hit_idle,14,187.081,69.827,274.5,187.233,15.782,69.125,23.58,Sword_Light_1_Upper,1,0,0.253,0.167,1,1.000,65.00,0.000,0.000,,,0.000,0.000,,0.000,-1.00,120,-3.333
177,c01_combo_4hit_idle,15,187.052,69.829,274.5,187.414,15.800,69.092,5.57,Sword_Light_1_Upper,1,0,0.220,0.200,1,1.000,65.00,0.000,0.000,,,0.000,0.000,,0.000,-1.00,120,-3.367
178,c01_combo_4hit_idle,16,187.036,69.831,274.5,187.441,15.791,69.035,1.89,Sword_Light_1_Upper,1,0,0.187,0.233,1,1.000,65.00,0.000,0.000,,,0.000,0.000,,0.000,-1.00,120,-3.400
179,c01_combo_4hit_idle,17,187.033,69.831,274.5,186.857,15.679,68.766,19.56,Sword_Light_1_Upper,1,0,0.153,0.267,1,1.000,65.00,0.000,0.000,,,0.000,0.000,,0.000,-1.00,120,-3.433
180,c01_combo_4hit_idle,18,187.033,69.831,274.5,185.736,14.982,69.314,42.88,Sword_Light_1_Upper,1,0,0.120,0.300,1,1.000,65.00,0.000,0.000,,,0.000,0.000,,0.000,-1.00,120,-3.467
181,c01_combo_4hit_idle,19,187.033,69.831,274.5,185.923,14.442,70.419,37.33,Sword_Light_1_Upper,1,0,0.087,0.333,1,1.000,65.00,0.000,0.000,,,0.000,0.000,,0.000,-1.00,120,-3.500
182,c01_combo_4hit_idle,20,187.033,69.831,274.5,186.673,14.143,70.700,25.65,Sword_Light_1_Upper,1,0,0.053,0.367,1,1.000,65.00,0.000,0.000,,,0.000,0.000,,0.000,-1.00,120,-3.533
183,c01_combo_4hit_idle,21,187.033,69.831,274.5,186.984,14.107,70.688,9.39,Sword_Light_1_Upper,1,0,0.020,0.400,1,1.000,65.00,0.000,0.000,,,0.000,0.000,,0.000,-1.00,120,-3.567
184,c01_combo_4hit_idle,22,187.033,69.831,274.5,186.924,14.076,70.654,2.26,Sword_Light_1_Upper,1,0,-0.013,0.433,1,1.000,65.00,0.000,0.000,,,0.000,0.000,,0.000,-1.00,120,-3.600
185,c01_combo_4hit_idle,23,186.937,69.839,274.5,186.773,14.035,70.608,4.91,Sword_Light_2_Upper,1,0,0.357,0.033,2,1.000,65.00,0.000,0.000,,,0.000,0.000,,0.000,-1.00,120,-3.633
186,c01_combo_4hit_idle,24,186.855,69.845,274.5,186.651,14.052,70.640,3.81,Sword_Light_2_Upper,1,0,0.323,0.067,2,1.000,65.00,0.000,0.000,,,0.000,0.000,,0.000,-1.00,120,-3.667
187,c01_combo_4hit_idle,25,186.787,69.851,274.5,186.706,14.076,70.684,2.20,Sword_Light_2_Upper,1,0,0.290,0.100,2,1.000,65.00,0.000,0.000,,,0.000,0.000,,0.000,-1.00,120,-3.700
188,c01_combo_4hit_idle,26,186.731,69.855,274.5,186.852,14.161,70.713,5.16,Sword_Light_2_Upper,1,0,0.257,0.133,2,1.000,65.00,0.000,0.000,,,0.000,0.000,,0.000,-1.00,120,-3.733
189,c01_combo_4hit_idle,27,186.689,69.859,274.5,186.945,14.226,70.691,3.44,Sword_Light_2_Upper,1,0,0.223,0.167,2,1.000,65.00,0.000,0.000,,,0.000,0.000,,0.000,-1.00,120,-3.767
190,c01_combo_4hit_idle,28,186.660,69.861,274.5,186.957,14.247,70.682,0.78,Sword_Light_2_Upper,1,0,0.190,0.200,2,1.000,65.00,0.000,0.000,,,0.000,0.000,,0.000,-1.00,120,-3.800
191,c01_combo_4hit_idle,29,186.644,69.862,274.5,186.127,14.911,70.985,33.17,Sword_Light_2_Upper,1,0,0.157,0.233,2,1.000,65.00,0.000,0.000,,,0.000,0.000,,0.000,-1.00,120,-3.833
192,c01_combo_4hit_idle,30,186.641,69.863,274.5,185.442,15.057,70.404,27.30,Sword_Light_2_Upper,1,0,0.123,0.267,2,1.000,65.00,0.000,0.000,,,0.000,0.000,,0.000,-1.00,120,-3.867
193,c01_combo_4hit_idle,31,186.641,69.863,274.5,185.450,15.360,69.221,36.62,Sword_Light_2_Upper,1,0,0.090,0.300,2,1.000,65.00,0.000,0.000,,,0.000,0.000,,0.000,-1.00,120,-3.900
194,c01_combo_4hit_idle,32,186.641,69.863,274.5,186.629,15.713,68.710,39.99,Sword_Light_2_Upper,1,0,0.057,0.333,2,1.000,65.00,0.000,0.000,,,0.000,0.000,,0.000,-1.00,120,-3.933
195,c01_combo_4hit_idle,33,186.641,69.863,274.5,187.276,15.809,68.920,20.61,Sword_Light_2_Upper,1,0,0.023,0.367,2,1.000,65.00,0.000,0.000,,,0.000,0.000,,0.000,-1.00,120,-3.967
196,c01_combo_4hit_idle,34,186.641,69.863,274.5,187.315,15.803,68.962,1.71,Sword_Light_2_Upper,1,0,-0.010,0.400,2,1.000,65.00,0.000,0.000,,,0.000,0.000,,0.000,-1.00,120,-4.000
197,c01_combo_4hit_idle,35,186.641,69.863,274.5,187.276,15.801,69.005,1.73,Sword_Light_2_Upper,1,0,-0.043,0.433,2,1.000,65.00,0.000,0.000,,,0.000,0.000,,0.000,-1.00,120,-4.033
198,c01_combo_4hit_idle,36,186.545,69.870,274.5,187.144,15.795,69.010,3.98,Sword_Light_3_Upper,1,0,0.387,0.033,3,1.000,65.00,0.000,0.000,,,0.000,0.000,,0.000,-1.00,120,-4.067
199,c01_combo_4hit_idle,37,186.463,69.877,274.5,186.453,15.884,68.963,20.94,Sword_Light_3_Upper,1,0,0.353,0.067,3,1.000,65.00,0.000,0.000,,,0.000,0.000,,0.000,-1.00,120,-4.100
200,c01_combo_4hit_idle,38,186.395,69.883,274.5,186.436,15.797,68.841,4.52,Sword_Light_3_Upper,1,0,0.320,0.100,3,1.000,65.00,0.000,0.000,,,0.000,0.000,,0.000,-1.00,120,-4.133
201,c01_combo_4hit_idle,39,186.339,69.887,274.5,186.513,15.564,68.670,8.97,Sword_Light_3_Upper,1,0,0.287,0.133,3,1.000,65.00,0.000,0.000,,,0.000,0.000,,0.000,-1.00,120,-4.167
202,c01_combo_4hit_idle,40,186.297,69.891,274.5,186.652,15.221,68.643,11.13,Sword_Light_3_Upper,1,0,0.253,0.167,3,1.000,65.00,0.000,0.000,,,0.000,0.000,,0.000,-1.00,120,-4.200
203,c01_combo_4hit_idle,41,186.268,69.893,274.5,186.711,15.000,68.697,7.03,Sword_Light_3_Upper,1,0,0.220,0.200,3,1.000,65.00,0.000,0.000,,,0.000,0.000,,0.000,-1.00,120,-4.233
204,c01_combo_4hit_idle,42,186.252,69.894,274.5,186.727,14.991,68.697,0.54,Sword_Light_3_Upper,1,0,0.187,0.233,3,1.000,65.00,0.000,0.000,,,0.000,0.000,,0.000,-1.00,120,-4.267
205,c01_combo_4hit_idle,43,186.249,69.895,274.5,185.533,15.002,68.679,35.81,Sword_Light_3_Upper,1,0,0.153,0.267,3,1.000,65.00,0.000,0.000,,,0.000,0.000,,0.000,-1.00,120,-4.300
206,c01_combo_4hit_idle,44,186.249,69.895,274.5,184.855,14.891,69.645,35.58,Sword_Light_3_Upper,1,0,0.120,0.300,3,1.000,65.00,0.000,0.000,,,0.000,0.000,,0.000,-1.00,120,-4.333
207,c01_combo_4hit_idle,45,186.249,69.895,274.5,185.158,14.836,70.622,30.73,Sword_Light_3_Upper,1,0,0.087,0.333,3,1.000,65.00,0.000,0.000,,,0.000,0.000,,0.000,-1.00,120,-4.367
208,c01_combo_4hit_idle,46,186.249,69.895,274.5,186.242,14.328,70.912,36.98,Sword_Light_3_Upper,1,0,0.053,0.367,3,1.000,65.00,0.000,0.000,,,0.000,0.000,,0.000,-1.00,120,-4.400
209,c01_combo_4hit_idle,47,186.249,69.895,274.5,186.781,14.734,70.870,20.27,Sword_Light_3_Upper,1,0,0.020,0.400,3,1.000,65.00,0.000,0.000,,,0.000,0.000,,0.000,-1.00,120,-4.433
210,c01_combo_4hit_idle,48,186.249,69.895,274.5,186.792,14.695,70.828,1.75,Sword_Light_3_Upper,1,0,-0.013,0.433,3,1.000,65.00,0.000,0.000,,,0.000,0.000,,0.000,-1.00,120,-4.467
211,c01_combo_4hit_idle,49,186.153,69.902,274.5,186.693,14.601,70.791,4.27,Sword_Light_4_Upper,1,0,0.607,0.033,4,1.000,65.00,0.000,0.000,,,0.000,0.000,,0.000,-1.00,120,-4.500
212,c01_combo_4hit_idle,50,186.071,69.909,274.5,186.525,14.619,70.705,5.66,Sword_Light_4_Upper,1,0,0.573,0.067,4,1.000,65.00,0.000,0.000,,,0.000,0.000,,0.000,-1.00,120,-4.533
213,c01_combo_4hit_idle,51,186.002,69.915,274.5,186.410,14.842,70.736,7.59,Sword_Light_4_Upper,1,0,0.540,0.100,4,1.000,65.00,0.000,0.000,,,0.000,0.000,,0.000,-1.00,120,-4.567
214,c01_combo_4hit_idle,52,185.944,69.919,274.5,186.171,15.353,70.607,17.39,Sword_Light_4_Upper,1,0,0.507,0.133,4,1.000,65.00,0.000,0.000,,,0.000,0.000,,0.000,-1.00,120,-4.600
215,c01_combo_4hit_idle,53,185.899,69.923,274.5,185.766,15.805,70.290,20.55,Sword_Light_4_Upper,1,0,0.473,0.167,4,1.000,65.00,0.000,0.000,,,0.000,0.000,,0.000,-1.00,120,-4.633
216,c01_combo_4hit_idle,54,185.867,69.925,274.5,185.352,15.988,69.958,16.82,Sword_Light_4_Upper,1,0,0.440,0.200,4,1.000,65.00,0.000,0.000,,,0.000,0.000,,0.000,-1.00,120,-4.667
217,c01_combo_4hit_idle,55,185.849,69.927,274.5,185.170,16.000,69.773,7.80,Sword_Light_4_Upper,1,0,0.407,0.233,4,1.000,65.00,0.000,0.000,,,0.000,0.000,,0.000,-1.00,120,-4.700
218,c01_combo_4hit_idle,56,185.844,69.927,274.5,185.178,15.957,69.817,1.86,Sword_Light_4_Upper,1,0,0.373,0.267,4,1.000,65.00,0.000,0.000,,,0.000,0.000,,0.000,-1.00,120,-4.733
219,c01_combo_4hit_idle,57,185.844,69.927,274.5,185.131,15.699,69.878,8.09,Sword_Light_4_Upper,1,0,0.340,0.300,4,1.000,65.00,0.000,0.000,,,0.000,0.000,,0.000,-1.00,120,-4.767
220,c01_combo_4hit_idle,58,185.844,69.927,274.5,185.099,15.241,69.693,14.83,Sword_Light_4_Upper,1,0,0.307,0.333,4,1.000,65.00,0.000,0.000,,,0.000,0.000,,0.000,-1.00,120,-4.800
221,c01_combo_4hit_idle,59,185.844,69.927,274.5,185.158,14.964,69.572,9.26,Sword_Light_4_Upper,1,0,0.273,0.367,4,1.000,65.00,0.000,0.000,,,0.000,0.000,,0.000,-1.00,120,-4.833
222,c01_combo_4hit_idle,60,185.844,69.927,274.5,185.184,14.950,69.541,1.27,Sword_Light_4_Upper,1,0,0.240,0.400,4,1.000,65.00,0.000,0.000,,,0.000,0.000,,0.000,-1.00,120,-4.867
223,c01_combo_4hit_idle,61,185.844,69.927,274.5,185.189,14.965,69.544,0.46,Sword_Light_4_Upper,1,0,0.207,0.433,4,1.000,65.00,0.000,0.000,,,0.000,0.000,,0.000,-1.00,120,-4.900
224,c01_combo_4hit_idle,62,185.844,69.927,274.5,184.998,15.021,69.572,6.02,Sword_Light_4_Upper,1,0,0.173,0.467,4,1.000,65.00,0.000,0.000,,,0.000,0.000,,0.000,-1.00,120,-4.933
225,c01_combo_4hit_idle,63,185.844,69.927,274.5,184.512,15.094,69.631,14.85,Sword_Light_4_Upper,1,0,0.140,0.500,4,1.000,65.00,0.000,0.000,,,0.000,0.000,,0.000,-1.00,120,-4.967
226,c01_combo_4hit_idle,64,185.844,69.927,274.5,184.399,15.081,69.650,3.48,Sword_Light_4_Upper,1,0,0.107,0.533,4,1.000,65.00,0.000,0.000,,,0.000,0.000,,0.000,-1.00,120,-5.000
227,c01_combo_4hit_idle,65,185.844,69.927,274.5,184.395,15.070,69.643,0.40,Sword_Light_4_Upper,1,0,0.073,0.567,4,1.000,65.00,0.000,0.000,,,0.000,0.000,,0.000,-1.00,120,-5.033
228,c01_combo_4hit_idle,66,185.844,69.927,274.5,184.394,15.055,69.658,0.64,Sword_Light_4_Upper,1,0,0.040,0.600,4,1.000,65.00,0.000,0.000,,,0.000,0.000,,0.000,-1.00,120,-5.067
229,c01_combo_4hit_idle,67,185.844,69.927,274.5,184.404,15.046,69.657,0.40,Sword_Light_4_Upper,1,0,0.007,0.633,4,1.000,65.00,0.000,0.000,,,0.000,0.000,,0.000,-1.00,120,-5.100
230,c01_combo_4hit_idle,68,185.844,69.927,274.5,184.413,15.034,69.656,0.44,Sword_Light_4_Upper,1,0,-0.027,0.667,4,1.000,65.00,0.000,0.000,,,0.000,0.000,,0.000,-1.00,120,-5.133
231,c01_combo_4hit_idle,69,185.844,69.927,274.5,184.422,15.041,69.649,0.39,Sword_Light_4_Upper,1,0,-0.060,0.700,4,1.000,65.00,0.000,0.000,,,0.000,0.000,,0.000,-1.00,120,-5.167
232,c01_combo_4hit_idle,70,185.844,69.927,274.5,184.438,15.061,69.645,0.78,Sword_Light_4_Upper,1,0,-0.093,0.733,4,1.000,65.00,0.000,0.000,,,0.000,0.000,,0.000,-1.00,120,-5.200
233,c01_combo_4hit_idle,71,185.844,69.927,274.5,184.577,15.104,69.621,4.42,Sword_Light_4_Upper,1,0,-0.127,0.767,4,1.000,65.00,0.000,0.000,,,0.000,0.000,,0.000,-1.00,120,-5.233
234,c01_combo_4hit_idle,72,185.844,69.927,274.5,184.756,15.135,69.650,5.53,Sword_Light_4_Upper,1,0,-0.160,0.800,4,1.000,65.00,0.000,0.000,,,0.000,0.000,,0.000,-1.00,120,-5.267
235,c01_combo_4hit_idle,73,185.844,69.927,274.5,184.913,15.129,69.724,5.20,Sword_Light_4_Upper,1,0,-0.193,0.833,4,1.000,65.00,0.000,0.000,,,0.000,0.000,,0.000,-1.00,120,-5.300
236,c01_combo_4hit_idle,74,185.844,69.927,274.5,185.000,15.116,69.771,2.99,Sword_Light_4_Upper,1,0,-0.227,0.867,4,1.000,65.00,0.000,0.000,,,0.000,0.000,,0.000,-1.00,120,-5.333
237,c01_combo_4hit_idle,75,185.844,69.927,274.5,185.017,15.113,69.778,0.57,Sword_Light_4_Upper,1,0,-0.260,0.900,4,1.000,65.00,0.000,0.000,,,0.000,0.000,,0.000,-1.00,120,-5.367
238,c01_combo_4hit_idle,76,185.844,69.927,274.5,185.041,15.103,69.777,0.77,Sword_Light_4_Upper,1,0,-0.293,0.933,4,1.000,65.00,0.000,0.000,,,0.000,0.000,,0.000,-1.00,120,-5.400
239,c01_combo_4hit_idle,77,185.844,69.927,274.5,185.076,15.086,69.773,1.19,Sword_Light_4_Upper,1,0,-0.327,0.967,4,1.000,65.00,0.000,0.000,,,0.000,0.000,,0.000,-1.00,120,-5.433
240,c01_combo_4hit_idle,78,185.844,69.927,274.5,185.121,15.066,69.771,1.48,Sword_Light_4_Upper,1,0,-0.360,1.000,4,1.000,65.00,0.000,0.000,,,0.000,0.000,,0.000,-1.00,120,-5.467
241,c01_combo_4hit_idle,79,185.844,69.927,274.5,185.172,15.044,69.772,1.66,Sword_Light_4_Upper,1,0,-0.393,1.033,4,1.000,65.00,0.000,0.000,,,0.000,0.000,,0.000,-1.00,120,-5.500
242,c01_combo_4hit_idle,80,185.844,69.927,274.5,185.205,15.027,69.735,1.56,Sword_Light_4_Upper,1,0,-0.427,1.067,4,1.000,65.00,0.000,0.000,,,0.000,0.000,,0.000,-1.00,120,-5.533
243,c01_combo_4hit_idle,81,185.844,69.927,274.5,185.201,15.020,69.499,7.09,Sword_Light_4_Upper,1,0,-0.460,1.100,4,1.000,65.00,0.000,0.000,,,0.000,0.000,,0.000,-1.00,120,-5.567
244,c01_combo_4hit_idle,82,185.844,69.927,274.5,185.273,14.989,69.234,8.29,Sword_Light_4_Upper,1,0,-0.493,1.133,4,1.000,65.00,0.000,0.000,,,0.000,0.000,,0.000,-1.00,120,-5.600
245,c01_combo_4hit_idle,83,185.844,69.927,274.5,185.394,14.910,69.019,7.78,Sword_Light_4_Upper,1,0,-0.527,1.167,4,1.000,65.00,0.000,0.000,,,0.000,0.000,,0.000,-1.00,120,-5.633
246,c01_combo_4hit_idle,84,185.844,69.927,274.5,185.552,14.804,68.864,7.35,Sword_Light_4_Upper,1,0,-0.560,1.200,4,1.000,65.00,0.000,0.000,,,0.000,0.000,,0.000,-1.00,120,-5.667
247,c01_combo_4hit_idle,85,185.844,69.927,274.5,185.731,14.700,68.773,6.80,Sword_Light_4_Upper,0,0,-0.593,1.233,4,1.000,65.00,0.000,0.000,,,0.000,0.000,,0.000,-1.00,120,-5.700
248,c01_combo_4hit_idle,86,185.844,69.927,274.5,185.762,14.683,68.764,1.08,Sword_Light_4_Upper,0,0,-0.627,1.267,4,1.000,65.00,0.000,0.000,,,0.000,0.000,,0.000,-1.00,120,-5.733
249,c01_combo_4hit_idle,87,185.844,69.927,274.5,185.763,14.683,68.763,0.03,Sword_Light_4_Upper,0,0,-0.660,1.300,4,1.000,65.00,0.000,0.000,,,0.000,0.000,,0.000,-1.00,120,-5.767
250,c01_combo_4hit_idle,88,185.844,69.927,274.5,185.762,14.683,68.762,0.04,Sword_Light_4_Upper,0,0,-0.693,1.333,4,1.000,65.00,0.000,0.000,,,0.000,0.000,,0.000,-1.00,120,-5.800
251,c01_combo_4hit_idle,89,185.844,69.927,274.5,185.763,14.685,68.761,0.07,Sword_Light_4_Upper,0,0,-0.727,1.367,4,1.000,65.00,0.000,0.000,,,0.000,0.000,,0.000,-1.00,120,-5.833
252,c01_combo_4hit_idle,90,185.844,69.927,274.5,185.764,14.688,68.760,0.09,Sword_Light_4_Upper,0,0,-0.760,1.400,4,1.000,65.00,0.000,0.000,,,0.000,0.000,,0.000,-1.00,120,-5.867
253,c01_combo_4hit_idle,91,185.844,69.927,274.5,185.765,14.691,68.759,0.09,Sword_Light_4_Upper,0,0,-0.793,1.433,4,1.000,65.00,0.000,0.000,,,0.000,0.000,,0.000,-1.00,120,-5.900
254,c01_combo_4hit_idle,92,185.844,69.927,274.5,185.766,14.695,68.758,0.14,Sword_Light_4_Upper,0,0,-0.827,1.467,4,1.000,65.00,0.000,0.000,,,0.000,0.000,,0.000,-1.00,120,-5.933
255,c01_combo_4hit_idle,93,185.844,69.927,274.5,185.767,14.700,68.757,0.15,Sword_Light_4_Upper,0,0,-0.860,1.500,4,1.000,65.00,0.000,0.000,,,0.000,0.000,,0.000,-1.00,120,-5.967
256,c01_combo_4hit_idle,94,185.844,69.927,274.5,185.768,14.704,68.755,0.15,Sword_Light_4_Upper,0,0,-0.893,1.533,4,1.000,65.00,0.000,0.000,,,0.000,0.000,,0.000,-1.00,120,-6.000
257,c01_combo_4hit_idle,95,185.844,69.927,274.5,185.770,14.709,68.754,0.15,Sword_Light_4_Upper,0,0,-0.927,1.567,4,1.000,65.00,0.000,0.000,,,0.000,0.000,,0.000,-1.00,120,-6.033
258,c01_combo_4hit_idle,96,185.844,69.927,274.5,185.771,14.714,68.753,0.15,Sword_Light_4_Upper,0,0,-0.960,1.600,4,1.000,65.00,0.000,0.000,,,0.000,0.000,,0.000,-1.00,120,-6.067
259,c01_combo_4hit_idle,97,185.844,69.927,274.5,185.773,14.718,68.752,0.15,Sword_Light_4_Upper,0,0,-0.993,1.633,4,1.000,65.00,0.000,0.000,,,0.000,0.000,,0.000,-1.00,120,-6.100
260,c01_combo_4hit_idle,98,185.844,69.927,274.5,185.774,14.723,68.751,0.16,Sword_Light_4_Upper,0,0,-1.027,1.667,4,1.000,65.00,0.000,0.000,,,0.000,0.000,,0.000,-1.00,120,-6.133
261,c01_combo_4hit_idle,99,185.844,69.927,274.5,185.776,14.728,68.750,0.15,Sword_Light_4_Upper,0,0,-1.060,1.700,4,1.000,65.00,0.000,0.000,,,0.000,0.000,,0.000,-1.00,120,-6.167
262,c01_combo_4hit_idle,100,185.844,69.927,274.5,185.777,14.732,68.749,0.14,Sword_Light_4_Upper,0,0,-1.093,1.733,4,1.000,65.00,0.000,0.000,,,0.000,0.000,,0.000,-1.00,120,-6.200
263,gap,1,187.425,69.799,180.0,188.605,15.004,69.826,91.16,Sword_Light_4_Upper,0,0,-1.127,1.767,4,1.000,65.00,0.000,0.000,,,0.000,0.000,,0.000,-1.00,120,-6.233
264,gap,2,187.425,69.799,180.0,188.606,14.711,69.828,8.80,Sword_Light_4_Upper,0,0,-1.160,1.800,4,1.000,65.00,0.000,0.000,,,0.000,0.000,,0.000,-1.00,120,-6.267
265,gap,3,187.425,69.799,180.0,188.605,14.712,69.829,0.05,Sword_Light_4_Upper,0,0,-1.193,1.833,4,1.000,65.00,0.000,0.000,,,0.000,0.000,,0.000,-1.00,120,-6.300
266,gap,4,187.425,69.799,180.0,188.605,14.713,69.829,0.04,Sword_Light_4_Upper,0,0,-1.227,1.867,4,1.000,65.00,0.000,0.000,,,0.000,0.000,,0.000,-1.00,120,-6.333
267,gap,5,187.425,69.799,180.0,188.605,14.715,69.830,0.06,Sword_Light_4_Upper,0,0,-1.260,1.900,4,1.000,65.00,0.000,0.000,,,0.000,0.000,,0.000,-1.00,120,-6.367
268,gap,6,187.425,69.799,180.0,188.605,14.716,69.832,0.05,Sword_Light_4_Upper,0,0,-1.293,1.933,4,1.000,65.00,0.000,0.000,,,0.000,0.000,,0.000,-1.00,120,-6.400
269,gap,7,187.425,69.799,180.0,188.605,14.715,69.831,0.04,Sword_Light_4_Upper,0,0,-1.327,1.967,4,1.000,65.00,0.000,0.000,,,0.000,0.000,,0.000,-1.00,120,-6.433
270,gap,8,187.425,69.799,180.0,188.604,14.713,69.830,0.07,Sword_Light_4_Upper,0,0,-1.360,2.000,4,1.000,65.00,0.000,0.000,,,0.000,0.000,,0.000,-1.00,120,-6.467
271,gap,9,187.425,69.799,180.0,188.603,14.710,69.827,0.12,Sword_Light_4_Upper,0,0,-1.393,2.033,4,1.000,65.00,0.000,0.000,,,0.000,0.000,,0.000,-1.00,120,-6.500
272,gap,10,187.425,69.799,180.0,188.602,14.706,69.826,0.12,Sword_Light_4_Upper,0,0,-1.427,2.067,4,1.000,65.00,0.000,0.000,,,0.000,0.000,,0.000,-1.00,120,-6.533
273,gap,11,187.425,69.799,180.0,188.601,14.702,69.825,0.13,Sword_Light_4_Upper,0,0,-1.460,2.100,4,1.000,65.00,0.000,0.000,,,0.000,0.000,,0.000,-1.00,120,-6.567
274,gap,12,187.425,69.799,180.0,188.600,14.697,69.823,0.15,Sword_Light_4_Upper,0,0,-1.493,2.133,4,1.000,65.00,0.000,0.000,,,0.000,0.000,,0.000,-1.00,120,-6.600
275,gap,13,187.425,69.799,180.0,188.599,14.692,69.821,0.16,Sword_Light_4_Upper,0,0,-1.527,2.167,4,1.000,65.00,0.000,0.000,,,0.000,0.000,,0.000,-1.00,120,-6.633
276,gap,14,187.425,69.799,180.0,188.598,14.688,69.819,0.16,Sword_Light_4_Upper,0,0,-1.560,2.200,4,1.000,65.00,0.000,0.000,,,0.000,0.000,,0.000,-1.00,120,-6.667
277,gap,15,187.425,69.799,180.0,188.597,14.683,69.817,0.16,Sword_Light_4_Upper,0,0,-1.593,2.233,4,1.000,65.00,0.000,0.000,,,0.000,0.000,,0.000,-1.00,120,-6.700
278,gap,16,187.425,69.799,180.0,188.595,14.677,69.816,0.17,Sword_Light_4_Upper,0,0,-1.627,2.267,4,1.000,65.00,0.000,0.000,,,0.000,0.000,,0.000,-1.00,120,-6.733
279,gap,17,187.425,69.799,180.0,188.594,14.672,69.814,0.17,Sword_Light_4_Upper,0,0,-1.660,2.300,4,1.000,65.00,0.000,0.000,,,0.000,0.000,,0.000,-1.00,120,-6.767
280,gap,18,187.425,69.799,180.0,188.593,14.667,69.813,0.16,Sword_Light_4_Upper,0,0,-1.693,2.333,4,1.000,65.00,0.000,0.000,,,0.000,0.000,,0.000,-1.00,120,-6.800
281,gap,19,187.425,69.799,180.0,188.592,14.663,69.812,0.14,Sword_Light_4_Upper,0,0,-1.727,2.367,4,1.000,65.00,0.000,0.000,,,0.000,0.000,,0.000,-1.00,120,-6.833
282,gap,20,187.425,69.799,180.0,188.592,14.659,69.811,0.12,Sword_Light_4_Upper,0,0,-1.760,2.400,4,1.000,65.00,0.000,0.000,,,0.000,0.000,,0.000,-1.00,120,-6.867
283,gap,21,187.425,69.799,180.0,188.591,14.656,69.810,0.10,Sword_Light_4_Upper,0,0,-1.793,2.433,4,1.000,65.00,0.000,0.000,@CharacterBody3D@8736,0,0.000,0.000,,0.000,2.60,120,-6.900
284,gap,22,187.425,69.799,180.0,188.591,14.654,69.809,0.05,Sword_Light_4_Upper,0,0,-1.827,2.467,4,1.000,65.00,0.000,0.000,@CharacterBody3D@8736,2,0.000,-0.033,walk,0.000,2.58,120,-6.933
285,gap,23,187.425,69.799,180.0,188.590,14.653,69.809,0.03,Sword_Light_4_Upper,0,0,-1.860,2.500,4,1.000,65.00,0.000,0.000,@CharacterBody3D@8736,2,0.000,-0.067,walk,0.000,2.54,120,-6.967
286,gap,24,187.425,69.799,180.0,188.590,14.653,69.810,0.03,Sword_Light_4_Upper,0,0,-1.893,2.533,4,1.000,65.00,0.000,0.000,@CharacterBody3D@8736,2,0.000,-0.100,walk,0.026,2.48,120,-7.000
287,gap,25,187.425,69.799,180.0,188.590,14.652,69.809,0.04,Sword_Light_4_Upper,0,0,-1.927,2.567,4,1.000,65.00,0.000,0.000,@CharacterBody3D@8736,2,0.000,-0.133,walk,0.061,2.41,120,-7.033
288,gap,26,187.425,69.799,180.0,188.590,14.654,69.810,0.06,Sword_Light_4_Upper,0,0,-1.960,2.600,4,1.000,65.00,0.000,0.000,@CharacterBody3D@8736,2,0.000,-0.167,walk,0.103,2.32,120,-7.067
289,gap,27,187.425,69.799,180.0,188.590,14.656,69.811,0.07,Sword_Light_4_Upper,0,0,-1.993,2.633,4,1.000,65.00,0.000,0.000,@CharacterBody3D@8736,2,0.000,-0.200,walk,0.152,2.23,120,-7.100
290,gap,28,187.425,69.799,180.0,188.591,14.658,69.812,0.08,Sword_Light_4_Upper,0,0,-2.027,2.667,4,1.000,65.00,0.000,0.000,@CharacterBody3D@8736,2,0.000,-0.233,walk,0.205,2.13,120,-7.133
291,gap,29,187.425,69.799,180.0,188.591,14.662,69.813,0.12,Sword_Light_4_Upper,0,0,-2.060,2.700,4,1.000,65.00,0.000,0.000,@CharacterBody3D@8736,2,0.000,-0.267,run,0.000,2.02,120,-7.167
292,gap,30,187.425,69.799,180.0,188.592,14.667,69.814,0.14,Sword_Light_4_Upper,0,0,-2.093,2.733,4,1.000,65.00,0.000,0.000,@CharacterBody3D@8736,2,0.850,1.450,attack,0.000,1.91,120,-7.200
293,gap,31,187.425,69.799,180.0,188.593,14.671,69.816,0.15,Sword_Light_4_Upper,0,0,-2.127,2.767,4,1.000,65.00,0.000,0.000,@CharacterBody3D@8736,2,0.817,1.417,attack,0.000,1.83,120,-7.233
294,gap,32,187.425,69.799,180.0,188.593,14.676,69.817,0.15,Sword_Light_4_Upper,0,0,-2.160,2.800,4,1.000,65.00,0.000,0.000,@CharacterBody3D@8736,2,0.783,1.383,attack,0.044,1.76,120,-7.267
295,gap,33,187.425,69.799,180.0,188.594,14.681,69.819,0.15,Sword_Light_4_Upper,0,0,-2.193,2.833,4,1.000,65.00,0.000,0.000,@CharacterBody3D@8736,2,0.750,1.350,attack,0.087,1.70,120,-7.300
296,gap,34,187.425,69.799,180.0,188.595,14.685,69.821,0.15,Sword_Light_4_Upper,0,0,-2.227,2.867,4,1.000,65.00,0.000,0.000,@CharacterBody3D@8736,2,0.717,1.317,attack,0.131,1.65,120,-7.333
297,gap,35,187.425,69.799,180.0,188.595,14.691,69.822,0.17,Sword_Light_4_Upper,0,0,-2.260,2.900,4,1.000,65.00,0.000,0.000,@CharacterBody3D@8736,2,0.683,1.283,attack,0.174,1.62,120,-7.367
298,gap,36,187.425,69.799,180.0,188.596,14.696,69.824,0.16,Sword_Light_4_Upper,0,0,-2.293,2.933,4,1.000,65.00,0.000,0.000,@CharacterBody3D@8736,2,0.650,1.250,attack,0.218,1.58,120,-7.400
299,gap,37,187.425,69.799,180.0,188.596,14.701,69.825,0.15,Sword_Light_4_Upper,0,0,-2.327,2.967,4,1.000,65.00,0.000,0.000,@CharacterBody3D@8736,2,0.617,1.217,attack,0.261,1.56,120,-7.433
300,gap,38,187.425,69.799,180.0,188.597,14.705,69.826,0.14,Sword_Light_4_Upper,0,0,-2.360,3.000,4,1.000,65.00,0.000,0.000,@CharacterBody3D@8736,2,0.583,1.183,attack,0.305,1.54,120,-7.467
301,gap,39,187.425,69.799,180.0,188.597,14.709,69.827,0.12,Sword_Light_4_Upper,0,0,-2.393,3.033,4,1.000,65.00,0.000,0.000,@CharacterBody3D@8736,2,0.550,1.150,attack,0.348,1.52,120,-7.500
302,gap,40,187.425,69.799,180.0,188.598,14.712,69.828,0.08,Sword_Light_4_Upper,0,0,-2.427,3.067,4,1.000,65.00,0.000,0.000,@CharacterBody3D@8736,2,0.517,1.117,attack,0.392,1.50,120,-7.533
303,c02_combo_on_orc,1,187.425,69.799,256.8,187.722,14.713,68.664,43.68,Sword_Light_4_Upper,0,0,-2.460,3.100,4,1.000,65.00,0.000,0.000,@CharacterBody3D@8736,2,0.483,1.083,attack,0.435,1.49,120,-7.567
304,c02_combo_on_orc,2,187.426,69.734,179.4,188.598,14.717,69.776,42.45,Sword_Light_1_Upper,0,0,0.387,0.033,5,1.000,65.00,0.000,0.000,@CharacterBody3D@8736,2,0.450,1.050,attack,0.479,1.41,120,-7.600
305,c02_combo_on_orc,3,187.426,69.682,179.4,188.534,14.606,69.785,3.87,Sword_Light_1_Upper,1,0,0.353,0.067,5,1.000,65.00,0.000,0.000,@CharacterBody3D@8736,2,0.417,1.017,attack,0.522,1.35,120,-7.633
306,c02_combo_on_orc,4,187.427,69.643,179.4,188.548,14.624,69.746,1.37,Sword_Light_1_Upper,1,0,0.320,0.100,5,1.000,65.00,0.000,0.000,@CharacterBody3D@8736,2,0.383,0.983,attack,0.566,1.30,120,-7.667
307,c02_combo_on_orc,5,187.427,69.617,179.4,188.506,15.136,69.266,21.08,Sword_Light_1_Upper,1,0,0.287,0.133,5,1.000,65.00,0.000,0.000,@CharacterBody3D@8736,2,0.350,0.950,attack,0.609,1.27,120,-7.700
308,c02_combo_on_orc,6,187.427,69.605,179.4,188.169,15.742,69.841,27.02,Sword_Light_1_Upper,1,0,0.253,0.167,5,1.000,65.00,0.000,0.000,@CharacterBody3D@8736,2,0.317,0.917,attack,0.653,1.25,120,-7.733
309,c02_combo_on_orc,7,187.427,69.604,179.4,188.157,15.791,70.050,6.44,Sword_Light_1_Upper,1,0,0.220,0.200,5,1.000,65.00,0.000,0.000,@CharacterBody3D@8736,2,0.283,0.883,attack,0.696,1.24,120,-7.767
310,c02_combo_on_orc,8,187.427,69.604,179.4,188.154,15.800,70.180,3.93,Sword_Light_1_Upper,1,0,0.187,0.233,5,1.000,65.00,0.000,0.000,@CharacterBody3D@8736,2,0.250,0.850,attack,0.740,1.23,120,-7.800
311,c02_combo_on_orc,9,187.427,69.604,179.4,188.473,15.737,69.805,14.91,Sword_Light_1_Upper,1,0,0.153,0.267,5,1.000,65.00,0.000,0.000,@CharacterBody3D@8736,2,0.217,0.817,attack,0.784,1.23,120,-7.833
312,c02_combo_on_orc,10,187.427,69.604,179.4,188.275,15.118,68.569,41.88,Sword_Light_1_Upper,1,0,0.152,0.268,5,0.050,65.00,0.000,0.000,@CharacterBody3D@8736,2,0.000,0.298,hit,0.000,1.22,120,-7.835
313,c02_combo_on_orc,11,187.427,69.604,179.4,188.219,15.074,68.516,2.67,Sword_Light_1_Upper,1,0,0.150,0.270,5,0.050,65.00,0.000,0.000,@CharacterBody3D@8736,2,0.000,0.297,hit,0.000,1.22,120,-7.837
314,c02_combo_on_orc,12,187.427,69.604,179.4,188.157,15.029,68.468,2.72,Sword_Light_1_Upper,1,0,0.117,0.303,5,1.000,65.00,0.000,0.000,@CharacterBody3D@8736,2,0.000,0.263,hit,0.002,1.21,120,-7.870
315,c02_combo_on_orc,13,187.427,69.604,179.4,186.928,14.443,68.498,40.85,Sword_Light_1_Upper,1,0,0.083,0.337,5,1.000,65.00,0.000,0.000,@CharacterBody3D@8736,2,0.000,0.230,hit,0.035,1.21,120,-7.903
316,c02_combo_on_orc,14,187.427,69.604,179.4,186.599,14.117,69.225,25.86,Sword_Light_1_Upper,1,0,0.050,0.370,5,1.000,65.00,0.000,0.000,@CharacterBody3D@8736,2,0.000,0.197,hit,0.068,1.21,120,-7.937
317,c02_combo_on_orc,15,187.427,69.604,179.4,186.576,14.099,69.471,7.43,Sword_Light_1_Upper,1,0,0.017,0.403,5,1.000,65.00,0.000,0.000,@CharacterBody3D@8736,2,0.000,0.163,hit,0.102,1.21,120,-7.970
318,c02_combo_on_orc,16,187.427,69.604,178.2,186.622,14.064,69.400,2.73,Sword_Light_2_Upper,1,0,0.357,0.033,6,1.000,65.00,0.000,0.000,@CharacterBody3D@8736,2,0.000,0.130,hit,0.135,1.21,120,-8.003
319,c02_combo_on_orc,17,187.427,69.604,178.2,186.768,14.057,69.170,8.20,Sword_Light_2_Upper,1,0,0.323,0.067,6,1.000,65.00,0.000,0.000,@CharacterBody3D@8736,2,0.000,0.097,hit,0.168,1.20,120,-8.037
320,c02_combo_on_orc,18,187.427,69.604,178.2,186.686,14.085,69.266,3.88,Sword_Light_2_Upper,1,0,0.290,0.100,6,1.000,65.00,0.000,0.000,@CharacterBody3D@8736,2,0.000,0.063,hit,0.202,1.20,120,-8.070
321,c02_combo_on_orc,19,187.427,69.604,178.2,186.592,14.139,69.450,6.43,Sword_Light_2_Upper,1,0,0.257,0.133,6,1.000,65.00,0.000,0.000,@CharacterBody3D@8736,2,0.000,0.030,hit,0.235,1.20,120,-8.103
322,c02_combo_on_orc,20,187.427,69.604,178.2,186.566,14.174,69.586,4.28,Sword_Light_2_Upper,1,0,0.223,0.167,6,1.000,65.00,0.000,0.000,@CharacterBody3D@8736,2,0.000,-0.003,walk,0.000,1.20,120,-8.137
323,c02_combo_on_orc,21,187.427,69.604,178.2,186.556,14.179,69.627,1.27,Sword_Light_2_Upper,1,0,0.190,0.200,6,1.000,65.00,0.000,0.000,@CharacterBody3D@8736,2,0.000,-0.037,walk,0.000,1.22,120,-8.170
324,c02_combo_on_orc,22,187.427,69.604,178.2,186.518,14.899,68.803,32.84,Sword_Light_2_Upper,1,0,0.188,0.202,6,0.050,65.00,0.000,0.000,@CharacterBody3D@8736,2,0.000,0.298,hit,0.000,1.22,120,-8.172
325,c02_combo_on_orc,23,187.427,69.604,178.2,186.546,14.914,68.768,1.42,Sword_Light_2_Upper,1,0,0.187,0.203,6,0.050,65.00,0.000,0.000,@CharacterBody3D@8736,2,0.000,0.297,hit,0.000,1.21,120,-8.173
326,c02_combo_on_orc,24,187.427,69.604,178.2,186.576,14.928,68.734,1.41,Sword_Light_2_Upper,1,0,0.153,0.237,6,1.000,65.00,0.000,0.000,@CharacterBody3D@8736,2,0.000,0.263,hit,0.002,1.23,120,-8.207
327,c02_combo_on_orc,25,187.427,69.604,178.2,187.408,15.105,68.346,28.07,Sword_Light_2_Upper,1,0,0.120,0.270,6,1.000,65.00,0.000,0.000,@CharacterBody3D@8736,2,0.000,0.230,hit,0.035,1.24,120,-8.240
328,c02_combo_on_orc,26,187.427,69.604,178.2,188.475,15.402,68.884,36.94,Sword_Light_2_Upper,1,0,0.087,0.303,6,1.000,65.00,0.000,0.000,@CharacterBody3D@8736,2,0.000,0.197,hit,0.068,1.25,120,-8.273
329,c02_combo_on_orc,27,187.427,69.604,178.2,188.517,15.699,69.947,33.12,Sword_Light_2_Upper,1,0,0.053,0.337,6,1.000,65.00,0.000,0.000,@CharacterBody3D@8736,2,0.000,0.163,hit,0.102,1.26,120,-8.307
330,c02_combo_on_orc,28,187.427,69.604,178.2,188.266,15.796,70.369,15.04,Sword_Light_2_Upper,1,0,0.020,0.370,6,1.000,65.00,0.000,0.000,@CharacterBody3D@8736,2,0.000,0.130,hit,0.135,1.26,120,-8.340
331,c02_combo_on_orc,29,187.427,69.604,178.2,188.248,15.797,70.344,0.94,Sword_Light_2_Upper,1,0,-0.013,0.403,6,1.000,65.00,0.000,0.000,@CharacterBody3D@8736,2,0.000,0.097,hit,0.168,1.27,120,-8.373
332,c02_combo_on_orc,30,187.427,69.604,175.9,188.187,15.795,70.329,1.88,Sword_Light_3_Upper,1,0,0.387,0.033,7,1.000,65.00,0.000,0.000,@CharacterBody3D@8736,2,0.000,0.063,hit,0.202,1.27,120,-8.407
333,c02_combo_on_orc,31,187.427,69.604,175.9,188.255,15.806,70.089,7.49,Sword_Light_3_Upper,1,0,0.353,0.067,7,1.000,65.00,0.000,0.000,@CharacterBody3D@8736,2,0.000,0.030,hit,0.235,1.27,120,-8.440
334,c02_combo_on_orc,32,187.427,69.604,175.9,188.344,15.724,70.193,4.79,Sword_Light_3_Upper,1,0,0.320,0.100,7,1.000,65.00,0.000,0.000,@CharacterBody3D@8736,2,0.000,-0.003,walk,0.000,1.27,120,-8.473
335,c02_combo_on_orc,33,187.427,69.604,175.9,188.457,15.486,70.370,9.51,Sword_Light_3_Upper,1,0,0.287,0.133,7,1.000,65.00,0.000,0.000,@CharacterBody3D@8736,2,0.000,-0.037,walk,0.000,1.29,120,-8.507
336,c02_combo_on_orc,34,187.427,69.604,175.9,188.421,15.134,70.520,11.53,Sword_Light_3_Upper,1,0,0.253,0.167,7,1.000,65.00,0.000,0.000,@CharacterBody3D@8736,2,0.000,-0.070,walk,0.020,1.33,120,-8.540
337,c02_combo_on_orc,35,187.427,69.604,175.9,188.345,14.911,70.562,7.20,Sword_Light_3_Upper,1,0,0.220,0.200,7,1.000,65.00,0.000,0.000,@CharacterBody3D@8736,2,0.000,-0.103,walk,0.046,1.38,120,-8.573
338,c02_combo_on_orc,36,187.427,69.604,175.9,188.337,14.894,70.592,1.04,Sword_Light_3_Upper,1,0,0.187,0.233,7,1.000,65.00,0.000,0.000,@CharacterBody3D@8736,2,0.000,-0.137,walk,0.078,1.43,120,-8.607
339,c02_combo_on_orc,37,187.427,69.604,175.9,188.838,14.992,69.516,35.74,Sword_Light_3_Upper,1,0,0.153,0.267,7,1.000,65.00,0.000,0.000,@CharacterBody3D@8736,2,0.000,-0.170,walk,0.116,1.50,120,-8.640
340,c02_combo_on_orc,38,187.427,69.604,175.9,188.210,14.981,68.486,36.21,Sword_Light_3_Upper,1,0,0.152,0.268,7,0.050,65.00,0.000,0.000,@CharacterBody3D@8736,2,0.000,0.298,hit,0.000,1.50,120,-8.642
341,c02_combo_on_orc,39,187.427,69.604,175.9,188.156,14.979,68.453,1.88,Sword_Light_3_Upper,1,0,0.150,0.270,7,0.050,65.00,0.000,0.000,@CharacterBody3D@8736,2,0.000,0.297,hit,0.000,1.51,120,-8.643
342,c02_combo_on_orc,40,187.427,69.604,175.9,188.101,14.977,68.423,1.88,Sword_Light_3_Upper,1,0,0.117,0.303,7,1.000,65.00,0.000,0.000,@CharacterBody3D@8736,2,0.000,0.263,hit,0.002,1.60,120,-8.677
343,c02_combo_on_orc,41,187.427,69.604,175.9,186.888,14.880,68.453,36.54,Sword_Light_3_Upper,1,0,0.083,0.337,7,1.000,65.00,0.000,0.000,@CharacterBody3D@8736,2,0.000,0.230,hit,0.035,1.69,120,-8.710
344,c02_combo_on_orc,42,187.427,69.604,175.9,186.432,14.327,69.592,40.36,Sword_Light_3_Upper,1,0,0.050,0.370,7,1.000,65.00,0.000,0.000,@CharacterBody3D@8736,2,0.000,0.197,hit,0.068,1.75,120,-8.743
345,c02_combo_on_orc,43,187.427,69.604,175.9,186.389,14.704,69.986,16.42,Sword_Light_3_Upper,1,0,0.017,0.403,7,1.000,65.00,0.000,0.000,@CharacterBody3D@8736,2,0.000,0.163,hit,0.102,1.80,120,-8.777
346,c02_combo_on_orc,44,187.441,69.510,171.5,186.420,14.661,69.834,4.83,Sword_Light_4_Upper,1,0,0.607,0.033,8,1.000,65.00,0.000,0.000,@CharacterBody3D@8736,2,0.000,0.130,hit,0.135,1.74,120,-8.810
347,c02_combo_on_orc,45,187.453,69.429,171.5,186.591,14.570,69.701,7.05,Sword_Light_4_Upper,1,0,0.573,0.067,8,1.000,65.00,0.000,0.000,@CharacterBody3D@8736,2,0.000,0.097,hit,0.168,1.68,120,-8.843
348,c02_combo_on_orc,46,187.464,69.361,171.5,186.582,14.785,69.582,7.38,Sword_Light_4_Upper,1,0,0.540,0.100,8,1.000,65.00,0.000,0.000,@CharacterBody3D@8736,2,0.000,0.063,hit,0.202,1.63,120,-8.877
349,c02_combo_on_orc,47,187.472,69.307,171.5,186.756,15.298,69.380,17.36,Sword_Light_4_Upper,1,0,0.507,0.133,8,1.000,65.00,0.000,0.000,@CharacterBody3D@8736,2,0.000,0.030,hit,0.235,1.59,120,-8.910
350,c02_combo_on_orc,48,187.478,69.266,171.5,187.148,15.761,69.057,20.62,Sword_Light_4_Upper,1,0,0.473,0.167,8,1.000,65.00,0.000,0.000,@CharacterBody3D@8736,2,0.000,-0.003,walk,0.000,1.56,120,-8.943
351,c02_combo_on_orc,49,187.482,69.238,171.5,187.553,15.962,68.727,16.79,Sword_Light_4_Upper,1,0,0.440,0.200,8,1.000,65.00,0.000,0.000,@CharacterBody3D@8736,2,0.000,-0.037,walk,0.000,1.56,120,-8.977
352,c02_combo_on_orc,50,187.485,69.223,171.5,187.767,15.992,68.593,7.64,Sword_Light_4_Upper,1,0,0.407,0.233,8,1.000,65.00,0.000,0.000,@CharacterBody3D@8736,2,0.000,-0.070,walk,0.021,1.59,120,-9.010
353,c02_combo_on_orc,51,187.485,69.220,171.5,187.716,15.959,68.589,1.82,Sword_Light_4_Upper,1,0,0.373,0.267,8,1.000,65.00,0.000,0.000,@CharacterBody3D@8736,2,0.000,-0.103,walk,0.050,1.64,120,-9.043
354,c02_combo_on_orc,52,187.485,69.220,171.5,187.682,15.707,68.545,7.76,Sword_Light_4_Upper,1,0,0.340,0.300,8,1.000,65.00,0.000,0.000,@CharacterBody3D@8736,2,0.000,-0.137,walk,0.084,1.63,120,-9.077
355,c02_combo_on_orc,53,187.485,69.220,171.5,187.894,15.255,68.568,14.97,Sword_Light_4_Upper,1,0,0.307,0.333,8,1.000,65.00,0.000,0.000,@CharacterBody3D@8736,2,0.000,-0.170,walk,0.117,1.58,120,-9.110
356,c02_combo_on_orc,54,187.485,69.220,171.5,187.995,14.970,68.640,9.32,Sword_Light_4_Upper,1,0,0.273,0.367,8,1.000,65.00,0.000,0.000,@CharacterBody3D@8736,2,0.000,-0.203,walk,0.144,1.54,120,-9.143
357,c02_combo_on_orc,55,187.485,69.220,171.5,188.016,14.950,68.667,1.19,Sword_Light_4_Upper,1,0,0.240,0.400,8,1.000,65.00,0.000,0.000,@CharacterBody3D@8736,2,0.000,-0.237,walk,0.166,1.50,120,-9.177
358,c02_combo_on_orc,56,187.485,69.220,171.5,188.012,14.959,68.669,0.29,Sword_Light_4_Upper,1,0,0.207,0.433,8,1.000,65.00,0.000,0.000,@CharacterBody3D@8736,2,0.000,-0.270,walk,0.186,1.47,120,-9.210
359,c02_combo_on_orc,57,187.485,69.220,171.5,188.028,15.009,68.475,6.03,Sword_Light_4_Upper,1,0,0.173,0.467,8,1.000,65.00,0.000,0.000,@CharacterBody3D@8736,2,0.000,-0.303,walk,0.206,1.45,120,-9.243
360,c02_combo_on_orc,58,187.485,69.220,171.5,188.081,15.072,67.986,14.88,Sword_Light_4_Upper,1,0,0.172,0.468,8,0.050,65.00,0.000,0.000,@CharacterBody3D@8736,2,0.000,2.198,walk,0.226,1.46,120,-9.245
361,c02_combo_on_orc,59,187.485,69.220,171.5,188.086,15.078,67.965,0.65,Sword_Light_4_Upper,1,0,0.170,0.470,8,0.050,65.00,0.000,0.000,@CharacterBody3D@8736,2,0.000,2.197,walk,0.226,1.47,120,-9.247
362,c02_combo_on_orc,60,187.485,69.220,171.5,188.090,15.083,67.947,0.59,Sword_Light_4_Upper,1,0,0.168,0.472,8,0.050,65.00,0.000,0.000,@CharacterBody3D@8736,2,0.000,2.195,walk,0.226,1.49,120,-9.248
363,c02_combo_on_orc,61,187.485,69.220,171.5,188.093,15.089,67.931,0.52,Sword_Light_4_Upper,1,0,0.135,0.505,8,1.000,65.00,0.000,0.000,@CharacterBody3D@8736,2,0.000,2.162,walk,0.226,1.50,120,-9.282
364,c02_combo_on_orc,62,187.485,69.220,171.5,188.086,15.038,67.865,2.49,Sword_Light_4_Upper,1,0,0.102,0.538,8,1.000,65.00,0.000,0.000,@CharacterBody3D@8736,2,0.000,2.128,walk,0.226,1.51,120,-9.315
365,c02_combo_on_orc,63,187.485,69.220,171.5,188.094,15.027,67.864,0.42,Sword_Light_4_Upper,1,0,0.068,0.572,8,1.000,65.00,0.000,0.000,@CharacterBody3D@8736,2,0.000,2.095,walk,0.226,1.51,120,-9.348
366,c02_combo_on_orc,64,187.485,69.220,171.5,188.082,15.007,67.862,0.68,Sword_Light_4_Upper,1,0,0.035,0.605,8,1.000,65.00,0.000,0.000,@CharacterBody3D@8736,2,0.000,2.062,walk,0.226,1.52,120,-9.382
367,c02_combo_on_orc,65,187.485,69.220,171.5,188.080,14.994,67.871,0.47,Sword_Light_4_Upper,1,0,0.002,0.638,8,1.000,65.00,0.000,0.000,@CharacterBody3D@8736,2,0.000,2.028,walk,0.226,1.52,120,-9.415
368,c02_combo_on_orc,66,187.485,69.220,171.5,188.079,14.983,67.880,0.45,Sword_Light_4_Upper,1,0,-0.032,0.672,8,1.000,65.00,0.000,0.000,@CharacterBody3D@8736,2,0.000,1.995,walk,0.226,1.53,120,-9.448
369,c02_combo_on_orc,67,187.485,69.220,171.5,188.084,14.995,67.890,0.52,Sword_Light_4_Upper,1,0,-0.065,0.705,8,1.000,65.00,0.000,0.000,@CharacterBody3D@8736,2,0.000,1.962,walk,0.226,1.53,120,-9.482
370,c02_combo_on_orc,68,187.485,69.220,171.5,188.079,15.015,67.913,0.92,Sword_Light_4_Upper,1,0,-0.098,0.738,8,1.000,65.00,0.000,0.000,@CharacterBody3D@8736,2,0.000,1.928,walk,0.226,1.54,120,-9.515
371,c02_combo_on_orc,69,187.485,69.220,171.5,188.067,15.068,68.069,4.96,Sword_Light_4_Upper,1,0,-0.132,0.772,8,1.000,65.00,0.000,0.000,@CharacterBody3D@8736,2,0.000,1.895,walk,0.226,1.54,120,-9.548
372,c02_combo_on_orc,70,187.485,69.220,171.5,187.991,15.104,68.237,5.64,Sword_Light_4_Upper,1,0,-0.165,0.805,8,1.000,65.00,0.000,0.000,@CharacterBody3D@8736,2,0.000,1.862,walk,0.226,1.55,120,-9.582
373,c02_combo_on_orc,71,187.485,69.220,171.5,187.879,15.098,68.366,5.12,Sword_Light_4_Upper,1,0,-0.198,0.838,8,1.000,65.00,0.000,0.000,@CharacterBody3D@8736,2,0.000,1.828,walk,0.226,1.55,120,-9.615
374,c02_combo_on_orc,72,187.485,69.220,171.5,187.827,15.091,68.432,2.54,Sword_Light_4_Upper,1,0,-0.232,0.872,8,1.000,65.00,0.000,0.000,@CharacterBody3D@8736,2,0.000,1.795,walk,0.226,1.55,120,-9.648
375,c02_combo_on_orc,73,187.485,69.220,171.5,187.820,15.093,68.443,0.40,Sword_Light_4_Upper,1,0,-0.265,0.905,8,1.000,65.00,0.000,0.000,@CharacterBody3D@8736,2,0.000,1.762,walk,0.226,1.56,120,-9.682
376,c02_combo_on_orc,74,187.485,69.220,171.5,187.814,15.088,68.470,0.83,Sword_Light_4_Upper,1,0,-0.298,0.938,8,1.000,65.00,0.000,0.000,@CharacterBody3D@8736,2,0.000,1.728,walk,0.226,1.56,120,-9.715
377,c02_combo_on_orc,75,187.485,69.220,171.5,187.808,15.076,68.509,1.23,Sword_Light_4_Upper,1,0,-0.332,0.972,8,1.000,65.00,0.000,0.000,@CharacterBody3D@8736,2,0.000,1.695,walk,0.226,1.56,120,-9.748
378,c02_combo_on_orc,76,187.485,69.220,171.5,187.798,15.062,68.556,1.51,Sword_Light_4_Upper,1,0,-0.365,1.005,8,1.000,65.00,0.000,0.000,@CharacterBody3D@8736,2,0.000,1.662,walk,0.226,1.56,120,-9.782
379,c02_combo_on_orc,77,187.485,69.220,171.5,187.782,15.046,68.607,1.69,Sword_Light_4_Upper,1,0,-0.398,1.038,8,1.000,65.00,0.000,0.000,@CharacterBody3D@8736,2,0.000,1.628,walk,0.226,1.56,120,-9.815
380,c02_combo_on_orc,78,187.485,69.220,171.5,187.848,15.027,68.643,2.32,Sword_Light_4_Upper,1,0,-0.432,1.072,8,1.000,65.00,0.000,0.000,@CharacterBody3D@8736,2,0.000,1.595,walk,0.226,1.56,120,-9.848
381,c02_combo_on_orc,79,187.485,69.220,171.5,188.085,15.022,68.706,7.36,Sword_Light_4_Upper,1,0,-0.465,1.105,8,1.000,65.00,0.000,0.000,@CharacterBody3D@8736,2,0.000,1.562,walk,0.226,1.56,120,-9.882
382,c02_combo_on_orc,80,187.485,69.220,171.5,188.318,14.990,68.847,8.23,Sword_Light_4_Upper,1,0,-0.498,1.138,8,1.000,65.00,0.000,0.000,@CharacterBody3D@8736,2,0.000,1.528,walk,0.226,1.56,120,-9.915
383,c02_combo_on_orc,81,187.485,69.220,171.5,188.492,14.916,69.023,7.74,Sword_Light_4_Upper,1,0,-0.532,1.172,8,1.000,65.00,0.000,0.000,@CharacterBody3D@8736,2,0.000,1.495,walk,0.226,1.56,120,-9.948
384,c02_combo_on_orc,82,187.485,69.220,171.5,188.599,14.826,69.218,7.21,Sword_Light_4_Upper,1,0,-0.565,1.205,8,1.000,65.00,0.000,0.000,@CharacterBody3D@8736,2,0.000,1.462,walk,0.226,1.56,120,-9.982
385,c02_combo_on_orc,83,187.485,69.220,171.5,188.640,14.740,69.418,6.66,Sword_Light_4_Upper,0,0,-0.598,1.238,8,1.000,65.00,0.000,0.000,@CharacterBody3D@8736,2,0.000,1.428,walk,0.226,1.56,120,-10.015
386,c02_combo_on_orc,84,187.485,69.220,171.5,188.641,14.740,69.422,0.11,Sword_Light_4_Upper,0,0,-0.632,1.272,8,1.000,65.00,0.000,0.000,@CharacterBody3D@8736,2,0.000,1.395,walk,0.226,1.56,120,-10.048
387,c02_combo_on_orc,85,187.485,69.220,171.5,188.640,14.741,69.423,0.04,Sword_Light_4_Upper,0,0,-0.665,1.305,8,1.000,65.00,0.000,0.000,@CharacterBody3D@8736,2,0.000,1.362,walk,0.226,1.56,120,-10.082
388,c02_combo_on_orc,86,187.485,69.220,171.5,188.640,14.742,69.424,0.03,Sword_Light_4_Upper,0,0,-0.698,1.338,8,1.000,65.00,0.000,0.000,@CharacterBody3D@8736,2,0.000,1.328,walk,0.226,1.56,120,-10.115
389,c02_combo_on_orc,87,187.485,69.220,171.5,188.640,14.742,69.424,0.03,Sword_Light_4_Upper,0,0,-0.732,1.372,8,1.000,65.00,0.000,0.000,@CharacterBody3D@8736,2,0.000,1.295,walk,0.226,1.56,120,-10.148
390,c02_combo_on_orc,88,187.485,69.220,171.5,188.640,14.741,69.424,0.04,Sword_Light_4_Upper,0,0,-0.765,1.405,8,1.000,65.00,0.000,0.000,@CharacterBody3D@8736,2,0.000,1.262,walk,0.226,1.56,120,-10.182
391,c02_combo_on_orc,89,187.485,69.220,171.5,188.639,14.738,69.423,0.08,Sword_Light_4_Upper,0,0,-0.798,1.438,8,1.000,65.00,0.000,0.000,@CharacterBody3D@8736,2,0.000,1.228,walk,0.226,1.56,120,-10.215
392,c02_combo_on_orc,90,187.485,69.220,171.5,188.639,14.735,69.422,0.10,Sword_Light_4_Upper,0,0,-0.832,1.472,8,1.000,65.00,0.000,0.000,@CharacterBody3D@8736,2,0.000,1.195,creature/stand_up,0.000,2.61,120,-10.248
393,c02_combo_on_orc,91,187.485,69.220,171.5,188.638,14.732,69.420,0.13,Sword_Light_4_Upper,0,0,-0.865,1.505,8,1.000,65.00,0.000,0.000,@CharacterBody3D@8736,2,0.000,1.162,creature/stand_up,0.000,2.61,120,-10.282
394,c02_combo_on_orc,92,187.485,69.220,171.5,188.638,14.728,69.419,0.13,Sword_Light_4_Upper,0,0,-0.898,1.538,8,1.000,65.00,0.000,0.000,@CharacterBody3D@8736,2,0.000,1.128,creature/stand_up,0.033,2.61,120,-10.315
395,c02_combo_on_orc,93,187.485,69.220,171.5,188.638,14.723,69.417,0.14,Sword_Light_4_Upper,0,0,-0.932,1.572,8,1.000,65.00,0.000,0.000,@CharacterBody3D@8736,2,0.000,1.095,creature/stand_up,0.067,2.61,120,-10.348
396,c02_combo_on_orc,94,187.485,69.220,171.5,188.637,14.718,69.415,0.15,Sword_Light_4_Upper,0,0,-0.965,1.605,8,1.000,65.00,0.000,0.000,@CharacterBody3D@8736,2,0.000,1.062,creature/stand_up,0.100,2.61,120,-10.382
397,c02_combo_on_orc,95,187.485,69.220,171.5,188.637,14.714,69.413,0.15,Sword_Light_4_Upper,0,0,-0.998,1.638,8,1.000,65.00,0.000,0.000,@CharacterBody3D@8736,2,0.000,1.028,creature/stand_up,0.133,2.61,120,-10.415
398,c02_combo_on_orc,96,187.485,69.220,171.5,188.637,14.709,69.412,0.15,Sword_Light_4_Upper,0,0,-1.032,1.672,8,1.000,65.00,0.000,0.000,@CharacterBody3D@8736,2,0.000,0.995,creature/stand_up,0.167,2.61,120,-10.448
399,c02_combo_on_orc,97,187.485,69.220,171.5,188.636,14.704,69.410,0.16,Sword_Light_4_Upper,0,0,-1.065,1.705,8,1.000,65.00,0.000,0.000,@CharacterBody3D@8736,2,0.000,0.962,creature/stand_up,0.200,2.61,120,-10.482
400,c02_combo_on_orc,98,187.485,69.220,171.5,188.636,14.699,69.408,0.16,Sword_Light_4_Upper,0,0,-1.098,1.738,8,1.000,65.00,0.000,0.000,@CharacterBody3D@8736,2,0.000,0.928,creature/stand_up,0.233,2.61,120,-10.515
401,c02_combo_on_orc,99,187.485,69.220,171.5,188.636,14.694,69.406,0.15,Sword_Light_4_Upper,0,0,-1.132,1.772,8,1.000,65.00,0.000,0.000,@CharacterBody3D@8736,2,0.000,0.895,creature/stand_up,0.267,2.61,120,-10.548
402,c02_combo_on_orc,100,187.485,69.220,171.5,188.636,14.690,69.405,0.13,Sword_Light_4_Upper,0,0,-1.165,1.805,8,1.000,65.00,0.000,0.000,@CharacterBody3D@8736,2,0.000,0.862,creature/stand_up,0.300,2.61,120,-10.582
403,c02_combo_on_orc,101,187.485,69.220,171.5,188.636,14.687,69.404,0.11,Sword_Light_4_Upper,0,0,-1.198,1.838,8,1.000,65.00,0.000,0.000,@CharacterBody3D@8736,2,0.000,0.828,creature/stand_up,0.333,2.61,120,-10.615
404,gap,1,187.485,69.220,171.5,188.636,14.684,69.403,0.08,Sword_Light_4_Upper,0,0,-1.232,1.872,8,1.000,65.00,0.000,0.000,,,0.000,0.000,,0.000,-1.00,120,-10.648
405,gap,2,187.485,69.220,171.5,188.637,14.683,69.403,0.04,Sword_Light_4_Upper,0,0,-1.265,1.905,8,1.000,65.00,0.000,0.000,,,0.000,0.000,,0.000,-1.00,120,-10.682
406,gap,3,187.485,69.220,171.5,188.637,14.682,69.402,0.03,Sword_Light_4_Upper,0,0,-1.298,1.938,8,1.000,65.00,0.000,0.000,,,0.000,0.000,,0.000,-1.00,120,-10.715
407,gap,4,187.425,69.799,180.0,188.592,14.951,69.809,14.69,Sword_Light_4_Upper,0,0,-1.332,1.972,8,1.000,65.00,0.000,0.000,,,0.000,0.000,,0.000,-1.00,120,-10.748
408,gap,5,187.425,69.799,180.0,188.592,14.654,69.809,8.89,Sword_Light_4_Upper,0,0,-1.365,2.005,8,1.000,65.00,0.000,0.000,,,0.000,0.000,,0.000,-1.00,120,-10.782
409,gap,6,187.425,69.799,180.0,188.602,14.672,69.782,1.02,Sword_Light_4_Upper,0,0,-1.398,2.038,8,1.000,65.00,0.000,0.000,,,0.000,0.000,,0.000,-1.00,120,-10.815
410,gap,7,187.425,69.799,180.0,188.608,14.685,69.763,0.70,Sword_Light_4_Upper,0,0,-1.432,2.072,8,1.000,65.00,0.000,0.000,,,0.000,0.000,,0.000,-1.00,120,-10.848
411,gap,8,187.425,69.799,180.0,188.606,14.680,69.779,0.49,Sword_Light_4_Upper,0,0,-1.465,2.105,8,1.000,65.00,0.000,0.000,,,0.000,0.000,,0.000,-1.00,120,-10.882
412,gap,9,187.425,69.799,180.0,188.601,14.673,69.798,0.64,Sword_Light_4_Upper,0,0,-1.498,2.138,8,1.000,65.00,0.000,0.000,,,0.000,0.000,,0.000,-1.00,120,-10.915
413,gap,10,187.425,69.799,180.0,188.599,14.670,69.810,0.37,Sword_Light_4_Upper,0,0,-1.532,2.172,8,1.000,65.00,0.000,0.000,,,0.000,0.000,,0.000,-1.00,120,-10.948
414,gap,11,187.425,69.799,180.0,188.599,14.673,69.815,0.16,Sword_Light_4_Upper,0,0,-1.565,2.205,8,1.000,65.00,0.000,0.000,,,0.000,0.000,,0.000,-1.00,120,-10.982
415,gap,12,187.425,69.799,180.0,188.600,14.678,69.816,0.15,Sword_Light_4_Upper,0,0,-1.598,2.238,8,1.000,65.00,0.000,0.000,,,0.000,0.000,,0.000,-1.00,120,-11.015
416,gap,13,187.425,69.799,180.0,188.601,14.682,69.818,0.15,Sword_Light_4_Upper,0,0,-1.632,2.272,8,1.000,65.00,0.000,0.000,,,0.000,0.000,,0.000,-1.00,120,-11.048
417,gap,14,187.425,69.799,180.0,188.602,14.687,69.820,0.15,Sword_Light_4_Upper,0,0,-1.665,2.305,8,1.000,65.00,0.000,0.000,,,0.000,0.000,,0.000,-1.00,120,-11.082
418,gap,15,187.425,69.799,180.0,188.603,14.692,69.821,0.15,Sword_Light_4_Upper,0,0,-1.698,2.338,8,1.000,65.00,0.000,0.000,,,0.000,0.000,,0.000,-1.00,120,-11.115
419,gap,16,187.425,69.799,180.0,188.604,14.697,69.823,0.16,Sword_Light_4_Upper,0,0,-1.732,2.372,8,1.000,65.00,0.000,0.000,,,0.000,0.000,,0.000,-1.00,120,-11.148
420,gap,17,187.425,69.799,180.0,188.604,14.701,69.824,0.15,Sword_Light_4_Upper,0,0,-1.765,2.405,8,1.000,65.00,0.000,0.000,,,0.000,0.000,,0.000,-1.00,120,-11.182
421,gap,18,187.425,69.799,180.0,188.605,14.705,69.826,0.13,Sword_Light_4_Upper,0,0,-1.798,2.438,8,1.000,65.00,0.000,0.000,,,0.000,0.000,,0.000,-1.00,120,-11.215
422,gap,19,187.425,69.799,180.0,188.605,14.709,69.827,0.11,Sword_Light_4_Upper,0,0,-1.832,2.472,8,1.000,65.00,0.000,0.000,,,0.000,0.000,,0.000,-1.00,120,-11.248
423,gap,20,187.425,69.799,180.0,188.606,14.711,69.828,0.08,Sword_Light_4_Upper,0,0,-1.865,2.505,8,1.000,65.00,0.000,0.000,,,0.000,0.000,,0.000,-1.00,120,-11.282
424,gap,21,187.425,69.799,180.0,188.605,14.712,69.829,0.05,Sword_Light_4_Upper,0,0,-1.898,2.538,8,1.000,65.00,0.000,0.000,,,0.000,0.000,,0.000,-1.00,120,-11.315
425,gap,22,187.425,69.799,180.0,188.605,14.714,69.830,0.05,Sword_Light_4_Upper,0,0,-1.932,2.572,8,1.000,65.00,0.000,0.000,,,0.000,0.000,,0.000,-1.00,120,-11.348
426,gap,23,187.425,69.799,180.0,188.605,14.715,69.831,0.05,Sword_Light_4_Upper,0,0,-1.965,2.605,8,1.000,65.00,0.000,0.000,,,0.000,0.000,,0.000,-1.00,120,-11.382
427,c03_run_attack,1,187.425,69.799,260.2,187.657,14.716,68.642,45.63,Sword_Light_4_Upper,0,0,-1.998,2.638,8,1.000,65.00,0.000,0.000,,,0.000,0.000,,0.000,-1.00,120,-11.415
428,c03_run_attack,2,187.412,69.797,260.2,187.633,14.715,68.638,0.72,Sword_Light_4_Upper,0,0,-2.032,2.672,8,1.000,65.00,0.000,0.000,,,0.000,0.000,,0.000,-1.00,120,-11.448
429,c03_run_attack,3,187.382,69.792,260.2,187.568,14.711,68.631,1.96,Sword_Light_4_Upper,0,0,-2.065,2.705,8,1.000,65.00,0.000,0.000,,,0.000,0.000,,0.000,-1.00,120,-11.482
430,c03_run_attack,4,187.334,69.783,260.2,187.320,14.675,68.660,7.56,Sword_Light_4_Upper,0,0,-2.098,2.738,8,1.000,65.00,0.000,0.000,,,0.000,0.000,,0.000,-1.00,120,-11.515
431,c03_run_attack,5,187.269,69.772,260.2,187.284,14.672,68.660,1.09,Sword_Light_4_Upper,0,0,-2.132,2.772,8,1.000,65.00,0.000,0.000,,,0.000,0.000,,0.000,-1.00,120,-11.548
432,c03_run_attack,6,187.187,69.758,260.2,187.285,14.722,68.639,1.62,Sword_Light_4_Upper,0,0,-2.165,2.805,8,1.000,65.00,0.000,0.000,,,0.000,0.000,,0.000,-1.00,120,-11.582
433,c03_run_attack,7,187.090,69.742,260.2,187.267,14.781,68.620,1.95,Sword_Light_4_Upper,0,0,-2.198,2.838,8,1.000,65.00,0.000,0.000,,,0.000,0.000,,0.000,-1.00,120,-11.615
434,c03_run_attack,8,186.977,69.722,260.2,187.223,14.841,68.602,2.31,Sword_Light_4_Upper,0,0,-2.232,2.872,8,1.000,65.00,0.000,0.000,,,0.000,0.000,,0.000,-1.00,120,-11.648
435,c03_run_attack,9,186.849,69.701,260.2,187.148,14.903,68.585,2.97,Sword_Light_4_Upper,0,0,-2.265,2.905,8,1.000,65.00,0.000,0.000,,,0.000,0.000,,0.000,-1.00,120,-11.682
436,c03_run_attack,10,186.707,69.676,260.2,187.040,14.961,68.566,3.71,Sword_Light_4_Upper,0,0,-2.298,2.938,8,1.000,65.00,0.000,0.000,,,0.000,0.000,,0.000,-1.00,120,-11.715
437,c03_run_attack,11,186.551,69.649,260.2,186.902,15.011,68.546,4.45,Sword_Light_4_Upper,0,0,-2.332,2.972,8,1.000,65.00,0.000,0.000,,,0.000,0.000,,0.000,-1.00,120,-11.748
438,c03_run_attack,12,186.381,69.620,260.2,186.696,15.023,68.502,6.32,Sword_Light_4_Upper,0,0,-2.365,3.005,8,1.000,65.00,0.000,0.000,,,0.000,0.000,,0.000,-1.00,120,-11.782
439,c03_run_attack,13,186.197,69.589,260.2,186.379,14.971,68.418,9.97,Sword_Light_4_Upper,0,0,-2.398,3.038,8,1.000,65.00,0.000,0.000,,,0.000,0.000,,0.000,-1.00,120,-11.815
440,c03_run_attack,14,186.000,69.555,260.2,185.953,14.884,68.334,13.27,Sword_Light_4_Upper,0,0,-2.432,3.072,8,1.000,65.00,0.000,0.000,,,0.000,0.000,,0.000,-1.00,120,-11.848
441,c03_run_attack,15,185.790,69.519,260.2,185.473,14.816,68.302,14.58,Sword_Light_4_Upper,0,0,-2.465,3.105,8,1.000,65.00,0.000,0.000,,,0.000,0.000,,0.000,-1.00,120,-11.882
442,c03_run_attack,16,185.575,69.482,260.2,185.018,14.818,68.331,13.69,Sword_Light_4_Upper,0,0,-2.498,3.138,8,1.000,65.00,0.000,0.000,,,0.000,0.000,,0.000,-1.00,120,-11.915
443,c03_run_attack,17,185.360,69.445,260.2,184.654,14.852,68.366,11.02,Sword_Light_4_Upper,0,0,-2.532,3.172,8,1.000,65.00,0.000,0.000,,,0.000,0.000,,0.000,-1.00,120,-11.948
444,c03_run_attack,18,185.146,69.408,260.2,184.342,14.897,68.392,9.49,Sword_Light_4_Upper,0,0,-2.565,3.205,8,1.000,65.00,0.000,0.000,,,0.000,0.000,,0.000,-1.00,120,-11.982
445,c03_run_attack,19,184.931,69.371,260.2,184.065,14.939,68.405,8.41,Sword_Light_4_Upper,0,0,-2.598,3.238,8,1.000,65.00,0.000,0.000,,,0.000,0.000,,0.000,-1.00,120,-12.015
446,c03_run_attack,20,184.716,69.334,260.2,183.815,14.967,68.402,7.54,Sword_Light_4_Upper,0,0,-2.632,3.272,8,1.000,65.00,0.000,0.000,,,0.000,0.000,,0.000,-1.00,120,-12.048
447,c03_run_attack,21,184.502,69.298,260.2,183.587,14.986,68.385,6.89,Sword_Light_4_Upper,0,0,-2.665,3.305,8,1.000,65.00,0.000,0.000,,,0.000,0.000,,0.000,-1.00,120,-12.082
448,c03_run_attack,22,184.288,69.261,260.2,183.373,14.996,68.357,6.48,Sword_Light_4_Upper,0,0,-2.698,3.338,8,1.000,65.00,0.000,0.000,,,0.000,0.000,,0.000,-1.00,120,-12.115
449,c03_run_attack,23,184.074,69.224,260.2,183.166,14.989,68.322,6.31,Sword_Light_4_Upper,0,0,-2.732,3.372,8,1.000,65.00,0.000,0.000,,,0.000,0.000,,0.000,-1.00,120,-12.148
450,c03_run_attack,24,183.860,69.188,260.2,182.959,14.947,68.285,6.44,Sword_Light_4_Upper,0,0,-2.765,3.405,8,1.000,65.00,0.000,0.000,,,0.000,0.000,,0.000,-1.00,120,-12.182
451,c03_run_attack,25,183.645,69.151,260.2,182.770,14.887,68.231,6.16,Sword_Light_4_Upper,0,0,-2.798,3.438,8,1.000,65.00,0.000,0.000,,,0.000,0.000,,0.000,-1.00,120,-12.215
452,c03_run_attack,26,183.361,69.102,260.2,182.613,14.880,68.122,5.72,Sword_Light_1_Upper,0,0,0.387,0.033,9,1.000,65.00,0.000,0.000,,,0.000,0.000,,0.000,-1.00,120,-12.248
453,c03_run_attack,27,183.122,69.061,260.2,182.603,14.943,68.007,3.93,Sword_Light_1_Upper,1,0,0.353,0.067,9,1.000,65.00,0.000,0.000,,,0.000,0.000,,0.000,-1.00,120,-12.282
454,c03_run_attack,28,182.929,69.028,260.2,182.632,15.041,67.949,3.55,Sword_Light_1_Upper,1,0,0.320,0.100,9,1.000,65.00,0.000,0.000,,,0.000,0.000,,0.000,-1.00,120,-12.315
455,c03_run_attack,29,182.779,69.003,260.2,182.461,15.346,68.255,13.96,Sword_Light_1_Upper,1,0,0.287,0.133,9,1.000,65.00,0.000,0.000,,,0.000,0.000,,0.000,-1.00,120,-12.348
456,c03_run_attack,30,182.649,68.981,260.2,182.858,15.632,68.437,15.68,Sword_Light_1_Upper,1,0,0.253,0.167,9,1.000,65.00,0.000,0.000,,,0.000,0.000,,0.000,-1.00,120,-12.382
457,c03_run_attack,31,182.532,68.961,260.2,183.009,15.676,68.364,5.20,Sword_Light_1_Upper,1,0,0.220,0.200,9,1.000,65.00,0.000,0.000,,,0.000,0.000,,0.000,-1.00,120,-12.415
458,c03_run_attack,32,182.427,68.943,260.2,182.947,15.707,68.315,2.55,Sword_Light_1_Upper,1,0,0.187,0.233,9,1.000,65.00,0.000,0.000,,,0.000,0.000,,0.000,-1.00,120,-12.448
459,c03_run_attack,33,182.336,68.927,260.2,182.347,15.593,67.913,21.93,Sword_Light_1_Upper,1,0,0.153,0.267,9,1.000,65.00,0.000,0.000,,,0.000,0.000,,0.000,-1.00,120,-12.482
460,c03_run_attack,34,182.248,68.913,260.2,181.075,14.791,68.154,45.69,Sword_Light_1_Upper,1,0,0.120,0.300,9,1.000,65.00,0.000,0.000,,,0.000,0.000,,0.000,-1.00,120,-12.515
461,c03_run_attack,35,182.160,68.898,260.2,180.992,14.136,69.385,41.90,Sword_Light_1_Upper,1,0,0.087,0.333,9,1.000,65.00,0.000,0.000,,,0.000,0.000,,0.000,-1.00,120,-12.548
462,c03_run_attack,36,182.072,68.883,260.2,181.685,13.880,69.767,24.97,Sword_Light_1_Upper,1,0,0.053,0.367,9,1.000,65.00,0.000,0.000,,,0.000,0.000,,0.000,-1.00,120,-12.582
463,c03_run_attack,37,181.984,68.868,260.2,181.919,13.857,69.762,7.07,Sword_Light_1_Upper,1,0,0.020,0.400,9,1.000,65.00,0.000,0.000,,,0.000,0.000,,0.000,-1.00,120,-12.615
464,c03_run_attack,38,181.893,68.852,260.2,181.771,13.796,69.709,5.05,Sword_Light_1_Upper,1,0,-0.013,0.433,9,1.000,65.00,0.000,0.000,,,0.000,0.000,,0.000,-1.00,120,-12.648
465,c03_run_attack,39,181.787,68.834,260.2,181.615,13.719,69.633,5.72,Sword_Light_1_Upper,1,0,-0.047,0.467,9,1.000,65.00,0.000,0.000,,,0.000,0.000,,0.000,-1.00,120,-12.682
466,c03_run_attack,40,181.665,68.814,260.2,181.462,13.665,69.581,5.11,Sword_Light_1_Upper,1,0,-0.080,0.500,9,1.000,65.00,0.000,0.000,,,0.000,0.000,,0.000,-1.00,120,-12.715
467,c03_run_attack,41,181.529,68.791,260.2,181.280,13.610,69.525,5.93,Sword_Light_1_Upper,1,0,-0.113,0.533,9,1.000,65.00,0.000,0.000,,,0.000,0.000,,0.000,-1.00,120,-12.748
468,c03_run_attack,42,181.318,68.754,260.2,181.007,13.558,69.437,8.75,Sword_Light_2_Upper,1,0,0.357,0.033,10,1.000,65.00,0.000,0.000,,,0.000,0.000,,0.000,-1.00,120,-12.782
469,c03_run_attack,43,181.148,68.725,260.2,180.823,13.620,69.440,5.85,Sword_Light_2_Upper,1,0,0.323,0.067,10,1.000,65.00,0.000,0.000,,,0.000,0.000,,0.000,-1.00,120,-12.815
470,c03_run_attack,44,180.993,68.699,260.2,180.764,13.716,69.495,3.76,Sword_Light_2_Upper,1,0,0.290,0.100,10,1.000,65.00,0.000,0.000,,,0.000,0.000,,0.000,-1.00,120,-12.848
471,c03_run_attack,45,180.851,68.675,260.2,180.800,13.858,69.551,4.71,Sword_Light_2_Upper,1,0,0.257,0.133,10,1.000,65.00,0.000,0.000,,,0.000,0.000,,0.000,-1.00,120,-12.882
472,c03_run_attack,46,180.722,68.653,260.2,180.799,13.957,69.544,2.97,Sword_Light_2_Upper,1,0,0.223,0.167,10,1.000,65.00,0.000,0.000,,,0.000,0.000,,0.000,-1.00,120,-12.915
473,c03_run_attack,47,180.606,68.633,260.2,180.721,13.991,69.529,2.58,Sword_Light_2_Upper,1,0,0.190,0.200,10,1.000,65.00,0.000,0.000,,,0.000,0.000,,0.000,-1.00,120,-12.948
474,c03_run_attack,48,180.503,68.616,260.2,179.723,14.617,69.591,35.39,Sword_Light_2_Upper,1,0,0.157,0.233,10,1.000,65.00,0.000,0.000,,,0.000,0.000,,0.000,-1.00,120,-12.982
475,c03_run_attack,49,180.414,68.601,260.2,179.105,14.701,68.843,29.22,Sword_Light_2_Upper,1,0,0.123,0.267,10,1.000,65.00,0.000,0.000,,,0.000,0.000,,0.000,-1.00,120,-13.015
476,c03_run_attack,50,180.328,68.586,260.2,179.282,14.961,67.687,35.95,Sword_Light_2_Upper,1,0,0.090,0.300,10,1.000,65.00,0.000,0.000,,,0.000,0.000,,0.000,-1.00,120,-13.048
477,c03_run_attack,51,180.241,68.571,260.2,180.215,15.354,67.395,31.61,Sword_Light_2_Upper,1,0,0.057,0.333,10,1.000,65.00,0.000,0.000,,,0.000,0.000,,0.000,-1.00,120,-13.082
478,c03_run_attack,52,180.155,68.557,260.2,180.629,15.518,67.600,14.72,Sword_Light_2_Upper,1,0,0.023,0.367,10,1.000,65.00,0.000,0.000,,,0.000,0.000,,0.000,-1.00,120,-13.115
479,c03_run_attack,53,180.065,68.542,260.2,180.536,15.505,67.619,2.87,Sword_Light_2_Upper,1,0,-0.010,0.400,10,1.000,65.00,0.000,0.000,,,0.000,0.000,,0.000,-1.00,120,-13.148
480,c03_run_attack,54,179.959,68.524,260.2,180.375,15.479,67.645,4.96,Sword_Light_2_Upper,1,0,-0.043,0.433,10,1.000,65.00,0.000,0.000,,,0.000,0.000,,0.000,-1.00,120,-13.182
481,c03_run_attack,55,179.839,68.503,260.2,180.207,15.442,67.621,5.20,Sword_Light_2_Upper,1,0,-0.077,0.467,10,1.000,65.00,0.000,0.000,,,0.000,0.000,,0.000,-1.00,120,-13.215
482,c03_run_attack,56,179.704,68.480,260.2,180.046,15.383,67.559,5.49,Sword_Light_2_Upper,1,0,-0.110,0.500,10,1.000,65.00,0.000,0.000,,,0.000,0.000,,0.000,-1.00,120,-13.248
483,c03_run_attack,57,179.555,68.455,260.2,179.840,15.301,67.466,7.21,Sword_Light_2_Upper,1,0,-0.143,0.533,10,1.000,65.00,0.000,0.000,,,0.000,0.000,,0.000,-1.00,120,-13.282
484,c03_run_attack,58,179.391,68.427,260.2,179.587,15.204,67.362,8.70,Sword_Light_2_Upper,1,0,-0.177,0.567,10,1.000,65.00,0.000,0.000,,,0.000,0.000,,0.000,-1.00,120,-13.315
485,c03_run_attack,59,179.214,68.397,260.2,179.255,15.097,67.271,10.84,Sword_Light_2_Upper,1,0,-0.210,0.600,10,1.000,65.00,0.000,0.000,,,0.000,0.000,,0.000,-1.00,120,-13.348
486,c03_run_attack,60,179.024,68.364,260.2,178.877,14.984,67.228,11.89,Sword_Light_2_Upper,1,0,-0.243,0.633,10,1.000,65.00,0.000,0.000,,,0.000,0.000,,0.000,-1.00,120,-13.382
487,c03_run_attack,61,178.821,68.329,260.2,178.486,14.869,67.246,12.22,Sword_Light_2_Upper,1,0,-0.277,0.667,10,1.000,65.00,0.000,0.000,,,0.000,0.000,,0.000,-1.00,120,-13.415
488,c03_run_attack,62,178.608,68.293,260.2,178.101,14.767,67.327,12.21,Sword_Light_2_Upper,1,0,-0.310,0.700,10,1.000,65.00,0.000,0.000,,,0.000,0.000,,0.000,-1.00,120,-13.448
489,c03_run_attack,63,178.394,68.256,260.2,177.751,14.680,67.463,11.56,Sword_Light_2_Upper,1,0,-0.343,0.733,10,1.000,65.00,0.000,0.000,,,0.000,0.000,,0.000,-1.00,120,-13.482
490,c03_run_attack,64,178.180,68.219,260.2,177.486,14.638,67.532,8.33,Sword_Light_2_Upper,1,0,-0.377,0.767,10,1.000,65.00,0.000,0.000,,,0.000,0.000,,0.000,-1.00,120,-13.515
491,c03_run_attack,65,177.966,68.183,260.2,177.365,14.667,67.382,5.84,Sword_Light_2_Upper,1,0,-0.410,0.800,10,1.000,65.00,0.000,0.000,,,0.000,0.000,,0.000,-1.00,120,-13.548
492,c03_run_attack,66,177.752,68.146,260.2,177.368,14.685,67.182,6.04,Sword_Light_2_Upper,1,0,-0.443,0.833,10,1.000,65.00,0.000,0.000,,,0.000,0.000,,0.000,-1.00,120,-13.582
493,c03_run_attack,67,177.537,68.109,260.2,177.464,14.702,67.042,5.10,Sword_Light_2_Upper,1,0,-0.477,0.867,10,1.000,65.00,0.000,0.000,,,0.000,0.000,,0.000,-1.00,120,-13.615
494,c03_run_attack,68,177.335,68.075,260.2,177.472,14.709,66.982,1.82,Sword_Light_2_Upper,0,0,-0.510,0.900,10,1.000,65.00,0.000,0.000,,,0.000,0.000,,0.000,-1.00,120,-13.648
495,c03_run_attack,69,177.149,68.043,260.2,177.287,14.642,66.893,6.48,Sword_Light_2_Upper,0,0,-0.543,0.933,10,1.000,65.00,0.000,0.000,,,0.000,0.000,,0.000,-1.00,120,-13.682
496,c03_run_attack,70,176.979,68.014,260.2,176.885,14.469,66.809,13.38,Sword_Light_2_Upper,0,0,-0.577,0.967,10,1.000,65.00,0.000,0.000,,,0.000,0.000,,0.000,-1.00,120,-13.715
497,c03_run_attack,71,176.826,67.988,260.2,176.546,14.359,66.783,10.72,Sword_Light_2_Upper,0,0,-0.610,1.000,10,1.000,65.00,0.000,0.000,,,0.000,0.000,,0.000,-1.00,120,-13.748
498,c03_run_attack,72,176.690,67.964,260.2,176.306,14.339,66.780,7.22,Sword_Light_2_Upper,0,0,-0.643,1.033,10,1.000,65.00,0.000,0.000,,,0.000,0.000,,0.000,-1.00,120,-13.782
499,c03_run_attack,73,176.571,67.944,260.2,176.145,14.352,66.773,4.84,Sword_Light_2_Upper,0,0,-0.677,1.067,10,1.000,65.00,0.000,0.000,,,0.000,0.000,,0.000,-1.00,120,-13.815
500,c03_run_attack,74,176.469,67.927,260.2,176.043,14.373,66.757,3.18,Sword_Light_2_Upper,0,0,-0.710,1.100,10,1.000,65.00,0.000,0.000,,,0.000,0.000,,0.000,-1.00,120,-13.848
501,c03_run_attack,75,176.384,67.912,260.2,175.985,14.390,66.736,1.91,Sword_Light_2_Upper,0,0,-0.743,1.133,10,1.000,65.00,0.000,0.000,,,0.000,0.000,,0.000,-1.00,120,-13.882
502,c03_run_attack,76,176.316,67.901,260.2,175.959,14.394,66.714,1.02,Sword_Light_2_Upper,0,0,-0.777,1.167,10,1.000,65.00,0.000,0.000,,,0.000,0.000,,0.000,-1.00,120,-13.915
503,c03_run_attack,77,176.266,67.892,260.2,175.955,14.384,66.696,0.63,Sword_Light_2_Upper,0,0,-0.810,1.200,10,1.000,65.00,0.000,0.000,,,0.000,0.000,,0.000,-1.00,120,-13.948
504,c03_run_attack,78,176.232,67.887,260.2,175.966,14.362,66.685,0.79,Sword_Light_2_Upper,0,0,-0.843,1.233,10,1.000,65.00,0.000,0.000,,,0.000,0.000,,0.000,-1.00,120,-13.982
505,c03_run_attack,79,176.216,67.884,260.2,175.984,14.332,66.682,1.06,Sword_Light_2_Upper,0,0,-0.877,1.267,10,1.000,65.00,0.000,0.000,,,0.000,0.000,,0.000,-1.00,120,-14.015
506,c03_run_attack,80,176.216,67.884,260.2,176.001,14.293,66.685,1.28,Sword_Light_2_Upper,0,0,-0.910,1.300,10,1.000,65.00,0.000,0.000,,,0.000,0.000,,0.000,-1.00,120,-14.048
507,c03_run_attack,81,176.216,67.884,260.2,175.980,14.285,66.688,0.68,Sword_Light_2_Upper,0,0,-0.943,1.333,10,1.000,65.00,0.000,0.000,,,0.000,0.000,,0.000,-1.00,120,-14.082
508,c03_run_attack,82,176.216,67.884,260.2,176.229,14.261,66.670,7.54,Sword_Light_2_Upper,0,0,-0.977,1.367,10,1.000,65.00,0.000,0.000,,,0.000,0.000,,0.000,-1.00,120,-14.115
509,c03_run_attack,83,176.216,67.884,260.2,176.400,14.208,66.710,5.51,Sword_Light_2_Upper,0,0,-1.010,1.400,10,1.000,65.00,0.000,0.000,,,0.000,0.000,,0.000,-1.00,120,-14.148
510,c03_run_attack,84,176.216,67.884,260.2,176.437,14.179,66.730,1.53,Sword_Light_2_Upper,0,0,-1.043,1.433,10,1.000,65.00,0.000,0.000,,,0.000,0.000,,0.000,-1.00,120,-14.182
511,c03_run_attack,85,176.216,67.884,260.2,176.438,14.170,66.734,0.29,Sword_Light_2_Upper,0,0,-1.077,1.467,10,1.000,65.00,0.000,0.000,,,0.000,0.000,,0.000,-1.00,120,-14.215
512,c03_run_attack,86,176.216,67.884,260.2,176.435,14.165,66.734,0.19,Sword_Light_2_Upper,0,0,-1.110,1.500,10,1.000,65.00,0.000,0.000,,,0.000,0.000,,0.000,-1.00,120,-14.248
513,c03_run_attack,87,176.216,67.884,260.2,176.432,14.160,66.735,0.17,Sword_Light_2_Upper,0,0,-1.143,1.533,10,1.000,65.00,0.000,0.000,,,0.000,0.000,,0.000,-1.00,120,-14.282
514,c03_run_attack,88,176.216,67.884,260.2,176.430,14.155,66.736,0.16,Sword_Light_2_Upper,0,0,-1.177,1.567,10,1.000,65.00,0.000,0.000,,,0.000,0.000,,0.000,-1.00,120,-14.315
515,c03_run_attack,89,176.216,67.884,260.2,176.428,14.151,66.736,0.14,Sword_Light_2_Upper,0,0,-1.210,1.600,10,1.000,65.00,0.000,0.000,,,0.000,0.000,,0.000,-1.00,120,-14.348
516,c03_run_attack,90,176.216,67.884,260.2,176.427,14.147,66.737,0.11,Sword_Light_2_Upper,0,0,-1.243,1.633,10,1.000,65.00,0.000,0.000,,,0.000,0.000,,0.000,-1.00,120,-14.382
517,c03_run_attack,91,176.216,67.884,260.2,176.426,14.145,66.737,0.08,Sword_Light_2_Upper,0,0,-1.277,1.667,10,1.000,65.00,0.000,0.000,,,0.000,0.000,,0.000,-1.00,120,-14.415
518,c03_run_attack,92,176.216,67.884,260.2,176.425,14.144,66.737,0.04,Sword_Light_2_Upper,0,0,-1.310,1.700,10,1.000,65.00,0.000,0.000,,,0.000,0.000,,0.000,-1.00,120,-14.448
519,c03_run_attack,93,176.216,67.884,260.2,176.425,14.143,66.738,0.02,Sword_Light_2_Upper,0,0,-1.343,1.733,10,1.000,65.00,0.000,0.000,,,0.000,0.000,,0.000,-1.00,120,-14.482
520,c03_run_attack,94,176.216,67.884,260.2,176.425,14.143,66.738,0.02,Sword_Light_2_Upper,0,0,-1.377,1.767,10,1.000,65.00,0.000,0.000,,,0.000,0.000,,0.000,-1.00,120,-14.515
521,c03_run_attack,95,176.216,67.884,260.2,176.425,14.143,66.738,0.01,Sword_Light_2_Upper,0,0,-1.410,1.800,10,1.000,65.00,0.000,0.000,,,0.000,0.000,,0.000,-1.00,120,-14.548
522,c03_run_attack,96,176.216,67.884,260.2,176.426,14.145,66.738,0.06,Sword_Light_2_Upper,0,0,-1.443,1.833,10,1.000,65.00,0.000,0.000,,,0.000,0.000,,0.000,-1.00,120,-14.582
523,gap,1,187.425,69.799,180.0,188.590,14.954,69.812,377.19,Sword_Light_2_Upper,0,0,-1.477,1.867,10,1.000,65.00,0.000,0.000,,,0.000,0.000,,0.000,-1.00,120,-14.615
524,gap,2,187.425,69.799,180.0,188.591,14.660,69.813,8.81,Sword_Light_2_Upper,0,0,-1.510,1.900,10,1.000,65.00,0.000,0.000,,,0.000,0.000,,0.000,-1.00,120,-14.648
525,gap,3,187.425,69.799,180.0,188.592,14.664,69.814,0.13,Sword_Light_2_Upper,0,0,-1.543,1.933,10,1.000,65.00,0.000,0.000,,,0.000,0.000,,0.000,-1.00,120,-14.682
526,gap,4,187.425,69.799,180.0,188.592,14.669,69.815,0.14,Sword_Light_2_Upper,0,0,-1.577,1.967,10,1.000,65.00,0.000,0.000,,,0.000,0.000,,0.000,-1.00,120,-14.715
527,gap,5,187.425,69.799,180.0,188.593,14.673,69.816,0.15,Sword_Light_2_Upper,0,0,-1.610,2.000,10,1.000,65.00,0.000,0.000,,,0.000,0.000,,0.000,-1.00,120,-14.748
528,gap,6,187.425,69.799,180.0,188.594,14.678,69.818,0.15,Sword_Light_2_Upper,0,0,-1.643,2.033,10,1.000,65.00,0.000,0.000,,,0.000,0.000,,0.000,-1.00,120,-14.782
529,gap,7,187.425,69.799,180.0,188.594,14.683,69.820,0.15,Sword_Light_2_Upper,0,0,-1.677,2.067,10,1.000,65.00,0.000,0.000,,,0.000,0.000,,0.000,-1.00,120,-14.815
530,gap,8,187.425,69.799,180.0,188.595,14.688,69.821,0.16,Sword_Light_2_Upper,0,0,-1.710,2.100,10,1.000,65.00,0.000,0.000,,,0.000,0.000,,0.000,-1.00,120,-14.848
531,gap,9,187.425,69.799,180.0,188.596,14.693,69.823,0.17,Sword_Light_2_Upper,0,0,-1.743,2.133,10,1.000,65.00,0.000,0.000,,,0.000,0.000,,0.000,-1.00,120,-14.882
532,gap,10,187.425,69.799,180.0,188.596,14.698,69.824,0.16,Sword_Light_2_Upper,0,0,-1.777,2.167,10,1.000,65.00,0.000,0.000,,,0.000,0.000,,0.000,-1.00,120,-14.915
533,gap,11,187.425,69.799,180.0,188.597,14.703,69.826,0.15,Sword_Light_2_Upper,0,0,-1.810,2.200,10,1.000,65.00,0.000,0.000,,,0.000,0.000,,0.000,-1.00,120,-14.948
534,gap,12,187.425,69.799,180.0,188.597,14.707,69.827,0.13,Sword_Light_2_Upper,0,0,-1.843,2.233,10,1.000,65.00,0.000,0.000,,,0.000,0.000,,0.000,-1.00,120,-14.982
535,gap,13,187.425,69.799,180.0,188.597,14.711,69.828,0.11,Sword_Light_2_Upper,0,0,-1.877,2.267,10,1.000,65.00,0.000,0.000,,,0.000,0.000,,0.000,-1.00,120,-15.015
536,gap,14,187.425,69.799,180.0,188.598,14.712,69.828,0.05,Sword_Light_2_Upper,0,0,-1.910,2.300,10,1.000,65.00,0.000,0.000,,,0.000,0.000,,0.000,-1.00,120,-15.048
537,gap,15,187.425,69.799,180.0,188.597,14.713,69.829,0.04,Sword_Light_2_Upper,0,0,-1.943,2.333,10,1.000,65.00,0.000,0.000,,,0.000,0.000,,0.000,-1.00,120,-15.082
538,gap,16,187.425,69.799,180.0,188.597,14.714,69.830,0.03,Sword_Light_2_Upper,0,0,-1.977,2.367,10,1.000,65.00,0.000,0.000,,,0.000,0.000,,0.000,-1.00,120,-15.115
539,gap,17,187.425,69.799,180.0,188.597,14.714,69.831,0.03,Sword_Light_2_Upper,0,0,-2.010,2.400,10,1.000,65.00,0.000,0.000,,,0.000,0.000,,0.000,-1.00,120,-15.148
540,gap,18,187.425,69.799,180.0,188.597,14.713,69.831,0.04,Sword_Light_2_Upper,0,0,-2.043,2.433,10,1.000,65.00,0.000,0.000,,,0.000,0.000,,0.000,-1.00,120,-15.182
541,gap,19,187.425,69.799,180.0,188.597,14.711,69.830,0.08,Sword_Light_2_Upper,0,0,-2.077,2.467,10,1.000,65.00,0.000,0.000,,,0.000,0.000,,0.000,-1.00,120,-15.215
542,gap,20,187.425,69.799,180.0,188.596,14.708,69.828,0.10,Sword_Light_2_Upper,0,0,-2.110,2.500,10,1.000,65.00,0.000,0.000,,,0.000,0.000,,0.000,-1.00,120,-15.248
543,gap,21,187.425,69.799,180.0,188.595,14.704,69.826,0.13,Sword_Light_2_Upper,0,0,-2.143,2.533,10,1.000,65.00,0.000,0.000,@CharacterBody3D@8794,0,0.000,0.000,,0.000,2.30,120,-15.282
544,gap,22,187.425,69.799,180.0,188.595,14.700,69.825,0.13,Sword_Light_2_Upper,0,0,-2.177,2.567,10,1.000,65.00,0.000,0.000,@CharacterBody3D@8794,2,0.000,-0.033,walk,0.000,2.29,120,-15.315
545,gap,23,187.425,69.799,180.0,188.594,14.695,69.824,0.14,Sword_Light_2_Upper,0,0,-2.210,2.600,10,1.000,65.00,0.000,0.000,@CharacterBody3D@8794,2,0.000,-0.067,walk,0.000,2.26,120,-15.348
546,gap,24,187.425,69.799,180.0,188.593,14.691,69.822,0.15,Sword_Light_2_Upper,0,0,-2.243,2.633,10,1.000,65.00,0.000,0.000,@CharacterBody3D@8794,2,0.000,-0.100,walk,0.034,2.21,120,-15.382
547,gap,25,187.425,69.799,180.0,188.593,14.686,69.820,0.15,Sword_Light_2_Upper,0,0,-2.277,2.667,10,1.000,65.00,0.000,0.000,@CharacterBody3D@8794,2,0.000,-0.133,walk,0.081,2.16,120,-15.415
548,gap,26,187.425,69.799,180.0,188.592,14.681,69.818,0.15,Sword_Light_2_Upper,0,0,-2.310,2.700,10,1.000,65.00,0.000,0.000,@CharacterBody3D@8794,2,0.000,-0.167,run,0.000,2.10,120,-15.448
549,gap,27,187.425,69.799,180.0,188.592,14.676,69.817,0.16,Sword_Light_2_Upper,0,0,-2.343,2.733,10,1.000,65.00,0.000,0.000,@CharacterBody3D@8794,2,0.000,-0.200,run,0.000,2.04,120,-15.482
550,gap,28,187.425,69.799,180.0,188.591,14.671,69.815,0.16,Sword_Light_2_Upper,0,0,-2.377,2.767,10,1.000,65.00,0.000,0.000,@CharacterBody3D@8794,2,0.000,-0.233,run,0.024,1.97,120,-15.515
551,gap,29,187.425,69.799,180.0,188.591,14.667,69.813,0.15,Sword_Light_2_Upper,0,0,-2.410,2.800,10,1.000,65.00,0.000,0.000,@CharacterBody3D@8794,2,0.000,-0.267,run,0.049,1.89,120,-15.548
552,gap,30,187.425,69.799,180.0,188.591,14.663,69.812,0.13,Sword_Light_2_Upper,0,0,-2.443,2.833,10,1.000,65.00,0.000,0.000,@CharacterBody3D@8794,2,0.000,-0.300,run,0.076,1.82,120,-15.582
553,c11_kill_goblin_death,1,187.425,69.799,257.3,187.692,14.659,68.664,43.73,Sword_Light_2_Upper,0,0,-2.477,2.867,10,1.000,65.00,0.000,0.000,@CharacterBody3D@8794,2,0.000,-0.333,run,0.104,1.74,120,-15.615
554,c11_kill_goblin_death,2,187.425,69.704,180.0,188.591,14.661,69.716,41.49,Sword_Light_1_Upper,0,0,0.387,0.033,11,1.000,65.00,0.000,0.000,@CharacterBody3D@8794,2,0.000,-0.367,run,0.132,1.56,120,-15.648
555,c11_kill_goblin_death,3,187.425,69.623,180.0,188.566,14.639,69.675,1.59,Sword_Light_1_Upper,1,0,0.353,0.067,11,1.000,65.00,0.000,0.000,@CharacterBody3D@8794,2,0.483,0.933,attack,0.000,1.41,120,-15.682
556,c11_kill_goblin_death,4,187.425,69.555,180.0,188.594,14.670,69.513,5.03,Sword_Light_1_Upper,1,0,0.320,0.100,11,1.000,65.00,0.000,0.000,@CharacterBody3D@8794,2,0.450,0.900,attack,0.000,1.28,120,-15.715
557,c11_kill_goblin_death,5,187.425,69.500,180.0,188.453,15.220,69.032,22.32,Sword_Light_1_Upper,1,0,0.287,0.133,11,1.000,65.00,0.000,0.000,@CharacterBody3D@8794,2,0.417,0.867,attack,0.037,1.18,120,-15.748
558,c11_kill_goblin_death,6,187.425,69.458,180.0,188.151,15.791,69.637,26.55,Sword_Light_1_Upper,1,0,0.253,0.167,11,1.000,65.00,0.000,0.000,@CharacterBody3D@8794,2,0.383,0.833,attack,0.073,1.10,120,-15.782
559,c11_kill_goblin_death,7,187.425,69.430,180.0,188.159,15.843,69.843,6.39,Sword_Light_1_Upper,1,0,0.220,0.200,11,1.000,65.00,0.000,0.000,@CharacterBody3D@8794,2,0.350,0.800,attack,0.110,1.04,120,-15.815
560,c11_kill_goblin_death,8,187.425,69.415,180.0,188.203,15.868,69.866,1.66,Sword_Light_1_Upper,1,0,0.187,0.233,11,1.000,65.00,0.000,0.000,@CharacterBody3D@8794,2,0.317,0.767,attack,0.147,1.00,120,-15.848
561,c11_kill_goblin_death,9,187.425,69.413,180.0,188.494,15.790,69.290,19.51,Sword_Light_1_Upper,1,0,0.153,0.267,11,1.000,65.00,0.000,0.000,@CharacterBody3D@8794,2,0.283,0.733,attack,0.183,0.97,120,-15.882
562,c11_kill_goblin_death,10,187.425,69.413,180.0,188.040,15.070,68.147,42.75,Sword_Light_1_Upper,1,0,0.152,0.268,11,0.050,65.00,0.000,0.000,@CharacterBody3D@8794,2,0.000,0.298,hit,0.000,0.97,120,-15.883
563,c11_kill_goblin_death,11,187.425,69.413,180.0,187.980,15.023,68.116,2.47,Sword_Light_1_Upper,1,0,0.150,0.270,11,0.050,65.00,0.000,0.000,@CharacterBody3D@8794,2,0.000,0.297,hit,0.000,0.96,120,-15.885
564,c11_kill_goblin_death,12,187.425,69.413,180.0,187.918,14.976,68.089,2.49,Sword_Light_1_Upper,1,0,0.117,0.303,11,1.000,65.00,0.000,0.000,@CharacterBody3D@8794,2,0.000,0.263,hit,0.002,0.97,120,-15.918
565,c11_kill_goblin_death,13,187.425,69.413,180.0,186.844,14.425,68.346,37.01,Sword_Light_1_Upper,1,0,0.083,0.337,11,1.000,65.00,0.000,0.000,@CharacterBody3D@8794,2,0.000,0.230,hit,0.035,0.98,120,-15.952
566,c11_kill_goblin_death,14,187.425,69.413,180.0,186.593,14.127,69.059,24.39,Sword_Light_1_Upper,1,0,0.050,0.370,11,1.000,65.00,0.000,0.000,@CharacterBody3D@8794,2,0.000,0.197,hit,0.068,0.98,120,-15.985
567,c11_kill_goblin_death,15,187.425,69.413,180.0,186.578,14.112,69.291,7.00,Sword_Light_1_Upper,1,0,0.017,0.403,11,1.000,65.00,0.000,0.000,@CharacterBody3D@8794,2,0.000,0.163,hit,0.102,0.98,120,-16.018
568,c11_kill_goblin_death,16,187.425,69.413,178.1,186.626,14.079,69.209,3.03,Sword_Light_2_Upper,1,0,0.357,0.033,12,1.000,65.00,0.000,0.000,@CharacterBody3D@8794,2,0.000,0.130,hit,0.135,0.98,120,-16.052
569,c11_kill_goblin_death,17,187.425,69.413,178.1,186.773,14.074,68.975,8.28,Sword_Light_2_Upper,1,0,0.323,0.067,12,1.000,65.00,0.000,0.000,@CharacterBody3D@8794,2,0.000,0.097,hit,0.168,0.98,120,-16.085
570,c11_kill_goblin_death,18,187.425,69.413,178.1,186.691,14.104,69.069,3.84,Sword_Light_2_Upper,1,0,0.290,0.100,12,1.000,65.00,0.000,0.000,@CharacterBody3D@8794,2,0.000,0.063,hit,0.202,0.98,120,-16.118
571,c11_kill_goblin_death,19,187.425,69.413,178.1,186.596,14.157,69.252,6.37,Sword_Light_2_Upper,1,0,0.257,0.133,12,1.000,65.00,0.000,0.000,@CharacterBody3D@8794,2,0.000,0.030,hit,0.235,0.98,120,-16.152
572,c11_kill_goblin_death,20,187.425,69.413,178.1,186.570,14.190,69.387,4.23,Sword_Light_2_Upper,1,0,0.223,0.167,12,1.000,65.00,0.000,0.000,@CharacterBody3D@8794,2,0.000,-0.003,walk,0.000,0.98,120,-16.185
573,c11_kill_goblin_death,21,187.425,69.413,178.1,186.561,14.194,69.426,1.22,Sword_Light_2_Upper,1,0,0.190,0.200,12,1.000,65.00,0.000,0.000,@CharacterBody3D@8794,2,0.000,-0.037,walk,0.000,0.99,120,-16.218
574,c11_kill_goblin_death,22,187.425,69.413,178.1,186.519,14.931,68.617,32.85,Sword_Light_2_Upper,1,0,0.188,0.202,12,0.050,65.00,0.000,0.000,@CharacterBody3D@8794,2,0.000,0.298,hit,0.000,0.99,120,-16.220
575,c11_kill_goblin_death,23,187.425,69.413,178.1,186.547,14.947,68.582,1.42,Sword_Light_2_Upper,1,0,0.187,0.203,12,0.050,65.00,0.000,0.000,@CharacterBody3D@8794,2,0.000,0.297,hit,0.000,0.98,120,-16.222
576,c11_kill_goblin_death,24,187.425,69.413,178.1,186.577,14.962,68.549,1.41,Sword_Light_2_Upper,1,0,0.153,0.237,12,1.000,65.00,0.000,0.000,@CharacterBody3D@8794,2,0.000,0.263,hit,0.002,0.99,120,-16.255
577,c11_kill_goblin_death,25,187.425,69.413,178.1,187.408,15.153,68.166,28.06,Sword_Light_2_Upper,1,0,0.120,0.270,12,1.000,65.00,0.000,0.000,@CharacterBody3D@8794,2,0.000,0.230,hit,0.035,1.00,120,-16.288
578,c11_kill_goblin_death,26,187.425,69.413,178.1,188.472,15.445,68.713,36.94,Sword_Light_2_Upper,1,0,0.087,0.303,12,1.000,65.00,0.000,0.000,@CharacterBody3D@8794,2,0.000,0.197,hit,0.068,1.01,120,-16.322
579,c11_kill_goblin_death,27,187.425,69.413,178.1,188.511,15.716,69.783,33.14,Sword_Light_2_Upper,1,0,0.053,0.337,12,1.000,65.00,0.000,0.000,@CharacterBody3D@8794,2,0.000,0.163,hit,0.102,1.01,120,-16.355
580,c11_kill_goblin_death,28,187.425,69.413,178.1,188.258,15.800,70.208,15.05,Sword_Light_2_Upper,1,0,0.020,0.370,12,1.000,65.00,0.000,0.000,@CharacterBody3D@8794,2,0.000,0.130,hit,0.135,1.01,120,-16.388
581,c11_kill_goblin_death,29,187.425,69.413,178.1,188.240,15.801,70.183,0.94,Sword_Light_2_Upper,1,0,-0.013,0.403,12,1.000,65.00,0.000,0.000,@CharacterBody3D@8794,2,0.000,0.097,hit,0.168,1.01,120,-16.422
582,c11_kill_goblin_death,30,187.425,69.413,176.3,188.183,15.800,70.162,1.82,Sword_Light_3_Upper,1,0,0.387,0.033,13,1.000,65.00,0.000,0.000,@CharacterBody3D@8794,2,0.000,0.063,hit,0.202,1.01,120,-16.455
583,c11_kill_goblin_death,31,187.425,69.413,176.3,188.249,15.816,69.919,7.57,Sword_Light_3_Upper,1,0,0.353,0.067,13,1.000,65.00,0.000,0.000,@CharacterBody3D@8794,2,0.000,0.030,hit,0.235,1.01,120,-16.488
584,c11_kill_goblin_death,32,187.425,69.413,176.3,188.340,15.731,70.018,4.76,Sword_Light_3_Upper,1,0,0.320,0.100,13,1.000,65.00,0.000,0.000,@CharacterBody3D@8794,2,0.000,-0.003,walk,0.000,1.01,120,-16.522
585,c11_kill_goblin_death,33,187.425,69.413,176.3,188.456,15.491,70.187,9.49,Sword_Light_3_Upper,1,0,0.287,0.133,13,1.000,65.00,0.000,0.000,@CharacterBody3D@8794,2,0.000,-0.037,walk,0.000,1.02,120,-16.555
586,c11_kill_goblin_death,34,187.425,69.413,176.3,188.423,15.136,70.330,11.51,Sword_Light_3_Upper,1,0,0.253,0.167,13,1.000,65.00,0.000,0.000,@CharacterBody3D@8794,2,0.000,-0.070,walk,0.024,1.04,120,-16.588
587,c11_kill_goblin_death,35,187.425,69.413,176.3,188.347,14.913,70.369,7.17,Sword_Light_3_Upper,1,0,0.220,0.200,13,1.000,65.00,0.000,0.000,@CharacterBody3D@8794,2,0.000,-0.103,walk,0.059,1.07,120,-16.622
588,c11_kill_goblin_death,36,187.425,69.413,176.3,188.340,14.897,70.397,1.00,Sword_Light_3_Upper,1,0,0.187,0.233,13,1.000,65.00,0.000,0.000,@CharacterBody3D@8794,2,0.000,-0.137,walk,0.103,1.11,120,-16.655
589,c11_kill_goblin_death,37,187.425,69.413,176.3,188.834,14.998,69.317,35.77,Sword_Light_3_Upper,1,0,0.153,0.267,13,1.000,65.00,0.000,0.000,@CharacterBody3D@8794,2,0.000,-0.170,walk,0.153,1.15,120,-16.688
590,c11_kill_goblin_death,38,187.425,69.413,176.3,188.200,14.980,68.289,36.25,Sword_Light_3_Upper,1,0,0.152,0.268,13,0.050,65.00,0.000,0.000,,,0.000,0.000,,0.000,-1.00,120,-16.690
591,c11_kill_goblin_death,39,187.425,69.413,176.3,188.146,14.978,68.257,1.88,Sword_Light_3_Upper,1,0,0.150,0.270,13,0.050,65.00,0.000,0.000,,,0.000,0.000,,0.000,-1.00,120,-16.692
592,c11_kill_goblin_death,40,187.425,69.413,176.3,188.091,14.976,68.227,1.89,Sword_Light_3_Upper,1,0,0.117,0.303,13,1.000,65.00,0.000,0.000,,,0.000,0.000,,0.000,-1.00,120,-16.725
593,c11_kill_goblin_death,41,187.425,69.413,176.3,186.877,14.874,68.264,36.55,Sword_Light_3_Upper,1,0,0.083,0.337,13,1.000,65.00,0.000,0.000,,,0.000,0.000,,0.000,-1.00,120,-16.758
594,c11_kill_goblin_death,42,187.425,69.413,176.3,186.426,14.332,69.411,40.40,Sword_Light_3_Upper,1,0,0.050,0.370,13,1.000,65.00,0.000,0.000,,,0.000,0.000,,0.000,-1.00,120,-16.792
595,c11_kill_goblin_death,43,187.425,69.413,176.3,186.387,14.717,69.800,16.46,Sword_Light_3_Upper,1,0,0.017,0.403,13,1.000,65.00,0.000,0.000,,,0.000,0.000,,0.000,-1.00,120,-16.825
596,c11_kill_goblin_death,44,187.432,69.318,176.3,186.438,14.676,69.726,2.96,Sword_Light_4_Upper,1,0,0.607,0.033,14,1.000,65.00,0.000,0.000,,,0.000,0.000,,0.000,-1.00,120,-16.858
597,c11_kill_goblin_death,45,187.437,69.237,176.3,186.574,14.634,69.566,6.42,Sword_Light_4_Upper,1,0,0.573,0.067,14,1.000,65.00,0.000,0.000,,,0.000,0.000,,0.000,-1.00,120,-16.892
598,c11_kill_goblin_death,46,187.442,69.169,176.3,186.564,14.861,69.449,7.66,Sword_Light_4_Upper,1,0,0.540,0.100,14,1.000,65.00,0.000,0.000,,,0.000,0.000,,0.000,-1.00,120,-16.925
599,c11_kill_goblin_death,47,187.445,69.114,176.3,186.730,15.374,69.235,17.41,Sword_Light_4_Upper,1,0,0.507,0.133,14,1.000,65.00,0.000,0.000,,,0.000,0.000,,0.000,-1.00,120,-16.958
600,c11_kill_goblin_death,48,187.448,69.072,176.3,187.109,15.822,68.887,20.46,Sword_Light_4_Upper,1,0,0.473,0.167,14,1.000,65.00,0.000,0.000,,,0.000,0.000,,0.000,-1.00,120,-16.992
601,c11_kill_goblin_death,49,187.450,69.044,176.3,187.503,15.997,68.532,16.75,Sword_Light_4_Upper,1,0,0.440,0.200,14,1.000,65.00,0.000,0.000,,,0.000,0.000,,0.000,-1.00,120,-17.025
602,c11_kill_goblin_death,50,187.451,69.029,176.3,187.717,16.002,68.385,7.80,Sword_Light_4_Upper,1,0,0.407,0.233,14,1.000,65.00,0.000,0.000,,,0.000,0.000,,0.000,-1.00,120,-17.058
603,c11_kill_goblin_death,51,187.451,69.026,176.3,187.671,15.957,68.385,1.93,Sword_Light_4_Upper,1,0,0.373,0.267,14,1.000,65.00,0.000,0.000,,,0.000,0.000,,0.000,-1.00,120,-17.092
604,c11_kill_goblin_death,52,187.451,69.026,176.3,187.627,15.700,68.342,7.94,Sword_Light_4_Upper,1,0,0.340,0.300,14,1.000,65.00,0.000,0.000,,,0.000,0.000,,0.000,-1.00,120,-17.125
605,c11_kill_goblin_death,53,187.451,69.026,176.3,187.815,15.245,68.340,14.75,Sword_Light_4_Upper,1,0,0.307,0.333,14,1.000,65.00,0.000,0.000,,,0.000,0.000,,0.000,-1.00,120,-17.158
606,c11_kill_goblin_death,54,187.451,69.026,176.3,187.911,14.966,68.403,9.06,Sword_Light_4_Upper,1,0,0.273,0.367,14,1.000,65.00,0.000,0.000,,,0.000,0.000,,0.000,-1.00,120,-17.192
607,c11_kill_goblin_death,55,187.451,69.026,176.3,187.931,14.951,68.427,1.04,Sword_Light_4_Upper,1,0,0.240,0.400,14,1.000,65.00,0.000,0.000,,,0.000,0.000,,0.000,-1.00,120,-17.225
608,c11_kill_goblin_death,56,187.451,69.026,176.3,187.927,14.965,68.430,0.45,Sword_Light_4_Upper,1,0,0.207,0.433,14,1.000,65.00,0.000,0.000,,,0.000,0.000,,0.000,-1.00,120,-17.258
609,c11_kill_goblin_death,57,187.451,69.026,176.3,187.926,15.020,68.237,6.03,Sword_Light_4_Upper,1,0,0.173,0.467,14,1.000,65.00,0.000,0.000,,,0.000,0.000,,0.000,-1.00,120,-17.292
610,c11_kill_goblin_death,58,187.451,69.026,176.3,187.937,15.089,67.747,14.85,Sword_Light_4_Upper,1,0,0.140,0.500,14,1.000,65.00,0.000,0.000,,,0.000,0.000,,0.000,-1.00,120,-17.325
611,c11_kill_goblin_death,59,187.451,69.026,176.3,187.934,15.076,67.632,3.47,Sword_Light_4_Upper,1,0,0.107,0.533,14,1.000,65.00,0.000,0.000,,,0.000,0.000,,0.000,-1.00,120,-17.358
612,c11_kill_goblin_death,60,187.451,69.026,176.3,187.942,15.064,67.629,0.44,Sword_Light_4_Upper,1,0,0.073,0.567,14,1.000,65.00,0.000,0.000,,,0.000,0.000,,0.000,-1.00,120,-17.392
613,c11_kill_goblin_death,61,187.451,69.026,176.3,187.927,15.050,67.627,0.60,Sword_Light_4_Upper,1,0,0.040,0.600,14,1.000,65.00,0.000,0.000,,,0.000,0.000,,0.000,-1.00,120,-17.425
614,c11_kill_goblin_death,62,187.451,69.026,176.3,187.926,15.043,67.637,0.37,Sword_Light_4_Upper,1,0,0.007,0.633,14,1.000,65.00,0.000,0.000,,,0.000,0.000,,0.000,-1.00,120,-17.458
615,c11_kill_goblin_death,63,187.451,69.026,176.3,187.925,15.036,67.647,0.38,Sword_Light_4_Upper,1,0,-0.027,0.667,14,1.000,65.00,0.000,0.000,,,0.000,0.000,,0.000,-1.00,120,-17.492
616,c11_kill_goblin_death,64,187.451,69.026,176.3,187.930,15.046,67.657,0.47,Sword_Light_4_Upper,1,0,-0.060,0.700,14,1.000,65.00,0.000,0.000,,,0.000,0.000,,0.000,-1.00,120,-17.525
617,c11_kill_goblin_death,65,187.451,69.026,176.3,187.932,15.072,67.675,0.94,Sword_Light_4_Upper,1,0,-0.093,0.733,14,1.000,65.00,0.000,0.000,,,0.000,0.000,,0.000,-1.00,120,-17.558
618,c11_kill_goblin_death,66,187.451,69.026,176.3,187.936,15.118,67.817,4.47,Sword_Light_4_Upper,1,0,-0.127,0.767,14,1.000,65.00,0.000,0.000,,,0.000,0.000,,0.000,-1.00,120,-17.592
619,c11_kill_goblin_death,67,187.451,69.026,176.3,187.881,15.150,67.990,5.54,Sword_Light_4_Upper,1,0,-0.160,0.800,14,1.000,65.00,0.000,0.000,,,0.000,0.000,,0.000,-1.00,120,-17.625
620,c11_kill_goblin_death,68,187.451,69.026,176.3,187.785,15.143,68.134,5.20,Sword_Light_4_Upper,1,0,-0.193,0.833,14,1.000,65.00,0.000,0.000,,,0.000,0.000,,0.000,-1.00,120,-17.658
621,c11_kill_goblin_death,69,187.451,69.026,176.3,187.726,15.130,68.214,2.99,Sword_Light_4_Upper,1,0,-0.227,0.867,14,1.000,65.00,0.000,0.000,,,0.000,0.000,,0.000,-1.00,120,-17.692
622,c11_kill_goblin_death,70,187.451,69.026,176.3,187.716,15.130,68.231,0.59,Sword_Light_4_Upper,1,0,-0.260,0.900,14,1.000,65.00,0.000,0.000,,,0.000,0.000,,0.000,-1.00,120,-17.725
623,c11_kill_goblin_death,71,187.451,69.026,176.3,187.714,15.121,68.255,0.77,Sword_Light_4_Upper,1,0,-0.293,0.933,14,1.000,65.00,0.000,0.000,,,0.000,0.000,,0.000,-1.00,120,-17.758
624,c11_kill_goblin_death,72,187.451,69.026,176.3,187.712,15.106,68.292,1.19,Sword_Light_4_Upper,1,0,-0.327,0.967,14,1.000,65.00,0.000,0.000,,,0.000,0.000,,0.000,-1.00,120,-17.792
625,c11_kill_goblin_death,73,187.451,69.026,176.3,187.708,15.087,68.337,1.49,Sword_Light_4_Upper,1,0,-0.360,1.000,14,1.000,65.00,0.000,0.000,,,0.000,0.000,,0.000,-1.00,120,-17.825
626,c11_kill_goblin_death,74,187.451,69.026,176.3,187.699,15.066,68.387,1.66,Sword_Light_4_Upper,1,0,-0.393,1.033,14,1.000,65.00,0.000,0.000,,,0.000,0.000,,0.000,-1.00,120,-17.858
627,c11_kill_goblin_death,75,187.451,69.026,176.3,187.731,15.048,68.425,1.58,Sword_Light_4_Upper,1,0,-0.427,1.067,14,1.000,65.00,0.000,0.000,,,0.000,0.000,,0.000,-1.00,120,-17.892
628,c11_kill_goblin_death,76,187.451,69.026,176.3,187.966,15.042,68.456,7.12,Sword_Light_4_Upper,1,0,-0.460,1.100,14,1.000,65.00,0.000,0.000,,,0.000,0.000,,0.000,-1.00,120,-17.925
629,c11_kill_goblin_death,77,187.451,69.026,176.3,188.218,15.013,68.567,8.30,Sword_Light_4_Upper,1,0,-0.493,1.133,14,1.000,65.00,0.000,0.000,,,0.000,0.000,,0.000,-1.00,120,-17.958
630,c11_kill_goblin_death,78,187.451,69.026,176.3,188.414,14.935,68.718,7.78,Sword_Light_4_Upper,1,0,-0.527,1.167,14,1.000,65.00,0.000,0.000,,,0.000,0.000,,0.000,-1.00,120,-17.992
631,c11_kill_goblin_death,79,187.451,69.026,176.3,188.545,14.829,68.896,7.34,Sword_Light_4_Upper,1,0,-0.560,1.200,14,1.000,65.00,0.000,0.000,,,0.000,0.000,,0.000,-1.00,120,-18.025
632,c11_kill_goblin_death,80,187.451,69.026,176.3,188.609,14.720,69.084,6.81,Sword_Light_4_Upper,0,0,-0.593,1.233,14,1.000,65.00,0.000,0.000,,,0.000,0.000,,0.000,-1.00,120,-18.058
633,c11_kill_goblin_death,81,187.451,69.026,176.3,188.613,14.700,69.115,1.11,Sword_Light_4_Upper,0,0,-0.627,1.267,14,1.000,65.00,0.000,0.000,,,0.000,0.000,,0.000,-1.00,120,-18.092
634,c11_kill_goblin_death,82,187.451,69.026,176.3,188.613,14.697,69.114,0.11,Sword_Light_4_Upper,0,0,-0.660,1.300,14,1.000,65.00,0.000,0.000,,,0.000,0.000,,0.000,-1.00,120,-18.125
635,c11_kill_goblin_death,83,187.451,69.026,176.3,188.614,14.695,69.113,0.07,Sword_Light_4_Upper,0,0,-0.693,1.333,14,1.000,65.00,0.000,0.000,,,0.000,0.000,,0.000,-1.00,120,-18.158
636,c11_kill_goblin_death,84,187.451,69.026,176.3,188.614,14.694,69.112,0.03,Sword_Light_4_Upper,0,0,-0.727,1.367,14,1.000,65.00,0.000,0.000,,,0.000,0.000,,0.000,-1.00,120,-18.192
637,c11_kill_goblin_death,85,187.451,69.026,176.3,188.615,14.693,69.112,0.03,Sword_Light_4_Upper,0,0,-0.760,1.400,14,1.000,65.00,0.000,0.000,,,0.000,0.000,,0.000,-1.00,120,-18.225
638,c11_kill_goblin_death,86,187.451,69.026,176.3,188.615,14.693,69.113,0.02,Sword_Light_4_Upper,0,0,-0.793,1.433,14,1.000,65.00,0.000,0.000,,,0.000,0.000,,0.000,-1.00,120,-18.258
639,c11_kill_goblin_death,87,187.451,69.026,176.3,188.616,14.693,69.112,0.03,Sword_Light_4_Upper,0,0,-0.827,1.467,14,1.000,65.00,0.000,0.000,,,0.000,0.000,,0.000,-1.00,120,-18.292
640,c11_kill_goblin_death,88,187.451,69.026,176.3,188.616,14.695,69.113,0.06,Sword_Light_4_Upper,0,0,-0.860,1.500,14,1.000,65.00,0.000,0.000,,,0.000,0.000,,0.000,-1.00,120,-18.325
641,c11_kill_goblin_death,89,187.451,69.026,176.3,188.617,14.697,69.114,0.08,Sword_Light_4_Upper,0,0,-0.893,1.533,14,1.000,65.00,0.000,0.000,,,0.000,0.000,,0.000,-1.00,120,-18.358
642,c11_kill_goblin_death,90,187.451,69.026,176.3,188.618,14.700,69.115,0.09,Sword_Light_4_Upper,0,0,-0.927,1.567,14,1.000,65.00,0.000,0.000,,,0.000,0.000,,0.000,-1.00,120,-18.392
643,c11_kill_goblin_death,91,187.451,69.026,176.3,188.619,14.704,69.116,0.13,Sword_Light_4_Upper,0,0,-0.960,1.600,14,1.000,65.00,0.000,0.000,,,0.000,0.000,,0.000,-1.00,120,-18.425
644,c11_kill_goblin_death,92,187.451,69.026,176.3,188.620,14.708,69.117,0.14,Sword_Light_4_Upper,0,0,-0.993,1.633,14,1.000,65.00,0.000,0.000,,,0.000,0.000,,0.000,-1.00,120,-18.458
645,c11_kill_goblin_death,93,187.451,69.026,176.3,188.622,14.713,69.119,0.15,Sword_Light_4_Upper,0,0,-1.027,1.667,14,1.000,65.00,0.000,0.000,,,0.000,0.000,,0.000,-1.00,120,-18.492
646,c11_kill_goblin_death,94,187.451,69.026,176.3,188.623,14.718,69.120,0.15,Sword_Light_4_Upper,0,0,-1.060,1.700,14,1.000,65.00,0.000,0.000,,,0.000,0.000,,0.000,-1.00,120,-18.525
647,c11_kill_goblin_death,95,187.451,69.026,176.3,188.624,14.722,69.122,0.15,Sword_Light_4_Upper,0,0,-1.093,1.733,14,1.000,65.00,0.000,0.000,,,0.000,0.000,,0.000,-1.00,120,-18.558
648,c11_kill_goblin_death,96,187.451,69.026,176.3,188.624,14.727,69.124,0.15,Sword_Light_4_Upper,0,0,-1.127,1.767,14,1.000,65.00,0.000,0.000,,,0.000,0.000,,0.000,-1.00,120,-18.592
649,c11_kill_goblin_death,97,187.451,69.026,176.3,188.625,14.732,69.126,0.16,Sword_Light_4_Upper,0,0,-1.160,1.800,14,1.000,65.00,0.000,0.000,,,0.000,0.000,,0.000,-1.00,120,-18.625
650,c11_kill_goblin_death,98,187.451,69.026,176.3,188.626,14.737,69.127,0.15,Sword_Light_4_Upper,0,0,-1.193,1.833,14,1.000,65.00,0.000,0.000,,,0.000,0.000,,0.000,-1.00,120,-18.658
651,c11_kill_goblin_death,99,187.451,69.026,176.3,188.627,14.741,69.129,0.14,Sword_Light_4_Upper,0,0,-1.227,1.867,14,1.000,65.00,0.000,0.000,,,0.000,0.000,,0.000,-1.00,120,-18.692
652,c11_kill_goblin_death,100,187.451,69.026,176.3,188.627,14.745,69.130,0.13,Sword_Light_4_Upper,0,0,-1.260,1.900,14,1.000,65.00,0.000,0.000,,,0.000,0.000,,0.000,-1.00,120,-18.725
653,c11_kill_goblin_death,101,187.451,69.026,176.3,188.627,14.749,69.131,0.11,Sword_Light_4_Upper,0,0,-1.293,1.933,14,1.000,65.00,0.000,0.000,,,0.000,0.000,,0.000,-1.00,120,-18.758
654,c11_kill_goblin_death,102,187.451,69.026,176.3,188.627,14.750,69.132,0.06,Sword_Light_4_Upper,0,0,-1.327,1.967,14,1.000,65.00,0.000,0.000,,,0.000,0.000,,0.000,-1.00,120,-18.792
655,c11_kill_goblin_death,103,187.451,69.026,176.3,188.627,14.752,69.133,0.04,Sword_Light_4_Upper,0,0,-1.360,2.000,14,1.000,65.00,0.000,0.000,,,0.000,0.000,,0.000,-1.00,120,-18.825
656,c11_kill_goblin_death,104,187.451,69.026,176.3,188.627,14.753,69.134,0.05,Sword_Light_4_Upper,0,0,-1.393,2.033,14,1.000,65.00,0.000,0.000,,,0.000,0.000,,0.000,-1.00,120,-18.858
657,c11_kill_goblin_death,105,187.451,69.026,176.3,188.627,14.754,69.135,0.05,Sword_Light_4_Upper,0,0,-1.427,2.067,14,1.000,65.00,0.000,0.000,,,0.000,0.000,,0.000,-1.00,120,-18.892
658,c11_kill_goblin_death,106,187.451,69.026,176.3,188.626,14.754,69.135,0.02,Sword_Light_4_Upper,0,0,-1.460,2.100,14,1.000,65.00,0.000,0.000,,,0.000,0.000,,0.000,-1.00,120,-18.925
659,c11_kill_goblin_death,107,187.451,69.026,176.3,188.626,14.752,69.134,0.06,Sword_Light_4_Upper,0,0,-1.493,2.133,14,1.000,65.00,0.000,0.000,,,0.000,0.000,,0.000,-1.00,120,-18.958
660,c11_kill_goblin_death,108,187.451,69.026,176.3,188.625,14.749,69.131,0.11,Sword_Light_4_Upper,0,0,-1.527,2.167,14,1.000,65.00,0.000,0.000,,,0.000,0.000,,0.000,-1.00,120,-18.992
661,c11_kill_goblin_death,109,187.451,69.026,176.3,188.624,14.746,69.130,0.12,Sword_Light_4_Upper,0,0,-1.560,2.200,14,1.000,65.00,0.000,0.000,,,0.000,0.000,,0.000,-1.00,120,-19.025
662,c11_kill_goblin_death,110,187.451,69.026,176.3,188.623,14.742,69.129,0.13,Sword_Light_4_Upper,0,0,-1.593,2.233,14,1.000,65.00,0.000,0.000,,,0.000,0.000,,0.000,-1.00,120,-19.058
663,c11_kill_goblin_death,111,187.451,69.026,176.3,188.622,14.737,69.127,0.15,Sword_Light_4_Upper,0,0,-1.627,2.267,14,1.000,65.00,0.000,0.000,,,0.000,0.000,,0.000,-1.00,120,-19.092
664,c11_kill_goblin_death,112,187.451,69.026,176.3,188.621,14.732,69.125,0.15,Sword_Light_4_Upper,0,0,-1.660,2.300,14,1.000,65.00,0.000,0.000,,,0.000,0.000,,0.000,-1.00,120,-19.125
665,c11_kill_goblin_death,113,187.451,69.026,176.3,188.620,14.728,69.123,0.16,Sword_Light_4_Upper,0,0,-1.693,2.333,14,1.000,65.00,0.000,0.000,,,0.000,0.000,,0.000,-1.00,120,-19.158
666,c11_kill_goblin_death,114,187.451,69.026,176.3,188.619,14.723,69.121,0.16,Sword_Light_4_Upper,0,0,-1.727,2.367,14,1.000,65.00,0.000,0.000,,,0.000,0.000,,0.000,-1.00,120,-19.192
667,c11_kill_goblin_death,115,187.451,69.026,176.3,188.618,14.717,69.119,0.17,Sword_Light_4_Upper,0,0,-1.760,2.400,14,1.000,65.00,0.000,0.000,,,0.000,0.000,,0.000,-1.00,120,-19.225
668,c11_kill_goblin_death,116,187.451,69.026,176.3,188.617,14.712,69.118,0.17,Sword_Light_4_Upper,0,0,-1.793,2.433,14,1.000,65.00,0.000,0.000,,,0.000,0.000,,0.000,-1.00,120,-19.258
669,c11_kill_goblin_death,117,187.451,69.026,176.3,188.616,14.707,69.116,0.16,Sword_Light_4_Upper,0,0,-1.827,2.467,14,1.000,65.00,0.000,0.000,,,0.000,0.000,,0.000,-1.00,120,-19.292
670,c11_kill_goblin_death,118,187.451,69.026,176.3,188.615,14.703,69.115,0.15,Sword_Light_4_Upper,0,0,-1.860,2.500,14,1.000,65.00,0.000,0.000,,,0.000,0.000,,0.000,-1.00,120,-19.325
671,c11_kill_goblin_death,119,187.451,69.026,176.3,188.615,14.699,69.114,0.12,Sword_Light_4_Upper,0,0,-1.893,2.533,14,1.000,65.00,0.000,0.000,,,0.000,0.000,,0.000,-1.00,120,-19.358
672,c11_kill_goblin_death,120,187.451,69.026,176.3,188.614,14.695,69.113,0.11,Sword_Light_4_Upper,0,0,-1.927,2.567,14,1.000,65.00,0.000,0.000,,,0.000,0.000,,0.000,-1.00,120,-19.392
673,c11_kill_goblin_death,121,187.451,69.026,176.3,188.614,14.693,69.112,0.06,Sword_Light_4_Upper,0,0,-1.960,2.600,14,1.000,65.00,0.000,0.000,,,0.000,0.000,,0.000,-1.00,120,-19.425
674,c11_kill_goblin_death,122,187.451,69.026,176.3,188.613,14.692,69.112,0.04,Sword_Light_4_Upper,0,0,-1.993,2.633,14,1.000,65.00,0.000,0.000,,,0.000,0.000,,0.000,-1.00,120,-19.458
675,c11_kill_goblin_death,123,187.451,69.026,176.3,188.613,14.692,69.112,0.02,Sword_Light_4_Upper,0,0,-2.027,2.667,14,1.000,65.00,0.000,0.000,,,0.000,0.000,,0.000,-1.00,120,-19.492
676,c11_kill_goblin_death,124,187.451,69.026,176.3,188.613,14.691,69.112,0.02,Sword_Light_4_Upper,0,0,-2.060,2.700,14,1.000,65.00,0.000,0.000,,,0.000,0.000,,0.000,-1.00,120,-19.525
677,c11_kill_goblin_death,125,187.451,69.026,176.3,188.613,14.692,69.113,0.03,Sword_Light_4_Upper,0,0,-2.093,2.733,14,1.000,65.00,0.000,0.000,,,0.000,0.000,,0.000,-1.00,120,-19.558
678,c11_kill_goblin_death,126,187.451,69.026,176.3,188.613,14.694,69.114,0.07,Sword_Light_4_Upper,0,0,-2.127,2.767,14,1.000,65.00,0.000,0.000,,,0.000,0.000,,0.000,-1.00,120,-19.592
679,gap,1,187.451,69.026,176.3,188.613,14.697,69.115,0.08,Sword_Light_4_Upper,0,0,-2.160,2.800,14,1.000,65.00,0.000,0.000,,,0.000,0.000,,0.000,-1.00,120,-19.625
680,gap,2,187.451,69.026,176.3,188.614,14.700,69.116,0.11,Sword_Light_4_Upper,0,0,-2.193,2.833,14,1.000,65.00,0.000,0.000,,,0.000,0.000,,0.000,-1.00,120,-19.658
681,gap,3,187.451,69.026,176.3,188.614,14.704,69.117,0.13,Sword_Light_4_Upper,0,0,-2.227,2.867,14,1.000,65.00,0.000,0.000,,,0.000,0.000,,0.000,-1.00,120,-19.692
682,gap,4,187.451,69.026,176.3,188.615,14.709,69.118,0.14,Sword_Light_4_Upper,0,0,-2.260,2.900,14,1.000,65.00,0.000,0.000,,,0.000,0.000,,0.000,-1.00,120,-19.725
