group,subject,clip,kind,game_uses,status,length_s,looping,slide_cm_s,ground_speed_m_s,penetration_cm,hover_cm,airborne_s,stretch_pct,scale_pct,pops,max_ang_acc_deg_f2,seam_deg,seam_cm,drift_cm,tpose_frames,notes
villagers,player_young,Idle,loop,true,PASS,2.50,true,1.5,0.00,0.0,0.0,0.00,0.00,0.00,0,0.2,0.3,0.0,0.0,0,""
villagers,player_young,Walking_A,loco,true,FAIL,1.33,true,20.9,1.05,1.3,0.0,0.00,0.00,0.00,0,15.0,0.0,0.0,0.0,0,"planted foot slips 21 cm/s (p75)"
villagers,player_young,Running_A,loco,true,FAIL,0.93,true,20.6,6.24,0.0,1.0,0.27,0.00,0.00,0,73.6,0.0,0.0,0.0,0,"all feet off the ground for 0.27 s; planted foot slips 21 cm/s (p75)"
villagers,player_young,Sprint,loco,false,FAIL,0.67,true,31.9,9.42,0.2,0.0,0.13,0.00,0.00,0,67.9,0.0,0.0,0.0,0,"planted foot slips 32 cm/s (p75)"
villagers,player_young,Walk_Carry,loco,false,PASS,2.00,true,4.3,0.70,1.0,0.0,0.00,0.00,0.00,0,7.7,0.0,0.0,0.0,0,""
villagers,player_young,Walk_Formal,loco,false,WARN,1.33,true,19.8,1.04,1.3,0.0,0.00,0.00,0.00,0,19.5,0.7,0.0,0.0,0,"planted foot slips 20 cm/s (p75)"
villagers,player_young,Crouch_Fwd,loco,false,FAIL,2.00,true,24.1,0.76,0.0,0.4,0.00,0.00,0.00,0,6.7,0.0,0.0,0.0,0,"planted foot slips 24 cm/s (p75)"
villagers,player_young,Blocking,loop,true,PASS,2.50,true,1.5,0.00,0.0,0.0,0.00,0.00,0.00,0,0.2,0.3,0.0,0.0,0,""
villagers,player_young,2H_Melee_Idle,loop,true,PASS,1.67,true,0.6,0.00,0.0,0.4,0.00,0.00,0.00,0,0.4,0.0,0.0,0.0,0,""
villagers,player_young,1H_Melee_Attack_Chop,once,true,PASS,0.43,false,414.3,0.00,0.1,0.0,0.00,0.00,0.00,0,47.6,0.0,0.0,4.8,0,"(legs ignored: upper-body layer in game)"
villagers,player_young,1H_Melee_Attack_Slice_Diagonal,once,true,PASS,0.53,false,66.6,0.00,0.0,0.2,0.00,0.00,0.00,0,59.7,0.0,0.0,3.4,0,"(legs ignored: upper-body layer in game)"
villagers,player_young,1H_Melee_Attack_Slice_Horizontal,once,true,PASS,2.00,false,66.9,0.00,8.1,0.0,0.17,0.00,0.00,0,57.0,0.0,0.0,5.3,0,"(legs ignored: upper-body layer in game)"
villagers,player_young,1H_Melee_Attack_Stab,once,true,WARN,1.53,false,113.9,0.00,0.1,0.0,0.00,0.00,0.00,2,68.8,0.0,0.0,0.0,0,"2 pop(s), worst on 'thigh_r' at 0.30 s (41 deg/frame^2); (legs ignored: upper-body layer in game)"
villagers,player_young,Block_Hit,once,true,FAIL,1.23,false,6.3,0.00,0.2,0.0,0.00,0.00,0.00,9,73.5,0.0,0.0,0.0,0,"9 pop(s), worst on 'upperarm_r' at 0.10 s (73 deg/frame^2)"
villagers,player_young,Dodge_Forward,once,true,FAIL,1.47,false,15.2,0.00,1.3,0.0,0.67,0.00,0.00,3,69.8,0.0,0.0,10.5,0,"all feet off the ground for 0.67 s; planted foot slips 15 cm/s (p75); 3 pop(s), worst on 'upperarm_r' at 0.03 s (40 deg/frame^2)"
villagers,player_young,Hit_A,once,true,PASS,0.33,false,8.4,0.00,0.0,0.0,0.00,0.00,0.00,0,8.4,0.0,0.0,2.9,0,"(legs ignored: upper-body layer in game)"
villagers,player_young,Hit_B,once,true,FAIL,0.83,false,58.7,0.00,6.1,0.0,0.30,0.00,0.00,0,61.2,0.0,0.0,5.1,0,"6.1 cm below floor (mesh); all feet off the ground for 0.30 s; planted foot slips 59 cm/s (p75)"
villagers,player_young,Death_A,death,true,FAIL,4.46,false,-1.0,0.00,16.9,0.0,0.00,0.00,0.00,0,16.0,0.0,0.0,77.6,0,"16.9 cm below floor (mesh)"
villagers,player_young,Death_B,death,true,FAIL,1.83,false,-1.0,0.00,16.6,0.0,0.00,0.00,0.00,0,15.6,0.0,0.0,19.8,0,"16.6 cm below floor (mesh)"
villagers,player_young,Sitting_Idle,sit,true,PASS,1.67,true,0.0,0.00,0.0,0.0,0.00,0.00,0.00,0,0.1,0.0,0.0,0.0,0,""
villagers,player_young,Sitting_Talking,sit,false,PASS,2.93,true,0.3,0.00,0.0,0.0,0.00,0.00,0.00,0,5.2,0.0,0.0,0.0,0,""
villagers,player_young,Cheer,once,true,PASS,2.50,false,0.9,0.00,0.0,0.0,0.00,0.00,0.00,0,10.0,0.0,0.0,0.0,0,""
villagers,player_young,Idle_Talking,loop,false,PASS,2.93,true,1.1,0.00,0.0,0.0,0.00,0.00,0.00,0,3.9,0.0,0.0,0.0,0,""
villagers,player_young,Interact,once,true,PASS,2.00,false,1.8,0.00,0.0,0.0,0.00,0.00,0.00,0,4.3,0.0,0.0,0.0,0,""
villagers,player_young,Farm_Harvest,once,false,PASS,2.50,false,4.4,0.00,0.0,0.1,0.00,0.00,0.00,0,10.8,0.0,0.0,0.0,0,""
villagers,player_young,Farm_Watering,once,false,PASS,3.80,false,0.7,0.00,0.0,0.1,0.00,0.00,0.00,0,2.4,0.0,0.0,0.0,0,""
villagers,player_young,TreeChopping,once,false,WARN,0.97,true,3.0,0.00,0.0,0.4,0.00,0.00,0.00,2,37.2,0.0,0.0,0.0,0,"2 pop(s), worst on 'upperarm_r' at 0.10 s (37 deg/frame^2)"
villagers,player_young,Fixing_Kneeling,once,false,FAIL,5.20,false,1.4,0.00,5.4,0.0,0.00,0.00,0.00,0,12.5,0.0,0.0,0.0,0,"5.4 cm below floor (mesh)"
villagers,player_young,PickUp_Table,once,false,PASS,0.83,false,2.7,0.00,0.0,0.0,0.00,0.00,0.00,0,7.5,0.0,0.0,0.0,0,""
villagers,player_young,Jump,jump,false,FAIL,2.50,true,1.6,0.00,13.3,0.0,0.00,0.00,0.00,0,0.2,0.0,0.0,0.0,0,"13.3 cm below floor (mesh)"
villagers,villager_man_a,Idle,loop,true,PASS,2.50,true,1.3,0.00,0.0,0.0,0.00,0.00,0.00,0,0.2,0.3,0.0,0.0,0,""
villagers,villager_man_a,Walking_A,loco,true,WARN,1.33,true,19.9,0.98,1.3,0.0,0.00,0.00,0.00,0,15.0,0.0,0.0,0.0,0,"planted foot slips 20 cm/s (p75)"
villagers,villager_man_a,Running_A,loco,true,WARN,0.93,true,11.5,5.82,0.0,0.7,0.27,0.00,0.00,0,73.6,0.0,0.0,0.0,0,"all feet off the ground for 0.27 s; planted foot slips 12 cm/s (p75)"
villagers,villager_man_a,Sprint,loco,false,WARN,0.67,true,13.3,8.83,0.0,0.0,0.13,0.00,0.00,0,67.9,0.0,0.0,0.0,0,"planted foot slips 13 cm/s (p75)"
villagers,villager_man_a,Walk_Carry,loco,false,PASS,2.00,true,2.3,0.65,0.8,0.0,0.00,0.00,0.00,0,7.7,0.0,0.0,0.0,0,""
villagers,villager_man_a,Walk_Formal,loco,false,FAIL,1.33,true,20.6,0.97,1.3,0.0,0.00,0.00,0.00,0,19.5,0.7,0.0,0.0,0,"planted foot slips 21 cm/s (p75)"
villagers,villager_man_a,Crouch_Fwd,loco,false,FAIL,2.00,true,24.4,0.71,0.0,0.9,0.00,0.00,0.00,0,6.7,0.0,0.0,0.0,0,"planted foot slips 24 cm/s (p75)"
villagers,villager_man_a,Blocking,loop,true,PASS,2.50,true,1.3,0.00,0.0,0.0,0.00,0.00,0.00,0,0.2,0.3,0.0,0.0,0,""
villagers,villager_man_a,2H_Melee_Idle,loop,true,PASS,1.67,true,0.3,0.00,0.0,0.3,0.00,0.00,0.00,0,0.4,0.0,0.0,0.0,0,""
villagers,villager_man_a,1H_Melee_Attack_Chop,once,true,PASS,0.43,false,335.6,0.00,0.0,0.1,0.00,0.00,0.00,0,47.6,0.0,0.0,4.5,0,"(legs ignored: upper-body layer in game)"
villagers,villager_man_a,1H_Melee_Attack_Slice_Diagonal,once,true,PASS,0.53,false,58.6,0.00,0.0,0.4,0.00,0.00,0.00,0,59.7,0.0,0.0,3.2,0,"(legs ignored: upper-body layer in game)"
villagers,villager_man_a,1H_Melee_Attack_Slice_Horizontal,once,true,PASS,2.00,false,46.1,0.00,7.3,0.0,0.17,0.00,0.00,0,57.0,0.0,0.0,4.9,0,"(legs ignored: upper-body layer in game)"
villagers,villager_man_a,1H_Melee_Attack_Stab,once,true,WARN,1.53,false,103.7,0.00,0.3,0.0,0.00,0.00,0.00,2,68.8,0.0,0.0,0.0,0,"2 pop(s), worst on 'thigh_r' at 0.30 s (41 deg/frame^2); (legs ignored: upper-body layer in game)"
villagers,villager_man_a,Block_Hit,once,true,FAIL,1.23,false,2.8,0.00,0.1,0.0,0.00,0.00,0.00,9,73.5,0.0,0.0,0.0,0,"9 pop(s), worst on 'upperarm_r' at 0.10 s (73 deg/frame^2)"
villagers,villager_man_a,Dodge_Forward,once,true,FAIL,1.47,false,12.8,0.00,1.1,0.0,0.67,0.00,0.00,3,69.8,0.0,0.0,9.8,0,"all feet off the ground for 0.67 s; planted foot slips 13 cm/s (p75); 3 pop(s), worst on 'upperarm_r' at 0.03 s (40 deg/frame^2)"
villagers,villager_man_a,Hit_A,once,true,PASS,0.33,false,8.0,0.00,0.0,0.0,0.00,0.00,0.00,0,8.4,0.0,0.0,2.7,0,"(legs ignored: upper-body layer in game)"
villagers,villager_man_a,Hit_B,once,true,FAIL,0.83,false,53.8,0.00,7.2,0.0,0.30,0.00,0.00,0,61.2,0.0,0.0,4.7,0,"7.2 cm below floor (mesh); all feet off the ground for 0.30 s; planted foot slips 54 cm/s (p75)"
villagers,villager_man_a,Death_A,death,true,FAIL,4.46,false,-1.0,0.00,14.6,0.0,0.00,0.00,0.00,0,16.0,0.0,0.0,72.4,0,"14.6 cm below floor (mesh)"
villagers,villager_man_a,Death_B,death,true,FAIL,1.83,false,-1.0,0.00,13.9,0.0,0.00,0.00,0.00,0,15.6,0.0,0.0,18.5,0,"13.9 cm below floor (mesh)"
villagers,villager_man_a,Sitting_Idle,sit,true,PASS,1.67,true,0.0,0.00,0.0,0.0,0.00,0.00,0.00,0,0.1,0.0,0.0,0.0,0,""
villagers,villager_man_a,Sitting_Talking,sit,false,PASS,2.93,true,0.1,0.00,0.0,0.0,0.00,0.00,0.00,0,5.2,0.0,0.0,0.0,0,""
villagers,villager_man_a,Cheer,once,true,PASS,2.50,false,0.7,0.00,0.0,0.0,0.00,0.00,0.00,0,10.0,0.0,0.0,0.0,0,""
villagers,villager_man_a,Idle_Talking,loop,false,PASS,2.93,true,1.0,0.00,0.1,0.0,0.00,0.00,0.00,0,3.9,0.0,0.0,0.0,0,""
villagers,villager_man_a,Interact,once,true,PASS,2.00,false,1.8,0.00,0.0,0.0,0.00,0.00,0.00,0,4.3,0.0,0.0,0.0,0,""
villagers,villager_man_a,Farm_Harvest,once,false,PASS,2.50,false,2.1,0.00,0.3,0.1,0.00,0.00,0.00,0,10.8,0.0,0.0,0.0,0,""
villagers,villager_man_a,Farm_Watering,once,false,PASS,3.80,false,0.5,0.00,0.0,0.1,0.00,0.00,0.00,0,2.4,0.0,0.0,0.0,0,""
villagers,villager_man_a,TreeChopping,once,false,WARN,0.97,true,2.7,0.00,0.0,0.2,0.00,0.00,0.00,2,37.2,0.0,0.0,0.0,0,"2 pop(s), worst on 'upperarm_r' at 0.10 s (37 deg/frame^2)"
villagers,villager_man_a,Fixing_Kneeling,once,false,WARN,5.20,false,1.5,0.00,4.3,0.0,0.00,0.00,0.00,0,12.5,0.0,0.0,0.0,0,"4.3 cm below floor (mesh)"
villagers,villager_man_a,PickUp_Table,once,false,PASS,0.83,false,2.7,0.00,0.0,0.0,0.00,0.00,0.00,0,7.5,0.0,0.0,0.0,0,""
villagers,villager_man_a,Jump,jump,false,FAIL,2.50,true,1.2,0.00,12.7,0.0,0.00,0.00,0.00,0,0.2,0.0,0.0,0.0,0,"12.7 cm below floor (mesh)"
villagers,villager_man_b,Idle,loop,true,PASS,2.50,true,1.3,0.00,0.1,0.0,0.00,0.00,0.00,0,0.2,0.3,0.0,0.0,0,""
villagers,villager_man_b,Walking_A,loco,true,FAIL,1.33,true,22.6,0.97,1.0,0.0,0.00,0.00,0.00,0,15.0,0.0,0.0,0.0,0,"planted foot slips 23 cm/s (p75)"
villagers,villager_man_b,Running_A,loco,true,WARN,0.93,true,15.6,5.82,0.0,0.8,0.27,0.00,0.00,0,73.6,0.0,0.0,0.0,0,"all feet off the ground for 0.27 s; planted foot slips 16 cm/s (p75)"
villagers,villager_man_b,Sprint,loco,false,WARN,0.67,true,17.7,8.89,0.0,0.1,0.13,0.00,0.00,0,67.9,0.0,0.0,0.0,0,"planted foot slips 18 cm/s (p75)"
villagers,villager_man_b,Walk_Carry,loco,false,PASS,2.00,true,3.0,0.65,0.3,0.0,0.00,0.00,0.00,0,7.7,0.0,0.0,0.0,0,""
villagers,villager_man_b,Walk_Formal,loco,false,FAIL,1.33,true,21.8,0.97,1.1,0.0,0.00,0.00,0.00,0,19.5,0.7,0.0,0.0,0,"planted foot slips 22 cm/s (p75)"
villagers,villager_man_b,Crouch_Fwd,loco,false,FAIL,2.00,true,25.0,0.74,1.2,0.0,0.00,0.00,0.00,0,6.7,0.0,0.0,0.0,0,"planted foot slips 25 cm/s (p75)"
villagers,villager_man_b,Blocking,loop,true,PASS,2.50,true,1.3,0.00,0.1,0.0,0.00,0.00,0.00,0,0.2,0.3,0.0,0.0,0,""
villagers,villager_man_b,2H_Melee_Idle,loop,true,PASS,1.67,true,0.4,0.00,0.0,0.0,0.00,0.00,0.00,0,0.4,0.0,0.0,0.0,0,""
villagers,villager_man_b,1H_Melee_Attack_Chop,once,true,PASS,0.43,false,304.1,0.00,0.5,0.0,0.00,0.00,0.00,0,47.6,0.0,0.0,4.5,0,"(legs ignored: upper-body layer in game)"
villagers,villager_man_b,1H_Melee_Attack_Slice_Diagonal,once,true,PASS,0.53,false,50.0,0.00,0.0,0.3,0.00,0.00,0.00,0,59.7,0.0,0.0,3.2,0,"(legs ignored: upper-body layer in game)"
villagers,villager_man_b,1H_Melee_Attack_Slice_Horizontal,once,true,PASS,2.00,false,59.9,0.00,6.4,0.0,0.13,0.00,0.00,0,57.0,0.0,0.0,4.9,0,"(legs ignored: upper-body layer in game)"
villagers,villager_man_b,1H_Melee_Attack_Stab,once,true,WARN,1.53,false,92.7,0.00,1.2,0.0,0.00,0.00,0.00,2,68.8,0.0,0.0,0.0,0,"2 pop(s), worst on 'thigh_r' at 0.30 s (41 deg/frame^2); (legs ignored: upper-body layer in game)"
villagers,villager_man_b,Block_Hit,once,true,FAIL,1.23,false,1.9,0.00,0.1,0.0,0.00,0.00,0.00,9,73.5,0.0,0.0,0.0,0,"9 pop(s), worst on 'upperarm_r' at 0.10 s (73 deg/frame^2)"
villagers,villager_man_b,Dodge_Forward,once,true,FAIL,1.47,false,13.8,0.00,0.9,0.0,0.67,0.00,0.00,3,69.8,0.0,0.0,9.8,0,"all feet off the ground for 0.67 s; planted foot slips 14 cm/s (p75); 3 pop(s), worst on 'upperarm_r' at 0.03 s (40 deg/frame^2)"
villagers,villager_man_b,Hit_A,once,true,PASS,0.33,false,8.8,0.00,0.0,0.0,0.00,0.00,0.00,0,8.4,0.0,0.0,2.7,0,"(legs ignored: upper-body layer in game)"
villagers,villager_man_b,Hit_B,once,true,FAIL,0.83,false,52.9,0.00,7.0,0.0,0.30,0.00,0.00,0,61.2,0.0,0.0,4.7,0,"7.0 cm below floor (mesh); all feet off the ground for 0.30 s; planted foot slips 53 cm/s (p75)"
villagers,villager_man_b,Death_A,death,true,FAIL,4.46,false,-1.0,0.00,15.1,0.0,0.00,0.00,0.00,0,16.0,0.0,0.0,72.5,0,"15.1 cm below floor (mesh)"
villagers,villager_man_b,Death_B,death,true,FAIL,1.83,false,-1.0,0.00,16.0,0.0,0.00,0.00,0.00,0,15.6,0.0,0.0,18.5,0,"16.0 cm below floor (mesh)"
villagers,villager_man_b,Sitting_Idle,sit,true,PASS,1.67,true,0.0,0.00,0.1,0.0,0.00,0.00,0.00,0,0.1,0.0,0.0,0.0,0,""
villagers,villager_man_b,Sitting_Talking,sit,false,PASS,2.93,true,0.2,0.00,0.1,0.0,0.00,0.00,0.00,0,5.2,0.0,0.0,0.0,0,""
villagers,villager_man_b,Cheer,once,true,PASS,2.50,false,0.7,0.00,0.0,0.0,0.00,0.00,0.00,0,10.0,0.0,0.0,0.0,0,""
villagers,villager_man_b,Idle_Talking,loop,false,PASS,2.93,true,1.0,0.00,0.1,0.0,0.00,0.00,0.00,0,3.9,0.0,0.0,0.0,0,""
villagers,villager_man_b,Interact,once,true,PASS,2.00,false,1.5,0.00,0.1,0.0,0.00,0.00,0.00,0,4.3,0.0,0.0,0.0,0,""
villagers,villager_man_b,Farm_Harvest,once,false,PASS,2.50,false,1.5,0.00,1.8,0.0,0.00,0.00,0.00,0,10.8,0.0,0.0,0.0,0,""
villagers,villager_man_b,Farm_Watering,once,false,PASS,3.80,false,0.5,0.00,0.1,0.0,0.00,0.00,0.00,0,2.4,0.0,0.0,0.0,0,""
villagers,villager_man_b,TreeChopping,once,false,WARN,0.97,true,2.9,0.00,0.1,0.0,0.00,0.00,0.00,2,37.2,0.0,0.0,0.0,0,"2 pop(s), worst on 'upperarm_r' at 0.10 s (37 deg/frame^2)"
villagers,villager_man_b,Fixing_Kneeling,once,false,FAIL,5.20,false,0.8,0.00,5.6,0.0,0.00,0.00,0.00,0,12.5,0.0,0.0,0.0,0,"5.6 cm below floor (mesh)"
villagers,villager_man_b,PickUp_Table,once,false,PASS,0.83,false,2.6,0.00,0.2,0.0,0.00,0.00,0.00,0,7.5,0.0,0.0,0.0,0,""
villagers,villager_man_b,Jump,jump,false,FAIL,2.50,true,0.7,0.00,12.7,0.0,0.00,0.00,0.00,0,0.2,0.0,0.0,0.0,0,"12.7 cm below floor (mesh)"
villagers,villager_woman_a,Idle,loop,true,PASS,2.50,true,1.3,0.00,0.0,0.0,0.00,0.00,0.00,0,0.2,0.3,0.0,0.0,0,""
villagers,villager_woman_a,Walking_A,loco,true,FAIL,1.33,true,20.3,0.93,1.3,0.0,0.00,0.00,0.00,0,15.0,0.0,0.0,0.0,0,"planted foot slips 20 cm/s (p75)"
villagers,villager_woman_a,Running_A,loco,true,FAIL,0.93,true,10.3,5.55,7.2,1.0,0.27,0.00,0.00,0,73.6,0.0,0.0,0.0,0,"7.2 cm below floor (mesh); all feet off the ground for 0.27 s; planted foot slips 10 cm/s (p75)"
villagers,villager_woman_a,Sprint,loco,false,WARN,0.67,true,6.2,8.41,4.1,0.0,0.13,0.00,0.00,0,67.9,0.0,0.0,0.0,0,"4.1 cm below floor (mesh)"
villagers,villager_woman_a,Walk_Carry,loco,false,PASS,2.00,true,1.8,0.62,0.5,0.0,0.00,0.00,0.00,0,7.7,0.0,0.0,0.0,0,""
villagers,villager_woman_a,Walk_Formal,loco,false,FAIL,1.33,true,20.1,0.93,1.1,0.0,0.00,0.00,0.00,0,19.5,0.7,0.0,0.0,0,"planted foot slips 20 cm/s (p75)"
villagers,villager_woman_a,Crouch_Fwd,loco,false,FAIL,2.00,true,24.2,0.69,24.9,0.0,0.00,0.00,0.00,0,6.7,0.0,0.0,0.0,0,"24.9 cm below floor (mesh); planted foot slips 24 cm/s (p75)"
villagers,villager_woman_a,Blocking,loop,true,PASS,2.50,true,1.3,0.00,0.0,0.0,0.00,0.00,0.00,0,0.2,0.3,0.0,0.0,0,""
villagers,villager_woman_a,2H_Melee_Idle,loop,true,PASS,1.67,true,0.3,0.00,1.2,0.3,0.00,0.00,0.00,0,0.4,0.0,0.0,0.0,0,""
villagers,villager_woman_a,1H_Melee_Attack_Chop,once,true,PASS,0.43,false,337.3,0.00,16.7,0.0,0.00,0.00,0.00,0,47.6,0.0,0.0,4.3,0,"(legs ignored: upper-body layer in game)"
villagers,villager_woman_a,1H_Melee_Attack_Slice_Diagonal,once,true,PASS,0.53,false,54.7,0.00,22.9,0.7,0.00,0.00,0.00,0,59.7,0.0,0.0,3.0,0,"(legs ignored: upper-body layer in game)"
villagers,villager_woman_a,1H_Melee_Attack_Slice_Horizontal,once,true,PASS,2.00,false,113.2,0.00,20.3,0.0,0.17,0.00,0.00,0,57.0,0.0,0.0,4.7,0,"(legs ignored: upper-body layer in game)"
villagers,villager_woman_a,1H_Melee_Attack_Stab,once,true,WARN,1.53,false,100.5,0.00,19.1,0.0,0.00,0.00,0.00,2,68.8,0.0,0.0,0.0,0,"2 pop(s), worst on 'thigh_r' at 0.30 s (41 deg/frame^2); (legs ignored: upper-body layer in game)"
villagers,villager_woman_a,Block_Hit,once,true,FAIL,1.23,false,0.6,0.00,8.6,0.0,0.00,0.00,0.00,9,73.5,0.0,0.0,0.0,0,"9 pop(s), worst on 'upperarm_r' at 0.10 s (73 deg/frame^2); (legs ignored: upper-body layer in game)"
villagers,villager_woman_a,Dodge_Forward,once,true,FAIL,1.47,false,12.9,0.00,15.0,0.0,0.67,0.00,0.00,3,69.8,0.0,0.0,9.3,0,"15.0 cm below floor (mesh); all feet off the ground for 0.67 s; planted foot slips 13 cm/s (p75); 3 pop(s), worst on 'upperarm_r' at 0.03 s (40 deg/frame^2)"
villagers,villager_woman_a,Hit_A,once,true,PASS,0.33,false,8.0,0.00,0.0,0.0,0.00,0.00,0.00,0,8.4,0.0,0.0,2.5,0,""
villagers,villager_woman_a,Hit_B,once,true,FAIL,0.83,false,50.9,0.00,18.4,0.0,0.30,0.00,0.00,0,61.2,0.0,0.0,4.5,0,"18.4 cm below floor (mesh); all feet off the ground for 0.30 s; planted foot slips 51 cm/s (p75)"
villagers,villager_woman_a,Death_A,death,true,FAIL,4.46,false,-1.0,0.00,34.5,0.0,0.00,0.00,0.00,0,16.0,0.0,0.0,69.0,0,"34.5 cm below floor (mesh)"
villagers,villager_woman_a,Death_B,death,true,FAIL,1.83,false,-1.0,0.00,22.5,0.0,0.00,0.00,0.00,0,15.6,0.0,0.0,17.6,0,"22.5 cm below floor (mesh)"
villagers,villager_woman_a,Sitting_Idle,sit,true,FAIL,1.67,true,0.0,0.00,6.0,0.0,0.00,0.00,0.00,0,0.1,0.0,0.0,0.0,0,"6.0 cm below floor (mesh)"
villagers,villager_woman_a,Sitting_Talking,sit,false,FAIL,2.93,true,0.0,0.00,6.0,0.0,0.00,0.00,0.00,0,5.2,0.0,0.0,0.0,0,"6.0 cm below floor (mesh)"
villagers,villager_woman_a,Cheer,once,true,PASS,2.50,false,0.5,0.00,0.0,0.0,0.00,0.00,0.00,0,10.0,0.0,0.0,0.0,0,""
villagers,villager_woman_a,Idle_Talking,loop,false,PASS,2.93,true,0.9,0.00,0.1,0.0,0.00,0.00,0.00,0,3.9,0.0,0.0,0.0,0,""
villagers,villager_woman_a,Interact,once,true,PASS,2.00,false,1.6,0.00,0.0,0.0,0.00,0.00,0.00,0,4.3,0.0,0.0,0.0,0,""
villagers,villager_woman_a,Farm_Harvest,once,false,FAIL,2.50,false,0.8,0.00,6.9,0.0,0.00,0.00,0.00,0,10.8,0.0,0.0,0.0,0,"6.9 cm below floor (mesh)"
villagers,villager_woman_a,Farm_Watering,once,false,PASS,3.80,false,0.5,0.00,0.0,0.0,0.00,0.00,0.00,0,2.4,0.0,0.0,0.0,0,""
villagers,villager_woman_a,TreeChopping,once,false,WARN,0.97,true,2.1,0.00,3.3,0.1,0.00,0.00,0.00,2,37.2,0.0,0.0,0.0,0,"3.3 cm below floor (mesh); 2 pop(s), worst on 'upperarm_r' at 0.10 s (37 deg/frame^2)"
villagers,villager_woman_a,Fixing_Kneeling,once,false,FAIL,5.20,false,1.7,0.00,35.8,0.0,0.00,0.00,0.00,0,12.5,0.0,0.0,0.0,0,"35.8 cm below floor (mesh)"
villagers,villager_woman_a,PickUp_Table,once,false,PASS,0.83,false,1.8,0.00,0.1,0.0,0.00,0.00,0.00,0,7.5,0.0,0.0,0.0,0,""
villagers,villager_woman_a,Jump,jump,false,FAIL,2.50,true,0.9,0.00,11.4,0.0,0.00,0.00,0.00,0,0.2,0.0,0.0,0.0,0,"11.4 cm below floor (mesh)"
villagers,villager_woman_b,Idle,loop,true,PASS,2.50,true,1.3,0.00,0.1,0.0,0.00,0.00,0.00,0,0.2,0.3,0.0,0.0,0,""
villagers,villager_woman_b,Walking_A,loco,true,FAIL,1.33,true,20.9,0.92,1.7,0.0,0.00,0.00,0.00,0,15.0,0.0,0.0,0.0,0,"planted foot slips 21 cm/s (p75)"
villagers,villager_woman_b,Running_A,loco,true,FAIL,0.93,true,14.0,5.50,7.1,1.0,0.27,0.00,0.00,0,73.6,0.0,0.0,0.0,0,"7.1 cm below floor (mesh); all feet off the ground for 0.27 s; planted foot slips 14 cm/s (p75)"
villagers,villager_woman_b,Sprint,loco,false,WARN,0.67,true,8.5,8.41,4.9,0.0,0.13,0.00,0.00,0,67.9,0.0,0.0,0.0,0,"4.9 cm below floor (mesh); planted foot slips 9 cm/s (p75)"
villagers,villager_woman_b,Walk_Carry,loco,false,PASS,2.00,true,2.5,0.61,0.2,0.0,0.00,0.00,0.00,0,7.7,0.0,0.0,0.0,0,""
villagers,villager_woman_b,Walk_Formal,loco,false,FAIL,1.33,true,20.2,0.92,1.1,0.0,0.00,0.00,0.00,0,19.5,0.7,0.0,0.0,0,"planted foot slips 20 cm/s (p75)"
villagers,villager_woman_b,Crouch_Fwd,loco,false,FAIL,2.00,true,23.5,0.70,26.0,0.0,0.00,0.00,0.00,0,6.7,0.0,0.0,0.0,0,"26.0 cm below floor (mesh); planted foot slips 24 cm/s (p75)"
villagers,villager_woman_b,Blocking,loop,true,PASS,2.50,true,1.3,0.00,0.1,0.0,0.00,0.00,0.00,0,0.2,0.3,0.0,0.0,0,""
villagers,villager_woman_b,2H_Melee_Idle,loop,true,PASS,1.67,true,0.4,0.00,1.3,0.2,0.00,0.00,0.00,0,0.4,0.0,0.0,0.0,0,""
villagers,villager_woman_b,1H_Melee_Attack_Chop,once,true,PASS,0.43,false,337.7,0.00,16.4,0.0,0.00,0.00,0.00,0,47.6,0.0,0.0,4.3,0,"(legs ignored: upper-body layer in game)"
villagers,villager_woman_b,1H_Melee_Attack_Slice_Diagonal,once,true,PASS,0.53,false,53.4,0.00,24.5,0.6,0.00,0.00,0.00,0,59.7,0.0,0.0,3.0,0,"(legs ignored: upper-body layer in game)"
villagers,villager_woman_b,1H_Melee_Attack_Slice_Horizontal,once,true,PASS,2.00,false,86.3,0.00,22.2,0.0,0.17,0.00,0.00,0,57.0,0.0,0.0,4.7,0,"(legs ignored: upper-body layer in game)"
villagers,villager_woman_b,1H_Melee_Attack_Stab,once,true,WARN,1.53,false,100.4,0.00,19.7,0.0,0.00,0.00,0.00,2,68.8,0.0,0.0,0.0,0,"2 pop(s), worst on 'thigh_r' at 0.30 s (41 deg/frame^2); (legs ignored: upper-body layer in game)"
villagers,villager_woman_b,Block_Hit,once,true,FAIL,1.23,false,1.1,0.00,8.6,0.0,0.00,0.00,0.00,9,73.5,0.0,0.0,0.0,0,"9 pop(s), worst on 'upperarm_r' at 0.10 s (73 deg/frame^2); (legs ignored: upper-body layer in game)"
villagers,villager_woman_b,Dodge_Forward,once,true,FAIL,1.47,false,12.7,0.00,27.6,0.0,0.67,0.00,0.00,3,69.8,0.0,0.0,9.3,0,"27.6 cm below floor (mesh); all feet off the ground for 0.67 s; planted foot slips 13 cm/s (p75); 3 pop(s), worst on 'upperarm_r' at 0.03 s (40 deg/frame^2)"
villagers,villager_woman_b,Hit_A,once,true,PASS,0.33,false,8.2,0.00,0.0,0.0,0.00,0.00,0.00,0,8.4,0.0,0.0,2.5,0,"(legs ignored: upper-body layer in game)"
villagers,villager_woman_b,Hit_B,once,true,FAIL,0.83,false,50.4,0.00,27.2,0.0,0.30,0.00,0.00,0,61.2,0.0,0.0,4.5,0,"27.2 cm below floor (mesh); all feet off the ground for 0.30 s; planted foot slips 50 cm/s (p75)"
villagers,villager_woman_b,Death_A,death,true,FAIL,4.46,false,-1.0,0.00,36.3,0.0,0.00,0.00,0.00,0,16.0,0.0,0.0,68.7,0,"36.3 cm below floor (mesh)"
villagers,villager_woman_b,Death_B,death,true,FAIL,1.83,false,-1.0,0.00,20.1,0.0,0.00,0.00,0.00,0,15.6,0.0,0.0,17.6,0,"20.1 cm below floor (mesh)"
villagers,villager_woman_b,Sitting_Idle,sit,true,FAIL,1.67,true,0.0,0.00,6.6,0.0,0.00,0.00,0.00,0,0.1,0.0,0.0,0.0,0,"6.6 cm below floor (mesh)"
villagers,villager_woman_b,Sitting_Talking,sit,false,FAIL,2.93,true,0.1,0.00,6.6,0.0,0.00,0.00,0.00,0,5.2,0.0,0.0,0.0,0,"6.6 cm below floor (mesh)"
villagers,villager_woman_b,Cheer,once,true,PASS,2.50,false,0.6,0.00,0.0,0.0,0.00,0.00,0.00,0,10.0,0.0,0.0,0.0,0,""
villagers,villager_woman_b,Idle_Talking,loop,false,PASS,2.93,true,1.0,0.00,0.1,0.0,0.00,0.00,0.00,0,3.9,0.0,0.0,0.0,0,""
villagers,villager_woman_b,Interact,once,true,PASS,2.00,false,1.5,0.00,0.0,0.0,0.00,0.00,0.00,0,4.3,0.0,0.0,0.0,0,""
villagers,villager_woman_b,Farm_Harvest,once,false,FAIL,2.50,false,1.0,0.00,7.1,0.0,0.00,0.00,0.00,0,10.8,0.0,0.0,0.0,0,"7.1 cm below floor (mesh)"
villagers,villager_woman_b,Farm_Watering,once,false,PASS,3.80,false,0.5,0.00,0.1,0.0,0.00,0.00,0.00,0,2.4,0.0,0.0,0.0,0,""
villagers,villager_woman_b,TreeChopping,once,false,WARN,0.97,true,2.3,0.00,3.3,0.1,0.00,0.00,0.00,2,37.2,0.0,0.0,0.0,0,"3.3 cm below floor (mesh); 2 pop(s), worst on 'upperarm_r' at 0.10 s (37 deg/frame^2)"
villagers,villager_woman_b,Fixing_Kneeling,once,false,FAIL,5.20,false,2.5,0.00,36.2,0.0,0.00,0.00,0.00,0,12.5,0.0,0.0,0.0,0,"36.2 cm below floor (mesh)"
villagers,villager_woman_b,PickUp_Table,once,false,PASS,0.83,false,2.0,0.00,0.1,0.0,0.00,0.00,0.00,0,7.5,0.0,0.0,0.0,0,""
villagers,villager_woman_b,Jump,jump,false,FAIL,2.50,true,0.7,0.00,11.4,0.0,0.00,0.00,0.00,0,0.2,0.0,0.0,0.0,0,"11.4 cm below floor (mesh)"
villagers,elder_man,Idle,loop,true,PASS,2.50,true,1.2,0.00,0.2,0.0,0.00,0.00,0.00,0,0.2,0.3,0.0,0.0,0,""
villagers,elder_man,Walking_A,loco,true,FAIL,1.33,true,21.2,0.95,0.9,0.0,0.00,0.00,0.00,0,15.0,0.0,0.0,0.0,0,"planted foot slips 21 cm/s (p75)"
villagers,elder_man,Running_A,loco,true,FAIL,0.93,true,30.4,5.92,0.0,0.3,0.30,0.00,0.00,0,73.6,0.0,0.0,0.0,0,"all feet off the ground for 0.30 s; planted foot slips 30 cm/s (p75)"
villagers,elder_man,Sprint,loco,false,PASS,0.67,true,-1.0,0.00,0.1,0.0,0.13,0.00,0.00,0,67.9,0.0,0.0,0.0,0,"no ground-contact frames found"
villagers,elder_man,Walk_Carry,loco,false,PASS,2.00,true,4.4,0.64,0.3,0.0,0.00,0.00,0.00,0,7.7,0.0,0.0,0.0,0,""
villagers,elder_man,Walk_Formal,loco,false,FAIL,1.33,true,20.1,0.96,1.1,0.0,0.00,0.00,0.00,0,19.5,0.7,0.0,0.0,0,"planted foot slips 20 cm/s (p75)"
villagers,elder_man,Crouch_Fwd,loco,false,FAIL,2.00,true,45.6,0.74,3.8,0.0,0.00,0.00,0.00,0,6.7,0.0,0.0,0.0,0,"3.8 cm below floor (mesh); planted foot slips 46 cm/s (p75)"
villagers,elder_man,Blocking,loop,true,PASS,2.50,true,1.2,0.00,0.2,0.0,0.00,0.00,0.00,0,0.2,0.3,0.0,0.0,0,""
villagers,elder_man,2H_Melee_Idle,loop,true,PASS,1.67,true,0.7,0.00,0.1,0.0,0.00,0.00,0.00,0,0.4,0.0,0.0,0.0,0,""
villagers,elder_man,1H_Melee_Attack_Chop,once,true,PASS,0.43,false,353.9,0.00,1.4,0.0,0.00,0.00,0.00,0,47.6,0.0,0.0,4.4,0,"(legs ignored: upper-body layer in game)"
villagers,elder_man,1H_Melee_Attack_Slice_Diagonal,once,true,PASS,0.53,false,50.9,0.00,3.9,0.0,0.00,0.00,0.00,0,59.7,0.0,0.0,3.2,0,"(legs ignored: upper-body layer in game)"
villagers,elder_man,1H_Melee_Attack_Slice_Horizontal,once,true,PASS,2.00,false,86.9,0.00,5.9,0.0,0.13,0.00,0.00,0,57.0,0.0,0.0,4.9,0,"(legs ignored: upper-body layer in game)"
villagers,elder_man,1H_Melee_Attack_Stab,once,true,WARN,1.53,false,106.2,0.00,1.6,0.0,0.00,0.00,0.00,2,68.8,0.0,0.0,0.0,0,"2 pop(s), worst on 'thigh_r' at 0.30 s (41 deg/frame^2); (legs ignored: upper-body layer in game)"
villagers,elder_man,Block_Hit,once,true,FAIL,1.23,false,3.8,0.00,0.5,0.0,0.00,0.00,0.00,9,73.5,0.0,0.0,0.0,0,"9 pop(s), worst on 'upperarm_r' at 0.10 s (73 deg/frame^2)"
villagers,elder_man,Dodge_Forward,once,true,FAIL,1.47,false,14.2,0.00,22.1,0.0,0.67,0.00,0.00,3,69.8,0.0,0.0,9.7,0,"22.1 cm below floor (mesh); all feet off the ground for 0.67 s; planted foot slips 14 cm/s (p75); 3 pop(s), worst on 'upperarm_r' at 0.03 s (40 deg/frame^2)"
villagers,elder_man,Hit_A,once,true,PASS,0.33,false,9.1,0.00,0.1,0.0,0.00,0.00,0.00,0,8.4,0.0,0.0,2.6,0,"(legs ignored: upper-body layer in game)"
villagers,elder_man,Hit_B,once,true,FAIL,0.83,false,52.0,0.00,23.0,0.0,0.30,0.00,0.00,0,61.2,0.0,0.0,4.7,0,"23.0 cm below floor (mesh); all feet off the ground for 0.30 s; planted foot slips 52 cm/s (p75)"
villagers,elder_man,Death_A,death,true,FAIL,4.46,false,-1.0,0.00,22.5,0.0,0.00,0.00,0.00,0,16.0,0.0,0.0,71.7,0,"22.5 cm below floor (mesh)"
villagers,elder_man,Death_B,death,true,FAIL,1.83,false,-1.0,0.00,20.7,0.0,0.00,0.00,0.00,0,15.6,0.0,0.0,18.3,0,"20.7 cm below floor (mesh)"
villagers,elder_man,Sitting_Idle,sit,true,PASS,1.67,true,0.0,0.00,0.9,0.0,0.00,0.00,0.00,0,0.1,0.0,0.0,0.0,0,""
villagers,elder_man,Sitting_Talking,sit,false,PASS,2.93,true,0.3,0.00,0.9,0.0,0.00,0.00,0.00,0,5.2,0.0,0.0,0.0,0,""
villagers,elder_man,Cheer,once,true,PASS,2.50,false,0.8,0.00,0.1,0.0,0.00,0.00,0.00,0,10.0,0.0,0.0,0.0,0,""
villagers,elder_man,Idle_Talking,loop,false,PASS,2.93,true,0.9,0.00,0.2,0.0,0.00,0.00,0.00,0,3.9,0.0,0.0,0.0,0,""
villagers,elder_man,Interact,once,true,PASS,2.00,false,1.3,0.00,0.2,0.0,0.00,0.00,0.00,0,4.3,0.0,0.0,0.0,0,""
villagers,elder_man,Farm_Harvest,once,false,PASS,2.50,false,2.7,0.00,0.5,0.0,0.00,0.00,0.00,0,10.8,0.0,0.0,0.0,0,""
villagers,elder_man,Farm_Watering,once,false,PASS,3.80,false,0.7,0.00,0.3,0.0,0.00,0.00,0.00,0,2.4,0.0,0.0,0.0,0,""
villagers,elder_man,TreeChopping,once,false,WARN,0.97,true,4.7,0.00,0.3,0.0,0.00,0.00,0.00,2,37.2,0.0,0.0,0.0,0,"2 pop(s), worst on 'upperarm_r' at 0.10 s (37 deg/frame^2)"
villagers,elder_man,Fixing_Kneeling,once,false,FAIL,5.20,false,1.0,0.00,12.9,0.0,0.00,0.00,0.00,0,12.5,0.0,0.0,0.0,0,"12.9 cm below floor (mesh)"
villagers,elder_man,PickUp_Table,once,false,PASS,0.83,false,3.7,0.00,0.4,0.0,0.00,0.00,0.00,0,7.5,0.0,0.0,0.0,0,""
villagers,elder_man,Jump,jump,false,FAIL,2.50,true,0.6,0.00,13.1,0.0,0.00,0.00,0.00,0,0.2,0.0,0.0,0.0,0,"13.1 cm below floor (foot joint)"
villagers,elder_woman,Idle,loop,true,PASS,2.50,true,1.2,0.00,0.2,0.0,0.00,0.00,0.00,0,0.2,0.3,0.0,0.0,0,""
villagers,elder_woman,Walking_A,loco,true,FAIL,1.33,true,30.2,0.91,2.2,0.0,0.00,0.00,0.00,0,15.0,0.0,0.0,0.0,0,"2.2 cm below floor (mesh); planted foot slips 30 cm/s (p75)"
villagers,elder_woman,Running_A,loco,true,FAIL,0.93,true,16.6,5.50,8.0,0.1,0.27,0.00,0.00,0,73.6,0.0,0.0,0.0,0,"8.0 cm below floor (mesh); all feet off the ground for 0.27 s; planted foot slips 17 cm/s (p75)"
villagers,elder_woman,Sprint,loco,false,WARN,0.67,true,19.1,8.40,4.6,0.0,0.13,0.00,0.00,0,67.9,0.0,0.0,0.0,0,"4.6 cm below floor (mesh); planted foot slips 19 cm/s (p75)"
villagers,elder_woman,Walk_Carry,loco,false,PASS,2.00,true,3.0,0.61,1.1,0.0,0.00,0.00,0.00,0,7.7,0.0,0.0,0.0,0,""
villagers,elder_woman,Walk_Formal,loco,false,FAIL,1.33,true,28.9,0.91,1.5,0.0,0.00,0.00,0.00,0,19.5,0.7,0.0,0.0,0,"planted foot slips 29 cm/s (p75)"
villagers,elder_woman,Crouch_Fwd,loco,false,FAIL,2.00,true,44.0,0.70,25.5,0.0,0.00,0.00,0.00,0,6.7,0.0,0.0,0.0,0,"25.5 cm below floor (mesh); planted foot slips 44 cm/s (p75)"
villagers,elder_woman,Blocking,loop,true,PASS,2.50,true,1.2,0.00,0.2,0.0,0.00,0.00,0.00,0,0.2,0.3,0.0,0.0,0,""
villagers,elder_woman,2H_Melee_Idle,loop,true,WARN,1.67,true,0.5,0.00,2.0,0.0,0.00,0.00,0.00,0,0.4,0.0,0.0,0.0,0,"2.0 cm below floor (mesh)"
villagers,elder_woman,1H_Melee_Attack_Chop,once,true,PASS,0.43,false,304.2,0.00,17.6,0.0,0.00,0.00,0.00,0,47.6,0.0,0.0,4.3,0,"(legs ignored: upper-body layer in game)"
villagers,elder_woman,1H_Melee_Attack_Slice_Diagonal,once,true,PASS,0.53,false,53.7,0.00,24.3,0.0,0.00,0.00,0.00,0,59.7,0.0,0.0,3.0,0,"(legs ignored: upper-body layer in game)"
villagers,elder_woman,1H_Melee_Attack_Slice_Horizontal,once,true,PASS,2.00,false,58.7,0.00,21.9,0.0,0.13,0.00,0.00,0,57.0,0.0,0.0,4.6,0,"(legs ignored: upper-body layer in game)"
villagers,elder_woman,1H_Melee_Attack_Stab,once,true,WARN,1.53,false,95.3,0.00,19.8,0.0,0.00,0.00,0.00,2,68.8,0.0,0.0,0.0,0,"2 pop(s), worst on 'thigh_r' at 0.30 s (41 deg/frame^2); (legs ignored: upper-body layer in game)"
villagers,elder_woman,Block_Hit,once,true,FAIL,1.23,false,2.7,0.00,9.0,0.0,0.00,0.00,0.00,9,73.5,0.0,0.0,0.0,0,"9 pop(s), worst on 'upperarm_r' at 0.10 s (73 deg/frame^2); (legs ignored: upper-body layer in game)"
villagers,elder_woman,Dodge_Forward,once,true,FAIL,1.47,false,13.1,0.00,23.7,0.0,0.67,0.00,0.00,3,69.8,0.0,0.0,9.2,0,"23.7 cm below floor (mesh); all feet off the ground for 0.67 s; planted foot slips 13 cm/s (p75); 3 pop(s), worst on 'upperarm_r' at 0.03 s (40 deg/frame^2)"
villagers,elder_woman,Hit_A,once,true,PASS,0.33,false,8.4,0.00,0.1,0.0,0.00,0.00,0.00,0,8.4,0.0,0.0,2.5,0,"(legs ignored: upper-body layer in game)"
villagers,elder_woman,Hit_B,once,true,FAIL,0.83,false,49.5,0.00,31.4,0.0,0.30,0.00,0.00,0,61.2,0.0,0.0,4.5,0,"31.4 cm below floor (mesh); all feet off the ground for 0.30 s; planted foot slips 50 cm/s (p75)"
villagers,elder_woman,Death_A,death,true,FAIL,4.46,false,-1.0,0.00,35.6,0.0,0.00,0.00,0.00,0,16.0,0.0,0.0,68.5,0,"35.6 cm below floor (mesh)"
villagers,elder_woman,Death_B,death,true,FAIL,1.83,false,-1.0,0.00,24.2,0.0,0.00,0.00,0.00,0,15.6,0.0,0.0,17.5,0,"24.2 cm below floor (mesh)"
villagers,elder_woman,Sitting_Idle,sit,true,FAIL,1.67,true,0.0,0.00,7.9,0.0,0.00,0.00,0.00,0,0.1,0.0,0.0,0.0,0,"7.9 cm below floor (mesh)"
villagers,elder_woman,Sitting_Talking,sit,false,FAIL,2.93,true,0.2,0.00,7.9,0.0,0.00,0.00,0.00,0,5.2,0.0,0.0,0.0,0,"7.9 cm below floor (mesh)"
villagers,elder_woman,Cheer,once,true,PASS,2.50,false,0.7,0.00,0.1,0.0,0.00,0.00,0.00,0,10.0,0.0,0.0,0.0,0,""
villagers,elder_woman,Idle_Talking,loop,false,PASS,2.93,true,0.9,0.00,0.2,0.0,0.00,0.00,0.00,0,3.9,0.0,0.0,0.0,0,""
villagers,elder_woman,Interact,once,true,PASS,2.00,false,1.3,0.00,0.1,0.0,0.00,0.00,0.00,0,4.3,0.0,0.0,0.0,0,""
villagers,elder_woman,Farm_Harvest,once,false,FAIL,2.50,false,1.9,0.00,7.7,0.0,0.00,0.00,0.00,0,10.8,0.0,0.0,0.0,0,"7.7 cm below floor (mesh)"
villagers,elder_woman,Farm_Watering,once,false,PASS,3.80,false,0.6,0.00,0.3,0.0,0.00,0.00,0.00,0,2.4,0.0,0.0,0.0,0,""
villagers,elder_woman,TreeChopping,once,false,WARN,0.97,true,4.6,0.00,3.7,0.0,0.00,0.00,0.00,2,37.2,0.0,0.0,0.0,0,"3.7 cm below floor (mesh); 2 pop(s), worst on 'upperarm_r' at 0.10 s (37 deg/frame^2)"
villagers,elder_woman,Fixing_Kneeling,once,false,FAIL,5.20,false,0.9,0.00,36.9,0.0,0.00,0.00,0.00,0,12.5,0.0,0.0,0.0,0,"36.9 cm below floor (mesh)"
villagers,elder_woman,PickUp_Table,once,false,PASS,0.83,false,3.9,0.00,0.4,0.0,0.00,0.00,0.00,0,7.5,0.0,0.0,0.0,0,""
villagers,elder_woman,Jump,jump,false,FAIL,2.50,true,0.6,0.00,12.4,0.0,0.00,0.00,0.00,0,0.2,0.0,0.0,0.0,0,"12.4 cm below floor (foot joint)"
villagers,father,Idle,loop,true,PASS,2.50,true,1.5,0.00,0.0,0.0,0.00,0.00,0.00,0,0.2,0.3,0.0,0.0,0,""
villagers,father,Walking_A,loco,true,FAIL,1.33,true,24.6,1.03,1.2,0.0,0.00,0.00,0.00,0,15.0,0.0,0.0,0.0,0,"planted foot slips 25 cm/s (p75)"
villagers,father,Running_A,loco,true,WARN,0.93,true,10.4,6.19,0.0,1.0,0.30,0.00,0.00,0,73.6,0.0,0.0,0.0,0,"all feet off the ground for 0.30 s; planted foot slips 10 cm/s (p75)"
villagers,father,Sprint,loco,false,PASS,0.67,true,4.1,9.36,0.0,0.1,0.13,0.00,0.00,0,67.9,0.0,0.0,0.0,0,""
villagers,father,Walk_Carry,loco,false,PASS,2.00,true,2.1,0.69,0.5,0.0,0.00,0.00,0.00,0,7.7,0.0,0.0,0.0,0,""
villagers,father,Walk_Formal,loco,false,FAIL,1.33,true,24.4,1.03,1.3,0.0,0.00,0.00,0.00,0,19.5,0.7,0.0,0.0,0,"planted foot slips 24 cm/s (p75)"
villagers,father,Crouch_Fwd,loco,false,FAIL,2.00,true,25.1,0.77,0.0,0.1,0.00,0.00,0.00,0,6.7,0.0,0.0,0.0,0,"planted foot slips 25 cm/s (p75)"
villagers,father,Blocking,loop,true,PASS,2.50,true,1.5,0.00,0.0,0.0,0.00,0.00,0.00,0,0.2,0.3,0.0,0.0,0,""
villagers,father,2H_Melee_Idle,loop,true,PASS,1.67,true,0.3,0.00,0.0,0.3,0.00,0.00,0.00,0,0.4,0.0,0.0,0.0,0,""
villagers,father,1H_Melee_Attack_Chop,once,true,PASS,0.43,false,327.6,0.00,0.0,0.1,0.00,0.00,0.00,0,47.6,0.0,0.0,4.8,0,"(legs ignored: upper-body layer in game)"
villagers,father,1H_Melee_Attack_Slice_Diagonal,once,true,PASS,0.53,false,59.7,0.00,0.0,0.5,0.00,0.00,0.00,0,59.7,0.0,0.0,3.4,0,"(legs ignored: upper-body layer in game)"
villagers,father,1H_Melee_Attack_Slice_Horizontal,once,true,PASS,2.00,false,52.1,0.00,7.5,0.0,0.17,0.00,0.00,0,57.0,0.0,0.0,5.2,0,"(legs ignored: upper-body layer in game)"
villagers,father,1H_Melee_Attack_Stab,once,true,WARN,1.53,false,97.2,0.00,0.8,0.0,0.00,0.00,0.00,2,68.8,0.0,0.0,0.0,0,"2 pop(s), worst on 'thigh_r' at 0.30 s (41 deg/frame^2); (legs ignored: upper-body layer in game)"
villagers,father,Block_Hit,once,true,FAIL,1.23,false,0.7,0.00,0.0,0.0,0.00,0.00,0.00,9,73.5,0.0,0.0,0.0,0,"9 pop(s), worst on 'upperarm_r' at 0.10 s (73 deg/frame^2)"
villagers,father,Dodge_Forward,once,true,FAIL,1.47,false,12.6,0.00,1.2,0.0,0.67,0.00,0.00,3,69.8,0.0,0.0,10.3,0,"all feet off the ground for 0.67 s; planted foot slips 13 cm/s (p75); 3 pop(s), worst on 'upperarm_r' at 0.03 s (40 deg/frame^2)"
villagers,father,Hit_A,once,true,PASS,0.33,false,8.8,0.00,0.0,0.0,0.00,0.00,0.00,0,8.4,0.0,0.0,2.8,0,"(legs ignored: upper-body layer in game)"
villagers,father,Hit_B,once,true,FAIL,0.83,false,56.4,0.00,7.3,0.0,0.30,0.00,0.00,0,61.2,0.0,0.0,5.0,0,"7.3 cm below floor (mesh); all feet off the ground for 0.30 s; planted foot slips 56 cm/s (p75)"
villagers,father,Death_A,death,true,FAIL,4.46,false,-1.0,0.00,17.4,0.0,0.00,0.00,0.00,0,16.0,0.0,0.0,76.7,0,"17.4 cm below floor (mesh)"
villagers,father,Death_B,death,true,FAIL,1.83,false,-1.0,0.00,14.9,0.0,0.00,0.00,0.00,0,15.6,0.0,0.0,19.6,0,"14.9 cm below floor (mesh)"
villagers,father,Sitting_Idle,sit,true,PASS,1.67,true,0.0,0.00,0.0,0.0,0.00,0.00,0.00,0,0.1,0.0,0.0,0.0,0,""
villagers,father,Sitting_Talking,sit,false,PASS,2.93,true,0.0,0.00,0.0,0.0,0.00,0.00,0.00,0,5.2,0.0,0.0,0.0,0,""
villagers,father,Cheer,once,true,PASS,2.50,false,0.5,0.00,0.0,0.0,0.00,0.00,0.00,0,10.0,0.0,0.0,0.0,0,""
villagers,father,Idle_Talking,loop,false,PASS,2.93,true,1.1,0.00,0.1,0.0,0.00,0.00,0.00,0,3.9,0.0,0.0,0.0,0,""
villagers,father,Interact,once,true,PASS,2.00,false,1.8,0.00,0.0,0.0,0.00,0.00,0.00,0,4.3,0.0,0.0,0.0,0,""
villagers,father,Farm_Harvest,once,false,PASS,2.50,false,1.0,0.00,0.9,0.0,0.00,0.00,0.00,0,10.8,0.0,0.0,0.0,0,""
villagers,father,Farm_Watering,once,false,PASS,3.80,false,0.5,0.00,0.0,0.0,0.00,0.00,0.00,0,2.4,0.0,0.0,0.0,0,""
villagers,father,TreeChopping,once,false,WARN,0.97,true,2.8,0.00,0.0,0.1,0.00,0.00,0.00,2,37.2,0.0,0.0,0.0,0,"2 pop(s), worst on 'upperarm_r' at 0.10 s (37 deg/frame^2)"
villagers,father,Fixing_Kneeling,once,false,FAIL,5.20,false,1.8,0.00,5.0,0.0,0.00,0.00,0.00,0,12.5,0.0,0.0,0.0,0,"5.0 cm below floor (mesh)"
villagers,father,PickUp_Table,once,false,PASS,0.83,false,2.7,0.00,0.1,0.0,0.00,0.00,0.00,0,7.5,0.0,0.0,0.0,0,""
villagers,father,Jump,jump,false,FAIL,2.50,true,1.0,0.00,13.5,0.0,0.00,0.00,0.00,0,0.2,0.0,0.0,0.0,0,"13.5 cm below floor (mesh)"
villagers,mother,Idle,loop,true,PASS,2.50,true,1.2,0.00,0.0,0.0,0.00,0.00,0.00,0,0.2,0.3,0.0,0.0,0,""
villagers,mother,Walking_A,loco,true,FAIL,1.33,true,22.6,0.89,1.2,0.0,0.00,0.00,0.00,0,15.0,0.0,0.0,0.0,0,"planted foot slips 23 cm/s (p75)"
villagers,mother,Running_A,loco,true,FAIL,0.93,true,12.5,5.35,7.1,1.1,0.27,0.00,0.00,0,73.6,0.0,0.0,0.0,0,"7.1 cm below floor (mesh); all feet off the ground for 0.27 s; planted foot slips 12 cm/s (p75)"
villagers,mother,Sprint,loco,false,WARN,0.67,true,5.0,8.14,3.9,0.0,0.13,0.00,0.00,0,67.9,0.0,0.0,0.0,0,"3.9 cm below floor (mesh)"
villagers,mother,Walk_Carry,loco,false,PASS,2.00,true,1.8,0.60,0.4,0.1,0.00,0.00,0.00,0,7.7,0.0,0.0,0.0,0,""
villagers,mother,Walk_Formal,loco,false,FAIL,1.33,true,22.0,0.90,1.0,0.0,0.00,0.00,0.00,0,19.5,0.7,0.0,0.0,0,"planted foot slips 22 cm/s (p75)"
villagers,mother,Crouch_Fwd,loco,false,FAIL,2.00,true,23.5,0.67,23.9,0.0,0.00,0.00,0.00,0,6.7,0.0,0.0,0.0,0,"23.9 cm below floor (mesh); planted foot slips 24 cm/s (p75)"
villagers,mother,Blocking,loop,true,PASS,2.50,true,1.2,0.00,0.0,0.0,0.00,0.00,0.00,0,0.2,0.3,0.0,0.0,0,""
villagers,mother,2H_Melee_Idle,loop,true,PASS,1.67,true,0.3,0.00,1.2,0.2,0.00,0.00,0.00,0,0.4,0.0,0.0,0.0,0,""
villagers,mother,1H_Melee_Attack_Chop,once,true,PASS,0.43,false,312.7,0.00,16.0,0.0,0.00,0.00,0.00,0,47.6,0.0,0.0,4.1,0,"(legs ignored: upper-body layer in game)"
villagers,mother,1H_Melee_Attack_Slice_Diagonal,once,true,PASS,0.53,false,50.7,0.00,22.0,0.6,0.00,0.00,0.00,0,59.7,0.0,0.0,2.9,0,"(legs ignored: upper-body layer in game)"
villagers,mother,1H_Melee_Attack_Slice_Horizontal,once,true,PASS,2.00,false,83.6,0.00,19.5,0.0,0.17,0.00,0.00,0,57.0,0.0,0.0,4.5,0,"(legs ignored: upper-body layer in game)"
villagers,mother,1H_Melee_Attack_Stab,once,true,WARN,1.53,false,95.2,0.00,18.3,0.0,0.00,0.00,0.00,2,68.8,0.0,0.0,0.0,0,"2 pop(s), worst on 'thigh_r' at 0.30 s (41 deg/frame^2); (legs ignored: upper-body layer in game)"
villagers,mother,Block_Hit,once,true,FAIL,1.23,false,0.6,0.00,8.3,0.0,0.00,0.00,0.00,9,73.5,0.0,0.0,0.0,0,"9 pop(s), worst on 'upperarm_r' at 0.10 s (73 deg/frame^2); (legs ignored: upper-body layer in game)"
villagers,mother,Dodge_Forward,once,true,FAIL,1.47,false,12.7,0.00,14.4,0.0,0.67,0.00,0.00,3,69.8,0.0,0.0,9.0,0,"14.4 cm below floor (mesh); all feet off the ground for 0.67 s; planted foot slips 13 cm/s (p75); 3 pop(s), worst on 'upperarm_r' at 0.03 s (40 deg/frame^2)"
villagers,mother,Hit_A,once,true,PASS,0.33,false,7.8,0.00,0.0,0.0,0.00,0.00,0.00,0,8.4,0.0,0.0,2.5,0,""
villagers,mother,Hit_B,once,true,FAIL,0.83,false,49.1,0.00,17.5,0.0,0.30,0.00,0.00,0,61.2,0.0,0.0,4.3,0,"17.5 cm below floor (mesh); all feet off the ground for 0.30 s; planted foot slips 49 cm/s (p75)"
villagers,mother,Death_A,death,true,FAIL,4.46,false,-1.0,0.00,33.2,0.0,0.00,0.00,0.00,0,16.0,0.0,0.0,66.7,0,"33.2 cm below floor (mesh)"
villagers,mother,Death_B,death,true,FAIL,1.83,false,-1.0,0.00,22.1,0.0,0.00,0.00,0.00,0,15.6,0.0,0.0,17.0,0,"22.1 cm below floor (mesh)"
villagers,mother,Sitting_Idle,sit,true,FAIL,1.67,true,0.0,0.00,5.9,0.0,0.00,0.00,0.00,0,0.1,0.0,0.0,0.0,0,"5.9 cm below floor (mesh)"
villagers,mother,Sitting_Talking,sit,false,FAIL,2.93,true,0.1,0.00,5.9,0.0,0.00,0.00,0.00,0,5.2,0.0,0.0,0.0,0,"5.9 cm below floor (mesh)"
villagers,mother,Cheer,once,true,PASS,2.50,false,0.5,0.00,0.0,0.0,0.00,0.00,0.00,0,10.0,0.0,0.0,0.0,0,""
villagers,mother,Idle_Talking,loop,false,PASS,2.93,true,0.9,0.00,0.1,0.0,0.00,0.00,0.00,0,3.9,0.0,0.0,0.0,0,""
villagers,mother,Interact,once,true,PASS,2.00,false,1.5,0.00,0.0,0.0,0.00,0.00,0.00,0,4.3,0.0,0.0,0.0,0,""
villagers,mother,Farm_Harvest,once,false,FAIL,2.50,false,0.7,0.00,6.6,0.0,0.00,0.00,0.00,0,10.8,0.0,0.0,0.0,0,"6.6 cm below floor (mesh)"
villagers,mother,Farm_Watering,once,false,PASS,3.80,false,0.5,0.00,0.0,0.0,0.00,0.00,0.00,0,2.4,0.0,0.0,0.0,0,""
villagers,mother,TreeChopping,once,false,WARN,0.97,true,2.0,0.00,3.1,0.1,0.00,0.00,0.00,2,37.2,0.0,0.0,0.0,0,"3.1 cm below floor (mesh); 2 pop(s), worst on 'upperarm_r' at 0.10 s (37 deg/frame^2)"
villagers,mother,Fixing_Kneeling,once,false,FAIL,5.20,false,1.7,0.00,34.7,0.0,0.00,0.00,0.00,0,12.5,0.0,0.0,0.0,0,"34.7 cm below floor (mesh)"
villagers,mother,PickUp_Table,once,false,PASS,0.83,false,1.7,0.00,0.1,0.0,0.00,0.00,0.00,0,7.5,0.0,0.0,0.0,0,""
villagers,mother,Jump,jump,false,FAIL,2.50,true,0.8,0.00,11.0,0.0,0.00,0.00,0.00,0,0.2,0.0,0.0,0.0,0,"11.0 cm below floor (mesh)"
villagers,child_boy,Idle,loop,true,PASS,2.50,true,1.2,0.00,0.0,0.0,0.00,0.00,0.00,0,0.2,0.3,0.0,0.0,0,""
villagers,child_boy,Walking_A,loco,true,WARN,1.33,true,8.1,0.73,1.4,0.0,0.00,0.00,0.00,0,15.0,0.0,0.0,0.0,0,"planted foot slips 8 cm/s (p75)"
villagers,child_boy,Running_A,loco,true,WARN,0.93,true,19.9,4.52,0.1,0.0,0.27,0.00,0.00,0,73.6,0.0,0.0,0.0,0,"all feet off the ground for 0.27 s; planted foot slips 20 cm/s (p75)"
villagers,child_boy,Sprint,loco,false,PASS,0.67,true,-1.0,6.44,0.2,0.0,0.13,0.00,0.00,0,67.9,0.0,0.0,0.0,0,"no ground-contact frames found"
villagers,child_boy,Walk_Carry,loco,false,PASS,2.00,true,5.0,0.48,1.3,0.0,0.00,0.00,0.00,0,7.7,0.0,0.0,0.0,0,""
villagers,child_boy,Walk_Formal,loco,false,WARN,1.33,true,13.0,0.72,1.3,0.0,0.00,0.00,0.00,0,19.5,0.7,0.0,0.0,0,"planted foot slips 13 cm/s (p75)"
villagers,child_boy,Crouch_Fwd,loco,false,WARN,2.00,true,15.3,0.55,0.8,0.0,0.00,0.00,0.00,0,6.7,0.0,0.0,0.0,0,"planted foot slips 15 cm/s (p75)"
villagers,child_boy,Blocking,loop,true,PASS,2.50,true,1.2,0.00,0.0,0.0,0.00,0.00,0.00,0,0.2,0.3,0.0,0.0,0,""
villagers,child_boy,2H_Melee_Idle,loop,true,PASS,1.67,true,0.7,0.00,0.0,0.3,0.00,0.00,0.00,0,0.4,0.0,0.0,0.0,0,""
villagers,child_boy,1H_Melee_Attack_Chop,once,true,PASS,0.43,false,304.6,0.00,1.0,0.0,0.00,0.00,0.00,0,47.6,0.0,0.0,3.3,0,"(legs ignored: upper-body layer in game)"
villagers,child_boy,1H_Melee_Attack_Slice_Diagonal,once,true,PASS,0.53,false,99.9,0.00,0.3,0.0,0.00,0.00,0.00,0,59.7,0.0,0.0,2.4,0,"(legs ignored: upper-body layer in game)"
villagers,child_boy,1H_Melee_Attack_Slice_Horizontal,once,true,PASS,2.00,false,46.7,0.00,6.5,0.0,0.10,0.00,0.00,0,57.0,0.0,0.0,3.6,0,"(legs ignored: upper-body layer in game)"
villagers,child_boy,1H_Melee_Attack_Stab,once,true,WARN,1.53,false,83.1,0.00,0.4,0.0,0.00,0.00,0.00,2,68.8,0.0,0.0,0.0,0,"2 pop(s), worst on 'thigh_r' at 0.30 s (41 deg/frame^2); (legs ignored: upper-body layer in game)"
villagers,child_boy,Block_Hit,once,true,FAIL,1.23,false,4.4,0.00,0.2,0.0,0.00,0.00,0.00,9,73.5,0.0,0.0,0.0,0,"9 pop(s), worst on 'upperarm_r' at 0.10 s (73 deg/frame^2)"
villagers,child_boy,Dodge_Forward,once,true,FAIL,1.47,false,12.0,0.00,1.3,0.0,0.67,0.00,0.00,3,69.8,0.0,0.0,7.2,0,"all feet off the ground for 0.67 s; planted foot slips 12 cm/s (p75); 3 pop(s), worst on 'upperarm_r' at 0.03 s (40 deg/frame^2)"
villagers,child_boy,Hit_A,once,true,PASS,0.33,false,5.7,0.00,0.0,0.0,0.00,0.00,0.00,0,8.4,0.0,0.0,2.0,0,""
villagers,child_boy,Hit_B,once,true,FAIL,0.83,false,41.3,0.00,5.1,0.0,0.30,0.00,0.00,0,61.2,0.0,0.0,3.5,0,"5.1 cm below floor (mesh); all feet off the ground for 0.30 s; planted foot slips 41 cm/s (p75)"
villagers,child_boy,Death_A,death,true,FAIL,4.46,false,-1.0,0.00,13.9,0.0,0.00,0.00,0.00,0,16.0,0.0,0.0,53.4,0,"13.9 cm below floor (mesh)"
villagers,child_boy,Death_B,death,true,FAIL,1.83,false,-1.0,0.00,11.7,0.0,0.00,0.00,0.00,0,15.6,0.0,0.0,13.6,0,"11.7 cm below floor (mesh)"
villagers,child_boy,Sitting_Idle,sit,true,PASS,1.67,true,0.0,0.00,0.0,0.0,0.00,0.00,0.00,0,0.1,0.0,0.0,0.0,0,""
villagers,child_boy,Sitting_Talking,sit,false,PASS,2.93,true,0.3,0.00,0.0,0.0,0.00,0.00,0.00,0,5.2,0.0,0.0,0.0,0,""
villagers,child_boy,Cheer,once,true,PASS,2.50,false,0.7,0.00,0.0,0.0,0.00,0.00,0.00,0,10.0,0.0,0.0,0.0,0,""
villagers,child_boy,Idle_Talking,loop,false,PASS,2.93,true,0.8,0.00,0.0,0.0,0.00,0.00,0.00,0,3.9,0.0,0.0,0.0,0,""
villagers,child_boy,Interact,once,true,PASS,2.00,false,1.3,0.00,0.0,0.0,0.00,0.00,0.00,0,4.3,0.0,0.0,0.0,0,""
villagers,child_boy,Farm_Harvest,once,false,PASS,2.50,false,4.5,0.00,0.2,0.0,0.00,0.00,0.00,0,10.8,0.0,0.0,0.0,0,""
villagers,child_boy,Farm_Watering,once,false,PASS,3.80,false,0.7,0.00,0.0,0.0,0.00,0.00,0.00,0,2.4,0.0,0.0,0.0,0,""
villagers,child_boy,TreeChopping,once,false,WARN,0.97,true,2.7,0.00,0.0,0.2,0.00,0.00,0.00,2,37.2,0.0,0.0,0.0,0,"2 pop(s), worst on 'upperarm_r' at 0.10 s (37 deg/frame^2)"
villagers,child_boy,Fixing_Kneeling,once,false,WARN,5.20,false,2.1,0.00,4.4,0.0,0.00,0.00,0.00,0,12.5,0.0,0.0,0.0,0,"4.4 cm below floor (mesh)"
villagers,child_boy,PickUp_Table,once,false,PASS,0.83,false,2.2,0.00,0.0,0.0,0.00,0.00,0.00,0,7.5,0.0,0.0,0.0,0,""
villagers,child_boy,Jump,jump,false,FAIL,2.50,true,1.5,0.00,9.3,0.0,0.00,0.00,0.00,0,0.2,0.0,0.0,0.0,0,"9.3 cm below floor (mesh)"
villagers,child_girl,Idle,loop,true,PASS,2.50,true,1.2,0.00,0.0,0.0,0.00,0.00,0.00,0,0.2,0.3,0.0,0.0,0,""
villagers,child_girl,Walking_A,loco,true,WARN,1.33,true,10.3,0.69,1.4,0.0,0.00,0.00,0.00,0,15.0,0.0,0.0,0.0,0,"planted foot slips 10 cm/s (p75)"
villagers,child_girl,Running_A,loco,true,FAIL,0.93,true,-1.0,0.00,5.9,0.0,0.27,0.00,0.00,0,73.6,0.0,0.0,0.0,0,"5.9 cm below floor (mesh); all feet off the ground for 0.27 s; no ground-contact frames found"
villagers,child_girl,Sprint,loco,false,WARN,0.67,true,-1.0,0.00,3.2,0.0,0.13,0.00,0.00,0,67.9,0.0,0.0,0.0,0,"3.2 cm below floor (mesh); no ground-contact frames found"
villagers,child_girl,Walk_Carry,loco,false,PASS,2.00,true,7.9,0.45,1.5,0.0,0.00,0.00,0.00,0,7.7,0.0,0.0,0.0,0,""
villagers,child_girl,Walk_Formal,loco,false,WARN,1.33,true,12.7,0.68,1.3,0.0,0.00,0.00,0.00,0,19.5,0.7,0.0,0.0,0,"planted foot slips 13 cm/s (p75)"
villagers,child_girl,Crouch_Fwd,loco,false,FAIL,2.00,true,12.8,0.57,19.0,0.0,0.00,0.00,0.00,0,6.7,0.0,0.0,0.0,0,"19.0 cm below floor (mesh); planted foot slips 13 cm/s (p75)"
villagers,child_girl,Blocking,loop,true,PASS,2.50,true,1.2,0.00,0.0,0.0,0.00,0.00,0.00,0,0.2,0.3,0.0,0.0,0,""
villagers,child_girl,2H_Melee_Idle,loop,true,PASS,1.67,true,1.1,0.00,0.4,0.5,0.00,0.00,0.00,0,0.4,0.0,0.0,0.0,0,""
villagers,child_girl,1H_Melee_Attack_Chop,once,true,PASS,0.43,false,295.1,0.00,11.5,0.0,0.00,0.00,0.00,0,47.6,0.0,0.0,3.1,0,"(legs ignored: upper-body layer in game)"
villagers,child_girl,1H_Melee_Attack_Slice_Diagonal,once,true,PASS,0.53,false,55.8,0.00,17.0,0.0,0.00,0.00,0.00,0,59.7,0.0,0.0,2.2,0,"(legs ignored: upper-body layer in game)"
villagers,child_girl,1H_Melee_Attack_Slice_Horizontal,once,true,PASS,2.00,false,42.7,0.00,14.9,0.0,0.10,0.00,0.00,0,57.0,0.0,0.0,3.4,0,"(legs ignored: upper-body layer in game)"
villagers,child_girl,1H_Melee_Attack_Stab,once,true,WARN,1.53,false,79.5,0.00,14.3,0.0,0.00,0.00,0.00,2,68.8,0.0,0.0,0.0,0,"2 pop(s), worst on 'thigh_r' at 0.30 s (41 deg/frame^2); (legs ignored: upper-body layer in game)"
villagers,child_girl,Block_Hit,once,true,FAIL,1.23,false,7.2,0.00,6.2,0.0,0.00,0.00,0.00,9,73.5,0.0,0.0,0.0,0,"9 pop(s), worst on 'upperarm_r' at 0.10 s (73 deg/frame^2); (legs ignored: upper-body layer in game)"
villagers,child_girl,Dodge_Forward,once,true,FAIL,1.47,false,16.1,0.00,10.6,0.0,0.73,0.00,0.00,3,69.8,0.0,0.0,6.8,0,"10.6 cm below floor (mesh); all feet off the ground for 0.73 s; planted foot slips 16 cm/s (p75); 3 pop(s), worst on 'upperarm_r' at 0.03 s (40 deg/frame^2)"
villagers,child_girl,Hit_A,once,true,PASS,0.33,false,5.1,0.00,0.0,0.0,0.00,0.00,0.00,0,8.4,0.0,0.0,1.9,0,""
villagers,child_girl,Hit_B,once,true,FAIL,0.83,false,11.0,0.00,12.3,0.0,0.30,0.00,0.00,0,61.2,0.0,0.0,3.3,0,"12.3 cm below floor (mesh); all feet off the ground for 0.30 s; planted foot slips 11 cm/s (p75)"
villagers,child_girl,Death_A,death,true,FAIL,4.46,false,-1.0,0.00,26.3,0.0,0.00,0.00,0.00,0,16.0,0.0,0.0,50.3,0,"26.3 cm below floor (mesh)"
villagers,child_girl,Death_B,death,true,FAIL,1.83,false,-1.0,0.00,16.9,0.0,0.00,0.00,0.00,0,15.6,0.0,0.0,12.9,0,"16.9 cm below floor (mesh)"
villagers,child_girl,Sitting_Idle,sit,true,WARN,1.67,true,0.0,0.00,3.1,0.0,0.00,0.00,0.00,0,0.1,0.0,0.0,0.0,0,"3.1 cm below floor (mesh)"
villagers,child_girl,Sitting_Talking,sit,false,WARN,2.93,true,0.6,0.00,3.1,0.0,0.00,0.00,0.00,0,5.2,0.0,0.0,0.0,0,"3.1 cm below floor (mesh)"
villagers,child_girl,Cheer,once,true,PASS,2.50,false,0.9,0.00,0.0,0.0,0.00,0.00,0.00,0,10.0,0.0,0.0,0.0,0,""
villagers,child_girl,Idle_Talking,loop,false,PASS,2.93,true,0.8,0.00,0.1,0.0,0.00,0.00,0.00,0,3.9,0.0,0.0,0.0,0,""
villagers,child_girl,Interact,once,true,PASS,2.00,false,1.4,0.00,0.0,0.0,0.00,0.00,0.00,0,4.3,0.0,0.0,0.0,0,""
villagers,child_girl,Farm_Harvest,once,false,WARN,2.50,false,7.9,0.00,4.8,0.0,0.00,0.00,0.00,0,10.8,0.0,0.0,0.0,0,"4.8 cm below floor (mesh)"
villagers,child_girl,Farm_Watering,once,false,PASS,3.80,false,1.0,0.00,0.0,0.0,0.00,0.00,0.00,0,2.4,0.0,0.0,0.0,0,""
villagers,child_girl,TreeChopping,once,false,WARN,0.97,true,4.0,0.00,2.3,0.1,0.00,0.00,0.00,2,37.2,0.0,0.0,0.0,0,"2.3 cm below floor (mesh); 2 pop(s), worst on 'upperarm_r' at 0.10 s (37 deg/frame^2)"
villagers,child_girl,Fixing_Kneeling,once,false,FAIL,5.20,false,2.9,0.00,28.0,0.0,0.00,0.00,0.00,0,12.5,0.0,0.0,0.0,0,"28.0 cm below floor (mesh)"
villagers,child_girl,PickUp_Table,once,false,PASS,0.83,false,3.3,0.00,0.0,0.0,0.00,0.00,0.00,0,7.5,0.0,0.0,0.0,0,""
villagers,child_girl,Jump,jump,false,FAIL,2.50,true,2.2,0.00,8.4,0.0,0.00,0.00,0.00,0,0.2,0.0,0.0,0.0,0,"8.4 cm below floor (mesh)"
villagers,g6_m_villager_tunic,Idle,loop,true,PASS,2.50,true,1.5,0.00,0.3,0.0,0.00,0.00,0.00,0,0.2,0.3,0.0,0.0,0,""
villagers,g6_m_villager_tunic,Walking_A,loco,true,PASS,1.33,true,4.2,1.03,0.9,0.0,0.00,0.00,0.00,0,15.0,0.0,0.0,0.0,0,""
villagers,g6_m_villager_tunic,Running_A,loco,true,WARN,0.93,true,12.6,6.31,0.0,0.5,0.30,0.00,0.00,0,73.6,0.0,0.0,0.0,0,"all feet off the ground for 0.30 s; planted foot slips 13 cm/s (p75)"
villagers,g6_m_villager_tunic,Sprint,loco,false,FAIL,0.67,true,30.4,9.24,0.0,1.7,0.20,0.00,0.00,0,67.9,0.0,0.0,0.0,0,"all feet off the ground for 0.20 s; planted foot slips 30 cm/s (p75)"
villagers,g6_m_villager_tunic,Walk_Carry,loco,false,WARN,2.00,true,3.7,0.68,3.4,0.0,0.00,0.00,0.00,0,7.7,0.0,0.0,0.0,0,"3.4 cm below floor (foot joint)"
villagers,g6_m_villager_tunic,Walk_Formal,loco,false,PASS,1.33,true,6.4,1.02,1.0,0.0,0.00,0.00,0.00,0,19.5,0.7,0.0,0.0,0,""
villagers,g6_m_villager_tunic,Crouch_Fwd,loco,false,FAIL,2.00,true,28.6,0.75,0.0,3.4,0.00,0.00,0.00,0,6.7,0.0,0.0,0.0,0,"feet never touch the floor (lowest 3.4 cm above); planted foot slips 29 cm/s (p75)"
villagers,g6_m_villager_tunic,Blocking,loop,true,PASS,2.50,true,1.5,0.00,0.3,0.0,0.00,0.00,0.00,0,0.2,0.3,0.0,0.0,0,""
villagers,g6_m_villager_tunic,2H_Melee_Idle,loop,true,PASS,1.67,true,0.9,0.00,0.4,0.0,0.00,0.00,0.00,0,0.4,0.0,0.0,0.0,0,""
villagers,g6_m_villager_tunic,1H_Melee_Attack_Chop,once,true,PASS,0.43,false,217.3,0.00,0.1,0.0,0.00,0.00,0.00,0,47.6,0.0,0.0,4.4,0,"(legs ignored: upper-body layer in game)"
villagers,g6_m_villager_tunic,1H_Melee_Attack_Slice_Diagonal,once,true,PASS,0.53,false,50.8,0.00,0.0,0.7,0.00,0.00,0.00,0,59.7,0.0,0.0,3.1,0,"(legs ignored: upper-body layer in game)"
villagers,g6_m_villager_tunic,1H_Melee_Attack_Slice_Horizontal,once,true,PASS,2.00,false,30.0,0.00,2.6,0.0,0.50,0.00,0.00,0,57.0,0.0,0.0,4.8,0,"(legs ignored: upper-body layer in game)"
villagers,g6_m_villager_tunic,1H_Melee_Attack_Stab,once,true,WARN,1.53,false,110.0,0.00,1.0,0.0,0.00,0.00,0.00,2,68.8,0.0,0.0,0.0,0,"2 pop(s), worst on 'thigh_r' at 0.30 s (41 deg/frame^2); (legs ignored: upper-body layer in game)"
villagers,g6_m_villager_tunic,Block_Hit,once,true,FAIL,1.23,false,4.8,0.00,0.1,0.0,0.00,0.00,0.00,9,73.5,0.0,0.0,0.0,0,"9 pop(s), worst on 'upperarm_r' at 0.10 s (73 deg/frame^2)"
villagers,g6_m_villager_tunic,Dodge_Forward,once,true,FAIL,1.47,false,12.8,0.00,1.0,0.0,0.73,0.00,0.00,3,69.8,0.0,0.0,9.6,0,"all feet off the ground for 0.73 s; planted foot slips 13 cm/s (p75); 3 pop(s), worst on 'upperarm_r' at 0.03 s (40 deg/frame^2)"
villagers,g6_m_villager_tunic,Hit_A,once,true,PASS,0.33,false,9.5,0.00,1.1,0.0,0.00,0.00,0.00,0,8.4,0.0,0.0,2.6,0,"(legs ignored: upper-body layer in game)"
villagers,g6_m_villager_tunic,Hit_B,once,true,FAIL,0.83,false,56.2,0.00,5.9,0.0,0.30,0.00,0.00,0,61.2,0.0,0.0,4.6,0,"5.9 cm below floor (mesh); all feet off the ground for 0.30 s; planted foot slips 56 cm/s (p75)"
villagers,g6_m_villager_tunic,Death_A,death,true,PASS,4.46,false,-1.0,0.00,0.0,0.0,0.00,0.00,0.00,0,16.0,0.0,0.0,71.1,0,""
villagers,g6_m_villager_tunic,Death_B,death,true,PASS,1.83,false,-1.0,0.00,1.3,0.0,0.00,0.00,0.00,0,15.6,0.0,0.0,18.2,0,""
villagers,g6_m_villager_tunic,Sitting_Idle,sit,true,PASS,1.67,true,0.0,0.00,0.0,0.0,0.00,0.00,0.00,0,0.1,0.0,0.0,0.0,0,""
villagers,g6_m_villager_tunic,Sitting_Talking,sit,false,PASS,2.93,true,0.2,0.00,0.0,0.0,0.00,0.00,0.00,0,5.2,0.0,0.0,0.0,0,""
villagers,g6_m_villager_tunic,Cheer,once,true,PASS,2.50,false,1.0,0.00,0.6,0.0,0.00,0.00,0.00,0,10.0,0.0,0.0,0.0,0,""
villagers,g6_m_villager_tunic,Idle_Talking,loop,false,PASS,2.93,true,1.1,0.00,0.3,0.0,0.00,0.00,0.00,0,3.9,0.0,0.0,0.0,0,""
villagers,g6_m_villager_tunic,Interact,once,true,PASS,2.00,false,1.9,0.00,0.3,0.0,0.00,0.00,0.00,0,4.3,0.0,0.0,0.0,0,""
villagers,g6_m_villager_tunic,Farm_Harvest,once,false,PASS,2.50,false,7.7,0.00,0.2,0.0,0.00,0.00,0.00,0,10.8,0.0,0.0,0.0,0,""
villagers,g6_m_villager_tunic,Farm_Watering,once,false,PASS,3.80,false,1.6,0.00,0.2,0.0,0.00,0.00,0.00,0,2.4,0.0,0.0,0.0,0,""
villagers,g6_m_villager_tunic,TreeChopping,once,false,WARN,0.97,true,7.4,0.00,0.0,0.4,0.00,0.00,0.00,2,37.2,0.0,0.0,0.0,0,"2 pop(s), worst on 'upperarm_r' at 0.10 s (37 deg/frame^2)"
villagers,g6_m_villager_tunic,Fixing_Kneeling,once,false,FAIL,5.20,false,10.9,0.00,0.2,0.0,0.37,0.00,0.00,0,12.5,0.0,0.0,0.0,0,"all feet off the ground for 0.37 s; planted foot slips 11 cm/s (p75)"
villagers,g6_m_villager_tunic,PickUp_Table,once,false,WARN,0.83,false,8.3,0.00,0.2,0.0,0.00,0.00,0.00,0,7.5,0.0,0.0,0.0,0,"planted foot slips 8 cm/s (p75)"
villagers,g6_m_villager_tunic,Jump,jump,false,FAIL,2.50,true,2.0,0.00,13.3,0.0,0.00,0.00,0.00,0,0.2,0.0,0.0,0.0,0,"13.3 cm below floor (mesh)"
villagers,g6_f_villager_tunic,Idle,loop,true,PASS,2.50,true,1.6,0.00,0.2,0.0,0.00,0.00,0.00,0,0.2,0.3,0.0,0.0,0,""
villagers,g6_f_villager_tunic,Walking_A,loco,true,PASS,1.33,true,7.3,1.09,0.0,0.1,0.00,0.00,0.00,0,15.0,0.0,0.0,0.0,0,""
villagers,g6_f_villager_tunic,Running_A,loco,true,FAIL,0.93,true,23.8,6.35,0.0,3.4,0.30,0.00,0.00,0,73.6,0.0,0.0,0.0,0,"feet never touch the floor (lowest 3.4 cm above); all feet off the ground for 0.30 s; planted foot slips 24 cm/s (p75)"
villagers,g6_f_villager_tunic,Sprint,loco,false,FAIL,0.67,true,28.4,9.66,0.0,3.7,0.17,0.00,0.00,0,67.9,0.0,0.0,0.0,0,"feet never touch the floor (lowest 3.7 cm above); planted foot slips 28 cm/s (p75)"
villagers,g6_f_villager_tunic,Walk_Carry,loco,false,WARN,2.00,true,3.9,0.72,3.1,0.0,0.00,0.00,0.00,0,7.7,0.0,0.0,0.0,0,"3.1 cm below floor (foot joint)"
villagers,g6_f_villager_tunic,Walk_Formal,loco,false,WARN,1.33,true,9.3,1.08,0.0,0.1,0.00,0.00,0.00,0,19.5,0.7,0.0,0.0,0,"planted foot slips 9 cm/s (p75)"
villagers,g6_f_villager_tunic,Crouch_Fwd,loco,false,WARN,2.00,true,6.4,0.80,0.0,5.7,0.00,0.00,0.00,0,6.7,0.0,0.0,0.0,0,"feet never touch the floor (lowest 5.7 cm above)"
villagers,g6_f_villager_tunic,Blocking,loop,true,PASS,2.50,true,1.6,0.00,0.2,0.0,0.00,0.00,0.00,0,0.2,0.3,0.0,0.0,0,""
villagers,g6_f_villager_tunic,2H_Melee_Idle,loop,true,PASS,1.67,true,1.1,0.00,0.1,0.0,0.00,0.00,0.00,0,0.4,0.0,0.0,0.0,0,""
villagers,g6_f_villager_tunic,1H_Melee_Attack_Chop,once,true,PASS,0.43,false,92.0,0.00,0.0,0.0,0.03,0.00,0.00,0,47.6,0.0,0.0,4.7,0,"(legs ignored: upper-body layer in game)"
villagers,g6_f_villager_tunic,1H_Melee_Attack_Slice_Diagonal,once,true,PASS,0.53,false,53.2,0.00,0.0,1.7,0.13,0.00,0.00,0,59.7,0.0,0.0,3.3,0,"(legs ignored: upper-body layer in game)"
villagers,g6_f_villager_tunic,1H_Melee_Attack_Slice_Horizontal,once,true,PASS,2.00,false,27.4,0.00,2.3,0.0,0.73,0.00,0.00,0,57.0,0.0,0.0,5.1,0,"(legs ignored: upper-body layer in game)"
villagers,g6_f_villager_tunic,1H_Melee_Attack_Stab,once,true,WARN,1.53,false,111.5,0.00,0.9,0.0,0.10,0.00,0.00,2,68.8,0.0,0.0,0.0,0,"2 pop(s), worst on 'thigh_r' at 0.30 s (41 deg/frame^2); (legs ignored: upper-body layer in game)"
villagers,g6_f_villager_tunic,Block_Hit,once,true,FAIL,1.23,false,4.0,0.00,0.0,0.0,0.00,0.00,0.00,9,73.5,0.0,0.0,0.0,0,"9 pop(s), worst on 'upperarm_r' at 0.10 s (73 deg/frame^2)"
villagers,g6_f_villager_tunic,Dodge_Forward,once,true,FAIL,1.47,false,11.9,0.00,0.8,0.0,0.73,0.00,0.00,3,69.8,0.0,0.0,10.1,0,"all feet off the ground for 0.73 s; planted foot slips 12 cm/s (p75); 3 pop(s), worst on 'upperarm_r' at 0.03 s (40 deg/frame^2)"
villagers,g6_f_villager_tunic,Hit_A,once,true,PASS,0.33,false,10.3,0.00,1.1,0.0,0.00,0.00,0.00,0,8.4,0.0,0.0,2.8,0,"(legs ignored: upper-body layer in game)"
villagers,g6_f_villager_tunic,Hit_B,once,true,FAIL,0.83,false,60.0,0.00,3.5,0.0,0.30,0.00,0.00,0,61.2,0.0,0.0,4.9,0,"3.5 cm below floor (mesh); all feet off the ground for 0.30 s; planted foot slips 60 cm/s (p75)"
villagers,g6_f_villager_tunic,Death_A,death,true,PASS,4.46,false,-1.0,0.00,0.1,0.0,0.00,0.00,0.00,0,16.0,0.0,0.0,75.0,0,""
villagers,g6_f_villager_tunic,Death_B,death,true,WARN,1.83,false,-1.0,0.00,3.0,0.0,0.00,0.00,0.00,0,15.6,0.0,0.0,19.2,0,"3.0 cm below floor (mesh)"
villagers,g6_f_villager_tunic,Sitting_Idle,sit,true,PASS,1.67,true,0.0,0.00,0.0,0.0,0.00,0.00,0.00,0,0.1,0.0,0.0,0.0,0,""
villagers,g6_f_villager_tunic,Sitting_Talking,sit,false,PASS,2.93,true,0.2,0.00,0.0,0.0,0.00,0.00,0.00,0,5.2,0.0,0.0,0.0,0,""
villagers,g6_f_villager_tunic,Cheer,once,true,PASS,2.50,false,1.0,0.00,0.6,0.0,0.00,0.00,0.00,0,10.0,0.0,0.0,0.0,0,""
villagers,g6_f_villager_tunic,Idle_Talking,loop,false,PASS,2.93,true,1.2,0.00,0.2,0.0,0.00,0.00,0.00,0,3.9,0.0,0.0,0.0,0,""
villagers,g6_f_villager_tunic,Interact,once,true,PASS,2.00,false,2.0,0.00,0.2,0.0,0.00,0.00,0.00,0,4.3,0.0,0.0,0.0,0,""
villagers,g6_f_villager_tunic,Farm_Harvest,once,false,FAIL,2.50,false,8.1,0.00,0.2,0.0,0.43,0.00,0.00,0,10.8,0.0,0.0,0.0,0,"all feet off the ground for 0.43 s; planted foot slips 8 cm/s (p75)"
villagers,g6_f_villager_tunic,Farm_Watering,once,false,PASS,3.80,false,1.6,0.00,0.2,0.0,0.00,0.00,0.00,0,2.4,0.0,0.0,0.0,0,""
villagers,g6_f_villager_tunic,TreeChopping,once,false,WARN,0.97,true,8.7,0.00,0.0,0.5,0.00,0.00,0.00,2,37.2,0.0,0.0,0.0,0,"planted foot slips 9 cm/s (p75); 2 pop(s), worst on 'upperarm_r' at 0.10 s (37 deg/frame^2)"
villagers,g6_f_villager_tunic,Fixing_Kneeling,once,false,WARN,5.20,false,9.6,0.00,1.1,0.0,0.10,0.00,0.00,0,12.5,0.0,0.0,0.0,0,"planted foot slips 10 cm/s (p75)"
villagers,g6_f_villager_tunic,PickUp_Table,once,false,WARN,0.83,false,9.2,0.00,0.2,0.0,0.00,0.00,0.00,0,7.5,0.0,0.0,0.0,0,"planted foot slips 9 cm/s (p75)"
villagers,g6_f_villager_tunic,Jump,jump,false,FAIL,2.50,true,2.0,0.00,11.0,0.0,0.00,0.00,0.00,0,0.2,0.0,0.0,0.0,0,"11.0 cm below floor (foot joint)"
villagers,g6_m_worker_apron,Idle,loop,true,PASS,2.50,true,1.5,0.00,0.3,0.0,0.00,0.00,0.00,0,0.2,0.3,0.0,0.0,0,""
villagers,g6_m_worker_apron,Walking_A,loco,true,PASS,1.33,true,4.2,1.03,0.9,0.0,0.00,0.00,0.00,0,15.0,0.0,0.0,0.0,0,""
villagers,g6_m_worker_apron,Running_A,loco,true,WARN,0.93,true,12.6,6.31,0.0,0.5,0.30,0.00,0.00,0,73.6,0.0,0.0,0.0,0,"all feet off the ground for 0.30 s; planted foot slips 13 cm/s (p75)"
villagers,g6_m_worker_apron,Sprint,loco,false,FAIL,0.67,true,30.4,9.24,0.0,1.7,0.20,0.00,0.00,0,67.9,0.0,0.0,0.0,0,"all feet off the ground for 0.20 s; planted foot slips 30 cm/s (p75)"
villagers,g6_m_worker_apron,Walk_Carry,loco,false,WARN,2.00,true,3.7,0.68,3.4,0.0,0.00,0.00,0.00,0,7.7,0.0,0.0,0.0,0,"3.4 cm below floor (foot joint)"
villagers,g6_m_worker_apron,Walk_Formal,loco,false,PASS,1.33,true,6.4,1.02,1.0,0.0,0.00,0.00,0.00,0,19.5,0.7,0.0,0.0,0,""
villagers,g6_m_worker_apron,Crouch_Fwd,loco,false,FAIL,2.00,true,28.6,0.75,0.0,3.4,0.00,0.00,0.00,0,6.7,0.0,0.0,0.0,0,"feet never touch the floor (lowest 3.4 cm above); planted foot slips 29 cm/s (p75)"
villagers,g6_m_worker_apron,Blocking,loop,true,PASS,2.50,true,1.5,0.00,0.3,0.0,0.00,0.00,0.00,0,0.2,0.3,0.0,0.0,0,""
villagers,g6_m_worker_apron,2H_Melee_Idle,loop,true,PASS,1.67,true,0.9,0.00,0.4,0.0,0.00,0.00,0.00,0,0.4,0.0,0.0,0.0,0,""
villagers,g6_m_worker_apron,1H_Melee_Attack_Chop,once,true,PASS,0.43,false,217.3,0.00,0.1,0.0,0.00,0.00,0.00,0,47.6,0.0,0.0,4.4,0,"(legs ignored: upper-body layer in game)"
villagers,g6_m_worker_apron,1H_Melee_Attack_Slice_Diagonal,once,true,PASS,0.53,false,50.8,0.00,0.0,0.7,0.00,0.00,0.00,0,59.7,0.0,0.0,3.1,0,"(legs ignored: upper-body layer in game)"
villagers,g6_m_worker_apron,1H_Melee_Attack_Slice_Horizontal,once,true,PASS,2.00,false,30.0,0.00,2.6,0.0,0.50,0.00,0.00,0,57.0,0.0,0.0,4.8,0,"(legs ignored: upper-body layer in game)"
villagers,g6_m_worker_apron,1H_Melee_Attack_Stab,once,true,WARN,1.53,false,110.0,0.00,1.0,0.0,0.00,0.00,0.00,2,68.8,0.0,0.0,0.0,0,"2 pop(s), worst on 'thigh_r' at 0.30 s (41 deg/frame^2); (legs ignored: upper-body layer in game)"
villagers,g6_m_worker_apron,Block_Hit,once,true,FAIL,1.23,false,4.8,0.00,0.1,0.0,0.00,0.00,0.00,9,73.5,0.0,0.0,0.0,0,"9 pop(s), worst on 'upperarm_r' at 0.10 s (73 deg/frame^2)"
villagers,g6_m_worker_apron,Dodge_Forward,once,true,FAIL,1.47,false,12.8,0.00,1.0,0.0,0.73,0.00,0.00,3,69.8,0.0,0.0,9.6,0,"all feet off the ground for 0.73 s; planted foot slips 13 cm/s (p75); 3 pop(s), worst on 'upperarm_r' at 0.03 s (40 deg/frame^2)"
villagers,g6_m_worker_apron,Hit_A,once,true,PASS,0.33,false,9.5,0.00,1.1,0.0,0.00,0.00,0.00,0,8.4,0.0,0.0,2.6,0,"(legs ignored: upper-body layer in game)"
villagers,g6_m_worker_apron,Hit_B,once,true,FAIL,0.83,false,56.2,0.00,5.9,0.0,0.30,0.00,0.00,0,61.2,0.0,0.0,4.6,0,"5.9 cm below floor (mesh); all feet off the ground for 0.30 s; planted foot slips 56 cm/s (p75)"
villagers,g6_m_worker_apron,Death_A,death,true,PASS,4.46,false,-1.0,0.00,1.7,0.0,0.00,0.00,0.00,0,16.0,0.0,0.0,71.1,0,""
villagers,g6_m_worker_apron,Death_B,death,true,FAIL,1.83,false,-1.0,0.00,8.1,0.0,0.00,0.00,0.00,0,15.6,0.0,0.0,18.2,0,"8.1 cm below floor (mesh)"
villagers,g6_m_worker_apron,Sitting_Idle,sit,true,PASS,1.67,true,0.0,0.00,0.0,0.0,0.00,0.00,0.00,0,0.1,0.0,0.0,0.0,0,""
villagers,g6_m_worker_apron,Sitting_Talking,sit,false,PASS,2.93,true,0.2,0.00,0.0,0.0,0.00,0.00,0.00,0,5.2,0.0,0.0,0.0,0,""
villagers,g6_m_worker_apron,Cheer,once,true,PASS,2.50,false,1.0,0.00,0.6,0.0,0.00,0.00,0.00,0,10.0,0.0,0.0,0.0,0,""
villagers,g6_m_worker_apron,Idle_Talking,loop,false,PASS,2.93,true,1.1,0.00,0.3,0.0,0.00,0.00,0.00,0,3.9,0.0,0.0,0.0,0,""
villagers,g6_m_worker_apron,Interact,once,true,PASS,2.00,false,1.9,0.00,0.3,0.0,0.00,0.00,0.00,0,4.3,0.0,0.0,0.0,0,""
villagers,g6_m_worker_apron,Farm_Harvest,once,false,PASS,2.50,false,7.7,0.00,0.2,0.0,0.00,0.00,0.00,0,10.8,0.0,0.0,0.0,0,""
villagers,g6_m_worker_apron,Farm_Watering,once,false,PASS,3.80,false,1.6,0.00,0.2,0.0,0.00,0.00,0.00,0,2.4,0.0,0.0,0.0,0,""
villagers,g6_m_worker_apron,TreeChopping,once,false,WARN,0.97,true,7.4,0.00,0.0,0.4,0.00,0.00,0.00,2,37.2,0.0,0.0,0.0,0,"2 pop(s), worst on 'upperarm_r' at 0.10 s (37 deg/frame^2)"
villagers,g6_m_worker_apron,Fixing_Kneeling,once,false,FAIL,5.20,false,10.9,0.00,0.2,0.0,0.37,0.00,0.00,0,12.5,0.0,0.0,0.0,0,"all feet off the ground for 0.37 s; planted foot slips 11 cm/s (p75)"
villagers,g6_m_worker_apron,PickUp_Table,once,false,WARN,0.83,false,8.3,0.00,0.2,0.0,0.00,0.00,0.00,0,7.5,0.0,0.0,0.0,0,"planted foot slips 8 cm/s (p75)"
villagers,g6_m_worker_apron,Jump,jump,false,FAIL,2.50,true,2.0,0.00,13.3,0.0,0.00,0.00,0.00,0,0.2,0.0,0.0,0.0,0,"13.3 cm below floor (mesh)"
villagers,g6_f_worker_apron,Idle,loop,true,PASS,2.50,true,1.6,0.00,0.2,0.0,0.00,0.00,0.00,0,0.2,0.3,0.0,0.0,0,""
villagers,g6_f_worker_apron,Walking_A,loco,true,PASS,1.33,true,7.3,1.09,0.0,0.1,0.00,0.00,0.00,0,15.0,0.0,0.0,0.0,0,""
villagers,g6_f_worker_apron,Running_A,loco,true,FAIL,0.93,true,23.8,6.35,0.0,3.4,0.30,0.00,0.00,0,73.6,0.0,0.0,0.0,0,"feet never touch the floor (lowest 3.4 cm above); all feet off the ground for 0.30 s; planted foot slips 24 cm/s (p75)"
villagers,g6_f_worker_apron,Sprint,loco,false,FAIL,0.67,true,28.4,9.66,0.0,3.7,0.17,0.00,0.00,0,67.9,0.0,0.0,0.0,0,"feet never touch the floor (lowest 3.7 cm above); planted foot slips 28 cm/s (p75)"
villagers,g6_f_worker_apron,Walk_Carry,loco,false,WARN,2.00,true,3.9,0.72,3.1,0.0,0.00,0.00,0.00,0,7.7,0.0,0.0,0.0,0,"3.1 cm below floor (foot joint)"
villagers,g6_f_worker_apron,Walk_Formal,loco,false,WARN,1.33,true,9.3,1.08,0.0,0.1,0.00,0.00,0.00,0,19.5,0.7,0.0,0.0,0,"planted foot slips 9 cm/s (p75)"
villagers,g6_f_worker_apron,Crouch_Fwd,loco,false,WARN,2.00,true,6.4,0.80,0.0,5.7,0.00,0.00,0.00,0,6.7,0.0,0.0,0.0,0,"feet never touch the floor (lowest 5.7 cm above)"
villagers,g6_f_worker_apron,Blocking,loop,true,PASS,2.50,true,1.6,0.00,0.2,0.0,0.00,0.00,0.00,0,0.2,0.3,0.0,0.0,0,""
villagers,g6_f_worker_apron,2H_Melee_Idle,loop,true,PASS,1.67,true,1.1,0.00,0.1,0.0,0.00,0.00,0.00,0,0.4,0.0,0.0,0.0,0,""
villagers,g6_f_worker_apron,1H_Melee_Attack_Chop,once,true,PASS,0.43,false,92.0,0.00,0.0,0.0,0.03,0.00,0.00,0,47.6,0.0,0.0,4.7,0,"(legs ignored: upper-body layer in game)"
villagers,g6_f_worker_apron,1H_Melee_Attack_Slice_Diagonal,once,true,PASS,0.53,false,53.2,0.00,0.0,1.7,0.13,0.00,0.00,0,59.7,0.0,0.0,3.3,0,"(legs ignored: upper-body layer in game)"
villagers,g6_f_worker_apron,1H_Melee_Attack_Slice_Horizontal,once,true,PASS,2.00,false,27.4,0.00,2.3,0.0,0.73,0.00,0.00,0,57.0,0.0,0.0,5.1,0,"(legs ignored: upper-body layer in game)"
villagers,g6_f_worker_apron,1H_Melee_Attack_Stab,once,true,WARN,1.53,false,111.5,0.00,0.9,0.0,0.10,0.00,0.00,2,68.8,0.0,0.0,0.0,0,"2 pop(s), worst on 'thigh_r' at 0.30 s (41 deg/frame^2); (legs ignored: upper-body layer in game)"
villagers,g6_f_worker_apron,Block_Hit,once,true,FAIL,1.23,false,4.0,0.00,0.0,0.0,0.00,0.00,0.00,9,73.5,0.0,0.0,0.0,0,"9 pop(s), worst on 'upperarm_r' at 0.10 s (73 deg/frame^2)"
villagers,g6_f_worker_apron,Dodge_Forward,once,true,FAIL,1.47,false,11.9,0.00,0.8,0.0,0.73,0.00,0.00,3,69.8,0.0,0.0,10.1,0,"all feet off the ground for 0.73 s; planted foot slips 12 cm/s (p75); 3 pop(s), worst on 'upperarm_r' at 0.03 s (40 deg/frame^2)"
villagers,g6_f_worker_apron,Hit_A,once,true,PASS,0.33,false,10.3,0.00,1.1,0.0,0.00,0.00,0.00,0,8.4,0.0,0.0,2.8,0,"(legs ignored: upper-body layer in game)"
villagers,g6_f_worker_apron,Hit_B,once,true,FAIL,0.83,false,60.0,0.00,3.4,0.0,0.30,0.00,0.00,0,61.2,0.0,0.0,4.9,0,"3.4 cm below floor (mesh); all feet off the ground for 0.30 s; planted foot slips 60 cm/s (p75)"
villagers,g6_f_worker_apron,Death_A,death,true,PASS,4.46,false,-1.0,0.00,0.1,0.0,0.00,0.00,0.00,0,16.0,0.0,0.0,75.0,0,""
villagers,g6_f_worker_apron,Death_B,death,true,WARN,1.83,false,-1.0,0.00,3.9,0.0,0.00,0.00,0.00,0,15.6,0.0,0.0,19.2,0,"3.9 cm below floor (mesh)"
villagers,g6_f_worker_apron,Sitting_Idle,sit,true,PASS,1.67,true,0.0,0.00,0.0,0.0,0.00,0.00,0.00,0,0.1,0.0,0.0,0.0,0,""
villagers,g6_f_worker_apron,Sitting_Talking,sit,false,PASS,2.93,true,0.2,0.00,0.0,0.0,0.00,0.00,0.00,0,5.2,0.0,0.0,0.0,0,""
villagers,g6_f_worker_apron,Cheer,once,true,PASS,2.50,false,1.0,0.00,0.6,0.0,0.00,0.00,0.00,0,10.0,0.0,0.0,0.0,0,""
villagers,g6_f_worker_apron,Idle_Talking,loop,false,PASS,2.93,true,1.2,0.00,0.2,0.0,0.00,0.00,0.00,0,3.9,0.0,0.0,0.0,0,""
villagers,g6_f_worker_apron,Interact,once,true,PASS,2.00,false,2.0,0.00,0.2,0.0,0.00,0.00,0.00,0,4.3,0.0,0.0,0.0,0,""
villagers,g6_f_worker_apron,Farm_Harvest,once,false,FAIL,2.50,false,8.1,0.00,0.2,0.0,0.43,0.00,0.00,0,10.8,0.0,0.0,0.0,0,"all feet off the ground for 0.43 s; planted foot slips 8 cm/s (p75)"
villagers,g6_f_worker_apron,Farm_Watering,once,false,PASS,3.80,false,1.6,0.00,0.2,0.0,0.00,0.00,0.00,0,2.4,0.0,0.0,0.0,0,""
villagers,g6_f_worker_apron,TreeChopping,once,false,WARN,0.97,true,8.7,0.00,0.0,0.5,0.00,0.00,0.00,2,37.2,0.0,0.0,0.0,0,"planted foot slips 9 cm/s (p75); 2 pop(s), worst on 'upperarm_r' at 0.10 s (37 deg/frame^2)"
villagers,g6_f_worker_apron,Fixing_Kneeling,once,false,WARN,5.20,false,9.6,0.00,1.1,0.0,0.10,0.00,0.00,0,12.5,0.0,0.0,0.0,0,"planted foot slips 10 cm/s (p75)"
villagers,g6_f_worker_apron,PickUp_Table,once,false,WARN,0.83,false,9.2,0.00,0.2,0.0,0.00,0.00,0.00,0,7.5,0.0,0.0,0.0,0,"planted foot slips 9 cm/s (p75)"
villagers,g6_f_worker_apron,Jump,jump,false,FAIL,2.50,true,2.0,0.00,11.0,0.0,0.00,0.00,0.00,0,0.2,0.0,0.0,0.0,0,"11.0 cm below floor (foot joint)"
villagers,g6_m_hunter_leather,Idle,loop,true,PASS,2.50,true,1.5,0.00,0.3,0.0,0.00,0.00,0.00,0,0.2,0.3,0.0,0.0,0,""
villagers,g6_m_hunter_leather,Walking_A,loco,true,PASS,1.33,true,4.2,1.03,1.2,0.0,0.00,0.00,0.00,0,15.0,0.0,0.0,0.0,0,""
villagers,g6_m_hunter_leather,Running_A,loco,true,WARN,0.93,true,12.5,6.31,0.0,0.6,0.30,0.00,0.00,0,73.6,0.0,0.0,0.0,0,"all feet off the ground for 0.30 s; planted foot slips 12 cm/s (p75)"
villagers,g6_m_hunter_leather,Sprint,loco,false,FAIL,0.67,true,30.6,9.24,0.0,1.7,0.20,0.00,0.00,0,67.9,0.0,0.0,0.0,0,"all feet off the ground for 0.20 s; planted foot slips 31 cm/s (p75)"
villagers,g6_m_hunter_leather,Walk_Carry,loco,false,WARN,2.00,true,3.5,0.68,3.6,0.0,0.00,0.00,0.00,0,7.7,0.0,0.0,0.0,0,"3.6 cm below floor (foot joint)"
villagers,g6_m_hunter_leather,Walk_Formal,loco,false,PASS,1.33,true,7.1,1.02,1.2,0.0,0.00,0.00,0.00,0,19.5,0.7,0.0,0.0,0,""
villagers,g6_m_hunter_leather,Crouch_Fwd,loco,false,FAIL,2.00,true,29.1,0.75,0.0,3.2,0.00,0.00,0.00,0,6.7,0.0,0.0,0.0,0,"feet never touch the floor (lowest 3.2 cm above); planted foot slips 29 cm/s (p75)"
villagers,g6_m_hunter_leather,Blocking,loop,true,PASS,2.50,true,1.5,0.00,0.3,0.0,0.00,0.00,0.00,0,0.2,0.3,0.0,0.0,0,""
villagers,g6_m_hunter_leather,2H_Melee_Idle,loop,true,PASS,1.67,true,0.9,0.00,0.4,0.0,0.00,0.00,0.00,0,0.4,0.0,0.0,0.0,0,""
villagers,g6_m_hunter_leather,1H_Melee_Attack_Chop,once,true,PASS,0.43,false,218.2,0.00,0.1,0.0,0.00,0.00,0.00,0,47.6,0.0,0.0,4.4,0,"(legs ignored: upper-body layer in game)"
villagers,g6_m_hunter_leather,1H_Melee_Attack_Slice_Diagonal,once,true,PASS,0.53,false,50.8,0.00,0.0,0.7,0.00,0.00,0.00,0,59.7,0.0,0.0,3.1,0,"(legs ignored: upper-body layer in game)"
villagers,g6_m_hunter_leather,1H_Melee_Attack_Slice_Horizontal,once,true,PASS,2.00,false,30.0,0.00,2.5,0.0,0.50,0.00,0.00,0,57.0,0.0,0.0,4.8,0,"(legs ignored: upper-body layer in game)"
villagers,g6_m_hunter_leather,1H_Melee_Attack_Stab,once,true,WARN,1.53,false,110.4,0.00,1.0,0.0,0.00,0.00,0.00,2,68.8,0.0,0.0,0.0,0,"2 pop(s), worst on 'thigh_r' at 0.30 s (41 deg/frame^2); (legs ignored: upper-body layer in game)"
villagers,g6_m_hunter_leather,Block_Hit,once,true,FAIL,1.23,false,4.8,0.00,0.1,0.0,0.00,0.00,0.00,9,73.5,0.0,0.0,0.0,0,"9 pop(s), worst on 'upperarm_r' at 0.10 s (73 deg/frame^2)"
villagers,g6_m_hunter_leather,Dodge_Forward,once,true,FAIL,1.47,false,12.8,0.00,1.0,0.0,0.73,0.00,0.00,3,69.8,0.0,0.0,9.6,0,"all feet off the ground for 0.73 s; planted foot slips 13 cm/s (p75); 3 pop(s), worst on 'upperarm_r' at 0.03 s (40 deg/frame^2)"
villagers,g6_m_hunter_leather,Hit_A,once,true,PASS,0.33,false,9.5,0.00,1.1,0.0,0.00,0.00,0.00,0,8.4,0.0,0.0,2.6,0,"(legs ignored: upper-body layer in game)"
villagers,g6_m_hunter_leather,Hit_B,once,true,FAIL,0.83,false,56.2,0.00,5.7,0.0,0.30,0.00,0.00,0,61.2,0.0,0.0,4.6,0,"5.7 cm below floor (mesh); all feet off the ground for 0.30 s; planted foot slips 56 cm/s (p75)"
villagers,g6_m_hunter_leather,Death_A,death,true,PASS,4.46,false,-1.0,0.00,0.0,0.0,0.00,0.00,0.00,0,16.0,0.0,0.0,71.1,0,""
villagers,g6_m_hunter_leather,Death_B,death,true,PASS,1.83,false,-1.0,0.00,1.2,0.0,0.00,0.00,0.00,0,15.6,0.0,0.0,18.2,0,""
villagers,g6_m_hunter_leather,Sitting_Idle,sit,true,PASS,1.67,true,0.0,0.00,0.0,0.0,0.00,0.00,0.00,0,0.1,0.0,0.0,0.0,0,""
villagers,g6_m_hunter_leather,Sitting_Talking,sit,false,PASS,2.93,true,0.2,0.00,0.0,0.0,0.00,0.00,0.00,0,5.2,0.0,0.0,0.0,0,""
villagers,g6_m_hunter_leather,Cheer,once,true,PASS,2.50,false,1.0,0.00,0.6,0.0,0.00,0.00,0.00,0,10.0,0.0,0.0,0.0,0,""
villagers,g6_m_hunter_leather,Idle_Talking,loop,false,PASS,2.93,true,1.1,0.00,0.3,0.0,0.00,0.00,0.00,0,3.9,0.0,0.0,0.0,0,""
villagers,g6_m_hunter_leather,Interact,once,true,PASS,2.00,false,1.9,0.00,0.3,0.0,0.00,0.00,0.00,0,4.3,0.0,0.0,0.0,0,""
villagers,g6_m_hunter_leather,Farm_Harvest,once,false,PASS,2.50,false,7.7,0.00,0.2,0.0,0.00,0.00,0.00,0,10.8,0.0,0.0,0.0,0,""
villagers,g6_m_hunter_leather,Farm_Watering,once,false,PASS,3.80,false,1.6,0.00,0.2,0.0,0.00,0.00,0.00,0,2.4,0.0,0.0,0.0,0,""
villagers,g6_m_hunter_leather,TreeChopping,once,false,WARN,0.97,true,7.4,0.00,0.0,0.4,0.00,0.00,0.00,2,37.2,0.0,0.0,0.0,0,"2 pop(s), worst on 'upperarm_r' at 0.10 s (37 deg/frame^2)"
villagers,g6_m_hunter_leather,Fixing_Kneeling,once,false,WARN,5.20,false,10.4,0.00,0.3,0.0,0.00,0.00,0.00,0,12.5,0.0,0.0,0.0,0,"planted foot slips 10 cm/s (p75)"
villagers,g6_m_hunter_leather,PickUp_Table,once,false,WARN,0.83,false,8.3,0.00,0.2,0.0,0.00,0.00,0.00,0,7.5,0.0,0.0,0.0,0,"planted foot slips 8 cm/s (p75)"
villagers,g6_m_hunter_leather,Jump,jump,false,FAIL,2.50,true,2.0,0.00,13.7,0.0,0.00,0.00,0.00,0,0.2,0.0,0.0,0.0,0,"13.7 cm below floor (mesh)"
villagers,g6_f_hunter_leather,Idle,loop,true,PASS,2.50,true,1.6,0.00,0.2,0.0,0.00,0.00,0.00,0,0.2,0.3,0.0,0.0,0,""
villagers,g6_f_hunter_leather,Walking_A,loco,true,PASS,1.33,true,7.3,1.09,0.0,0.1,0.00,0.00,0.00,0,15.0,0.0,0.0,0.0,0,""
villagers,g6_f_hunter_leather,Running_A,loco,true,FAIL,0.93,true,24.0,6.35,0.0,3.3,0.30,0.00,0.00,0,73.6,0.0,0.0,0.0,0,"feet never touch the floor (lowest 3.3 cm above); all feet off the ground for 0.30 s; planted foot slips 24 cm/s (p75)"
villagers,g6_f_hunter_leather,Sprint,loco,false,FAIL,0.67,true,28.5,9.66,0.0,3.7,0.17,0.00,0.00,0,67.9,0.0,0.0,0.0,0,"feet never touch the floor (lowest 3.7 cm above); planted foot slips 29 cm/s (p75)"
villagers,g6_f_hunter_leather,Walk_Carry,loco,false,WARN,2.00,true,3.8,0.72,3.1,0.0,0.00,0.00,0.00,0,7.7,0.0,0.0,0.0,0,"3.1 cm below floor (foot joint)"
villagers,g6_f_hunter_leather,Walk_Formal,loco,false,WARN,1.33,true,9.4,1.08,0.0,0.1,0.00,0.00,0.00,0,19.5,0.7,0.0,0.0,0,"planted foot slips 9 cm/s (p75)"
villagers,g6_f_hunter_leather,Crouch_Fwd,loco,false,WARN,2.00,true,5.7,0.80,0.0,5.6,0.00,0.00,0.00,0,6.7,0.0,0.0,0.0,0,"feet never touch the floor (lowest 5.6 cm above)"
villagers,g6_f_hunter_leather,Blocking,loop,true,PASS,2.50,true,1.6,0.00,0.2,0.0,0.00,0.00,0.00,0,0.2,0.3,0.0,0.0,0,""
villagers,g6_f_hunter_leather,2H_Melee_Idle,loop,true,PASS,1.67,true,1.1,0.00,0.1,0.0,0.00,0.00,0.00,0,0.4,0.0,0.0,0.0,0,""
villagers,g6_f_hunter_leather,1H_Melee_Attack_Chop,once,true,PASS,0.43,false,107.5,0.00,0.0,0.0,0.00,0.00,0.00,0,47.6,0.0,0.0,4.7,0,"(legs ignored: upper-body layer in game)"
villagers,g6_f_hunter_leather,1H_Melee_Attack_Slice_Diagonal,once,true,PASS,0.53,false,53.2,0.00,0.0,1.7,0.13,0.00,0.00,0,59.7,0.0,0.0,3.3,0,"(legs ignored: upper-body layer in game)"
villagers,g6_f_hunter_leather,1H_Melee_Attack_Slice_Horizontal,once,true,PASS,2.00,false,27.9,0.00,2.3,0.0,0.73,0.00,0.00,0,57.0,0.0,0.0,5.1,0,"(legs ignored: upper-body layer in game)"
villagers,g6_f_hunter_leather,1H_Melee_Attack_Stab,once,true,WARN,1.53,false,116.3,0.00,0.9,0.0,0.10,0.00,0.00,2,68.8,0.0,0.0,0.0,0,"2 pop(s), worst on 'thigh_r' at 0.30 s (41 deg/frame^2); (legs ignored: upper-body layer in game)"
villagers,g6_f_hunter_leather,Block_Hit,once,true,FAIL,1.23,false,4.0,0.00,0.0,0.0,0.00,0.00,0.00,9,73.5,0.0,0.0,0.0,0,"9 pop(s), worst on 'upperarm_r' at 0.10 s (73 deg/frame^2)"
villagers,g6_f_hunter_leather,Dodge_Forward,once,true,FAIL,1.47,false,12.0,0.00,0.8,0.0,0.73,0.00,0.00,3,69.8,0.0,0.0,10.1,0,"all feet off the ground for 0.73 s; planted foot slips 12 cm/s (p75); 3 pop(s), worst on 'upperarm_r' at 0.03 s (40 deg/frame^2)"
villagers,g6_f_hunter_leather,Hit_A,once,true,PASS,0.33,false,10.3,0.00,1.1,0.0,0.00,0.00,0.00,0,8.4,0.0,0.0,2.8,0,"(legs ignored: upper-body layer in game)"
villagers,g6_f_hunter_leather,Hit_B,once,true,FAIL,0.83,false,60.0,0.00,4.9,0.0,0.30,0.00,0.00,0,61.2,0.0,0.0,4.9,0,"4.9 cm below floor (mesh); all feet off the ground for 0.30 s; planted foot slips 60 cm/s (p75)"
villagers,g6_f_hunter_leather,Death_A,death,true,PASS,4.46,false,-1.0,0.00,0.1,0.0,0.00,0.00,0.00,0,16.0,0.0,0.0,75.0,0,""
villagers,g6_f_hunter_leather,Death_B,death,true,WARN,1.83,false,-1.0,0.00,2.8,0.0,0.00,0.00,0.00,0,15.6,0.0,0.0,19.2,0,"2.8 cm below floor (mesh)"
villagers,g6_f_hunter_leather,Sitting_Idle,sit,true,PASS,1.67,true,0.0,0.00,0.0,0.0,0.00,0.00,0.00,0,0.1,0.0,0.0,0.0,0,""
villagers,g6_f_hunter_leather,Sitting_Talking,sit,false,PASS,2.93,true,0.2,0.00,0.0,0.0,0.00,0.00,0.00,0,5.2,0.0,0.0,0.0,0,""
villagers,g6_f_hunter_leather,Cheer,once,true,PASS,2.50,false,1.0,0.00,0.6,0.0,0.00,0.00,0.00,0,10.0,0.0,0.0,0.0,0,""
villagers,g6_f_hunter_leather,Idle_Talking,loop,false,PASS,2.93,true,1.2,0.00,0.2,0.0,0.00,0.00,0.00,0,3.9,0.0,0.0,0.0,0,""
villagers,g6_f_hunter_leather,Interact,once,true,PASS,2.00,false,2.0,0.00,0.2,0.0,0.00,0.00,0.00,0,4.3,0.0,0.0,0.0,0,""
villagers,g6_f_hunter_leather,Farm_Harvest,once,false,FAIL,2.50,false,8.1,0.00,0.2,0.0,0.43,0.00,0.00,0,10.8,0.0,0.0,0.0,0,"all feet off the ground for 0.43 s; planted foot slips 8 cm/s (p75)"
villagers,g6_f_hunter_leather,Farm_Watering,once,false,PASS,3.80,false,1.6,0.00,0.2,0.0,0.00,0.00,0.00,0,2.4,0.0,0.0,0.0,0,""
villagers,g6_f_hunter_leather,TreeChopping,once,false,WARN,0.97,true,8.7,0.00,0.0,0.5,0.00,0.00,0.00,2,37.2,0.0,0.0,0.0,0,"planted foot slips 9 cm/s (p75); 2 pop(s), worst on 'upperarm_r' at 0.10 s (37 deg/frame^2)"
villagers,g6_f_hunter_leather,Fixing_Kneeling,once,false,PASS,5.20,false,1.7,0.00,1.4,0.0,0.03,0.00,0.00,0,12.5,0.0,0.0,0.0,0,""
villagers,g6_f_hunter_leather,PickUp_Table,once,false,WARN,0.83,false,9.2,0.00,0.2,0.0,0.00,0.00,0.00,0,7.5,0.0,0.0,0.0,0,"planted foot slips 9 cm/s (p75)"
villagers,g6_f_hunter_leather,Jump,jump,false,FAIL,2.50,true,2.0,0.00,12.1,0.0,0.00,0.00,0.00,0,0.2,0.0,0.0,0.0,0,"12.1 cm below floor (foot joint)"
villagers,g6_m_blacksmith_apron,Idle,loop,true,PASS,2.50,true,1.5,0.00,0.3,0.0,0.00,0.00,0.00,0,0.2,0.3,0.0,0.0,0,""
villagers,g6_m_blacksmith_apron,Walking_A,loco,true,PASS,1.33,true,4.3,1.05,0.9,0.0,0.00,0.00,0.00,0,15.0,0.0,0.0,0.0,0,""
villagers,g6_m_blacksmith_apron,Running_A,loco,true,WARN,0.93,true,12.9,6.46,0.0,0.6,0.30,0.00,0.00,0,73.6,0.0,0.0,0.0,0,"all feet off the ground for 0.30 s; planted foot slips 13 cm/s (p75)"
villagers,g6_m_blacksmith_apron,Sprint,loco,false,FAIL,0.67,true,31.1,9.46,0.0,1.7,0.20,0.00,0.00,0,67.9,0.0,0.0,0.0,0,"all feet off the ground for 0.20 s; planted foot slips 31 cm/s (p75)"
villagers,g6_m_blacksmith_apron,Walk_Carry,loco,false,WARN,2.00,true,3.6,0.69,3.4,0.0,0.00,0.00,0.00,0,7.7,0.0,0.0,0.0,0,"3.4 cm below floor (foot joint)"
villagers,g6_m_blacksmith_apron,Walk_Formal,loco,false,PASS,1.33,true,6.5,1.05,1.0,0.0,0.00,0.00,0.00,0,19.5,0.7,0.0,0.0,0,""
villagers,g6_m_blacksmith_apron,Crouch_Fwd,loco,false,FAIL,2.00,true,27.5,0.77,0.0,3.4,0.00,0.00,0.00,0,6.7,0.0,0.0,0.0,0,"feet never touch the floor (lowest 3.4 cm above); planted foot slips 28 cm/s (p75)"
villagers,g6_m_blacksmith_apron,Blocking,loop,true,PASS,2.50,true,1.5,0.00,0.3,0.0,0.00,0.00,0.00,0,0.2,0.3,0.0,0.0,0,""
villagers,g6_m_blacksmith_apron,2H_Melee_Idle,loop,true,PASS,1.67,true,0.9,0.00,0.4,0.0,0.00,0.00,0.00,0,0.4,0.0,0.0,0.0,0,""
villagers,g6_m_blacksmith_apron,1H_Melee_Attack_Chop,once,true,PASS,0.43,false,222.4,0.00,0.1,0.0,0.00,0.00,0.00,0,47.6,0.0,0.0,4.5,0,"(legs ignored: upper-body layer in game)"
villagers,g6_m_blacksmith_apron,1H_Melee_Attack_Slice_Diagonal,once,true,PASS,0.53,false,52.0,0.00,0.0,0.7,0.00,0.00,0.00,0,59.7,0.0,0.0,3.2,0,"(legs ignored: upper-body layer in game)"
villagers,g6_m_blacksmith_apron,1H_Melee_Attack_Slice_Horizontal,once,true,PASS,2.00,false,30.7,0.00,2.7,0.0,0.50,0.00,0.00,0,57.0,0.0,0.0,4.9,0,"(legs ignored: upper-body layer in game)"
villagers,g6_m_blacksmith_apron,1H_Melee_Attack_Stab,once,true,WARN,1.53,false,112.5,0.00,1.0,0.0,0.00,0.00,0.00,2,68.8,0.0,0.0,0.0,0,"2 pop(s), worst on 'thigh_r' at 0.30 s (41 deg/frame^2); (legs ignored: upper-body layer in game)"
villagers,g6_m_blacksmith_apron,Block_Hit,once,true,FAIL,1.23,false,4.9,0.00,0.1,0.0,0.00,0.00,0.00,9,73.5,0.0,0.0,0.0,0,"9 pop(s), worst on 'upperarm_r' at 0.10 s (73 deg/frame^2)"
villagers,g6_m_blacksmith_apron,Dodge_Forward,once,true,FAIL,1.47,false,13.1,0.00,1.0,0.0,0.73,0.00,0.00,3,69.8,0.0,0.0,9.8,0,"all feet off the ground for 0.73 s; planted foot slips 13 cm/s (p75); 3 pop(s), worst on 'upperarm_r' at 0.03 s (40 deg/frame^2)"
villagers,g6_m_blacksmith_apron,Hit_A,once,true,PASS,0.33,false,9.7,0.00,1.1,0.0,0.00,0.00,0.00,0,8.4,0.0,0.0,2.7,0,"(legs ignored: upper-body layer in game)"
villagers,g6_m_blacksmith_apron,Hit_B,once,true,FAIL,0.83,false,57.5,0.00,6.0,0.0,0.30,0.00,0.00,0,61.2,0.0,0.0,4.7,0,"6.0 cm below floor (mesh); all feet off the ground for 0.30 s; planted foot slips 58 cm/s (p75)"
villagers,g6_m_blacksmith_apron,Death_A,death,true,WARN,4.46,false,-1.0,0.00,2.1,0.0,0.00,0.00,0.00,0,16.0,0.0,0.0,72.8,0,"2.1 cm below floor (mesh)"
villagers,g6_m_blacksmith_apron,Death_B,death,true,FAIL,1.83,false,-1.0,0.00,5.5,0.0,0.00,0.00,0.00,0,15.6,0.0,0.0,18.6,0,"5.5 cm below floor (mesh)"
villagers,g6_m_blacksmith_apron,Sitting_Idle,sit,true,PASS,1.67,true,0.0,0.00,0.0,0.0,0.00,0.00,0.00,0,0.1,0.0,0.0,0.0,0,""
villagers,g6_m_blacksmith_apron,Sitting_Talking,sit,false,PASS,2.93,true,0.2,0.00,0.0,0.0,0.00,0.00,0.00,0,5.2,0.0,0.0,0.0,0,""
villagers,g6_m_blacksmith_apron,Cheer,once,true,PASS,2.50,false,1.0,0.00,0.6,0.0,0.00,0.00,0.00,0,10.0,0.0,0.0,0.0,0,""
villagers,g6_m_blacksmith_apron,Idle_Talking,loop,false,PASS,2.93,true,1.1,0.00,0.3,0.0,0.00,0.00,0.00,0,3.9,0.0,0.0,0.0,0,""
villagers,g6_m_blacksmith_apron,Interact,once,true,PASS,2.00,false,1.9,0.00,0.3,0.0,0.00,0.00,0.00,0,4.3,0.0,0.0,0.0,0,""
villagers,g6_m_blacksmith_apron,Farm_Harvest,once,false,PASS,2.50,false,7.8,0.00,0.2,0.0,0.03,0.00,0.00,0,10.8,0.0,0.0,0.0,0,""
villagers,g6_m_blacksmith_apron,Farm_Watering,once,false,PASS,3.80,false,1.6,0.00,0.2,0.0,0.00,0.00,0.00,0,2.4,0.0,0.0,0.0,0,""
villagers,g6_m_blacksmith_apron,TreeChopping,once,false,WARN,0.97,true,7.6,0.00,0.0,0.4,0.00,0.00,0.00,2,37.2,0.0,0.0,0.0,0,"2 pop(s), worst on 'upperarm_r' at 0.10 s (37 deg/frame^2)"
villagers,g6_m_blacksmith_apron,Fixing_Kneeling,once,false,FAIL,5.20,false,11.2,0.00,0.2,0.0,0.43,0.00,0.00,0,12.5,0.0,0.0,0.0,0,"all feet off the ground for 0.43 s; planted foot slips 11 cm/s (p75)"
villagers,g6_m_blacksmith_apron,PickUp_Table,once,false,WARN,0.83,false,8.5,0.00,0.2,0.0,0.00,0.00,0.00,0,7.5,0.0,0.0,0.0,0,"planted foot slips 8 cm/s (p75)"
villagers,g6_m_blacksmith_apron,Jump,jump,false,FAIL,2.50,true,2.0,0.00,13.6,0.0,0.00,0.00,0.00,0,0.2,0.0,0.0,0.0,0,"13.6 cm below floor (mesh)"
villagers,g6_f_blacksmith_apron,Idle,loop,true,PASS,2.50,true,1.6,0.00,0.2,0.0,0.00,0.00,0.00,0,0.2,0.3,0.0,0.0,0,""
villagers,g6_f_blacksmith_apron,Walking_A,loco,true,PASS,1.33,true,7.3,1.09,0.0,0.1,0.00,0.00,0.00,0,15.0,0.0,0.0,0.0,0,""
villagers,g6_f_blacksmith_apron,Running_A,loco,true,FAIL,0.93,true,23.8,6.35,0.0,3.4,0.30,0.00,0.00,0,73.6,0.0,0.0,0.0,0,"feet never touch the floor (lowest 3.4 cm above); all feet off the ground for 0.30 s; planted foot slips 24 cm/s (p75)"
villagers,g6_f_blacksmith_apron,Sprint,loco,false,FAIL,0.67,true,28.4,9.66,0.0,3.7,0.17,0.00,0.00,0,67.9,0.0,0.0,0.0,0,"feet never touch the floor (lowest 3.7 cm above); planted foot slips 28 cm/s (p75)"
villagers,g6_f_blacksmith_apron,Walk_Carry,loco,false,WARN,2.00,true,3.9,0.72,3.1,0.0,0.00,0.00,0.00,0,7.7,0.0,0.0,0.0,0,"3.1 cm below floor (foot joint)"
villagers,g6_f_blacksmith_apron,Walk_Formal,loco,false,WARN,1.33,true,9.3,1.08,0.0,0.1,0.00,0.00,0.00,0,19.5,0.7,0.0,0.0,0,"planted foot slips 9 cm/s (p75)"
villagers,g6_f_blacksmith_apron,Crouch_Fwd,loco,false,WARN,2.00,true,6.4,0.80,0.0,5.7,0.00,0.00,0.00,0,6.7,0.0,0.0,0.0,0,"feet never touch the floor (lowest 5.7 cm above)"
villagers,g6_f_blacksmith_apron,Blocking,loop,true,PASS,2.50,true,1.6,0.00,0.2,0.0,0.00,0.00,0.00,0,0.2,0.3,0.0,0.0,0,""
villagers,g6_f_blacksmith_apron,2H_Melee_Idle,loop,true,PASS,1.67,true,1.1,0.00,0.1,0.0,0.00,0.00,0.00,0,0.4,0.0,0.0,0.0,0,""
villagers,g6_f_blacksmith_apron,1H_Melee_Attack_Chop,once,true,PASS,0.43,false,92.0,0.00,0.0,0.0,0.03,0.00,0.00,0,47.6,0.0,0.0,4.7,0,"(legs ignored: upper-body layer in game)"
villagers,g6_f_blacksmith_apron,1H_Melee_Attack_Slice_Diagonal,once,true,PASS,0.53,false,53.2,0.00,0.0,1.7,0.13,0.00,0.00,0,59.7,0.0,0.0,3.3,0,"(legs ignored: upper-body layer in game)"
villagers,g6_f_blacksmith_apron,1H_Melee_Attack_Slice_Horizontal,once,true,PASS,2.00,false,27.4,0.00,2.3,0.0,0.73,0.00,0.00,0,57.0,0.0,0.0,5.1,0,"(legs ignored: upper-body layer in game)"
villagers,g6_f_blacksmith_apron,1H_Melee_Attack_Stab,once,true,WARN,1.53,false,111.5,0.00,0.9,0.0,0.10,0.00,0.00,2,68.8,0.0,0.0,0.0,0,"2 pop(s), worst on 'thigh_r' at 0.30 s (41 deg/frame^2); (legs ignored: upper-body layer in game)"
villagers,g6_f_blacksmith_apron,Block_Hit,once,true,FAIL,1.23,false,4.0,0.00,0.0,0.0,0.00,0.00,0.00,9,73.5,0.0,0.0,0.0,0,"9 pop(s), worst on 'upperarm_r' at 0.10 s (73 deg/frame^2)"
villagers,g6_f_blacksmith_apron,Dodge_Forward,once,true,FAIL,1.47,false,11.9,0.00,0.8,0.0,0.73,0.00,0.00,3,69.8,0.0,0.0,10.1,0,"all feet off the ground for 0.73 s; planted foot slips 12 cm/s (p75); 3 pop(s), worst on 'upperarm_r' at 0.03 s (40 deg/frame^2)"
villagers,g6_f_blacksmith_apron,Hit_A,once,true,PASS,0.33,false,10.3,0.00,1.1,0.0,0.00,0.00,0.00,0,8.4,0.0,0.0,2.8,0,"(legs ignored: upper-body layer in game)"
villagers,g6_f_blacksmith_apron,Hit_B,once,true,FAIL,0.83,false,60.0,0.00,4.4,0.0,0.30,0.00,0.00,0,61.2,0.0,0.0,4.9,0,"4.4 cm below floor (mesh); all feet off the ground for 0.30 s; planted foot slips 60 cm/s (p75)"
villagers,g6_f_blacksmith_apron,Death_A,death,true,PASS,4.46,false,-1.0,0.00,0.1,0.0,0.00,0.00,0.00,0,16.0,0.0,0.0,75.0,0,""
villagers,g6_f_blacksmith_apron,Death_B,death,true,WARN,1.83,false,-1.0,0.00,3.9,0.0,0.00,0.00,0.00,0,15.6,0.0,0.0,19.2,0,"3.9 cm below floor (mesh)"
villagers,g6_f_blacksmith_apron,Sitting_Idle,sit,true,PASS,1.67,true,0.0,0.00,0.0,0.0,0.00,0.00,0.00,0,0.1,0.0,0.0,0.0,0,""
villagers,g6_f_blacksmith_apron,Sitting_Talking,sit,false,PASS,2.93,true,0.2,0.00,0.0,0.0,0.00,0.00,0.00,0,5.2,0.0,0.0,0.0,0,""
villagers,g6_f_blacksmith_apron,Cheer,once,true,PASS,2.50,false,1.0,0.00,0.6,0.0,0.00,0.00,0.00,0,10.0,0.0,0.0,0.0,0,""
villagers,g6_f_blacksmith_apron,Idle_Talking,loop,false,PASS,2.93,true,1.2,0.00,0.2,0.0,0.00,0.00,0.00,0,3.9,0.0,0.0,0.0,0,""
villagers,g6_f_blacksmith_apron,Interact,once,true,PASS,2.00,false,2.0,0.00,0.2,0.0,0.00,0.00,0.00,0,4.3,0.0,0.0,0.0,0,""
villagers,g6_f_blacksmith_apron,Farm_Harvest,once,false,FAIL,2.50,false,8.1,0.00,0.2,0.0,0.43,0.00,0.00,0,10.8,0.0,0.0,0.0,0,"all feet off the ground for 0.43 s; planted foot slips 8 cm/s (p75)"
villagers,g6_f_blacksmith_apron,Farm_Watering,once,false,PASS,3.80,false,1.6,0.00,0.2,0.0,0.00,0.00,0.00,0,2.4,0.0,0.0,0.0,0,""
villagers,g6_f_blacksmith_apron,TreeChopping,once,false,WARN,0.97,true,8.7,0.00,0.0,0.5,0.00,0.00,0.00,2,37.2,0.0,0.0,0.0,0,"planted foot slips 9 cm/s (p75); 2 pop(s), worst on 'upperarm_r' at 0.10 s (37 deg/frame^2)"
villagers,g6_f_blacksmith_apron,Fixing_Kneeling,once,false,WARN,5.20,false,9.6,0.00,1.1,0.0,0.10,0.00,0.00,0,12.5,0.0,0.0,0.0,0,"planted foot slips 10 cm/s (p75)"
villagers,g6_f_blacksmith_apron,PickUp_Table,once,false,WARN,0.83,false,9.2,0.00,0.2,0.0,0.00,0.00,0.00,0,7.5,0.0,0.0,0.0,0,"planted foot slips 9 cm/s (p75)"
villagers,g6_f_blacksmith_apron,Jump,jump,false,FAIL,2.50,true,2.0,0.00,11.0,0.0,0.00,0.00,0.00,0,0.2,0.0,0.0,0.0,0,"11.0 cm below floor (foot joint)"
villagers,cdmir_monk,Idle,loop,true,PASS,2.50,true,1.4,0.00,0.7,0.0,0.00,0.00,0.00,0,0.2,0.3,0.0,0.0,0,""
villagers,cdmir_monk,Walking_A,loco,true,PASS,1.33,true,3.3,0.99,0.1,0.0,0.00,0.00,0.00,0,15.0,0.0,0.0,0.0,0,""
villagers,cdmir_monk,Running_A,loco,true,FAIL,0.93,true,21.1,5.93,0.0,0.2,0.30,0.00,0.00,0,73.6,0.0,0.0,0.0,0,"all feet off the ground for 0.30 s; planted foot slips 21 cm/s (p75)"
villagers,cdmir_monk,Sprint,loco,false,FAIL,0.67,true,24.7,9.03,0.0,2.4,0.23,0.00,0.00,0,67.9,0.0,0.0,0.0,0,"all feet off the ground for 0.23 s; planted foot slips 25 cm/s (p75)"
villagers,cdmir_monk,Walk_Carry,loco,false,PASS,2.00,true,1.8,0.67,2.0,0.0,0.00,0.00,0.00,0,7.7,0.0,0.0,0.0,0,""
villagers,cdmir_monk,Walk_Formal,loco,false,PASS,1.33,true,3.4,0.99,0.1,0.0,0.00,0.00,0.00,0,19.5,0.7,0.0,0.0,0,""
villagers,cdmir_monk,Crouch_Fwd,loco,false,FAIL,2.00,true,29.0,0.73,0.0,0.9,0.00,0.00,0.00,0,6.7,0.0,0.0,0.0,0,"planted foot slips 29 cm/s (p75)"
villagers,cdmir_monk,Blocking,loop,true,PASS,2.50,true,1.4,0.00,0.7,0.0,0.00,0.00,0.00,0,0.2,0.3,0.0,0.0,0,""
villagers,cdmir_monk,2H_Melee_Idle,loop,true,PASS,1.67,true,0.2,0.00,1.6,0.0,0.00,0.00,0.00,0,0.4,0.0,0.0,0.0,0,""
villagers,cdmir_monk,1H_Melee_Attack_Chop,once,true,PASS,0.43,false,337.3,0.00,2.5,0.0,0.00,0.00,0.00,0,47.6,0.0,0.0,4.8,0,"(legs ignored: upper-body layer in game)"
villagers,cdmir_monk,1H_Melee_Attack_Slice_Diagonal,once,true,PASS,0.53,false,70.9,0.00,2.4,0.0,0.00,0.00,0.00,0,59.7,0.0,0.0,3.4,0,"(legs ignored: upper-body layer in game)"
villagers,cdmir_monk,1H_Melee_Attack_Slice_Horizontal,once,true,PASS,2.00,false,27.7,0.00,2.2,0.0,0.47,0.00,0.00,0,57.0,0.0,0.0,5.2,0,"(legs ignored: upper-body layer in game)"
villagers,cdmir_monk,1H_Melee_Attack_Stab,once,true,WARN,1.53,false,107.1,0.00,1.8,0.0,0.00,0.00,0.00,2,68.8,0.0,0.0,0.0,0,"2 pop(s), worst on 'thigh_r' at 0.30 s (41 deg/frame^2); (legs ignored: upper-body layer in game)"
villagers,cdmir_monk,Block_Hit,once,true,FAIL,1.23,false,3.0,0.00,0.6,0.0,0.00,0.00,0.00,9,73.5,0.0,0.0,0.0,0,"9 pop(s), worst on 'upperarm_r' at 0.10 s (73 deg/frame^2)"
villagers,cdmir_monk,Dodge_Forward,once,true,FAIL,1.47,false,14.2,0.00,6.7,0.0,0.67,0.00,0.00,3,69.8,0.0,0.0,10.4,0,"6.7 cm below floor (mesh); all feet off the ground for 0.67 s; planted foot slips 14 cm/s (p75); 3 pop(s), worst on 'upperarm_r' at 0.03 s (40 deg/frame^2)"
villagers,cdmir_monk,Hit_A,once,true,PASS,0.33,false,4.3,0.00,1.4,0.0,0.00,0.00,0.00,0,8.4,0.0,0.0,2.9,0,""
villagers,cdmir_monk,Hit_B,once,true,FAIL,0.83,false,-1.0,0.00,15.5,1.9,0.63,0.00,0.00,0,61.2,0.0,0.0,5.0,0,"15.5 cm below floor (mesh); all feet off the ground for 0.63 s"
villagers,cdmir_monk,Death_A,death,true,FAIL,4.46,false,-1.0,0.00,9.4,0.0,0.00,0.00,0.00,0,16.0,0.0,0.0,77.3,0,"9.4 cm below floor (mesh)"
villagers,cdmir_monk,Death_B,death,true,PASS,1.83,false,-1.0,0.00,1.5,0.0,0.00,0.00,0.00,0,15.6,0.0,0.0,19.8,0,""
villagers,cdmir_monk,Sitting_Idle,sit,true,PASS,1.67,true,0.0,0.00,0.5,0.0,0.00,0.00,0.00,0,0.1,0.0,0.0,0.0,0,""
villagers,cdmir_monk,Sitting_Talking,sit,false,PASS,2.93,true,0.0,0.00,0.5,0.0,0.00,0.00,0.00,0,5.2,0.0,0.0,0.0,0,""
villagers,cdmir_monk,Cheer,once,true,PASS,2.50,false,0.9,0.00,0.7,0.0,0.00,0.00,0.00,0,10.0,0.0,0.0,0.0,0,""
villagers,cdmir_monk,Idle_Talking,loop,false,PASS,2.93,true,1.0,0.00,0.7,0.0,0.00,0.00,0.00,0,3.9,0.0,0.0,0.0,0,""
villagers,cdmir_monk,Interact,once,true,PASS,2.00,false,1.5,0.00,0.6,0.0,0.00,0.00,0.00,0,4.3,0.0,0.0,0.0,0,""
villagers,cdmir_monk,Farm_Harvest,once,false,FAIL,2.50,false,12.0,0.00,0.7,0.0,1.17,0.00,0.00,0,10.8,0.0,0.0,0.0,0,"all feet off the ground for 1.17 s; planted foot slips 12 cm/s (p75)"
villagers,cdmir_monk,Farm_Watering,once,false,PASS,3.80,false,1.8,0.00,0.6,0.0,0.00,0.00,0.00,0,2.4,0.0,0.0,0.0,0,""
villagers,cdmir_monk,TreeChopping,once,false,WARN,0.97,true,10.6,0.00,1.2,0.0,0.00,0.00,0.00,2,37.2,0.0,0.0,0.0,0,"planted foot slips 11 cm/s (p75); 2 pop(s), worst on 'upperarm_r' at 0.10 s (37 deg/frame^2)"
villagers,cdmir_monk,Fixing_Kneeling,once,false,FAIL,5.20,false,1.5,0.00,7.8,0.0,0.00,0.00,0.00,0,12.5,0.0,0.0,0.0,0,"7.8 cm below floor (mesh)"
villagers,cdmir_monk,PickUp_Table,once,false,WARN,0.83,false,10.2,0.00,0.6,0.0,0.00,0.00,0.00,0,7.5,0.0,0.0,0.0,0,"planted foot slips 10 cm/s (p75)"
villagers,cdmir_monk,Jump,jump,false,FAIL,2.50,true,1.5,0.00,10.3,0.0,0.00,0.00,0.00,0,0.2,0.0,0.0,0.0,0,"10.3 cm below floor (foot joint)"
villagers,cdmir_old_lady,Idle,loop,true,PASS,2.50,true,1.2,0.00,0.0,0.4,0.00,0.00,0.00,0,0.2,0.3,0.0,0.0,0,""
villagers,cdmir_old_lady,Walking_A,loco,true,FAIL,1.33,true,25.5,0.94,3.2,0.0,0.00,0.00,0.00,0,15.0,0.0,0.0,0.0,0,"3.2 cm below floor (mesh); planted foot slips 26 cm/s (p75)"
villagers,cdmir_old_lady,Running_A,loco,true,FAIL,0.93,true,26.1,5.61,0.0,1.3,0.30,0.00,0.00,0,73.6,0.0,0.0,0.0,0,"all feet off the ground for 0.30 s; planted foot slips 26 cm/s (p75)"
villagers,cdmir_old_lady,Sprint,loco,false,WARN,0.67,true,-1.0,8.53,0.0,3.6,0.17,0.00,0.00,0,67.9,0.0,0.0,0.0,0,"feet never touch the floor (lowest 3.6 cm above); no ground-contact frames found"
villagers,cdmir_old_lady,Walk_Carry,loco,false,FAIL,2.00,true,48.0,0.63,6.3,0.0,0.00,0.00,0.00,0,7.7,0.0,0.0,0.0,0,"6.3 cm below floor (foot joint); planted foot slips 48 cm/s (p75)"
villagers,cdmir_old_lady,Walk_Formal,loco,false,FAIL,1.33,true,25.5,0.94,3.0,0.0,0.00,0.00,0.00,0,19.5,0.7,0.0,0.0,0,"3.0 cm below floor (mesh); planted foot slips 26 cm/s (p75)"
villagers,cdmir_old_lady,Crouch_Fwd,loco,false,FAIL,2.00,true,34.3,0.69,0.0,0.2,0.00,0.00,0.00,0,6.7,0.0,0.0,0.0,0,"planted foot slips 34 cm/s (p75)"
villagers,cdmir_old_lady,Blocking,loop,true,PASS,2.50,true,1.2,0.00,0.0,0.4,0.00,0.00,0.00,0,0.2,0.3,0.0,0.0,0,""
villagers,cdmir_old_lady,2H_Melee_Idle,loop,true,WARN,1.67,true,0.9,0.00,2.2,0.0,0.00,0.00,0.00,0,0.4,0.0,0.0,0.0,0,"2.2 cm below floor (foot joint)"
villagers,cdmir_old_lady,1H_Melee_Attack_Chop,once,true,PASS,0.43,false,369.9,0.00,3.1,0.0,0.00,0.00,0.00,0,47.6,0.0,0.0,4.5,0,"(legs ignored: upper-body layer in game)"
villagers,cdmir_old_lady,1H_Melee_Attack_Slice_Diagonal,once,true,PASS,0.53,false,73.7,0.00,2.9,0.0,0.00,0.00,0.00,0,59.7,0.0,0.0,3.2,0,"(legs ignored: upper-body layer in game)"
villagers,cdmir_old_lady,1H_Melee_Attack_Slice_Horizontal,once,true,PASS,2.00,false,57.5,0.00,6.4,0.0,0.13,0.00,0.00,0,57.0,0.0,0.0,4.9,0,"(legs ignored: upper-body layer in game)"
villagers,cdmir_old_lady,1H_Melee_Attack_Stab,once,true,WARN,1.53,false,113.8,0.00,2.1,0.0,0.00,0.00,0.00,2,68.8,0.0,0.0,0.0,0,"2 pop(s), worst on 'thigh_r' at 0.30 s (41 deg/frame^2); (legs ignored: upper-body layer in game)"
villagers,cdmir_old_lady,Block_Hit,once,true,FAIL,1.23,false,4.0,0.00,1.3,0.0,0.00,0.00,0.00,9,73.5,0.0,0.0,0.0,0,"9 pop(s), worst on 'upperarm_r' at 0.10 s (73 deg/frame^2)"
villagers,cdmir_old_lady,Dodge_Forward,once,true,FAIL,1.47,false,12.9,0.00,5.4,0.0,0.67,0.00,0.00,3,69.8,0.0,0.0,9.7,0,"5.4 cm below floor (mesh); all feet off the ground for 0.67 s; planted foot slips 13 cm/s (p75); 3 pop(s), worst on 'upperarm_r' at 0.03 s (40 deg/frame^2)"
villagers,cdmir_old_lady,Hit_A,once,true,PASS,0.33,false,6.5,0.00,0.7,0.0,0.00,0.00,0.00,0,8.4,0.0,0.0,2.7,0,""
villagers,cdmir_old_lady,Hit_B,once,true,FAIL,0.83,false,64.4,0.00,14.0,0.0,0.30,0.00,0.00,0,61.2,0.0,0.0,4.7,0,"14.0 cm below floor (mesh); all feet off the ground for 0.30 s; planted foot slips 64 cm/s (p75)"
villagers,cdmir_old_lady,Death_A,death,true,FAIL,4.46,false,-1.0,0.00,18.6,0.0,0.00,0.00,0.00,0,16.0,0.0,0.0,72.3,0,"18.6 cm below floor (mesh)"
villagers,cdmir_old_lady,Death_B,death,true,FAIL,1.83,false,-1.0,0.00,12.1,0.0,0.00,0.00,0.00,0,15.6,0.0,0.0,18.5,0,"12.1 cm below floor (mesh)"
villagers,cdmir_old_lady,Sitting_Idle,sit,true,PASS,1.67,true,0.0,0.00,0.0,0.0,0.00,0.00,0.00,0,0.1,0.0,0.0,0.0,0,""
villagers,cdmir_old_lady,Sitting_Talking,sit,false,PASS,2.93,true,0.1,0.00,0.0,0.0,0.00,0.00,0.00,0,5.2,0.0,0.0,0.0,0,""
villagers,cdmir_old_lady,Cheer,once,true,PASS,2.50,false,0.6,0.00,0.9,0.3,0.00,0.00,0.00,0,10.0,0.0,0.0,0.0,0,""
villagers,cdmir_old_lady,Idle_Talking,loop,false,PASS,2.93,true,1.0,0.00,0.0,0.4,0.00,0.00,0.00,0,3.9,0.0,0.0,0.0,0,""
villagers,cdmir_old_lady,Interact,once,true,PASS,2.00,false,1.5,0.00,0.0,0.4,0.00,0.00,0.00,0,4.3,0.0,0.0,0.0,0,""
villagers,cdmir_old_lady,Farm_Harvest,once,false,FAIL,2.50,false,4.9,0.00,0.8,0.0,0.80,0.00,0.00,0,10.8,0.0,0.0,0.0,0,"all feet off the ground for 0.80 s"
villagers,cdmir_old_lady,Farm_Watering,once,false,PASS,3.80,false,1.0,0.00,0.0,0.6,0.00,0.00,0.00,0,2.4,0.0,0.0,0.0,0,""
villagers,cdmir_old_lady,TreeChopping,once,false,WARN,0.97,true,11.7,0.00,1.1,0.0,0.00,0.00,0.00,2,37.2,0.0,0.0,0.0,0,"planted foot slips 12 cm/s (p75); 2 pop(s), worst on 'upperarm_r' at 0.10 s (37 deg/frame^2)"
villagers,cdmir_old_lady,Fixing_Kneeling,once,false,FAIL,5.20,false,1.3,0.00,12.4,0.0,0.00,0.00,0.00,0,12.5,0.0,0.0,0.0,0,"12.4 cm below floor (mesh)"
villagers,cdmir_old_lady,PickUp_Table,once,false,WARN,0.83,false,9.1,0.00,0.0,0.6,0.00,0.00,0.00,0,7.5,0.0,0.0,0.0,0,"planted foot slips 9 cm/s (p75)"
villagers,cdmir_old_lady,Jump,jump,false,FAIL,2.50,true,0.9,0.00,11.8,0.0,0.00,0.00,0.00,0,0.2,0.0,0.0,0.0,0,"11.8 cm below floor (foot joint)"
armored,guard,Idle,loop,true,PASS,2.50,true,1.3,0.00,0.2,0.0,0.00,0.00,0.00,0,0.2,0.3,0.0,0.0,0,""
armored,guard,Walking_A,loco,true,WARN,1.33,true,3.8,0.88,4.6,0.0,0.00,0.00,0.00,0,15.0,0.0,0.0,0.0,0,"4.6 cm below floor (foot joint)"
armored,guard,Running_A,loco,true,WARN,0.93,true,7.5,5.39,1.0,0.0,0.27,0.00,0.00,0,73.6,0.0,0.0,0.0,0,"all feet off the ground for 0.27 s"
armored,guard,Sprint,loco,false,WARN,0.67,true,-1.0,8.15,2.9,0.0,0.13,0.00,0.00,0,67.9,0.0,0.0,0.0,0,"2.9 cm below floor (foot joint); no ground-contact frames found"
armored,guard,Walk_Carry,loco,false,PASS,2.00,true,1.3,0.59,1.3,0.0,0.00,0.00,0.00,0,7.7,0.0,0.0,0.0,0,""
armored,guard,Walk_Formal,loco,false,WARN,1.33,true,4.1,0.88,4.6,0.0,0.00,0.00,0.00,0,19.5,0.7,0.0,0.0,0,"4.6 cm below floor (foot joint)"
armored,guard,Crouch_Fwd,loco,false,FAIL,2.00,true,49.9,0.65,4.2,0.0,0.00,0.00,0.00,0,6.7,0.0,0.0,0.0,0,"4.2 cm below floor (mesh); planted foot slips 50 cm/s (p75)"
armored,guard,Blocking,loop,true,PASS,2.50,true,1.3,0.00,0.2,0.0,0.00,0.00,0.00,0,0.2,0.3,0.0,0.0,0,""
armored,guard,2H_Melee_Idle,loop,true,PASS,1.67,true,0.2,0.00,0.2,0.0,0.00,0.00,0.00,0,0.4,0.0,0.0,0.0,0,""
armored,guard,1H_Melee_Attack_Chop,once,true,PASS,0.43,false,303.9,0.00,2.8,0.0,0.00,0.00,0.00,0,47.6,0.0,0.0,4.2,0,"(legs ignored: upper-body layer in game)"
armored,guard,1H_Melee_Attack_Slice_Diagonal,once,true,PASS,0.53,false,71.7,0.00,3.5,0.0,0.00,0.00,0.00,0,59.7,0.0,0.0,3.0,0,"(legs ignored: upper-body layer in game)"
armored,guard,1H_Melee_Attack_Slice_Horizontal,once,true,PASS,2.00,false,41.8,0.00,3.1,0.0,0.17,0.00,0.00,0,57.0,0.0,0.0,4.6,0,"(legs ignored: upper-body layer in game)"
armored,guard,1H_Melee_Attack_Stab,once,true,WARN,1.53,false,48.7,0.00,1.5,0.0,0.00,0.00,0.00,2,68.8,0.0,0.0,0.0,0,"2 pop(s), worst on 'thigh_r' at 0.30 s (41 deg/frame^2); (legs ignored: upper-body layer in game)"
armored,guard,Block_Hit,once,true,FAIL,1.23,false,0.7,0.00,0.3,0.0,0.00,0.00,0.00,9,73.5,0.0,0.0,0.0,0,"9 pop(s), worst on 'upperarm_r' at 0.10 s (73 deg/frame^2)"
armored,guard,Dodge_Forward,once,true,FAIL,1.47,false,12.8,0.00,9.5,0.0,0.67,0.00,0.00,3,69.8,0.0,0.0,9.1,0,"9.5 cm below floor (mesh); all feet off the ground for 0.67 s; planted foot slips 13 cm/s (p75); 3 pop(s), worst on 'upperarm_r' at 0.03 s (40 deg/frame^2)"
armored,guard,Hit_A,once,true,PASS,0.33,false,7.5,0.00,0.1,0.0,0.00,0.00,0.00,0,8.4,0.0,0.0,2.5,0,""
armored,guard,Hit_B,once,true,FAIL,0.83,false,42.4,0.00,12.7,0.0,0.27,0.00,0.00,0,61.2,0.0,0.0,4.4,0,"12.7 cm below floor (mesh); all feet off the ground for 0.27 s; planted foot slips 42 cm/s (p75)"
armored,guard,Death_A,death,true,FAIL,4.46,false,-1.0,0.00,18.7,0.0,0.00,0.00,0.00,0,16.0,0.0,0.0,67.3,0,"18.7 cm below floor (mesh)"
armored,guard,Death_B,death,true,FAIL,1.83,false,-1.0,0.00,8.4,0.0,0.00,0.00,0.00,0,15.6,0.0,0.0,17.2,0,"8.4 cm below floor (mesh)"
armored,guard,Sitting_Idle,sit,true,PASS,1.67,true,0.0,0.00,0.1,0.0,0.00,0.00,0.00,0,0.1,0.0,0.0,0.0,0,""
armored,guard,Sitting_Talking,sit,false,PASS,2.93,true,0.0,0.00,0.1,0.0,0.00,0.00,0.00,0,5.2,0.0,0.0,0.0,0,""
armored,guard,Cheer,once,true,PASS,2.50,false,0.5,0.00,0.1,0.0,0.00,0.00,0.00,0,10.0,0.0,0.0,0.0,0,""
armored,guard,Idle_Talking,loop,false,PASS,2.93,true,1.0,0.00,0.2,0.0,0.00,0.00,0.00,0,3.9,0.0,0.0,0.0,0,""
armored,guard,Interact,once,true,PASS,2.00,false,1.6,0.00,0.1,0.0,0.00,0.00,0.00,0,4.3,0.0,0.0,0.0,0,""
armored,guard,Farm_Harvest,once,false,PASS,2.50,false,2.5,0.00,0.5,0.0,0.00,0.00,0.00,0,10.8,0.0,0.0,0.0,0,""
armored,guard,Farm_Watering,once,false,PASS,3.80,false,0.5,0.00,0.3,0.0,0.00,0.00,0.00,0,2.4,0.0,0.0,0.0,0,""
armored,guard,TreeChopping,once,false,WARN,0.97,true,10.9,0.00,1.0,0.0,0.00,0.00,0.00,2,37.2,0.0,0.0,0.0,0,"planted foot slips 11 cm/s (p75); 2 pop(s), worst on 'upperarm_r' at 0.10 s (37 deg/frame^2)"
armored,guard,Fixing_Kneeling,once,false,FAIL,5.20,false,1.4,0.00,17.8,0.0,0.00,0.00,0.00,0,12.5,0.0,0.0,0.0,0,"17.8 cm below floor (mesh)"
armored,guard,PickUp_Table,once,false,WARN,0.83,false,10.2,0.00,0.8,0.0,0.00,0.00,0.00,0,7.5,0.0,0.0,0.0,0,"planted foot slips 10 cm/s (p75)"
armored,guard,Jump,jump,false,FAIL,2.50,true,1.3,0.00,9.5,0.0,0.00,0.00,0.00,0,0.2,0.0,0.0,0.0,0,"9.5 cm below floor (foot joint)"
armored,knight,Idle,loop,true,PASS,2.50,true,1.3,0.00,0.1,0.0,0.00,0.00,0.00,0,0.2,0.3,0.0,0.0,0,""
armored,knight,Walking_A,loco,true,FAIL,1.33,true,23.7,0.89,2.8,0.0,0.00,0.00,0.00,0,15.0,0.0,0.0,0.0,0,"2.8 cm below floor (foot joint); planted foot slips 24 cm/s (p75)"
armored,knight,Running_A,loco,true,WARN,0.93,true,13.5,5.39,1.9,0.0,0.27,0.00,0.00,0,73.6,0.0,0.0,0.0,0,"all feet off the ground for 0.27 s; planted foot slips 13 cm/s (p75)"
armored,knight,Sprint,loco,false,PASS,0.67,true,-1.0,8.15,1.8,0.0,0.13,0.00,0.00,0,67.9,0.0,0.0,0.0,0,"no ground-contact frames found"
armored,knight,Walk_Carry,loco,false,PASS,2.00,true,2.1,0.59,1.0,0.0,0.00,0.00,0.00,0,7.7,0.0,0.0,0.0,0,""
armored,knight,Walk_Formal,loco,false,FAIL,1.33,true,23.4,0.88,2.8,0.0,0.00,0.00,0.00,0,19.5,0.7,0.0,0.0,0,"2.8 cm below floor (foot joint); planted foot slips 23 cm/s (p75)"
armored,knight,Crouch_Fwd,loco,false,FAIL,2.00,true,50.0,0.65,2.6,0.0,0.00,0.00,0.00,0,6.7,0.0,0.0,0.0,0,"2.6 cm below floor (mesh); planted foot slips 50 cm/s (p75)"
armored,knight,Blocking,loop,true,PASS,2.50,true,1.3,0.00,0.1,0.0,0.00,0.00,0.00,0,0.2,0.3,0.0,0.0,0,""
armored,knight,2H_Melee_Idle,loop,true,PASS,1.67,true,0.2,0.00,0.0,0.0,0.00,0.00,0.00,0,0.4,0.0,0.0,0.0,0,""
armored,knight,1H_Melee_Attack_Chop,once,true,PASS,0.43,false,344.5,0.00,2.5,0.0,0.00,0.00,0.00,0,47.6,0.0,0.0,4.2,0,"(legs ignored: upper-body layer in game)"
armored,knight,1H_Melee_Attack_Slice_Diagonal,once,true,PASS,0.53,false,70.1,0.00,4.4,0.0,0.00,0.00,0.00,0,59.7,0.0,0.0,3.0,0,"(legs ignored: upper-body layer in game)"
armored,knight,1H_Melee_Attack_Slice_Horizontal,once,true,PASS,2.00,false,40.9,0.00,4.6,0.0,0.17,0.00,0.00,0,57.0,0.0,0.0,4.6,0,"(legs ignored: upper-body layer in game)"
armored,knight,1H_Melee_Attack_Stab,once,true,WARN,1.53,false,97.4,0.00,2.3,0.0,0.00,0.00,0.00,2,68.8,0.0,0.0,0.0,0,"2 pop(s), worst on 'thigh_r' at 0.30 s (41 deg/frame^2); (legs ignored: upper-body layer in game)"
armored,knight,Block_Hit,once,true,FAIL,1.23,false,0.8,0.00,0.3,0.0,0.00,0.00,0.00,9,73.5,0.0,0.0,0.0,0,"9 pop(s), worst on 'upperarm_r' at 0.10 s (73 deg/frame^2)"
armored,knight,Dodge_Forward,once,true,FAIL,1.47,false,9.1,0.00,10.5,0.0,0.67,0.00,0.00,3,69.8,0.0,0.0,9.1,0,"10.5 cm below floor (mesh); all feet off the ground for 0.67 s; planted foot slips 9 cm/s (p75); 3 pop(s), worst on 'upperarm_r' at 0.03 s (40 deg/frame^2)"
armored,knight,Hit_A,once,true,PASS,0.33,false,7.5,0.00,0.2,0.0,0.00,0.00,0.00,0,8.4,0.0,0.0,2.5,0,""
armored,knight,Hit_B,once,true,FAIL,0.83,false,48.0,0.00,18.4,0.0,0.30,0.00,0.00,0,61.2,0.0,0.0,4.4,0,"18.4 cm below floor (mesh); all feet off the ground for 0.30 s; planted foot slips 48 cm/s (p75)"
armored,knight,Death_A,death,true,FAIL,4.46,false,-1.0,0.00,13.4,0.0,0.00,0.00,0.00,0,16.0,0.0,0.0,67.3,0,"13.4 cm below floor (mesh)"
armored,knight,Death_B,death,true,FAIL,1.83,false,-1.0,0.00,7.6,0.0,0.00,0.00,0.00,0,15.6,0.0,0.0,17.2,0,"7.6 cm below floor (mesh)"
armored,knight,Sitting_Idle,sit,true,PASS,1.67,true,0.0,0.00,0.1,0.0,0.00,0.00,0.00,0,0.1,0.0,0.0,0.0,0,""
armored,knight,Sitting_Talking,sit,false,PASS,2.93,true,0.0,0.00,0.1,0.0,0.00,0.00,0.00,0,5.2,0.0,0.0,0.0,0,""
armored,knight,Cheer,once,true,PASS,2.50,false,0.5,0.00,0.1,0.0,0.00,0.00,0.00,0,10.0,0.0,0.0,0.0,0,""
armored,knight,Idle_Talking,loop,false,PASS,2.93,true,1.0,0.00,0.1,0.0,0.00,0.00,0.00,0,3.9,0.0,0.0,0.0,0,""
armored,knight,Interact,once,true,PASS,2.00,false,1.6,0.00,0.1,0.0,0.00,0.00,0.00,0,4.3,0.0,0.0,0.0,0,""
armored,knight,Farm_Harvest,once,false,PASS,2.50,false,2.1,0.00,0.4,0.0,0.00,0.00,0.00,0,10.8,0.0,0.0,0.0,0,""
armored,knight,Farm_Watering,once,false,PASS,3.80,false,0.5,0.00,0.3,0.0,0.00,0.00,0.00,0,2.4,0.0,0.0,0.0,0,""
armored,knight,TreeChopping,once,false,WARN,0.97,true,9.4,0.00,0.8,0.0,0.00,0.00,0.00,2,37.2,0.0,0.0,0.0,0,"planted foot slips 9 cm/s (p75); 2 pop(s), worst on 'upperarm_r' at 0.10 s (37 deg/frame^2)"
armored,knight,Fixing_Kneeling,once,false,FAIL,5.20,false,1.3,0.00,11.9,0.0,0.00,0.00,0.00,0,12.5,0.0,0.0,0.0,0,"11.9 cm below floor (mesh)"
armored,knight,PickUp_Table,once,false,WARN,0.83,false,8.7,0.00,0.7,0.0,0.00,0.00,0.00,0,7.5,0.0,0.0,0.0,0,"planted foot slips 9 cm/s (p75)"
armored,knight,Jump,jump,false,FAIL,2.50,true,1.3,0.00,11.1,0.0,0.00,0.00,0.00,0,0.2,0.0,0.0,0.0,0,"11.1 cm below floor (foot joint)"
armored,mercenary,Idle,loop,true,PASS,2.50,true,1.3,0.00,0.2,0.0,0.00,0.00,0.00,0,0.2,0.3,0.0,0.0,0,""
armored,mercenary,Walking_A,loco,true,WARN,1.33,true,7.7,0.88,4.0,0.0,0.00,0.00,0.00,0,15.0,0.0,0.0,0.0,0,"4.0 cm below floor (foot joint)"
armored,mercenary,Running_A,loco,true,WARN,0.93,true,11.6,5.38,1.5,0.0,0.27,0.00,0.00,0,73.6,0.0,0.0,0.0,0,"all feet off the ground for 0.27 s; planted foot slips 12 cm/s (p75)"
armored,mercenary,Sprint,loco,false,WARN,0.67,true,14.3,8.15,2.2,0.0,0.13,0.00,0.00,0,67.9,0.0,0.0,0.0,0,"2.2 cm below floor (mesh); planted foot slips 14 cm/s (p75)"
armored,mercenary,Walk_Carry,loco,false,PASS,2.00,true,2.1,0.59,0.7,0.0,0.00,0.00,0.00,0,7.7,0.0,0.0,0.0,0,""
armored,mercenary,Walk_Formal,loco,false,WARN,1.33,true,7.4,0.88,4.0,0.0,0.00,0.00,0.00,0,19.5,0.7,0.0,0.0,0,"4.0 cm below floor (foot joint)"
armored,mercenary,Crouch_Fwd,loco,false,FAIL,2.00,true,45.9,0.65,3.9,0.0,0.00,0.00,0.00,0,6.7,0.0,0.0,0.0,0,"3.9 cm below floor (mesh); planted foot slips 46 cm/s (p75)"
armored,mercenary,Blocking,loop,true,PASS,2.50,true,1.3,0.00,0.2,0.0,0.00,0.00,0.00,0,0.2,0.3,0.0,0.0,0,""
armored,mercenary,2H_Melee_Idle,loop,true,PASS,1.67,true,0.2,0.00,0.2,0.0,0.00,0.00,0.00,0,0.4,0.0,0.0,0.0,0,""
armored,mercenary,1H_Melee_Attack_Chop,once,true,PASS,0.43,false,372.5,0.00,3.5,0.0,0.00,0.00,0.00,0,47.6,0.0,0.0,4.2,0,"(legs ignored: upper-body layer in game)"
armored,mercenary,1H_Melee_Attack_Slice_Diagonal,once,true,PASS,0.53,false,74.5,0.00,4.7,0.0,0.00,0.00,0.00,0,59.7,0.0,0.0,3.0,0,"(legs ignored: upper-body layer in game)"
armored,mercenary,1H_Melee_Attack_Slice_Horizontal,once,true,PASS,2.00,false,41.7,0.00,4.6,0.0,0.17,0.00,0.00,0,57.0,0.0,0.0,4.6,0,"(legs ignored: upper-body layer in game)"
armored,mercenary,1H_Melee_Attack_Stab,once,true,WARN,1.53,false,98.5,0.00,2.1,0.0,0.00,0.00,0.00,2,68.8,0.0,0.0,0.0,0,"2 pop(s), worst on 'thigh_r' at 0.30 s (41 deg/frame^2); (legs ignored: upper-body layer in game)"
armored,mercenary,Block_Hit,once,true,FAIL,1.23,false,0.8,0.00,0.3,0.0,0.00,0.00,0.00,9,73.5,0.0,0.0,0.0,0,"9 pop(s), worst on 'upperarm_r' at 0.10 s (73 deg/frame^2)"
armored,mercenary,Dodge_Forward,once,true,FAIL,1.47,false,11.2,0.00,12.1,0.0,0.67,0.00,0.00,3,69.8,0.0,0.0,9.1,0,"12.1 cm below floor (mesh); all feet off the ground for 0.67 s; planted foot slips 11 cm/s (p75); 3 pop(s), worst on 'upperarm_r' at 0.03 s (40 deg/frame^2)"
armored,mercenary,Hit_A,once,true,PASS,0.33,false,7.5,0.00,0.4,0.0,0.00,0.00,0.00,0,8.4,0.0,0.0,2.5,0,""
armored,mercenary,Hit_B,once,true,FAIL,0.83,false,43.1,0.00,27.6,0.0,0.27,0.00,0.00,0,61.2,0.0,0.0,4.4,0,"27.6 cm below floor (mesh); all feet off the ground for 0.27 s; planted foot slips 43 cm/s (p75)"
armored,mercenary,Death_A,death,true,FAIL,4.46,false,-1.0,0.00,17.0,0.0,0.00,0.00,0.00,0,16.0,0.0,0.0,67.3,0,"17.0 cm below floor (mesh)"
armored,mercenary,Death_B,death,true,FAIL,1.83,false,-1.0,0.00,9.8,0.0,0.00,0.00,0.00,0,15.6,0.0,0.0,17.2,0,"9.8 cm below floor (mesh)"
armored,mercenary,Sitting_Idle,sit,true,PASS,1.67,true,0.0,0.00,0.1,0.0,0.00,0.00,0.00,0,0.1,0.0,0.0,0.0,0,""
armored,mercenary,Sitting_Talking,sit,false,PASS,2.93,true,0.0,0.00,0.1,0.0,0.00,0.00,0.00,0,5.2,0.0,0.0,0.0,0,""
armored,mercenary,Cheer,once,true,PASS,2.50,false,0.5,0.00,0.2,0.0,0.00,0.00,0.00,0,10.0,0.0,0.0,0.0,0,""
armored,mercenary,Idle_Talking,loop,false,PASS,2.93,true,0.9,0.00,0.2,0.0,0.00,0.00,0.00,0,3.9,0.0,0.0,0.0,0,""
armored,mercenary,Interact,once,true,PASS,2.00,false,1.5,0.00,0.1,0.0,0.00,0.00,0.00,0,4.3,0.0,0.0,0.0,0,""
armored,mercenary,Farm_Harvest,once,false,PASS,2.50,false,3.0,0.00,0.4,0.0,0.00,0.00,0.00,0,10.8,0.0,0.0,0.0,0,""
armored,mercenary,Farm_Watering,once,false,PASS,3.80,false,0.5,0.00,0.4,0.0,0.00,0.00,0.00,0,2.4,0.0,0.0,0.0,0,""
armored,mercenary,TreeChopping,once,false,WARN,0.97,true,12.5,0.00,1.1,0.0,0.00,0.00,0.00,2,37.2,0.0,0.0,0.0,0,"planted foot slips 12 cm/s (p75); 2 pop(s), worst on 'upperarm_r' at 0.10 s (37 deg/frame^2)"
armored,mercenary,Fixing_Kneeling,once,false,FAIL,5.20,false,1.7,0.00,18.8,0.0,0.00,0.00,0.00,0,12.5,0.0,0.0,0.0,0,"18.8 cm below floor (mesh)"
armored,mercenary,PickUp_Table,once,false,WARN,0.83,false,11.6,0.00,0.9,0.0,0.00,0.00,0.00,0,7.5,0.0,0.0,0.0,0,"planted foot slips 12 cm/s (p75)"
armored,mercenary,Jump,jump,false,FAIL,2.50,true,1.5,0.00,10.4,0.0,0.00,0.00,0.00,0,0.2,0.0,0.0,0.0,0,"10.4 cm below floor (foot joint)"
armored,bandit,Idle,loop,true,PASS,2.50,true,1.3,0.00,0.1,0.0,0.00,0.00,0.00,0,0.2,0.3,0.0,0.0,0,""
armored,bandit,Walking_A,loco,true,WARN,1.33,true,7.4,0.88,3.8,0.0,0.00,0.00,0.00,0,15.0,0.0,0.0,0.0,0,"3.8 cm below floor (mesh)"
armored,bandit,Running_A,loco,true,WARN,0.93,true,-1.0,5.39,0.9,0.0,0.27,0.00,0.00,0,73.6,0.0,0.0,0.0,0,"all feet off the ground for 0.27 s; no ground-contact frames found"
armored,bandit,Sprint,loco,false,WARN,0.67,true,8.5,8.15,2.4,0.0,0.13,0.00,0.00,0,67.9,0.0,0.0,0.0,0,"2.4 cm below floor (mesh); planted foot slips 9 cm/s (p75)"
armored,bandit,Walk_Carry,loco,false,PASS,2.00,true,1.7,0.59,1.0,0.0,0.00,0.00,0.00,0,7.7,0.0,0.0,0.0,0,""
armored,bandit,Walk_Formal,loco,false,WARN,1.33,true,7.6,0.88,3.8,0.0,0.00,0.00,0.00,0,19.5,0.7,0.0,0.0,0,"3.8 cm below floor (mesh)"
armored,bandit,Crouch_Fwd,loco,false,FAIL,2.00,true,45.9,0.65,4.4,0.0,0.00,0.00,0.00,0,6.7,0.0,0.0,0.0,0,"4.4 cm below floor (mesh); planted foot slips 46 cm/s (p75)"
armored,bandit,Blocking,loop,true,PASS,2.50,true,1.3,0.00,0.1,0.0,0.00,0.00,0.00,0,0.2,0.3,0.0,0.0,0,""
armored,bandit,2H_Melee_Idle,loop,true,PASS,1.67,true,0.2,0.00,0.5,0.0,0.00,0.00,0.00,0,0.4,0.0,0.0,0.0,0,""
armored,bandit,1H_Melee_Attack_Chop,once,true,PASS,0.43,false,324.5,0.00,3.3,0.0,0.00,0.00,0.00,0,47.6,0.0,0.0,4.2,0,"(legs ignored: upper-body layer in game)"
armored,bandit,1H_Melee_Attack_Slice_Diagonal,once,true,PASS,0.53,false,98.1,0.00,3.4,0.0,0.00,0.00,0.00,0,59.7,0.0,0.0,3.0,0,"(legs ignored: upper-body layer in game)"
armored,bandit,1H_Melee_Attack_Slice_Horizontal,once,true,PASS,2.00,false,56.8,0.00,4.1,0.0,0.20,0.00,0.00,0,57.0,0.0,0.0,4.6,0,"(legs ignored: upper-body layer in game)"
armored,bandit,1H_Melee_Attack_Stab,once,true,WARN,1.53,false,98.1,0.00,2.9,0.0,0.00,0.00,0.00,2,68.8,0.0,0.0,0.0,0,"2 pop(s), worst on 'thigh_r' at 0.30 s (41 deg/frame^2); (legs ignored: upper-body layer in game)"
armored,bandit,Block_Hit,once,true,FAIL,1.23,false,0.8,0.00,0.4,0.0,0.00,0.00,0.00,9,73.5,0.0,0.0,0.0,0,"9 pop(s), worst on 'upperarm_r' at 0.10 s (73 deg/frame^2)"
armored,bandit,Dodge_Forward,once,true,FAIL,1.47,false,12.8,0.00,31.3,0.0,0.67,0.00,0.00,3,69.8,0.0,0.0,9.1,0,"31.3 cm below floor (mesh); all feet off the ground for 0.67 s; planted foot slips 13 cm/s (p75); 3 pop(s), worst on 'upperarm_r' at 0.03 s (40 deg/frame^2)"
armored,bandit,Hit_A,once,true,PASS,0.33,false,7.6,0.00,0.6,0.0,0.00,0.00,0.00,0,8.4,0.0,0.0,2.5,0,""
armored,bandit,Hit_B,once,true,FAIL,0.83,false,44.2,0.00,23.3,0.0,0.30,0.00,0.00,0,61.2,0.0,0.0,4.4,0,"23.3 cm below floor (mesh); all feet off the ground for 0.30 s; planted foot slips 44 cm/s (p75)"
armored,bandit,Death_A,death,true,FAIL,4.46,false,-1.0,0.00,20.6,0.0,0.00,0.00,0.00,0,16.0,0.0,0.0,67.3,0,"20.6 cm below floor (mesh)"
armored,bandit,Death_B,death,true,FAIL,1.83,false,-1.0,0.00,9.3,0.0,0.00,0.00,0.00,0,15.6,0.0,0.0,17.2,0,"9.3 cm below floor (mesh)"
armored,bandit,Sitting_Idle,sit,true,PASS,1.67,true,0.0,0.00,0.1,0.0,0.00,0.00,0.00,0,0.1,0.0,0.0,0.0,0,""
armored,bandit,Sitting_Talking,sit,false,PASS,2.93,true,0.0,0.00,0.1,0.0,0.00,0.00,0.00,0,5.2,0.0,0.0,0.0,0,""
armored,bandit,Cheer,once,true,PASS,2.50,false,0.5,0.00,0.2,0.0,0.00,0.00,0.00,0,10.0,0.0,0.0,0.0,0,""
armored,bandit,Idle_Talking,loop,false,PASS,2.93,true,0.9,0.00,0.1,0.0,0.00,0.00,0.00,0,3.9,0.0,0.0,0.0,0,""
armored,bandit,Interact,once,true,PASS,2.00,false,1.6,0.00,0.1,0.0,0.00,0.00,0.00,0,4.3,0.0,0.0,0.0,0,""
armored,bandit,Farm_Harvest,once,false,PASS,2.50,false,3.4,0.00,0.3,0.0,0.00,0.00,0.00,0,10.8,0.0,0.0,0.0,0,""
armored,bandit,Farm_Watering,once,false,PASS,3.80,false,0.4,0.00,0.5,0.0,0.00,0.00,0.00,0,2.4,0.0,0.0,0.0,0,""
armored,bandit,TreeChopping,once,false,WARN,0.97,true,12.5,0.00,1.0,0.0,0.00,0.00,0.00,2,37.2,0.0,0.0,0.0,0,"planted foot slips 13 cm/s (p75); 2 pop(s), worst on 'upperarm_r' at 0.10 s (37 deg/frame^2)"
armored,bandit,Fixing_Kneeling,once,false,FAIL,5.20,false,1.8,0.00,16.8,0.0,0.00,0.00,0.00,0,12.5,0.0,0.0,0.0,0,"16.8 cm below floor (mesh)"
armored,bandit,PickUp_Table,once,false,WARN,0.83,false,11.7,0.00,1.1,0.0,0.00,0.00,0.00,0,7.5,0.0,0.0,0.0,0,"planted foot slips 12 cm/s (p75)"
armored,bandit,Jump,jump,false,FAIL,2.50,true,1.4,0.00,10.6,0.0,0.00,0.00,0.00,0,0.2,0.0,0.0,0.0,0,"10.6 cm below floor (foot joint)"
armored,noble,Idle,loop,true,WARN,2.50,true,1.3,0.00,2.8,0.0,0.00,0.00,0.00,0,0.2,0.3,0.0,0.0,0,"2.8 cm below floor (mesh)"
armored,noble,Walking_A,loco,true,FAIL,1.33,true,18.6,0.89,6.9,0.0,0.00,0.00,0.00,0,15.0,0.0,0.0,0.0,0,"6.9 cm below floor (mesh); planted foot slips 19 cm/s (p75)"
armored,noble,Running_A,loco,true,FAIL,0.93,true,13.6,5.37,16.3,0.0,0.27,0.00,0.00,0,73.6,0.0,0.0,0.0,0,"16.3 cm below floor (mesh); all feet off the ground for 0.27 s; planted foot slips 14 cm/s (p75)"
armored,noble,Sprint,loco,false,FAIL,0.67,true,-1.0,8.12,5.6,0.0,0.13,0.00,0.00,0,67.9,0.0,0.0,0.0,0,"5.6 cm below floor (mesh); no ground-contact frames found"
armored,noble,Walk_Carry,loco,false,FAIL,2.00,true,2.1,0.59,14.3,0.0,0.00,0.00,0.00,0,7.7,0.0,0.0,0.0,0,"14.3 cm below floor (mesh)"
armored,noble,Walk_Formal,loco,false,FAIL,1.33,true,18.6,0.89,6.3,0.0,0.00,0.00,0.00,0,19.5,0.7,0.0,0.0,0,"6.3 cm below floor (mesh); planted foot slips 19 cm/s (p75)"
armored,noble,Crouch_Fwd,loco,false,FAIL,2.00,true,50.4,0.66,26.3,0.0,0.00,0.00,0.00,0,6.7,0.0,0.0,0.0,0,"26.3 cm below floor (mesh); planted foot slips 50 cm/s (p75)"
armored,noble,Blocking,loop,true,WARN,2.50,true,1.3,0.00,2.8,0.0,0.00,0.00,0.00,0,0.2,0.3,0.0,0.0,0,"2.8 cm below floor (mesh)"
armored,noble,2H_Melee_Idle,loop,true,FAIL,1.67,true,0.2,0.00,12.5,0.0,0.00,0.00,0.00,0,0.4,0.0,0.0,0.0,0,"12.5 cm below floor (mesh)"
armored,noble,1H_Melee_Attack_Chop,once,true,PASS,0.43,false,362.4,0.00,12.0,0.0,0.00,0.00,0.00,0,47.6,0.0,0.0,4.2,0,"(legs ignored: upper-body layer in game)"
armored,noble,1H_Melee_Attack_Slice_Diagonal,once,true,PASS,0.53,false,57.9,0.00,14.2,0.0,0.00,0.00,0.00,0,59.7,0.0,0.0,3.0,0,"(legs ignored: upper-body layer in game)"
armored,noble,1H_Melee_Attack_Slice_Horizontal,once,true,PASS,2.00,false,60.6,0.00,5.5,0.0,0.20,0.00,0.00,0,57.0,0.0,0.0,4.5,0,"(legs ignored: upper-body layer in game)"
armored,noble,1H_Melee_Attack_Stab,once,true,WARN,1.53,false,94.5,0.00,16.1,0.0,0.00,0.00,0.00,2,68.8,0.0,0.0,0.0,0,"2 pop(s), worst on 'thigh_r' at 0.30 s (41 deg/frame^2); (legs ignored: upper-body layer in game)"
armored,noble,Block_Hit,once,true,FAIL,1.23,false,0.5,0.00,8.9,0.0,0.00,0.00,0.00,9,73.5,0.0,0.0,0.0,0,"9 pop(s), worst on 'upperarm_r' at 0.10 s (73 deg/frame^2); (legs ignored: upper-body layer in game)"
armored,noble,Dodge_Forward,once,true,FAIL,1.47,false,9.0,0.00,14.9,0.0,0.67,0.00,0.00,3,69.8,0.0,0.0,9.1,0,"14.9 cm below floor (mesh); all feet off the ground for 0.67 s; planted foot slips 9 cm/s (p75); 3 pop(s), worst on 'upperarm_r' at 0.03 s (40 deg/frame^2)"
armored,noble,Hit_A,once,true,PASS,0.33,false,7.5,0.00,4.5,0.0,0.00,0.00,0.00,0,8.4,0.0,0.0,2.5,0,"(legs ignored: upper-body layer in game)"
armored,noble,Hit_B,once,true,FAIL,0.83,false,48.4,0.00,34.3,0.0,0.30,0.00,0.00,0,61.2,0.0,0.0,4.4,0,"34.3 cm below floor (mesh); all feet off the ground for 0.30 s; planted foot slips 48 cm/s (p75)"
armored,noble,Death_A,death,true,FAIL,4.46,false,-1.0,0.00,37.3,0.0,0.00,0.00,0.00,0,16.0,0.0,0.0,67.1,0,"37.3 cm below floor (mesh)"
armored,noble,Death_B,death,true,FAIL,1.83,false,-1.0,0.00,23.3,0.0,0.00,0.00,0.00,0,15.6,0.0,0.0,17.1,0,"23.3 cm below floor (mesh)"
armored,noble,Sitting_Idle,sit,true,FAIL,1.67,true,0.0,0.00,6.7,0.0,0.00,0.00,0.00,0,0.1,0.0,0.0,0.0,0,"6.7 cm below floor (mesh)"
armored,noble,Sitting_Talking,sit,false,FAIL,2.93,true,0.0,0.00,6.7,0.0,0.00,0.00,0.00,0,5.2,0.0,0.0,0.0,0,"6.7 cm below floor (mesh)"
armored,noble,Cheer,once,true,WARN,2.50,false,0.5,0.00,2.7,0.0,0.00,0.00,0.00,0,10.0,0.0,0.0,0.0,0,"2.7 cm below floor (mesh)"
armored,noble,Idle_Talking,loop,false,WARN,2.93,true,0.9,0.00,2.7,0.0,0.00,0.00,0.00,0,3.9,0.0,0.0,0.0,0,"2.7 cm below floor (mesh)"
armored,noble,Interact,once,true,WARN,2.00,false,1.6,0.00,2.8,0.0,0.00,0.00,0.00,0,4.3,0.0,0.0,0.0,0,"2.8 cm below floor (mesh)"
armored,noble,Farm_Harvest,once,false,FAIL,2.50,false,1.4,0.00,7.7,0.0,0.00,0.00,0.00,0,10.8,0.0,0.0,0.0,0,"7.7 cm below floor (mesh)"
armored,noble,Farm_Watering,once,false,WARN,3.80,false,0.5,0.00,2.4,0.0,0.00,0.00,0.00,0,2.4,0.0,0.0,0.0,0,"2.4 cm below floor (mesh)"
armored,noble,TreeChopping,once,false,FAIL,0.97,true,7.5,0.00,15.9,0.0,0.00,0.00,0.00,2,37.2,0.0,0.0,0.0,0,"15.9 cm below floor (mesh); 2 pop(s), worst on 'upperarm_r' at 0.10 s (37 deg/frame^2)"
armored,noble,Fixing_Kneeling,once,false,FAIL,5.20,false,1.0,0.00,21.4,0.0,0.00,0.00,0.00,0,12.5,0.0,0.0,0.0,0,"21.4 cm below floor (mesh)"
armored,noble,PickUp_Table,once,false,WARN,0.83,false,5.6,0.00,2.3,0.0,0.00,0.00,0.00,0,7.5,0.0,0.0,0.0,0,"2.3 cm below floor (mesh)"
armored,noble,Jump,jump,false,FAIL,2.50,true,0.9,0.00,10.9,0.0,0.00,0.00,0.00,0,0.2,0.0,0.0,0.0,0,"10.9 cm below floor (foot joint)"
armored,orc_warchief,Idle,loop,true,PASS,2.50,true,1.6,0.00,0.1,0.0,0.00,0.00,0.00,0,0.2,0.3,0.0,0.0,0,""
armored,orc_warchief,Walking_A,loco,true,FAIL,1.33,true,9.9,1.09,8.5,0.0,0.00,0.00,0.00,0,15.0,0.0,0.0,0.0,0,"8.5 cm below floor (mesh); planted foot slips 10 cm/s (p75)"
armored,orc_warchief,Running_A,loco,true,FAIL,0.93,true,-1.0,6.74,6.4,0.0,0.23,0.00,0.00,0,73.6,0.0,0.0,0.0,0,"6.4 cm below floor (foot joint); all feet off the ground for 0.23 s; no ground-contact frames found"
armored,orc_warchief,Sprint,loco,false,FAIL,0.67,true,-1.0,10.21,6.4,0.0,0.13,0.00,0.00,0,67.9,0.0,0.0,0.0,0,"6.4 cm below floor (foot joint); no ground-contact frames found"
armored,orc_warchief,Walk_Carry,loco,false,FAIL,2.00,true,33.2,0.74,5.8,0.0,0.00,0.00,0.00,0,7.7,0.0,0.0,0.0,0,"5.8 cm below floor (mesh); planted foot slips 33 cm/s (p75)"
armored,orc_warchief,Walk_Formal,loco,false,FAIL,1.33,true,9.4,1.09,8.5,0.0,0.00,0.00,0.00,0,19.5,0.7,0.0,0.0,0,"8.5 cm below floor (mesh); planted foot slips 9 cm/s (p75)"
armored,orc_warchief,Crouch_Fwd,loco,false,FAIL,2.00,true,60.9,0.65,8.5,0.0,0.00,0.00,0.00,0,6.7,0.0,0.0,0.0,0,"8.5 cm below floor (mesh); planted foot slips 61 cm/s (p75)"
armored,orc_warchief,Blocking,loop,true,PASS,2.50,true,1.6,0.00,0.1,0.0,0.00,0.00,0.00,0,0.2,0.3,0.0,0.0,0,""
armored,orc_warchief,2H_Melee_Idle,loop,true,PASS,1.67,true,0.2,0.00,0.4,0.0,0.00,0.00,0.00,0,0.4,0.0,0.0,0.0,0,""
armored,orc_warchief,1H_Melee_Attack_Chop,once,true,PASS,0.43,false,509.7,0.00,8.0,0.0,0.00,0.00,0.00,0,47.6,0.0,0.0,5.2,0,"(legs ignored: upper-body layer in game)"
armored,orc_warchief,1H_Melee_Attack_Slice_Diagonal,once,true,PASS,0.53,false,117.1,0.00,12.6,0.0,0.00,0.00,0.00,0,59.7,0.0,0.0,3.7,0,"(legs ignored: upper-body layer in game)"
armored,orc_warchief,1H_Melee_Attack_Slice_Horizontal,once,true,PASS,2.00,false,53.6,0.00,14.8,0.0,0.13,0.00,0.00,0,57.0,0.0,0.0,5.7,0,"(legs ignored: upper-body layer in game)"
armored,orc_warchief,1H_Melee_Attack_Stab,once,true,WARN,1.53,false,144.4,0.00,6.9,0.0,0.00,0.00,0.00,2,68.8,0.0,0.0,0.0,0,"2 pop(s), worst on 'thigh_r' at 0.30 s (41 deg/frame^2); (legs ignored: upper-body layer in game)"
armored,orc_warchief,Block_Hit,once,true,FAIL,1.23,false,0.8,0.00,0.7,0.0,0.00,0.00,0.00,9,73.5,0.0,0.0,0.0,0,"9 pop(s), worst on 'upperarm_r' at 0.10 s (73 deg/frame^2)"
armored,orc_warchief,Dodge_Forward,once,true,FAIL,1.47,false,11.4,0.00,31.8,0.0,0.67,0.00,0.00,3,69.8,0.0,0.0,11.3,0,"31.8 cm below floor (mesh); all feet off the ground for 0.67 s; planted foot slips 11 cm/s (p75); 3 pop(s), worst on 'upperarm_r' at 0.03 s (40 deg/frame^2)"
armored,orc_warchief,Hit_A,once,true,PASS,0.33,false,9.6,0.00,0.9,0.0,0.00,0.00,0.00,0,8.4,0.0,0.0,3.1,0,"(legs ignored: upper-body layer in game)"
armored,orc_warchief,Hit_B,once,true,FAIL,0.83,false,60.7,0.00,30.7,0.0,0.27,0.00,0.00,0,61.2,0.0,0.0,5.5,0,"30.7 cm below floor (mesh); all feet off the ground for 0.27 s; planted foot slips 61 cm/s (p75)"
armored,orc_warchief,Death_A,death,true,FAIL,4.46,false,-1.0,0.00,27.7,0.0,0.00,0.00,0.00,0,16.0,0.0,0.0,84.1,0,"27.7 cm below floor (mesh)"
armored,orc_warchief,Death_B,death,true,FAIL,1.83,false,-1.0,0.00,24.8,0.0,0.00,0.00,0.00,0,15.6,0.0,0.0,21.5,0,"24.8 cm below floor (mesh)"
armored,orc_warchief,Sitting_Idle,sit,true,PASS,1.67,true,0.0,0.00,0.1,0.0,0.00,0.00,0.00,0,0.1,0.0,0.0,0.0,0,""
armored,orc_warchief,Sitting_Talking,sit,false,PASS,2.93,true,0.0,0.00,0.1,0.0,0.00,0.00,0.00,0,5.2,0.0,0.0,0.0,0,""
armored,orc_warchief,Cheer,once,true,PASS,2.50,false,0.5,0.00,0.4,0.0,0.00,0.00,0.00,0,10.0,0.0,0.0,0.0,0,""
armored,orc_warchief,Idle_Talking,loop,false,PASS,2.93,true,1.1,0.00,0.2,0.0,0.00,0.00,0.00,0,3.9,0.0,0.0,0.0,0,""
armored,orc_warchief,Interact,once,true,PASS,2.00,false,1.9,0.00,0.1,0.0,0.00,0.00,0.00,0,4.3,0.0,0.0,0.0,0,""
armored,orc_warchief,Farm_Harvest,once,false,FAIL,2.50,false,6.8,0.00,5.8,0.0,0.00,0.00,0.00,0,10.8,0.0,0.0,0.0,0,"5.8 cm below floor (mesh)"
armored,orc_warchief,Farm_Watering,once,false,PASS,3.80,false,0.6,0.00,0.9,0.0,0.00,0.00,0.00,0,2.4,0.0,0.0,0.0,0,""
armored,orc_warchief,TreeChopping,once,false,FAIL,0.97,true,26.1,0.00,2.1,0.0,0.00,0.00,0.00,2,37.2,0.0,0.0,0.0,0,"2.1 cm below floor (foot joint); planted foot slips 26 cm/s (p75); 2 pop(s), worst on 'upperarm_r' at 0.10 s (37 deg/frame^2)"
armored,orc_warchief,Fixing_Kneeling,once,false,FAIL,5.20,false,4.7,0.00,25.4,0.0,0.00,0.00,0.00,0,12.5,0.0,0.0,0.0,0,"25.4 cm below floor (mesh)"
armored,orc_warchief,PickUp_Table,once,false,FAIL,0.83,false,26.5,0.00,2.2,0.0,0.00,0.00,0.00,0,7.5,0.0,0.0,0.0,0,"2.2 cm below floor (foot joint); planted foot slips 27 cm/s (p75)"
armored,orc_warchief,Jump,jump,false,FAIL,2.50,true,2.7,0.00,19.8,0.0,0.00,0.00,0.00,0,0.2,0.0,0.0,0.0,0,"19.8 cm below floor (foot joint)"
creatures,q_goblin_male,Idle,loop,true,WARN,4.17,true,0.0,0.00,0.5,0.0,0.00,4.82,0.00,0,1.1,0.0,0.0,0.0,0,"bone 'Shoulder.R' stretches 4.8 %"
creatures,q_goblin_male,Walk,loco,true,FAIL,1.25,true,44.2,0.65,0.6,0.0,0.00,4.35,0.01,0,8.2,0.0,0.0,0.0,0,"planted foot slips 44 cm/s (p75); bone 'UpperLeg.L' stretches 4.3 %"
creatures,q_goblin_male,Run,loco,true,WARN,0.88,true,-1.0,0.00,2.8,0.0,0.17,4.12,0.01,0,55.2,4.8,0.0,0.0,0,"2.8 cm below floor (foot joint); no ground-contact frames found; bone 'UpperLeg.L' stretches 4.1 %; loop seam jumps 4.8 deg ('LowerLeg.L')"
creatures,q_goblin_male,SwordSlash,once,true,WARN,1.04,false,0.1,0.00,0.5,0.0,0.00,4.35,0.01,0,15.1,0.0,0.0,0.0,0,"bone 'UpperLeg.L' stretches 4.3 %"
creatures,q_goblin_male,Punch,once,true,FAIL,0.75,false,0.4,0.00,0.5,0.0,0.00,94.09,0.01,0,17.0,0.0,0.0,0.0,0,"bone 'Shoulder.R' stretches 94.1 %"
creatures,q_goblin_male,RecieveHit,once,true,PASS,0.63,false,0.1,0.00,0.5,0.0,0.00,0.00,0.00,0,3.7,0.0,0.0,0.0,0,""
creatures,q_goblin_male,SitDown,sit,true,WARN,0.96,false,15.0,0.00,0.5,0.0,0.00,0.00,0.00,0,3.7,0.0,0.0,14.3,0,"planted foot slips 15 cm/s (p75)"
creatures,q_goblin_male,StandUp,sit,true,WARN,1.29,false,11.1,0.00,0.5,0.0,0.00,0.00,0.00,0,3.6,0.0,0.0,14.3,0,"planted foot slips 11 cm/s (p75)"
creatures,q_goblin_male,Death,death,true,FAIL,2.29,false,-1.0,0.00,7.7,0.0,0.00,4.35,0.00,1,27.1,0.0,0.0,29.9,0,"7.7 cm below floor (mesh); bone 'UpperLeg.L' stretches 4.3 %; 1 pop(s), worst on 'Foot.R' at 1.67 s (27 deg/frame^2)"
creatures,q_goblin_female,Idle,loop,true,WARN,4.17,true,0.0,0.00,0.5,0.0,0.00,4.82,0.00,0,1.1,0.0,0.0,0.0,0,"bone 'Shoulder.R' stretches 4.8 %"
creatures,q_goblin_female,Walk,loco,true,FAIL,1.25,true,43.4,0.64,0.6,0.0,0.00,4.35,0.01,0,8.2,0.0,0.0,0.0,0,"planted foot slips 43 cm/s (p75); bone 'UpperLeg.L' stretches 4.3 %"
creatures,q_goblin_female,Run,loco,true,WARN,0.88,true,-1.0,0.00,2.8,0.0,0.17,4.12,0.01,0,55.2,4.8,0.0,0.0,0,"2.8 cm below floor (foot joint); no ground-contact frames found; bone 'UpperLeg.L' stretches 4.1 %; loop seam jumps 4.8 deg ('LowerLeg.L')"
creatures,q_goblin_female,SwordSlash,once,true,WARN,1.04,false,0.1,0.00,0.5,0.0,0.00,4.35,0.01,0,15.1,0.0,0.0,0.0,0,"bone 'UpperLeg.L' stretches 4.3 %"
creatures,q_goblin_female,Punch,once,true,FAIL,0.75,false,0.3,0.00,0.5,0.0,0.00,94.09,0.01,0,17.0,0.0,0.0,0.0,0,"bone 'Shoulder.R' stretches 94.1 %"
creatures,q_goblin_female,RecieveHit,once,true,PASS,0.63,false,0.1,0.00,0.5,0.0,0.00,0.00,0.00,0,3.7,0.0,0.0,0.0,0,""
creatures,q_goblin_female,SitDown,sit,true,WARN,0.96,false,14.7,0.00,0.5,0.0,0.00,0.00,0.00,0,3.7,0.0,0.0,14.0,0,"planted foot slips 15 cm/s (p75)"
creatures,q_goblin_female,StandUp,sit,true,WARN,1.29,false,10.9,0.00,0.5,0.0,0.00,0.00,0.00,0,3.6,0.0,0.0,14.0,0,"planted foot slips 11 cm/s (p75)"
creatures,q_goblin_female,Death,death,true,FAIL,2.29,false,-1.0,0.00,11.3,0.0,0.00,4.35,0.00,1,27.1,0.0,0.0,29.3,0,"11.3 cm below floor (mesh); bone 'UpperLeg.L' stretches 4.3 %; 1 pop(s), worst on 'Foot.R' at 1.67 s (27 deg/frame^2)"
creatures,q_orc,Idle,loop,true,WARN,4.17,true,0.1,0.00,0.9,0.0,0.00,4.82,0.00,0,1.1,0.0,0.0,0.0,0,"bone 'Shoulder.R' stretches 4.8 %"
creatures,q_orc,Walk,loco,true,FAIL,1.25,true,78.2,1.25,1.1,0.0,0.00,4.35,0.01,0,8.2,0.0,0.0,0.0,0,"planted foot slips 78 cm/s (p75); bone 'UpperLeg.L' stretches 4.3 %"
creatures,q_orc,Run,loco,true,FAIL,0.88,true,-1.0,0.00,5.3,0.0,0.23,4.12,0.01,0,55.2,4.8,0.0,0.0,0,"5.3 cm below floor (foot joint); all feet off the ground for 0.23 s; no ground-contact frames found; bone 'UpperLeg.L' stretches 4.1 %; loop seam jumps 4.8 deg ('LowerLeg.L')"
creatures,q_orc,SwordSlash,once,true,WARN,1.04,false,0.3,0.00,0.9,0.0,0.00,4.35,0.01,0,15.1,0.0,0.0,0.0,0,"bone 'UpperLeg.L' stretches 4.3 %"
creatures,q_orc,Punch,once,true,FAIL,0.75,false,0.7,0.00,1.0,0.0,0.00,94.09,0.01,0,17.0,0.0,0.0,0.0,0,"bone 'Shoulder.R' stretches 94.1 %"
creatures,q_orc,RecieveHit,once,true,PASS,0.63,false,0.2,0.00,0.9,0.0,0.00,0.00,0.00,0,3.7,0.0,0.0,0.0,0,""
creatures,q_orc,SitDown,sit,true,FAIL,0.96,false,27.9,0.00,0.9,0.0,0.00,0.00,0.00,0,3.7,0.0,0.0,26.6,0,"planted foot slips 28 cm/s (p75)"
creatures,q_orc,StandUp,sit,true,FAIL,1.29,false,20.6,0.00,0.9,0.0,0.00,0.00,0.00,0,3.6,0.0,0.0,26.6,0,"planted foot slips 21 cm/s (p75)"
creatures,q_orc,Death,death,true,FAIL,2.29,false,-1.0,0.00,14.3,0.0,0.00,4.35,0.00,1,27.1,0.0,0.0,55.7,0,"14.3 cm below floor (mesh); bone 'UpperLeg.L' stretches 4.3 %; 1 pop(s), worst on 'Foot.R' at 1.67 s (27 deg/frame^2)"
creatures,q_wolf,Idle,loop,true,PASS,3.33,true,0.0,0.00,0.0,0.0,0.00,0.00,0.00,0,0.2,0.0,0.0,0.0,101,""
creatures,q_wolf,Walk,loco,true,FAIL,1.07,true,73.6,0.64,1.4,0.0,0.00,1.88,0.00,0,14.8,0.0,0.0,0.0,0,"planted foot slips 74 cm/s (p75); bone 'Back' stretches 1.9 %"
creatures,q_wolf,Gallop,loco,true,FAIL,0.57,true,49.3,2.63,2.4,0.0,0.03,6.08,0.00,0,77.6,0.0,0.0,0.0,0,"2.4 cm below floor (foot joint); planted foot slips 49 cm/s (p75); bone 'Tail1' stretches 6.1 %"
creatures,q_wolf,Attack,once,true,FAIL,1.33,false,0.1,0.00,0.7,0.0,0.00,7.07,0.00,0,65.6,0.0,0.0,0.0,7,"bone 'Back' stretches 7.1 %"
creatures,q_wolf,Idle_HitReact1,once,true,WARN,0.67,false,0.0,0.00,0.0,0.0,0.00,2.06,0.00,0,12.5,0.0,0.0,0.0,12,"bone 'FrontShoulder.R' stretches 2.1 %"
creatures,q_wolf,Death,death,true,FAIL,1.07,false,-1.0,0.00,5.8,0.0,0.00,0.00,0.00,0,38.5,0.0,0.0,6.0,2,"5.8 cm below floor (mesh)"
creatures,meshy_goblin,idle,loop,false,PASS,4.03,true,1.4,0.00,0.5,0.0,0.00,0.00,0.00,0,5.1,0.0,0.0,0.0,0,""
creatures,meshy_goblin,walk,loco,false,WARN,1.07,true,9.7,0.86,1.3,0.0,0.00,0.00,0.00,0,19.5,0.0,0.0,0.0,0,"planted foot slips 10 cm/s (p75)"
creatures,meshy_goblin,run,loco,false,WARN,0.67,true,4.2,3.03,2.6,0.0,0.03,0.00,0.00,0,53.7,0.0,0.0,0.0,0,"2.6 cm below floor (foot joint)"
creatures,meshy_goblin,attack,once,false,WARN,1.53,false,11.0,0.00,0.3,0.0,0.00,0.00,0.00,0,60.7,0.0,0.0,0.0,0,"planted foot slips 11 cm/s (p75)"
creatures,meshy_goblin,hit,once,false,FAIL,1.67,false,39.8,0.00,0.0,0.2,0.00,0.00,0.00,0,21.0,0.0,0.0,65.9,0,"planted foot slips 40 cm/s (p75); one-shot moves the body 66 cm (baked root motion; snaps back after)"
creatures,meshy_goblin,death,death,false,PASS,2.27,false,-1.0,0.00,1.3,0.0,0.00,0.00,0.00,0,24.8,0.0,0.0,52.2,0,""
creatures,meshy_orc,idle,loop,false,PASS,4.03,true,3.1,0.00,0.3,0.0,0.00,0.00,0.00,0,5.1,0.0,0.0,0.0,0,""
creatures,meshy_orc,walk,loco,false,WARN,1.07,true,17.3,1.68,1.1,0.0,0.00,0.00,0.00,0,19.8,0.0,0.0,0.0,0,"planted foot slips 17 cm/s (p75)"
creatures,meshy_orc,run,loco,false,FAIL,0.67,true,20.4,6.01,1.4,0.0,0.13,0.00,0.00,0,54.4,0.0,0.0,0.0,0,"planted foot slips 20 cm/s (p75)"
creatures,meshy_orc,attack,once,false,FAIL,2.83,false,9.9,0.00,0.4,0.0,0.03,0.00,0.00,13,82.9,0.0,0.0,0.1,0,"planted foot slips 10 cm/s (p75); 13 pop(s), worst on 'RightArm' at 1.13 s (83 deg/frame^2)"
creatures,meshy_orc,hit,once,false,FAIL,1.67,false,78.9,0.00,0.0,0.2,0.10,0.00,0.00,0,20.8,0.0,0.0,131.1,0,"planted foot slips 79 cm/s (p75); one-shot moves the body 131 cm (baked root motion; snaps back after)"
creatures,meshy_orc,death,death,false,WARN,2.27,false,-1.0,0.00,2.7,0.0,0.00,0.00,0.00,0,24.5,0.0,0.0,109.1,0,"2.7 cm below floor (mesh)"
creatures,meshy_orc,attack_charged,once,false,WARN,7.70,false,8.0,0.00,3.5,4.2,0.00,0.00,0.00,0,12.7,0.0,0.0,56.9,0,"3.5 cm below floor (mesh); feet never touch the floor (lowest 4.2 cm above); planted foot slips 8 cm/s (p75); one-shot moves the body 57 cm (baked root motion; snaps back after)"
creatures,meshy_troll,idle,loop,false,WARN,4.03,true,4.3,0.00,1.7,0.0,0.00,0.00,0.00,0,5.1,5.2,0.3,0.2,0,"loop seam jumps 5.2 deg ('RightLeg')"
creatures,meshy_troll,walk,loco,false,FAIL,1.07,true,630.8,2.41,4.4,0.0,0.00,0.00,0.00,0,19.7,0.0,0.0,0.0,0,"4.4 cm below floor (foot joint); planted foot slips 631 cm/s (p75)"
creatures,meshy_troll,run,loco,false,FAIL,0.67,true,16.6,8.51,7.1,0.0,0.13,0.00,0.00,0,54.3,0.0,0.0,0.0,0,"7.1 cm below floor (foot joint); planted foot slips 17 cm/s (p75)"
creatures,meshy_troll,attack,once,false,FAIL,1.87,false,17.5,0.00,33.0,0.0,0.00,0.00,0.00,0,27.7,0.0,0.0,21.6,0,"33.0 cm below floor (mesh); planted foot slips 17 cm/s (p75)"
creatures,meshy_troll,hit,once,false,FAIL,1.67,false,109.4,0.00,0.0,0.0,0.13,0.00,0.00,0,21.0,0.0,0.0,181.5,0,"planted foot slips 109 cm/s (p75); one-shot moves the body 181 cm (baked root motion; snaps back after)"
creatures,meshy_troll,death,death,false,FAIL,2.27,false,-1.0,0.00,6.0,0.0,0.00,0.00,0.00,0,24.1,0.0,0.0,141.4,0,"6.0 cm below floor (foot joint)"
creatures,meshy_troll,slam,once,false,FAIL,3.03,false,-1.0,0.00,25.1,16.3,0.00,0.00,0.00,0,24.8,0.0,0.0,0.1,0,"25.1 cm below floor (mesh); feet never touch the floor (lowest 16.3 cm above)"
creatures,meshy_wolf,idle,loop,false,PASS,3.33,true,0.3,0.00,0.4,0.0,0.00,0.00,0.00,0,0.2,0.0,0.0,0.0,101,""
creatures,meshy_wolf,walk,loco,false,FAIL,1.07,true,63.7,0.88,0.6,0.0,0.00,0.00,0.00,0,14.8,0.0,0.0,0.0,0,"planted foot slips 64 cm/s (p75)"
creatures,meshy_wolf,run,loco,false,WARN,0.57,true,-1.0,0.00,3.4,0.0,0.10,1.72,0.00,0,77.6,0.0,0.0,0.0,0,"3.4 cm below floor (foot joint); no ground-contact frames found; bone 'Tail1' stretches 1.7 %"
creatures,meshy_wolf,attack,once,false,FAIL,1.33,false,61.7,0.00,2.3,0.0,0.43,0.00,0.00,0,65.6,0.0,0.0,0.0,6,"2.3 cm below floor (foot joint); all feet off the ground for 0.43 s; planted foot slips 62 cm/s (p75)"
creatures,meshy_wolf,hit,once,false,WARN,0.67,false,12.5,0.00,0.3,0.0,0.00,2.15,0.00,0,12.5,0.0,0.0,0.0,12,"planted foot slips 13 cm/s (p75); bone 'FrontShoulder.R' stretches 2.1 %"
creatures,meshy_wolf,death,death,false,FAIL,1.07,false,-1.0,0.00,7.9,0.0,0.00,0.00,0.00,0,38.5,0.0,0.0,217.7,2,"7.9 cm below floor (mesh)"
creatures,meshy_boar,idle,loop,false,PASS,3.33,true,0.7,0.00,0.4,0.0,0.00,0.08,0.00,0,17.0,0.0,0.0,0.0,101,""
creatures,meshy_boar,walk,loco,false,FAIL,1.17,true,40.4,0.48,1.3,0.0,0.00,2.99,0.00,0,15.9,0.0,0.0,0.0,0,"planted foot slips 40 cm/s (p75); bone 'FrontShoulder.R' stretches 3.0 %"
creatures,meshy_boar,run,loco,false,FAIL,0.60,true,65.8,2.05,2.1,0.0,0.03,3.84,0.00,0,40.5,0.0,0.0,0.0,0,"2.1 cm below floor (foot joint); planted foot slips 66 cm/s (p75); bone 'BackShoulder.R' stretches 3.8 %"
creatures,meshy_boar,attack,once,false,WARN,1.03,false,10.5,0.00,1.4,0.0,0.00,4.57,0.00,1,32.1,0.0,0.0,0.0,22,"planted foot slips 11 cm/s (p75); bone 'BackShoulder.L' stretches 4.6 %; 1 pop(s), worst on 'BackUpperLeg.L' at 0.17 s (32 deg/frame^2)"
creatures,meshy_boar,hit,once,false,FAIL,0.67,false,36.5,0.00,0.2,0.0,0.00,1.25,0.00,0,6.9,0.0,0.0,0.0,10,"planted foot slips 37 cm/s (p75); bone 'FrontShoulder.R' stretches 1.2 %"
creatures,meshy_boar,death,death,false,WARN,1.00,false,-1.0,0.00,4.3,0.0,0.00,0.00,0.00,0,16.1,0.0,0.0,64.3,2,"4.3 cm below floor (mesh)"
creatures,meshy_bear,idle,loop,false,PASS,3.33,true,0.4,0.00,0.3,0.0,0.00,0.00,0.00,0,0.2,0.0,0.0,0.0,101,""
creatures,meshy_bear,walk,loco,false,FAIL,1.07,true,156.6,0.66,0.7,0.0,0.00,0.00,0.00,0,14.8,0.0,0.0,0.0,0,"planted foot slips 157 cm/s (p75)"
creatures,meshy_bear,run,loco,false,FAIL,0.57,true,-1.0,0.00,6.9,0.0,0.13,0.35,0.00,0,77.6,0.0,0.0,0.0,0,"6.9 cm below floor (foot joint); no ground-contact frames found"
creatures,meshy_bear,attack,once,false,FAIL,1.33,false,94.5,0.00,4.9,0.0,0.50,0.00,0.00,0,65.6,0.0,0.0,0.0,6,"4.9 cm below floor (mesh); all feet off the ground for 0.50 s; planted foot slips 94 cm/s (p75)"
creatures,meshy_bear,hit,once,false,WARN,0.67,false,13.3,0.00,0.6,0.0,0.00,2.04,0.00,0,12.5,0.0,0.0,0.0,12,"planted foot slips 13 cm/s (p75); bone 'FrontShoulder.R' stretches 2.0 %"
creatures,meshy_bear,death,death,false,FAIL,1.07,false,-1.0,0.00,14.8,0.0,0.00,0.00,0.00,0,38.5,0.0,0.0,244.4,2,"14.8 cm below floor (foot joint)"
creatures,meshy_spider,idle,loop,false,PASS,2.00,true,0.2,0.00,0.1,0.0,0.00,0.00,0.00,0,0.6,0.0,0.0,0.0,61,""
creatures,meshy_spider,walk,loco,false,FAIL,0.80,true,1.6,0.43,0.6,0.0,0.00,0.00,0.00,0,8.1,0.0,0.0,0.0,14,"planted feet move FORWARD (moonwalk / reversed clip)"
creatures,meshy_spider,attack,once,false,FAIL,1.07,false,17.6,0.00,7.5,0.0,0.00,0.00,0.00,0,12.4,0.0,0.0,0.0,14,"7.5 cm below floor (mesh); planted foot slips 18 cm/s (p75)"
creatures,meshy_spider,hit,once,false,PASS,0.47,false,1.0,0.00,0.6,0.0,0.00,0.00,0.00,0,6.5,0.0,0.0,0.0,11,""
creatures,meshy_spider,death,death,false,FAIL,1.50,false,-1.0,0.00,5.4,0.0,0.00,0.00,0.00,0,2.6,0.0,0.0,0.2,5,"5.4 cm below floor (mesh)"
creatures,meshy_wyvern,idle,loop,false,PASS,2.00,true,0.6,0.00,0.1,0.0,0.00,0.00,0.00,0,0.4,0.0,0.0,0.0,61,""
creatures,meshy_wyvern,walk,loco,false,WARN,1.07,true,2.3,0.89,0.8,4.9,0.00,0.00,0.00,0,9.8,0.0,0.0,0.0,13,"feet never touch the floor (lowest 4.9 cm above)"
creatures,meshy_wyvern,attack,once,false,FAIL,1.20,false,1.1,0.00,8.4,0.0,0.00,0.00,0.00,0,4.9,0.0,0.0,0.0,17,"8.4 cm below floor (mesh)"
creatures,meshy_wyvern,hit,once,false,PASS,0.53,false,0.7,0.00,0.0,0.0,0.00,0.00,0.00,0,3.9,0.0,0.0,0.0,15,""
creatures,meshy_wyvern,death,death,false,FAIL,1.67,false,-1.0,0.00,5.2,0.0,0.00,0.00,0.00,0,2.5,0.0,0.0,47.0,9,"5.2 cm below floor (mesh)"
creatures,meshy_wyvern,flap,jump,false,WARN,0.80,false,1.4,0.00,2.4,0.0,0.00,0.00,0.00,0,4.2,0.0,0.0,0.0,9,"2.4 cm below floor (mesh)"
animals,animal_chicken,Idle,loop,true,PASS,2.00,true,0.0,0.00,0.0,0.0,0.00,0.00,0.00,0,4.0,0.0,0.0,0.0,241,""
animals,animal_chicken,Walk,loco,true,FAIL,1.04,true,47.1,0.00,0.1,0.0,0.00,0.00,0.00,0,10.0,0.0,0.0,0.0,63,"planted foot slips 47 cm/s (p75)"
animals,animal_chicken,Run,loco,true,FAIL,0.54,true,121.1,0.00,0.0,0.7,0.00,0.00,0.00,0,59.0,0.0,0.0,0.0,0,"planted foot slips 121 cm/s (p75)"
animals,animal_chicken,Eat,loop,true,WARN,2.00,true,11.3,0.00,0.7,0.0,0.00,0.00,0.00,2,28.5,0.0,0.0,0.0,155,"planted foot slips 11 cm/s (p75); 2 pop(s), worst on 'neck' at 0.53 s (29 deg/frame^2)"
animals,animal_rooster,Idle,loop,true,PASS,2.00,true,0.0,0.00,0.0,0.0,0.00,0.00,0.00,0,4.0,0.0,0.0,0.0,241,""
animals,animal_rooster,Walk,loco,true,FAIL,1.04,true,56.2,0.00,0.0,0.0,0.00,0.00,0.00,0,10.0,0.0,0.0,0.0,63,"planted foot slips 56 cm/s (p75)"
animals,animal_rooster,Run,loco,true,FAIL,0.54,true,135.5,0.00,0.0,1.0,0.00,0.00,0.00,0,59.0,0.0,0.0,0.0,0,"planted foot slips 135 cm/s (p75)"
animals,animal_rooster,Eat,loop,true,WARN,2.00,true,13.3,0.00,0.7,0.0,0.00,0.00,0.00,2,28.5,0.0,0.0,0.0,155,"planted foot slips 13 cm/s (p75); 2 pop(s), worst on 'neck' at 0.53 s (29 deg/frame^2)"
animals,animal_duck,Idle,loop,true,PASS,2.00,true,0.0,0.00,0.0,0.0,0.00,0.00,0.00,0,4.0,0.0,0.0,0.0,241,""
animals,animal_duck,Walk,loco,true,FAIL,1.04,true,25.5,0.01,2.6,0.0,0.00,0.00,0.00,0,10.0,0.0,0.0,0.0,58,"2.6 cm below floor (mesh); planted foot slips 26 cm/s (p75)"
animals,animal_duck,Run,loco,true,FAIL,0.54,true,50.4,0.12,1.7,0.0,0.00,0.00,0.00,0,59.0,0.0,0.0,0.0,0,"planted foot slips 50 cm/s (p75)"
animals,animal_duck,Eat,loop,true,WARN,2.00,true,8.0,0.00,1.6,0.0,0.00,0.00,0.00,2,28.5,0.0,0.0,0.0,155,"planted foot slips 8 cm/s (p75); 2 pop(s), worst on 'neck' at 0.47 s (29 deg/frame^2)"
animals,animal_goose,Idle,loop,true,PASS,2.00,true,0.0,0.00,0.0,0.0,0.00,0.00,0.00,0,4.0,0.0,0.0,0.0,241,""
animals,animal_goose,Walk,loco,true,FAIL,1.04,true,45.9,0.02,3.4,0.0,0.00,0.00,0.00,0,10.0,0.0,0.0,0.0,58,"3.4 cm below floor (mesh); planted foot slips 46 cm/s (p75)"
animals,animal_goose,Run,loco,true,FAIL,0.54,true,104.6,0.00,2.0,0.0,0.00,0.00,0.00,0,59.0,0.0,0.0,0.0,0,"2.0 cm below floor (mesh); planted foot slips 105 cm/s (p75)"
animals,animal_goose,Eat,loop,true,WARN,2.00,true,13.4,0.00,2.3,0.0,0.00,0.00,0.00,2,28.5,0.0,0.0,0.0,155,"2.3 cm below floor (foot joint); planted foot slips 13 cm/s (p75); 2 pop(s), worst on 'neck' at 0.53 s (29 deg/frame^2)"
animals,animal_pigeon,Idle,loop,true,PASS,2.00,true,0.0,0.00,0.0,0.0,0.00,0.00,0.00,0,4.0,0.0,0.0,0.0,241,""
animals,animal_pigeon,Walk,loco,true,FAIL,1.04,true,20.7,0.00,0.4,0.0,0.00,0.00,0.00,0,10.0,0.0,0.0,0.0,63,"planted foot slips 21 cm/s (p75)"
animals,animal_pigeon,Run,loco,true,FAIL,0.54,true,53.5,0.07,0.0,0.1,0.00,0.00,0.00,0,59.0,0.0,0.0,0.0,0,"planted foot slips 53 cm/s (p75)"
animals,animal_pigeon,Eat,loop,true,WARN,2.00,true,5.7,0.00,0.6,0.0,0.00,0.00,0.00,2,28.5,0.0,0.0,0.0,155,"2 pop(s), worst on 'neck' at 0.47 s (29 deg/frame^2)"
animals,animal_crow,Idle,loop,true,PASS,2.00,true,0.0,0.00,0.0,0.0,0.00,0.00,0.00,0,4.0,0.0,0.0,0.0,241,""
animals,animal_crow,Walk,loco,true,FAIL,1.04,true,29.6,0.00,0.7,0.0,0.00,0.00,0.00,0,10.0,0.0,0.0,0.0,63,"planted foot slips 30 cm/s (p75)"
animals,animal_crow,Run,loco,true,FAIL,0.54,true,68.7,0.00,0.0,0.1,0.00,0.00,0.00,0,59.0,0.0,0.0,0.0,0,"planted foot slips 69 cm/s (p75)"
animals,animal_crow,Eat,loop,true,WARN,2.00,true,8.4,0.00,0.8,0.0,0.00,0.00,0.00,2,28.5,0.0,0.0,0.0,155,"planted foot slips 8 cm/s (p75); 2 pop(s), worst on 'neck' at 0.47 s (29 deg/frame^2)"
animals,animal_rabbit,Idle,loop,true,PASS,2.00,true,0.0,0.00,0.0,0.0,0.00,0.00,0.00,0,3.8,0.0,0.0,0.0,241,""
animals,animal_rabbit,Walk,loco,true,WARN,0.88,true,8.0,0.02,2.0,0.0,0.00,0.00,0.00,0,15.4,0.0,0.0,0.0,18,"2.0 cm below floor (foot joint)"
animals,animal_rabbit,Run,loco,true,WARN,0.54,true,8.1,0.02,1.8,0.0,0.15,0.00,0.00,0,62.7,0.0,0.0,0.0,9,"planted foot slips 8 cm/s (p75)"
animals,animal_rabbit,Eat,loop,true,WARN,2.00,true,0.0,0.00,2.9,0.0,0.00,0.00,0.00,0,10.7,0.0,0.0,0.0,36,"2.9 cm below floor (foot joint)"
animals,animal_dog,Idle,loop,true,PASS,3.33,true,0.3,0.00,0.0,0.0,0.00,0.00,0.00,0,1.2,0.0,0.0,0.0,258,""
animals,animal_dog,Walk,loco,true,FAIL,1.04,true,62.4,0.75,2.6,0.0,0.00,0.00,0.00,1,28.9,2.8,0.0,0.0,0,"2.6 cm below floor (foot joint); planted foot slips 62 cm/s (p75); 1 pop(s), worst on 'FrontLowerLeg.R' at 0.53 s (29 deg/frame^2); loop seam jumps 2.8 deg ('BackShoulder.R')"
animals,animal_dog,Run,loco,true,FAIL,0.54,true,106.4,1.62,3.1,0.0,0.01,32.28,0.00,1,158.8,4.8,0.5,0.5,0,"3.1 cm below floor (foot joint); planted foot slips 106 cm/s (p75); bone 'Tail1' stretches 32.3 %; 1 pop(s), worst on 'FrontLowerLeg.L' at 0.33 s (123 deg/frame^2); loop seam jumps 4.8 deg ('FrontLowerLeg.L')"
animals,animal_dog,Eat,loop,true,PASS,2.67,true,0.5,0.00,0.4,0.0,0.00,0.00,0.00,0,7.3,0.0,0.0,0.0,57,""
animals,animal_sheepdog,Idle,loop,true,PASS,3.33,true,0.3,0.00,0.0,0.0,0.00,0.00,0.00,0,3.9,0.0,0.0,0.0,401,""
animals,animal_sheepdog,Walk,loco,true,FAIL,1.04,true,57.4,0.67,2.9,0.0,0.00,0.00,0.00,1,29.1,2.8,0.0,0.0,0,"2.9 cm below floor (foot joint); planted foot slips 57 cm/s (p75); 1 pop(s), worst on 'FrontLowerLeg.R' at 0.53 s (29 deg/frame^2); loop seam jumps 2.8 deg ('BackShoulder.R')"
animals,animal_sheepdog,Run,loco,true,FAIL,0.54,true,112.5,1.80,3.0,0.0,0.01,2.58,0.00,1,162.2,4.8,0.5,0.5,0,"3.0 cm below floor (foot joint); planted foot slips 112 cm/s (p75); bone 'Tail1' stretches 2.6 %; 1 pop(s), worst on 'FrontLowerLeg.L' at 0.33 s (124 deg/frame^2); loop seam jumps 4.8 deg ('FrontLowerLeg.L')"
animals,animal_sheepdog,Eat,loop,true,PASS,2.67,true,0.6,0.00,0.4,0.0,0.00,0.00,0.00,0,7.3,0.0,0.0,0.0,57,""
animals,animal_cat,Idle,loop,true,PASS,1.71,true,0.2,0.00,0.4,0.0,0.00,0.00,0.00,0,1.8,0.0,0.0,0.0,113,""
animals,animal_cat,Walk,loco,true,FAIL,1.71,true,16.2,0.03,0.9,0.0,0.00,20.99,0.00,6,61.1,0.3,0.0,0.0,0,"planted foot slips 16 cm/s (p75); bone 'Bone.011' stretches 21.0 %; 6 pop(s), worst on 'Bone.009' at 0.50 s (61 deg/frame^2)"
animals,animal_cat,Run,loco,true,FAIL,0.83,true,29.3,0.11,0.9,0.0,0.00,20.96,0.00,2,96.2,0.2,0.0,0.0,0,"planted foot slips 29 cm/s (p75); bone 'Bone.011' stretches 21.0 %; 2 pop(s), worst on 'Bone.012' at 0.67 s (96 deg/frame^2)"
animals,animal_cat,Eat,loop,true,PASS,2.00,true,0.0,0.00,0.0,0.0,0.00,0.00,0.00,0,8.0,0.0,0.0,0.0,241,""
animals,animal_cat_ginger,Idle,loop,true,PASS,1.71,true,0.2,0.00,0.4,0.0,0.00,0.00,0.00,0,1.8,0.0,0.0,0.0,113,""
animals,animal_cat_ginger,Walk,loco,true,FAIL,1.71,true,16.2,0.03,0.9,0.0,0.00,20.99,0.00,6,61.1,0.3,0.0,0.0,0,"planted foot slips 16 cm/s (p75); bone 'Bone.011' stretches 21.0 %; 6 pop(s), worst on 'Bone.009' at 0.50 s (61 deg/frame^2)"
animals,animal_cat_ginger,Run,loco,true,FAIL,0.83,true,29.3,0.11,0.9,0.0,0.00,20.96,0.00,2,96.2,0.2,0.0,0.0,0,"planted foot slips 29 cm/s (p75); bone 'Bone.011' stretches 21.0 %; 2 pop(s), worst on 'Bone.012' at 0.67 s (96 deg/frame^2)"
animals,animal_cat_ginger,Eat,loop,true,PASS,2.00,true,0.0,0.00,0.0,0.0,0.00,0.00,0.00,0,8.0,0.0,0.0,0.0,241,""
animals,animal_cow,Idle,loop,true,FAIL,3.33,true,0.5,0.00,0.1,0.0,0.00,0.28,0.00,5,54.7,0.0,0.0,0.0,401,"5 pop(s), worst on 'FrontLowerLeg.L' at 2.67 s (55 deg/frame^2)"
animals,animal_cow,Walk,loco,true,FAIL,1.17,true,92.0,1.08,3.2,0.0,0.00,0.82,0.00,1,63.3,0.0,0.0,0.0,0,"3.2 cm below floor (mesh); planted foot slips 92 cm/s (p75); 1 pop(s), worst on 'FrontLowerLeg.L' at 0.50 s (63 deg/frame^2)"
animals,animal_cow,Run,loco,true,FAIL,0.58,true,135.8,4.60,1.8,0.0,0.10,5.96,0.00,1,73.9,7.9,0.0,0.5,0,"planted foot slips 136 cm/s (p75); bone 'BackShoulder.R' stretches 6.0 %; 1 pop(s), worst on 'FrontUpperLeg.L' at 0.17 s (65 deg/frame^2); loop seam jumps 7.9 deg ('FrontLowerLeg.L')"
animals,animal_cow,Eat,loop,true,WARN,6.00,true,0.9,0.00,0.3,0.0,0.00,0.26,0.00,3,39.4,0.0,0.0,0.0,456,"3 pop(s), worst on 'FrontLowerLeg.L' at 1.87 s (39 deg/frame^2)"
animals,animal_ox,Idle,loop,true,FAIL,3.33,true,0.5,0.00,0.0,0.0,0.00,0.28,0.00,5,54.7,0.0,0.0,0.0,401,"5 pop(s), worst on 'FrontLowerLeg.L' at 2.67 s (55 deg/frame^2)"
animals,animal_ox,Walk,loco,true,FAIL,1.17,true,84.9,1.00,3.0,0.0,0.00,0.82,0.00,1,63.3,0.0,0.0,0.0,0,"3.0 cm below floor (mesh); planted foot slips 85 cm/s (p75); 1 pop(s), worst on 'FrontLowerLeg.L' at 0.50 s (63 deg/frame^2)"
animals,animal_ox,Run,loco,true,FAIL,0.58,true,126.4,4.27,1.7,0.0,0.10,5.96,0.00,1,73.9,7.9,0.0,0.5,0,"planted foot slips 126 cm/s (p75); bone 'BackShoulder.R' stretches 6.0 %; 1 pop(s), worst on 'FrontUpperLeg.L' at 0.17 s (65 deg/frame^2); loop seam jumps 7.9 deg ('FrontLowerLeg.L')"
animals,animal_ox,Eat,loop,true,WARN,6.00,true,0.8,0.00,0.2,0.0,0.00,0.26,0.00,3,39.4,0.0,0.0,0.0,311,"3 pop(s), worst on 'FrontLowerLeg.L' at 1.87 s (39 deg/frame^2)"
animals,animal_sheep,Idle,loop,true,WARN,6.29,true,0.0,0.00,0.2,0.0,0.00,1.21,0.00,0,1.0,0.0,0.0,0.0,756,"bone 'Body' stretches 1.2 %"
animals,animal_sheep,Walk,loco,true,FAIL,3.38,true,33.4,0.00,1.7,0.0,0.00,63.44,0.00,27,70.9,0.0,0.0,0.0,0,"planted foot slips 33 cm/s (p75); bone 'FrontFoot.R' stretches 63.4 %; 27 pop(s), worst on 'FrontLowLeg.L' at 1.50 s (71 deg/frame^2)"
animals,animal_sheep,Run,loco,true,FAIL,1.46,true,144.5,2.17,1.3,0.2,0.57,131.32,0.00,52,186.6,0.0,0.0,0.0,0,"all feet off the ground for 0.57 s; planted foot slips 145 cm/s (p75); bone 'FrontFoot.L' stretches 131.3 %; 52 pop(s), worst on 'FrontUpLeg.L' at 0.50 s (187 deg/frame^2)"
animals,animal_sheep,Eat,loop,true,PASS,2.00,true,0.0,0.00,0.0,0.0,0.00,0.00,0.00,0,10.7,0.0,0.0,0.0,241,""
animals,animal_pig,Idle,loop,true,WARN,6.29,true,0.0,0.00,0.1,0.0,0.00,1.21,0.00,0,1.0,0.0,0.0,0.0,756,"bone 'Body' stretches 1.2 %"
animals,animal_pig,Walk,loco,true,FAIL,3.38,true,23.7,0.00,1.0,0.0,0.00,39.24,0.00,27,70.9,0.0,0.0,0.0,0,"planted foot slips 24 cm/s (p75); bone 'FrontFoot.R' stretches 39.2 %; 27 pop(s), worst on 'FrontLowLeg.L' at 1.50 s (71 deg/frame^2)"
animals,animal_pig,Run,loco,true,FAIL,1.46,true,105.1,1.29,2.4,0.0,0.21,79.19,0.00,52,186.6,0.0,0.0,0.0,0,"2.4 cm below floor (mesh); all feet off the ground for 0.21 s; planted foot slips 105 cm/s (p75); bone 'FrontFoot.L' stretches 79.2 %; 52 pop(s), worst on 'FrontUpLeg.L' at 0.50 s (187 deg/frame^2)"
animals,animal_pig,Eat,loop,true,PASS,2.00,true,0.0,0.00,1.4,0.0,0.00,0.00,0.00,0,10.7,0.0,0.0,0.0,241,""
animals,animal_goat,Idle,loop,true,FAIL,3.33,true,0.3,0.00,0.3,0.0,0.00,0.71,0.00,5,56.5,0.0,0.0,0.0,401,"5 pop(s), worst on 'FrontLowerLeg.L' at 2.67 s (57 deg/frame^2)"
animals,animal_goat,Walk,loco,true,FAIL,1.17,true,50.6,0.77,2.9,0.0,0.00,2.08,0.00,2,79.1,0.0,0.0,0.0,0,"2.9 cm below floor (mesh); planted foot slips 51 cm/s (p75); bone 'FrontShoulder.R' stretches 2.1 %; 2 pop(s), worst on 'FrontLowerLeg.L' at 0.50 s (79 deg/frame^2)"
animals,animal_goat,Run,loco,true,FAIL,0.50,true,27.3,4.01,1.0,0.0,0.09,6.09,0.00,1,103.6,24.5,0.0,1.0,0,"planted foot slips 27 cm/s (p75); bone 'BackShoulder.R' stretches 6.1 %; 1 pop(s), worst on 'FrontLowerLeg.R' at 0.33 s (76 deg/frame^2); loop seam jumps 24.5 deg ('BackLowerLeg.R')"
animals,animal_goat,Eat,loop,true,WARN,6.00,true,0.4,0.00,0.2,0.0,0.00,0.66,0.00,3,41.6,0.0,0.0,0.0,220,"3 pop(s), worst on 'FrontLowerLeg.L' at 1.87 s (42 deg/frame^2)"
animals,animal_horse,Idle,loop,true,FAIL,3.33,true,0.9,0.00,0.5,0.0,0.00,0.52,0.00,6,56.8,0.0,0.0,0.0,401,"6 pop(s), worst on 'FrontLowerLeg.L' at 2.67 s (57 deg/frame^2)"
animals,animal_horse,Walk,loco,true,FAIL,1.17,true,99.6,1.41,4.2,0.0,0.00,1.33,0.00,3,79.6,0.0,0.0,0.0,0,"4.2 cm below floor (mesh); planted foot slips 100 cm/s (p75); bone 'FrontShoulder.L' stretches 1.3 %; 3 pop(s), worst on 'FrontLowerLeg.L' at 0.50 s (80 deg/frame^2)"
animals,animal_horse,Run,loco,true,FAIL,0.58,true,159.6,5.56,0.8,0.0,0.13,15.44,0.00,1,76.1,3.2,0.0,0.6,0,"planted foot slips 160 cm/s (p75); bone 'BackShoulder.R' stretches 15.4 %; 1 pop(s), worst on 'FrontUpperLeg.L' at 0.17 s (75 deg/frame^2); loop seam jumps 3.2 deg ('BackShoulder.R')"
animals,animal_horse,Eat,loop,true,FAIL,6.00,true,0.8,0.00,0.5,0.0,0.00,0.48,0.00,4,40.3,0.0,0.0,0.0,220,"4 pop(s), worst on 'FrontLowerLeg.L' at 1.87 s (40 deg/frame^2)"
animals,animal_horse_grey,Idle,loop,true,FAIL,3.33,true,0.9,0.00,0.5,0.0,0.00,0.52,0.00,6,56.8,0.0,0.0,0.0,401,"6 pop(s), worst on 'FrontLowerLeg.L' at 2.67 s (57 deg/frame^2)"
animals,animal_horse_grey,Walk,loco,true,FAIL,1.17,true,96.5,1.37,4.1,0.0,0.00,1.33,0.00,3,79.6,0.0,0.0,0.0,0,"4.1 cm below floor (mesh); planted foot slips 96 cm/s (p75); bone 'FrontShoulder.L' stretches 1.3 %; 3 pop(s), worst on 'FrontLowerLeg.L' at 0.50 s (80 deg/frame^2)"
animals,animal_horse_grey,Run,loco,true,FAIL,0.58,true,154.6,5.39,0.8,0.0,0.13,15.44,0.00,1,76.1,3.2,0.0,0.6,0,"planted foot slips 155 cm/s (p75); bone 'BackShoulder.R' stretches 15.4 %; 1 pop(s), worst on 'FrontUpperLeg.L' at 0.17 s (75 deg/frame^2); loop seam jumps 3.2 deg ('BackShoulder.R')"
animals,animal_horse_grey,Eat,loop,true,FAIL,6.00,true,0.8,0.00,0.4,0.0,0.00,0.48,0.00,4,40.3,0.0,0.0,0.0,220,"4 pop(s), worst on 'FrontLowerLeg.L' at 1.87 s (40 deg/frame^2)"
animals,animal_horse_draft,Idle,loop,true,FAIL,3.33,true,1.0,0.00,0.5,0.0,0.00,0.52,0.00,6,56.8,0.0,0.0,0.0,401,"6 pop(s), worst on 'FrontLowerLeg.L' at 2.67 s (57 deg/frame^2)"
animals,animal_horse_draft,Walk,loco,true,FAIL,1.17,true,108.6,1.54,4.7,0.0,0.00,1.33,0.00,3,79.6,0.0,0.0,0.0,0,"4.7 cm below floor (foot joint); planted foot slips 109 cm/s (p75); bone 'FrontShoulder.L' stretches 1.3 %; 3 pop(s), worst on 'FrontLowerLeg.L' at 0.50 s (80 deg/frame^2)"
animals,animal_horse_draft,Run,loco,true,FAIL,0.58,true,193.3,6.46,1.1,0.0,0.13,15.44,0.00,1,76.1,3.2,0.0,0.7,0,"planted foot slips 193 cm/s (p75); bone 'BackShoulder.R' stretches 15.4 %; 1 pop(s), worst on 'FrontUpperLeg.L' at 0.17 s (75 deg/frame^2); loop seam jumps 3.2 deg ('BackShoulder.R')"
animals,animal_horse_draft,Eat,loop,true,FAIL,6.00,true,0.9,0.00,0.5,0.0,0.00,0.48,0.00,4,40.3,0.0,0.0,0.0,220,"4 pop(s), worst on 'FrontLowerLeg.L' at 1.87 s (40 deg/frame^2)"
animals,animal_donkey,Idle,loop,true,FAIL,3.33,true,0.8,0.00,0.4,0.0,0.00,0.64,0.00,6,59.9,0.0,0.0,0.0,401,"6 pop(s), worst on 'FrontLowerLeg.L' at 2.67 s (60 deg/frame^2)"
animals,animal_donkey,Walk,loco,true,FAIL,1.17,true,84.1,1.31,4.3,0.0,0.00,1.33,0.00,3,85.4,0.0,0.0,0.0,0,"4.3 cm below floor (foot joint); planted foot slips 84 cm/s (p75); bone 'FrontShoulder.R' stretches 1.3 %; 3 pop(s), worst on 'FrontLowerLeg.L' at 0.50 s (85 deg/frame^2)"
animals,animal_donkey,Run,loco,true,FAIL,0.50,true,113.8,5.94,2.5,0.0,0.13,28.06,0.00,1,106.9,18.0,0.0,1.6,0,"2.5 cm below floor (foot joint); planted foot slips 114 cm/s (p75); bone 'BackShoulder.R' stretches 28.1 %; 1 pop(s), worst on 'BackLowerLeg.L' at 0.17 s (95 deg/frame^2); loop seam jumps 18.0 deg ('BackShoulder.R')"
animals,animal_donkey,Eat,loop,true,FAIL,6.00,true,0.7,0.00,0.4,0.0,0.00,0.60,0.00,4,43.2,0.0,0.0,0.0,218,"4 pop(s), worst on 'FrontLowerLeg.L' at 1.87 s (43 deg/frame^2)"
animals,animal_deer,Idle,loop,true,FAIL,3.33,true,0.5,0.00,0.4,0.0,0.00,0.71,0.00,5,56.5,0.0,0.0,0.0,401,"5 pop(s), worst on 'FrontLowerLeg.L' at 2.67 s (57 deg/frame^2)"
animals,animal_deer,Walk,loco,true,FAIL,1.17,true,70.3,1.07,4.0,0.0,0.00,2.08,0.00,2,79.1,0.0,0.0,0.0,0,"4.0 cm below floor (mesh); planted foot slips 70 cm/s (p75); bone 'FrontShoulder.R' stretches 2.1 %; 2 pop(s), worst on 'FrontLowerLeg.L' at 0.50 s (79 deg/frame^2)"
animals,animal_deer,Run,loco,true,FAIL,0.50,true,37.9,5.56,1.3,0.0,0.11,6.09,0.00,1,103.6,24.5,0.0,1.3,0,"planted foot slips 38 cm/s (p75); bone 'BackShoulder.R' stretches 6.1 %; 1 pop(s), worst on 'FrontLowerLeg.R' at 0.33 s (76 deg/frame^2); loop seam jumps 24.5 deg ('BackLowerLeg.R')"
animals,animal_deer,Eat,loop,true,WARN,6.00,true,0.5,0.00,0.3,0.0,0.00,0.66,0.00,3,41.6,0.0,0.0,0.0,220,"3 pop(s), worst on 'FrontLowerLeg.L' at 1.87 s (42 deg/frame^2)"
animals,animal_stag,Idle,loop,true,FAIL,3.33,true,0.7,0.00,0.6,0.0,0.00,0.55,0.00,7,57.9,0.0,0.0,0.0,401,"7 pop(s), worst on 'FrontLowerLeg.L' at 2.67 s (58 deg/frame^2)"
animals,animal_stag,Walk,loco,true,FAIL,1.17,true,96.5,1.31,5.7,0.0,0.00,0.98,0.00,2,53.1,0.0,0.0,0.0,0,"5.7 cm below floor (foot joint); planted foot slips 97 cm/s (p75); 2 pop(s), worst on 'FrontLowerLeg.L' at 0.50 s (53 deg/frame^2)"
animals,animal_stag,Run,loco,true,FAIL,0.50,true,98.8,6.67,2.2,0.0,0.11,5.59,0.00,0,84.0,21.6,0.0,1.6,0,"2.2 cm below floor (foot joint); planted foot slips 99 cm/s (p75); bone 'BackShoulder.R' stretches 5.6 %; loop seam jumps 21.6 deg ('BackLowerLeg.R')"
animals,animal_stag,Eat,loop,true,PASS,12.08,true,0.3,0.00,0.6,0.0,0.00,0.00,0.00,0,1.1,0.0,0.0,0.0,439,""
animals,animal_fox,Idle,loop,true,PASS,3.33,true,0.1,0.00,0.0,0.0,0.00,0.00,0.00,0,1.2,0.0,0.0,0.0,401,""
animals,animal_fox,Walk,loco,true,FAIL,1.04,true,34.4,0.44,1.9,0.0,0.00,0.00,0.00,0,34.0,2.8,0.0,0.0,0,"planted foot slips 34 cm/s (p75); loop seam jumps 2.8 deg ('BackLowerLeg.R')"
animals,animal_fox,Run,loco,true,FAIL,0.54,true,62.6,1.87,2.3,0.0,0.01,1.74,0.00,3,317.7,17.2,0.4,0.4,0,"2.3 cm below floor (foot joint); planted foot slips 63 cm/s (p75); bone 'Tail1' stretches 1.7 %; 3 pop(s), worst on 'FrontLowerLeg.L' at 0.33 s (318 deg/frame^2); loop seam jumps 17.2 deg ('FrontLowerLeg.L')"
animals,animal_fox,Eat,loop,true,FAIL,2.50,true,4.7,0.00,1.5,0.0,0.00,0.00,0.00,7,51.4,0.4,0.1,0.2,26,"7 pop(s), worst on 'Head' at 0.50 s (51 deg/frame^2)"
