path,bytes,status,shipped_in_apk,now_status,Region 2 / reserve / reject,shipped_now
assets/generated/fence_section.glb,51956,UNREF,yes,UNREF,reject: superseded by meshy_free fences,"no (export filter, new)"
assets/generated/horses/horse_tack_barding.glb,354920,,,UNREF,,yes
assets/generated/horses/horse_tack_bridle.glb,318272,,,UNREF,,yes
assets/generated/horses/horse_tack_cart_harness.glb,358424,,,UNREF,,yes
assets/generated/horses/horse_tack_reins.glb,312000,,,UNREF,,yes
assets/generated/horses/horse_tack_saddle.glb,355180,,,UNREF,,yes
assets/generated/horses/horse_tack_saddlebags.glb,322564,,,UNREF,,yes
assets/generated/nature/birch_a.glb,462808,UNREF,yes,UNREF,reject: older tree set superseded by generated/region/nature,"no (export filter, new)"
assets/generated/nature/bush_a.glb,138812,UNREF,yes,UNREF,reject: older tree set superseded by generated/region/nature,"no (export filter, new)"
assets/generated/nature/bush_b.glb,139076,UNREF,yes,UNREF,reject: older tree set superseded by generated/region/nature,"no (export filter, new)"
assets/generated/nature/dead_tree.glb,170164,UNREF,yes,UNREF,reject: older tree set superseded by generated/region/nature,"no (export filter, new)"
assets/generated/nature/pine_a.glb,528676,UNREF,yes,UNREF,reject: older tree set superseded by generated/region/nature,"no (export filter, new)"
assets/generated/nature/pine_b.glb,546804,UNREF,yes,UNREF,reject: older tree set superseded by generated/region/nature,"no (export filter, new)"
assets/generated/nature/sapling.glb,71232,UNREF,yes,UNREF,reject: older tree set superseded by generated/region/nature,"no (export filter, new)"
assets/generated/props/fence_corner.glb,34432,UNREF,yes,UNREF,,yes
assets/generated/props/fence_straight.glb,23208,UNREF,yes,UNREF,,yes
assets/generated/region/farm/barn.glb,135692,,,TOOLS-ONLY,,yes
assets/generated/region/farm/barn_lod1.glb,54860,,,TOOLS-ONLY,,yes
assets/generated/scan/dandelion_01.glb,2046240,UNREF,yes,UNREF,reserve: 2-3 MB photo-scan (4k textures): LOCAL must decimate before placing,"no (export filter, new)"
assets/generated/scan/dead_tree_trunk.glb,2534564,UNREF,yes,UNREF,reserve: 2-3 MB photo-scan (4k textures): LOCAL must decimate before placing,"no (export filter, new)"
assets/generated/scan/fern_02.glb,1637016,UNREF,yes,UNREF,reserve: 2-3 MB photo-scan (4k textures): LOCAL must decimate before placing,"no (export filter, new)"
assets/generated/scan/nettle_plant.glb,2103372,UNREF,yes,UNREF,reserve: 2-3 MB photo-scan (4k textures): LOCAL must decimate before placing,"no (export filter, new)"
assets/generated/scan/rock_moss_set_01_1.glb,505168,UNREF,yes,used,placed now,yes
assets/generated/scan/rock_moss_set_01_2.glb,507636,UNREF,yes,used,placed now,yes
assets/generated/scan/rock_moss_set_01_3.glb,500232,UNREF,yes,used,placed now,yes
assets/generated/scan/rock_moss_set_01_4.glb,501896,UNREF,yes,used,placed now,yes
assets/generated/scan/rock_moss_set_01_5.glb,499248,UNREF,yes,used,placed now,yes
assets/generated/scan/rock_moss_set_01_6.glb,499760,UNREF,yes,used,placed now,yes
assets/generated/scan/rock_moss_set_02_1.glb,650392,UNREF,yes,used,placed now,yes
assets/generated/scan/rock_moss_set_02_2.glb,650436,UNREF,yes,used,placed now,yes
assets/generated/scan/rock_moss_set_02_3.glb,654272,UNREF,yes,used,placed now,yes
assets/generated/scan/rock_moss_set_02_4.glb,652488,UNREF,yes,used,placed now,yes
assets/generated/scan/rock_moss_set_02_5.glb,650660,UNREF,yes,used,placed now,yes
assets/generated/scan/rock_moss_set_02_6.glb,652512,UNREF,yes,used,placed now,yes
assets/generated/scan/rock_moss_set_02_7.glb,653632,UNREF,yes,used,placed now,yes
assets/generated/scan/root_cluster_01.glb,3053372,UNREF,yes,UNREF,reserve: 2-3 MB photo-scan (4k textures): LOCAL must decimate before placing,"no (export filter, new)"
assets/generated/scan/shrub_03.glb,2234016,UNREF,yes,UNREF,reserve: 2-3 MB photo-scan (4k textures): LOCAL must decimate before placing,"no (export filter, new)"
assets/generated/scan/stone_fire_pit.glb,2480868,UNREF,yes,UNREF,reserve: 2-3 MB photo-scan (4k textures): LOCAL must decimate before placing,"no (export filter, new)"
assets/generated/scan/tree_stump_01.glb,3013664,UNREF,yes,UNREF,reserve: 2-3 MB photo-scan (4k textures): LOCAL must decimate before placing,"no (export filter, new)"
assets/generated/scan/tree_stump_02.glb,3073512,UNREF,yes,UNREF,reserve: 2-3 MB photo-scan (4k textures): LOCAL must decimate before placing,"no (export filter, new)"
assets/generated/village_inn.glb,1566544,UNREF,yes,UNREF,reject: older village kit; village_services builds the Meshy inn,"no (export filter, new)"
assets/generated/village_inn_lod1.glb,741664,UNREF,yes,UNREF,reject: older village kit; village_services builds the Meshy inn,"no (export filter, new)"
assets/generated/village_smithy.glb,1053092,UNREF,yes,UNREF,reject: older village kit; village_services builds the Meshy smithy,"no (export filter, new)"
assets/generated/village_smithy_lod1.glb,493036,UNREF,yes,UNREF,reject: older village kit; village_services builds the Meshy smithy,"no (export filter, new)"
assets/generated/village_stall.glb,255712,UNREF,yes,UNREF,reject: older village kit superseded by the market stalls,"no (export filter, new)"
assets/generated/village_stall_2.glb,255260,UNREF,yes,UNREF,reject: older village kit superseded by the market stalls,"no (export filter, new)"
assets/incoming/3dassets-dev-ai/farm-livestock-and-barnyard/ewe.glb,121044,,,UNREF,,no (export filter)
assets/incoming/3dassets-dev-ai/farm-livestock-and-barnyard/ram.glb,128640,,,TOOLS-ONLY,,no (export filter)
assets/incoming/3dassets-dev-ai/farm-livestock-and-barnyard/sow.glb,96836,,,TOOLS-ONLY,,no (export filter)
assets/incoming/3dassets-dev-ai/medieval-mmo-starter-realm/bed.glb,26576,,,TOOLS-ONLY,,yes
assets/incoming/3dassets-dev-ai/medieval-mmo-starter-realm/rug.glb,23452,,,UNREF,,yes
assets/incoming/ai3d/animations/hit_knockback_floor_contact.glb,680436,UNREF,yes,UNREF,,yes
assets/incoming/ai3d/hero_styleg_blender_candidate.glb,1391412,,,UNREF,reject: Style G hero experiments (superseded),"no (export filter, new)"
assets/incoming/ai3d/hero_styleg_blender_mobile_candidate.glb,1231724,,,TOOLS-ONLY,reject: Style G hero experiments (superseded),"no (export filter, new)"
assets/incoming/ai3d/hero_styleg_leather_experiment.glb,1263732,,,UNREF,reject: Style G hero experiments (superseded),"no (export filter, new)"
assets/incoming/ai3d/hero_styleg_triposr_experiment.glb,1368732,,,UNREF,reject: Style G hero experiments (superseded),"no (export filter, new)"
assets/incoming/ai3d/meshy/creatures/bear.glb,1594716,,,TOOLS-ONLY,,yes
assets/incoming/ai3d/meshy/creatures/bear_lod1.glb,905460,,,TOOLS-ONLY,,yes
assets/incoming/ai3d/meshy/creatures/boar.glb,1416236,,,TOOLS-ONLY,,yes
assets/incoming/ai3d/meshy/creatures/boar_lod1.glb,822056,,,TOOLS-ONLY,,yes
assets/incoming/ai3d/meshy/creatures/orc.glb,2003204,,,TOOLS-ONLY,,yes
assets/incoming/ai3d/meshy/creatures/orc_lod1.glb,992912,,,TOOLS-ONLY,,yes
assets/incoming/ai3d/meshy/creatures/wolf.glb,2103496,,,TOOLS-ONLY,,yes
assets/incoming/ai3d/meshy/creatures/wolf_lod1.glb,1455656,,,TOOLS-ONLY,,yes
assets/incoming/animals/_sources/polypizza-quaternius/Rat_iltq5bVNaV.glb,550764,UNREF,no (export exclude),UNREF,,no (.gdignore)
assets/incoming/animals/quaternius/fox.glb,759272,,,TOOLS-ONLY,,yes
assets/incoming/animals/quaternius/rat.glb,500220,,,TOOLS-ONLY,,yes
assets/incoming/animations_free/acrobatics/UAL_Free_Acrobatics.glb,985804,TOOLS-ONLY,yes,TOOLS-ONLY,,yes
assets/incoming/animations_free/casting/UAL_Free_Casting.glb,264416,TOOLS-ONLY,yes,TOOLS-ONLY,,yes
assets/incoming/animations_free/casting/UAL_Free_CastingElements.glb,673304,UNREF,yes,UNREF,,yes
assets/incoming/animations_free/casting/UAL_Free_CastingKaykit.glb,196840,TOOLS-ONLY,yes,TOOLS-ONLY,,yes
assets/incoming/animations_free/combos/UAL_Free_Combos.glb,283552,TOOLS-ONLY,yes,TOOLS-ONLY,,yes
assets/incoming/animations_free/defense/UAL_Free_Defense.glb,290736,TOOLS-ONLY,yes,TOOLS-ONLY,,yes
assets/incoming/animations_free/kicks/UAL_Free_Kicks.glb,432812,TOOLS-ONLY,yes,TOOLS-ONLY,,yes
assets/incoming/animations_free/martial_arts_unarmed/UAL_Free_MartialArtsUnarmed.glb,740792,TOOLS-ONLY,yes,TOOLS-ONLY,,yes
assets/incoming/animations_free/reactions/UAL_Free_Reactions.glb,671596,TOOLS-ONLY,yes,TOOLS-ONLY,,yes
assets/incoming/animations_free2/kaykit_movement_ext/UAL_Kay_movement_ext.glb,475260,TOOLS-ONLY,yes,TOOLS-ONLY,,yes
assets/incoming/animations_free2/kaykit_ranged/UAL_Kay_ranged.glb,423712,TOOLS-ONLY,yes,TOOLS-ONLY,,yes
assets/incoming/animations_free2/kaykit_undead/UAL_Kay_undead.glb,254420,TOOLS-ONLY,yes,TOOLS-ONLY,,yes
assets/incoming/animations_free2/loco_transitions/UAL_Loco_Transitions.glb,676340,TOOLS-ONLY,yes,used,placed now,yes
assets/incoming/animations_free2/traversal_authored/UAL_Authored_Traversal.glb,616436,UNREF,yes,UNREF,,yes
assets/incoming/animations_video/Test_Walk/UAL_Video_Test_Walk.glb,374144,UNREF,yes,dynamic,placed now,yes
assets/incoming/armor/kaykit/adventurers/Assets/gltf/shield_badge.gltf,3080,UNREF,no (export exclude),UNREF,,no (.gdignore)
assets/incoming/armor/kaykit/adventurers/Assets/gltf/shield_badge_color.gltf,3092,UNREF,no (export exclude),UNREF,,no (.gdignore)
assets/incoming/armor/kaykit/adventurers/Assets/gltf/shield_round.gltf,3083,UNREF,no (export exclude),UNREF,,no (.gdignore)
assets/incoming/armor/kaykit/adventurers/Assets/gltf/shield_round_barbarian.gltf,3112,UNREF,no (export exclude),UNREF,,no (.gdignore)
assets/incoming/armor/kaykit/adventurers/Assets/gltf/shield_round_color.gltf,3095,UNREF,no (export exclude),UNREF,,no (.gdignore)
assets/incoming/armor/kaykit/adventurers/Assets/gltf/shield_spikes.gltf,3083,UNREF,no (export exclude),UNREF,,no (.gdignore)
assets/incoming/armor/kaykit/adventurers/Assets/gltf/shield_spikes_color.gltf,3095,UNREF,no (export exclude),UNREF,,no (.gdignore)
assets/incoming/armor/kaykit/adventurers/Assets/gltf/shield_square.gltf,3081,UNREF,no (export exclude),UNREF,,no (.gdignore)
assets/incoming/armor/kaykit/adventurers/Assets/gltf/shield_square_color.gltf,3093,UNREF,no (export exclude),UNREF,,no (.gdignore)
assets/incoming/armor/kaykit/adventurers/glb/Barbarian_Cape.glb,40132,UNREF,no (export exclude),UNREF,,no (.gdignore)
assets/incoming/armor/kaykit/adventurers/glb/Knight_Cape.glb,37276,UNREF,no (export exclude),UNREF,,no (.gdignore)
assets/incoming/armor/kaykit/adventurers/glb/Mage_Cape.glb,42448,UNREF,no (export exclude),UNREF,,no (.gdignore)
assets/incoming/armor/kaykit/adventurers/glb/Mage_Hat.glb,55688,UNREF,no (export exclude),UNREF,,no (.gdignore)
assets/incoming/armor/kaykit/adventurers/glb/Rogue_Cape.glb,42668,UNREF,no (export exclude),UNREF,,no (.gdignore)
assets/incoming/armor/kaykit/adventurers/glb/shield_badge.glb,45624,UNREF,no (export exclude),UNREF,,no (.gdignore)
assets/incoming/armor/kaykit/adventurers/glb/shield_badge_color.glb,45500,UNREF,no (export exclude),UNREF,,no (.gdignore)
assets/incoming/armor/kaykit/adventurers/glb/shield_round.glb,47004,UNREF,no (export exclude),UNREF,,no (.gdignore)
assets/incoming/armor/kaykit/adventurers/glb/shield_round_barbarian.glb,49744,UNREF,no (export exclude),UNREF,,no (.gdignore)
assets/incoming/armor/kaykit/adventurers/glb/shield_round_color.glb,46752,UNREF,no (export exclude),UNREF,,no (.gdignore)
assets/incoming/armor/kaykit/adventurers/glb/shield_spikes.glb,56556,UNREF,no (export exclude),UNREF,,no (.gdignore)
assets/incoming/armor/kaykit/adventurers/glb/shield_spikes_color.glb,56564,UNREF,no (export exclude),UNREF,,no (.gdignore)
assets/incoming/armor/kaykit/adventurers/glb/shield_square.glb,45784,UNREF,no (export exclude),UNREF,,no (.gdignore)
assets/incoming/armor/kaykit/adventurers/glb/shield_square_color.glb,45788,UNREF,no (export exclude),UNREF,,no (.gdignore)
assets/incoming/armor/opengameart/cc-by/anglo-saxon-helmets/anglo_saxon_helm1.glb,106920,UNREF,yes,UNREF,reject: source copies of items/armor (exact duplicates),"no (export filter, new)"
assets/incoming/armor/opengameart/cc-by/anglo-saxon-helmets/anglo_saxon_helm3.glb,193992,UNREF,yes,UNREF,reject: source copies of items/armor (exact duplicates),"no (export filter, new)"
assets/incoming/armor/opengameart/cc-by/anglo-saxon-helmets/anglo_saxon_helm4.glb,196424,UNREF,yes,UNREF,reject: source copies of items/armor (exact duplicates),"no (export filter, new)"
assets/incoming/armor/opengameart/cc-by/anglo-saxon-helmets/anglo_saxon_helm5.glb,196132,UNREF,yes,UNREF,reject: source copies of items/armor (exact duplicates),"no (export filter, new)"
assets/incoming/armor/opengameart/cc-by/anglo-saxon-helmets/anglo_saxon_helm6.glb,195220,UNREF,yes,UNREF,reject: source copies of items/armor (exact duplicates),"no (export filter, new)"
assets/incoming/armor/opengameart/cc-by/iron-armor-set/glb/iron_armor_full.glb,225656,UNREF,yes,UNREF,reject: source copies of items/armor (exact duplicates),no (.gdignore)
assets/incoming/armor/opengameart/cc-by/iron-armor-set/glb/iron_boots.glb,80212,UNREF,yes,UNREF,reject: source copies of items/armor (exact duplicates),no (.gdignore)
assets/incoming/armor/opengameart/cc-by/iron-armor-set/glb/iron_chest.glb,95024,UNREF,yes,UNREF,reject: source copies of items/armor (exact duplicates),no (.gdignore)
assets/incoming/armor/opengameart/cc-by/iron-armor-set/glb/iron_gloves.glb,119652,UNREF,yes,UNREF,reject: source copies of items/armor (exact duplicates),no (.gdignore)
assets/incoming/armor/opengameart/cc-by/iron-armor-set/glb/iron_helmet.glb,83192,UNREF,yes,UNREF,reject: source copies of items/armor (exact duplicates),no (.gdignore)
assets/incoming/armor/opengameart/cc-by/iron-armor-set/glb/iron_legs.glb,84908,UNREF,yes,UNREF,reject: source copies of items/armor (exact duplicates),no (.gdignore)
assets/incoming/armor/opengameart/cc-by/leather-breastplate/leather_breastplate.glb,20988,UNREF,yes,UNREF,reject: source copies of items/armor (exact duplicates),no (.gdignore)
assets/incoming/armor/opengameart/cc-by/leather-forearm-armor/leather_forearm_guard.glb,16364,UNREF,yes,UNREF,reject: source copies of items/armor (exact duplicates),no (.gdignore)
assets/incoming/armor/opengameart/cc-by/orc-barbarian/orc_armor_skinned.glb,38292,UNREF,yes,UNREF,reject: source copies of items/armor (exact duplicates),no (.gdignore)
assets/incoming/armor/opengameart/cc-by/orc-barbarian/orc_barbarian_full.glb,98344,UNREF,yes,UNREF,reject: source copies of items/armor (exact duplicates),no (.gdignore)
assets/incoming/armor/opengameart/cc-by/orc-barbarian/orc_shoulder_armor.glb,7080,UNREF,yes,UNREF,reject: source copies of items/armor (exact duplicates),no (.gdignore)
assets/incoming/armor/opengameart/cc-by/poleaxe-and-shield/round_shield.glb,90624,,,UNREF,reject: source copies of items/armor (exact duplicates),no (.gdignore)
assets/incoming/armor/opengameart/cc-by/tower-shield/tower_shield.glb,853076,UNREF,yes,UNREF,reject: source copies of items/armor (exact duplicates),no (.gdignore)
assets/incoming/armor/opengameart/cc0/basic-shield/basic_round_shield.glb,27040,UNREF,no (export exclude),UNREF,reject: source copies of items/armor (exact duplicates),no (.gdignore)
assets/incoming/armor/opengameart/cc0/bucket-helmet/great_helm_bucket.glb,427456,UNREF,no (export exclude),UNREF,reject: source copies of items/armor (exact duplicates),no (.gdignore)
assets/incoming/armor/opengameart/cc0/cartoon-medieval-knight/cartoon_knight_skinned.glb,238824,UNREF,no (export exclude),UNREF,reject: source copies of items/armor (exact duplicates),no (.gdignore)
assets/incoming/armor/opengameart/cc0/great-kite-shield/kite_shield.glb,584936,UNREF,no (export exclude),UNREF,reject: source copies of items/armor (exact duplicates),no (.gdignore)
assets/incoming/armor/opengameart/cc0/hats-clothing-props/straw_hat.glb,194656,UNREF,no (export exclude),UNREF,reject: source copies of items/armor (exact duplicates),no (.gdignore)
assets/incoming/armor/opengameart/cc0/heater-shield/heater_shield.glb,23812,UNREF,no (export exclude),UNREF,reject: source copies of items/armor (exact duplicates),no (.gdignore)
assets/incoming/armor/opengameart/cc0/helmet-olexanders/kettle_morion_helmet.glb,45120,UNREF,no (export exclude),UNREF,reject: source copies of items/armor (exact duplicates),no (.gdignore)
assets/incoming/armor/opengameart/cc0/iron-crown/iron_crown.glb,107156,UNREF,no (export exclude),UNREF,reject: source copies of items/armor (exact duplicates),no (.gdignore)
assets/incoming/armor/opengameart/cc0/low-poly-knight/plate_knight_armor_set.glb,66932,UNREF,no (export exclude),UNREF,reject: source copies of items/armor (exact duplicates),no (.gdignore)
assets/incoming/armor/opengameart/cc0/spiked-shield/spiked_shield.glb,39216,UNREF,no (export exclude),UNREF,reject: source copies of items/armor (exact duplicates),no (.gdignore)
assets/incoming/armor/opengameart/cc0/viking-helmet/viking_helmet.glb,142092,UNREF,no (export exclude),UNREF,reject: source copies of items/armor (exact duplicates),no (.gdignore)
assets/incoming/armor/polypizza/cc-by/Armor_CreativeTechLab_tVYVQc.glb,25332,UNREF,yes,UNREF,reject: source copies of items/armor (exact duplicates),no (.gdignore)
assets/incoming/armor/polypizza/cc-by/Armor_Used_CreativeTechLab_EEtHhE.glb,42092,UNREF,yes,UNREF,reject: source copies of items/armor (exact duplicates),no (.gdignore)
assets/incoming/armor/polypizza/cc-by/Boots_Poly_by_Google_7HbqG8.glb,12448,UNREF,yes,UNREF,reject: source copies of items/armor (exact duplicates),no (.gdignore)
assets/incoming/armor/polypizza/cc-by/Crown_Poly_by_Google_0seQ0m.glb,66808,UNREF,yes,UNREF,reject: source copies of items/armor (exact duplicates),no (.gdignore)
assets/incoming/armor/polypizza/cc-by/Shield_CreativeTechLab_KtP3XC.glb,25656,UNREF,yes,UNREF,reject: source copies of items/armor (exact duplicates),no (.gdignore)
assets/incoming/armor/polypizza/cc-by/glb/Armor_CreativeTechLab_tVYVQc.glb,24956,UNREF,yes,UNREF,reject: source copies of items/armor (exact duplicates),no (.gdignore)
assets/incoming/armor/polypizza/cc-by/glb/Armor_Used_CreativeTechLab_EEtHhE.glb,43676,UNREF,yes,UNREF,reject: source copies of items/armor (exact duplicates),no (.gdignore)
assets/incoming/armor/polypizza/cc-by/glb/Boots_Poly_by_Google_7HbqG8.glb,12084,UNREF,yes,UNREF,reject: source copies of items/armor (exact duplicates),no (.gdignore)
assets/incoming/armor/polypizza/cc-by/glb/Crown_Poly_by_Google_0seQ0m.glb,142824,UNREF,yes,UNREF,reject: source copies of items/armor (exact duplicates),no (.gdignore)
assets/incoming/armor/polypizza/cc-by/glb/Shield_CreativeTechLab_KtP3XC.glb,25164,UNREF,yes,UNREF,reject: source copies of items/armor (exact duplicates),no (.gdignore)
assets/incoming/armor/polypizza/cc-by/glb/hat_Minh_Nguyen_Tri_4Tdb1s.glb,21220,UNREF,yes,UNREF,reject: source copies of items/armor (exact duplicates),no (.gdignore)
assets/incoming/armor/polypizza/cc-by/hat_Minh_Nguyen_Tri_4Tdb1s.glb,20724,UNREF,yes,UNREF,reject: source copies of items/armor (exact duplicates),no (.gdignore)
assets/incoming/armor/polypizza/cc-by/knights-character-kit/_source_Knights_Character_Kit.glb,4224296,UNREF,yes,UNREF,reject: source copies of items/armor (exact duplicates),no (.gdignore)
assets/incoming/armor/polypizza/cc-by/knights-character-kit/belt_plate.glb,15996,UNREF,yes,UNREF,reject: source copies of items/armor (exact duplicates),no (.gdignore)
assets/incoming/armor/polypizza/cc-by/knights-character-kit/bevor_neckguard.glb,20772,UNREF,yes,UNREF,reject: source copies of items/armor (exact duplicates),no (.gdignore)
assets/incoming/armor/polypizza/cc-by/knights-character-kit/bracer_fur.glb,78260,UNREF,yes,UNREF,reject: source copies of items/armor (exact duplicates),no (.gdignore)
assets/incoming/armor/polypizza/cc-by/knights-character-kit/bracer_fur_spikes.glb,51852,UNREF,yes,UNREF,reject: source copies of items/armor (exact duplicates),no (.gdignore)
assets/incoming/armor/polypizza/cc-by/knights-character-kit/cape_fur_mantle.glb,215844,UNREF,yes,UNREF,reject: source copies of items/armor (exact duplicates),no (.gdignore)
assets/incoming/armor/polypizza/cc-by/knights-character-kit/chest_barrel_leather.glb,24196,UNREF,yes,UNREF,reject: source copies of items/armor (exact duplicates),no (.gdignore)
assets/incoming/armor/polypizza/cc-by/knights-character-kit/chest_plate_dark_c.glb,79600,UNREF,yes,UNREF,reject: source copies of items/armor (exact duplicates),no (.gdignore)
assets/incoming/armor/polypizza/cc-by/knights-character-kit/chest_plate_dark_e.glb,62028,UNREF,yes,UNREF,reject: source copies of items/armor (exact duplicates),no (.gdignore)
assets/incoming/armor/polypizza/cc-by/knights-character-kit/chest_plate_leather_b.glb,93284,UNREF,yes,UNREF,reject: source copies of items/armor (exact duplicates),no (.gdignore)
assets/incoming/armor/polypizza/cc-by/knights-character-kit/couter_elbow.glb,45616,UNREF,yes,UNREF,reject: source copies of items/armor (exact duplicates),no (.gdignore)
assets/incoming/armor/polypizza/cc-by/knights-character-kit/fauld_leather_strips.glb,38484,UNREF,yes,UNREF,reject: source copies of items/armor (exact duplicates),no (.gdignore)
assets/incoming/armor/polypizza/cc-by/knights-character-kit/gauntlet_spiked.glb,50000,UNREF,yes,UNREF,reject: source copies of items/armor (exact duplicates),no (.gdignore)
assets/incoming/armor/polypizza/cc-by/knights-character-kit/greave_leather_b.glb,134584,UNREF,yes,UNREF,reject: source copies of items/armor (exact duplicates),no (.gdignore)
assets/incoming/armor/polypizza/cc-by/knights-character-kit/greave_leather_straps.glb,135484,UNREF,yes,UNREF,reject: source copies of items/armor (exact duplicates),no (.gdignore)
assets/incoming/armor/polypizza/cc-by/knights-character-kit/greave_plate_a.glb,48216,UNREF,yes,UNREF,reject: source copies of items/armor (exact duplicates),no (.gdignore)
assets/incoming/armor/polypizza/cc-by/knights-character-kit/greave_plate_b.glb,47256,UNREF,yes,UNREF,reject: source copies of items/armor (exact duplicates),no (.gdignore)
assets/incoming/armor/polypizza/cc-by/knights-character-kit/greave_plate_c.glb,35180,UNREF,yes,UNREF,reject: source copies of items/armor (exact duplicates),no (.gdignore)
assets/incoming/armor/polypizza/cc-by/knights-character-kit/greave_plate_d.glb,34412,UNREF,yes,UNREF,reject: source copies of items/armor (exact duplicates),no (.gdignore)
assets/incoming/armor/polypizza/cc-by/knights-character-kit/helmet_barred_visor.glb,79632,UNREF,yes,UNREF,reject: source copies of items/armor (exact duplicates),no (.gdignore)
assets/incoming/armor/polypizza/cc-by/knights-character-kit/helmet_bascinet_round.glb,56404,UNREF,yes,UNREF,reject: source copies of items/armor (exact duplicates),no (.gdignore)
assets/incoming/armor/polypizza/cc-by/knights-character-kit/helmet_black_crest_a.glb,47868,UNREF,yes,UNREF,reject: source copies of items/armor (exact duplicates),no (.gdignore)
assets/incoming/armor/polypizza/cc-by/knights-character-kit/helmet_black_crest_b.glb,48448,UNREF,yes,UNREF,reject: source copies of items/armor (exact duplicates),no (.gdignore)
assets/incoming/armor/polypizza/cc-by/knights-character-kit/helmet_conical_grille.glb,50880,UNREF,yes,UNREF,reject: source copies of items/armor (exact duplicates),no (.gdignore)
assets/incoming/armor/polypizza/cc-by/knights-character-kit/helmet_horned_viking.glb,110228,UNREF,yes,UNREF,reject: source copies of items/armor (exact duplicates),no (.gdignore)
assets/incoming/armor/polypizza/cc-by/knights-character-kit/helmet_red_crest_cloak.glb,63372,UNREF,yes,UNREF,reject: source copies of items/armor (exact duplicates),no (.gdignore)
assets/incoming/armor/polypizza/cc-by/knights-character-kit/helmet_red_crest_roman.glb,72420,UNREF,yes,UNREF,reject: source copies of items/armor (exact duplicates),no (.gdignore)
assets/incoming/armor/polypizza/cc-by/knights-character-kit/helmet_round.glb,26108,UNREF,yes,UNREF,reject: source copies of items/armor (exact duplicates),no (.gdignore)
assets/incoming/armor/polypizza/cc-by/knights-character-kit/helmet_visor_b.glb,10892,UNREF,yes,UNREF,reject: source copies of items/armor (exact duplicates),no (.gdignore)
assets/incoming/armor/polypizza/cc-by/knights-character-kit/helmet_visor_horned_a.glb,34660,UNREF,yes,UNREF,reject: source copies of items/armor (exact duplicates),no (.gdignore)
assets/incoming/armor/polypizza/cc-by/knights-character-kit/helmet_visor_horned_c.glb,34144,UNREF,yes,UNREF,reject: source copies of items/armor (exact duplicates),no (.gdignore)
assets/incoming/armor/polypizza/cc-by/knights-character-kit/helmet_yellow_crest.glb,57812,UNREF,yes,UNREF,reject: source copies of items/armor (exact duplicates),no (.gdignore)
assets/incoming/armor/polypizza/cc-by/knights-character-kit/pauldron_layered_a.glb,9460,UNREF,yes,UNREF,reject: source copies of items/armor (exact duplicates),no (.gdignore)
assets/incoming/armor/polypizza/cc-by/knights-character-kit/pauldron_layered_b.glb,9904,UNREF,yes,UNREF,reject: source copies of items/armor (exact duplicates),no (.gdignore)
assets/incoming/armor/polypizza/cc-by/knights-character-kit/pauldron_red_a.glb,19892,UNREF,yes,UNREF,reject: source copies of items/armor (exact duplicates),no (.gdignore)
assets/incoming/armor/polypizza/cc-by/knights-character-kit/pauldron_red_b.glb,20400,UNREF,yes,UNREF,reject: source copies of items/armor (exact duplicates),no (.gdignore)
assets/incoming/armor/polypizza/cc-by/knights-character-kit/pauldron_round_c.glb,29400,UNREF,yes,UNREF,reject: source copies of items/armor (exact duplicates),no (.gdignore)
assets/incoming/armor/polypizza/cc-by/knights-character-kit/pauldron_round_d.glb,28628,UNREF,yes,UNREF,reject: source copies of items/armor (exact duplicates),no (.gdignore)
assets/incoming/armor/polypizza/cc-by/knights-character-kit/plaque_jewelled.glb,77768,UNREF,yes,UNREF,reject: source copies of items/armor (exact duplicates),no (.gdignore)
assets/incoming/armor/polypizza/cc-by/knights-character-kit/plate_curved.glb,17416,UNREF,yes,UNREF,reject: source copies of items/armor (exact duplicates),no (.gdignore)
assets/incoming/armor/polypizza/cc-by/knights-character-kit/plume_red_a.glb,5572,UNREF,yes,UNREF,reject: source copies of items/armor (exact duplicates),no (.gdignore)
assets/incoming/armor/polypizza/cc-by/knights-character-kit/plume_red_b.glb,5444,UNREF,yes,UNREF,reject: source copies of items/armor (exact duplicates),no (.gdignore)
assets/incoming/armor/polypizza/cc-by/knights-character-kit/plume_wings_blue.glb,7212,UNREF,yes,UNREF,reject: source copies of items/armor (exact duplicates),no (.gdignore)
assets/incoming/armor/polypizza/cc-by/knights-character-kit/quiver_back.glb,202064,UNREF,yes,UNREF,reject: source copies of items/armor (exact duplicates),no (.gdignore)
assets/incoming/armor/polypizza/cc-by/knights-character-kit/sabaton_boot_a.glb,42184,UNREF,yes,UNREF,reject: source copies of items/armor (exact duplicates),no (.gdignore)
assets/incoming/armor/polypizza/cc-by/knights-character-kit/sabaton_boot_b.glb,42188,UNREF,yes,UNREF,reject: source copies of items/armor (exact duplicates),no (.gdignore)
assets/incoming/armor/polypizza/cc-by/knights-character-kit/vambrace_square.glb,23652,UNREF,yes,UNREF,reject: source copies of items/armor (exact duplicates),no (.gdignore)
assets/incoming/armor/polypizza/cc0/Bags_Quaternius_gzvyAQ.glb,21124,UNREF,yes,UNREF,reject: source copies of items/armor (exact duplicates),no (.gdignore)
assets/incoming/armor/polypizza/cc0/Bedroll_Kenney_12PaVp.glb,32380,UNREF,yes,UNREF,reject: source copies of items/armor (exact duplicates),no (.gdignore)
assets/incoming/armor/polypizza/cc0/Coin_Bag_Quaternius_iUpWtN.glb,54304,UNREF,yes,UNREF,reject: source copies of items/armor (exact duplicates),no (.gdignore)
assets/incoming/armor/polypizza/cc0/Coin_Pouch_Quaternius_pTZyPT.glb,24804,UNREF,yes,UNREF,reject: source copies of items/armor (exact duplicates),no (.gdignore)
assets/incoming/armor/polypizza/cc0/glb/Bags_Quaternius_gzvyAQ.glb,20536,UNREF,yes,UNREF,reject: source copies of items/armor (exact duplicates),no (.gdignore)
assets/incoming/armor/polypizza/cc0/glb/Bedroll_Kenney_12PaVp.glb,31364,UNREF,yes,UNREF,reject: source copies of items/armor (exact duplicates),no (.gdignore)
assets/incoming/armor/polypizza/cc0/glb/Coin_Bag_Quaternius_iUpWtN.glb,53672,UNREF,yes,UNREF,reject: source copies of items/armor (exact duplicates),no (.gdignore)
assets/incoming/armor/polypizza/cc0/glb/Coin_Pouch_Quaternius_pTZyPT.glb,24644,UNREF,yes,UNREF,reject: source copies of items/armor (exact duplicates),no (.gdignore)
assets/incoming/armor/quaternius/items/Armor_Black.glb,58116,UNREF,no (export exclude),UNREF,,no (.gdignore)
assets/incoming/armor/quaternius/items/Armor_Golden.glb,57324,UNREF,no (export exclude),UNREF,,no (.gdignore)
assets/incoming/armor/quaternius/items/Armor_Leather.glb,16740,UNREF,no (export exclude),UNREF,,no (.gdignore)
assets/incoming/armor/quaternius/items/Armor_Metal.glb,32796,UNREF,no (export exclude),UNREF,,no (.gdignore)
assets/incoming/armor/quaternius/items/Armor_Metal2.glb,39184,UNREF,no (export exclude),UNREF,,no (.gdignore)
assets/incoming/armor/quaternius/items/Backpack.glb,140088,UNREF,no (export exclude),UNREF,,no (.gdignore)
assets/incoming/armor/quaternius/items/Bag.glb,66676,,,UNREF,,no (.gdignore)
assets/incoming/armor/quaternius/items/Crown2.glb,46364,UNREF,no (export exclude),UNREF,,no (.gdignore)
assets/incoming/armor/quaternius/items/Glove.glb,47140,,,UNREF,,no (.gdignore)
assets/incoming/armor/quaternius/items/Knight_Helmet1.glb,50416,UNREF,no (export exclude),UNREF,,no (.gdignore)
assets/incoming/armor/quaternius/items/Knight_Helmet2.glb,42872,UNREF,no (export exclude),UNREF,,no (.gdignore)
assets/incoming/armor/quaternius/items/Knight_Helmet3.glb,60240,UNREF,no (export exclude),UNREF,,no (.gdignore)
assets/incoming/armor/quaternius/items/Knight_ShoulderPads.glb,9804,UNREF,no (export exclude),UNREF,,no (.gdignore)
assets/incoming/armor/quaternius/modular-outfits-fantasy/Female_Peasant_Arms.glb,436508,UNREF,no (export exclude),UNREF,,no (.gdignore)
assets/incoming/armor/quaternius/modular-outfits-fantasy/Female_Peasant_Body.glb,391340,UNREF,no (export exclude),UNREF,,no (.gdignore)
assets/incoming/armor/quaternius/modular-outfits-fantasy/Female_Peasant_Feet.glb,396000,UNREF,no (export exclude),UNREF,,no (.gdignore)
assets/incoming/armor/quaternius/modular-outfits-fantasy/Female_Peasant_Legs.glb,321900,UNREF,no (export exclude),UNREF,,no (.gdignore)
assets/incoming/armor/quaternius/modular-outfits-fantasy/Female_Ranger_Acc_Pauldrons.glb,388252,UNREF,no (export exclude),UNREF,,no (.gdignore)
assets/incoming/armor/quaternius/modular-outfits-fantasy/Female_Ranger_Arms.glb,764436,UNREF,no (export exclude),UNREF,,no (.gdignore)
assets/incoming/armor/quaternius/modular-outfits-fantasy/Female_Ranger_Body.glb,595156,UNREF,no (export exclude),UNREF,,no (.gdignore)
assets/incoming/armor/quaternius/modular-outfits-fantasy/Female_Ranger_Feet.glb,606148,UNREF,no (export exclude),UNREF,,no (.gdignore)
assets/incoming/armor/quaternius/modular-outfits-fantasy/Female_Ranger_Head_Hood.glb,404172,UNREF,no (export exclude),UNREF,,no (.gdignore)
assets/incoming/armor/quaternius/modular-outfits-fantasy/Female_Ranger_Legs.glb,354156,UNREF,no (export exclude),UNREF,,no (.gdignore)
assets/incoming/armor/quaternius/modular-outfits-fantasy/Male_Peasant_Arms.glb,632972,UNREF,no (export exclude),UNREF,,no (.gdignore)
assets/incoming/armor/quaternius/modular-outfits-fantasy/Male_Peasant_Body.glb,433724,UNREF,no (export exclude),UNREF,,no (.gdignore)
assets/incoming/armor/quaternius/modular-outfits-fantasy/Male_Peasant_Feet.glb,394668,UNREF,no (export exclude),UNREF,,no (.gdignore)
assets/incoming/armor/quaternius/modular-outfits-fantasy/Male_Peasant_Legs.glb,305700,UNREF,no (export exclude),UNREF,,no (.gdignore)
assets/incoming/armor/quaternius/modular-outfits-fantasy/Male_Ranger_Acc_Pauldron.glb,356968,UNREF,no (export exclude),UNREF,,no (.gdignore)
assets/incoming/armor/quaternius/modular-outfits-fantasy/Male_Ranger_Arms.glb,670816,UNREF,no (export exclude),UNREF,,no (.gdignore)
assets/incoming/armor/quaternius/modular-outfits-fantasy/Male_Ranger_Body.glb,530440,UNREF,no (export exclude),UNREF,,no (.gdignore)
assets/incoming/armor/quaternius/modular-outfits-fantasy/Male_Ranger_Feet_Boots.glb,571984,UNREF,no (export exclude),UNREF,,no (.gdignore)
assets/incoming/armor/quaternius/modular-outfits-fantasy/Male_Ranger_Head_Hood.glb,393912,UNREF,no (export exclude),UNREF,,no (.gdignore)
assets/incoming/armor/quaternius/modular-outfits-fantasy/Male_Ranger_Legs.glb,344928,UNREF,no (export exclude),UNREF,,no (.gdignore)
assets/incoming/cc0gameassets/swordtember2022/1-Crystal.glb,27084,UNREF,yes,UNREF,"reject: weapon art candidates, none used",no (.gdignore)
assets/incoming/cc0gameassets/swordtember2022/10-Snake.glb,41144,UNREF,yes,UNREF,"reject: weapon art candidates, none used",no (.gdignore)
assets/incoming/cc0gameassets/swordtember2022/11-Neon.glb,16608,UNREF,yes,UNREF,"reject: weapon art candidates, none used",no (.gdignore)
assets/incoming/cc0gameassets/swordtember2022/12-Woven.glb,35268,UNREF,yes,UNREF,"reject: weapon art candidates, none used",no (.gdignore)
assets/incoming/cc0gameassets/swordtember2022/13-Hidden.glb,50304,UNREF,yes,UNREF,"reject: weapon art candidates, none used",no (.gdignore)
assets/incoming/cc0gameassets/swordtember2022/14-Witch.glb,43900,UNREF,yes,UNREF,"reject: weapon art candidates, none used",no (.gdignore)
assets/incoming/cc0gameassets/swordtember2022/15-Paranormal.glb,21672,UNREF,yes,UNREF,"reject: weapon art candidates, none used",no (.gdignore)
assets/incoming/cc0gameassets/swordtember2022/16-Shell.glb,15908,UNREF,yes,UNREF,"reject: weapon art candidates, none used",no (.gdignore)
assets/incoming/cc0gameassets/swordtember2022/17-Smoke.glb,16672,UNREF,yes,UNREF,"reject: weapon art candidates, none used",no (.gdignore)
assets/incoming/cc0gameassets/swordtember2022/18-Geometric.glb,12788,UNREF,yes,UNREF,"reject: weapon art candidates, none used",no (.gdignore)
assets/incoming/cc0gameassets/swordtember2022/19-Heirloom.glb,24520,UNREF,yes,UNREF,"reject: weapon art candidates, none used",no (.gdignore)
assets/incoming/cc0gameassets/swordtember2022/2-Candle.glb,19328,UNREF,yes,UNREF,"reject: weapon art candidates, none used",no (.gdignore)
assets/incoming/cc0gameassets/swordtember2022/20-Leaf.glb,26116,UNREF,yes,UNREF,"reject: weapon art candidates, none used",no (.gdignore)
assets/incoming/cc0gameassets/swordtember2022/21-Lantern.glb,25496,UNREF,yes,UNREF,"reject: weapon art candidates, none used",no (.gdignore)
assets/incoming/cc0gameassets/swordtember2022/22-Antler.glb,29856,UNREF,yes,UNREF,"reject: weapon art candidates, none used",no (.gdignore)
assets/incoming/cc0gameassets/swordtember2022/23-Chain.glb,29900,UNREF,yes,UNREF,"reject: weapon art candidates, none used",no (.gdignore)
assets/incoming/cc0gameassets/swordtember2022/24-Coral.glb,34136,UNREF,yes,UNREF,"reject: weapon art candidates, none used",no (.gdignore)
assets/incoming/cc0gameassets/swordtember2022/25-Spider.glb,20440,UNREF,yes,UNREF,"reject: weapon art candidates, none used",no (.gdignore)
assets/incoming/cc0gameassets/swordtember2022/26-Wooden.glb,22852,UNREF,yes,UNREF,"reject: weapon art candidates, none used",no (.gdignore)
assets/incoming/cc0gameassets/swordtember2022/27-Pattern.glb,47960,UNREF,yes,UNREF,"reject: weapon art candidates, none used",no (.gdignore)
assets/incoming/cc0gameassets/swordtember2022/28-Asymmetrical.glb,17504,UNREF,yes,UNREF,"reject: weapon art candidates, none used",no (.gdignore)
assets/incoming/cc0gameassets/swordtember2022/29-Crown.glb,47924,UNREF,yes,UNREF,"reject: weapon art candidates, none used",no (.gdignore)
assets/incoming/cc0gameassets/swordtember2022/3-Gears.glb,20248,UNREF,yes,UNREF,"reject: weapon art candidates, none used",no (.gdignore)
assets/incoming/cc0gameassets/swordtember2022/30-Skull.glb,47828,UNREF,yes,UNREF,"reject: weapon art candidates, none used",no (.gdignore)
assets/incoming/cc0gameassets/swordtember2022/4-Elemental.glb,32716,UNREF,yes,UNREF,"reject: weapon art candidates, none used",no (.gdignore)
assets/incoming/cc0gameassets/swordtember2022/5-Edible.glb,48956,UNREF,yes,UNREF,"reject: weapon art candidates, none used",no (.gdignore)
assets/incoming/cc0gameassets/swordtember2022/6-Liquid.glb,35764,UNREF,yes,UNREF,"reject: weapon art candidates, none used",no (.gdignore)
assets/incoming/cc0gameassets/swordtember2022/7-Cephalopod.glb,41320,UNREF,yes,UNREF,"reject: weapon art candidates, none used",no (.gdignore)
assets/incoming/cc0gameassets/swordtember2022/8-Veined.glb,49560,UNREF,yes,UNREF,"reject: weapon art candidates, none used",no (.gdignore)
assets/incoming/cc0gameassets/swordtember2022/9-Floral.glb,50468,UNREF,yes,UNREF,"reject: weapon art candidates, none used",no (.gdignore)
assets/incoming/characters/_library/UAL_Extra_100STYLE.glb,1611924,UNREF,yes,UNREF,,yes
assets/incoming/characters/mesh2motion/horse-animations.glb,1087132,UNREF,yes,UNREF,,no (.gdignore)
assets/incoming/characters/mesh2motion/human-addon-animations.glb,5292804,,,UNREF,,no (.gdignore)
assets/incoming/characters/mesh2motion/human-base-animations.glb,5656648,UNREF,yes,UNREF,reject: superseded by UAL1/UAL2,no (.gdignore)
assets/incoming/characters/mesh2motion/human-mocap-animations.glb,2025372,,,UNREF,,no (.gdignore)
assets/incoming/characters/mesh2motion/model-human.glb,364868,UNREF,yes,UNREF,reject: Mesh2Motion export source,no (.gdignore)
assets/incoming/characters/mesh2motion/rig-horse.glb,18288,UNREF,yes,UNREF,reject: rig reference,no (.gdignore)
assets/incoming/characters/mesh2motion/rig-human.glb,21184,UNREF,yes,UNREF,reject: rig reference,no (.gdignore)
assets/incoming/chilly-durango/retro-medieval-building-kit/3D Retro Medieval Fantasy Kit.glb,311476,UNREF,yes,UNREF,"reject: retro low-poly building kit, off Style G",no (.gdignore)
assets/incoming/chilly-durango/retro-medieval-building-kit/3D Retro Medieval Fantasy Kit_parts/Beam_Long.glb,2072,UNREF,yes,UNREF,"reject: retro low-poly building kit, off Style G",no (.gdignore)
assets/incoming/chilly-durango/retro-medieval-building-kit/3D Retro Medieval Fantasy Kit_parts/Beam_Short.glb,2072,UNREF,yes,UNREF,"reject: retro low-poly building kit, off Style G",no (.gdignore)
assets/incoming/chilly-durango/retro-medieval-building-kit/3D Retro Medieval Fantasy Kit_parts/Bed_Double.glb,9848,UNREF,yes,UNREF,"reject: retro low-poly building kit, off Style G",no (.gdignore)
assets/incoming/chilly-durango/retro-medieval-building-kit/3D Retro Medieval Fantasy Kit_parts/Bed_Single.glb,8580,UNREF,yes,UNREF,"reject: retro low-poly building kit, off Style G",no (.gdignore)
assets/incoming/chilly-durango/retro-medieval-building-kit/3D Retro Medieval Fantasy Kit_parts/Book_Stack.glb,5624,UNREF,yes,UNREF,"reject: retro low-poly building kit, off Style G",no (.gdignore)
assets/incoming/chilly-durango/retro-medieval-building-kit/3D Retro Medieval Fantasy Kit_parts/Cooking_Bowl.glb,2972,UNREF,yes,UNREF,"reject: retro low-poly building kit, off Style G",no (.gdignore)
assets/incoming/chilly-durango/retro-medieval-building-kit/3D Retro Medieval Fantasy Kit_parts/Cooking_Dish.glb,3232,UNREF,yes,UNREF,"reject: retro low-poly building kit, off Style G",no (.gdignore)
assets/incoming/chilly-durango/retro-medieval-building-kit/3D Retro Medieval Fantasy Kit_parts/Cooking_Mug.glb,7464,UNREF,yes,UNREF,"reject: retro low-poly building kit, off Style G",no (.gdignore)
assets/incoming/chilly-durango/retro-medieval-building-kit/3D Retro Medieval Fantasy Kit_parts/Cooking_Plate.glb,2596,UNREF,yes,UNREF,"reject: retro low-poly building kit, off Style G",no (.gdignore)
assets/incoming/chilly-durango/retro-medieval-building-kit/3D Retro Medieval Fantasy Kit_parts/Cooking_Pot.glb,8284,,,UNREF,"reject: retro low-poly building kit, off Style G",no (.gdignore)
assets/incoming/chilly-durango/retro-medieval-building-kit/3D Retro Medieval Fantasy Kit_parts/Cot.glb,18392,,,UNREF,"reject: retro low-poly building kit, off Style G",no (.gdignore)
assets/incoming/chilly-durango/retro-medieval-building-kit/3D Retro Medieval Fantasy Kit_parts/Door.glb,6356,,,TOOLS-ONLY,"reject: retro low-poly building kit, off Style G",no (.gdignore)
assets/incoming/chilly-durango/retro-medieval-building-kit/3D Retro Medieval Fantasy Kit_parts/Door_Frame.glb,4112,UNREF,yes,UNREF,"reject: retro low-poly building kit, off Style G",no (.gdignore)
assets/incoming/chilly-durango/retro-medieval-building-kit/3D Retro Medieval Fantasy Kit_parts/End_Table.glb,7864,UNREF,yes,UNREF,"reject: retro low-poly building kit, off Style G",no (.gdignore)
assets/incoming/chilly-durango/retro-medieval-building-kit/3D Retro Medieval Fantasy Kit_parts/Fireplace.glb,5572,UNREF,yes,UNREF,"reject: retro low-poly building kit, off Style G",no (.gdignore)
assets/incoming/chilly-durango/retro-medieval-building-kit/3D Retro Medieval Fantasy Kit_parts/Floor_Plane.glb,1328,UNREF,yes,UNREF,"reject: retro low-poly building kit, off Style G",no (.gdignore)
assets/incoming/chilly-durango/retro-medieval-building-kit/3D Retro Medieval Fantasy Kit_parts/Floor_Thick.glb,3800,UNREF,yes,UNREF,"reject: retro low-poly building kit, off Style G",no (.gdignore)
assets/incoming/chilly-durango/retro-medieval-building-kit/3D Retro Medieval Fantasy Kit_parts/Floor_Thin.glb,3840,UNREF,yes,UNREF,"reject: retro low-poly building kit, off Style G",no (.gdignore)
assets/incoming/chilly-durango/retro-medieval-building-kit/3D Retro Medieval Fantasy Kit_parts/Logs.glb,3148,,,TOOLS-ONLY,"reject: retro low-poly building kit, off Style G",no (.gdignore)
assets/incoming/chilly-durango/retro-medieval-building-kit/3D Retro Medieval Fantasy Kit_parts/Plank_Long.glb,2072,UNREF,yes,UNREF,"reject: retro low-poly building kit, off Style G",no (.gdignore)
assets/incoming/chilly-durango/retro-medieval-building-kit/3D Retro Medieval Fantasy Kit_parts/Plank_Short.glb,2076,UNREF,yes,UNREF,"reject: retro low-poly building kit, off Style G",no (.gdignore)
assets/incoming/chilly-durango/retro-medieval-building-kit/3D Retro Medieval Fantasy Kit_parts/Post_Long.glb,2076,UNREF,yes,UNREF,"reject: retro low-poly building kit, off Style G",no (.gdignore)
assets/incoming/chilly-durango/retro-medieval-building-kit/3D Retro Medieval Fantasy Kit_parts/Post_Short.glb,2072,UNREF,yes,UNREF,"reject: retro low-poly building kit, off Style G",no (.gdignore)
assets/incoming/chilly-durango/retro-medieval-building-kit/3D Retro Medieval Fantasy Kit_parts/Roof_Tiles.glb,3460,UNREF,yes,UNREF,"reject: retro low-poly building kit, off Style G",no (.gdignore)
assets/incoming/chilly-durango/retro-medieval-building-kit/3D Retro Medieval Fantasy Kit_parts/Shelf_Long.glb,3808,UNREF,yes,UNREF,"reject: retro low-poly building kit, off Style G",no (.gdignore)
assets/incoming/chilly-durango/retro-medieval-building-kit/3D Retro Medieval Fantasy Kit_parts/Shelf_Short.glb,2960,UNREF,yes,UNREF,"reject: retro low-poly building kit, off Style G",no (.gdignore)
assets/incoming/chilly-durango/retro-medieval-building-kit/3D Retro Medieval Fantasy Kit_parts/Side_Table.glb,6236,UNREF,yes,UNREF,"reject: retro low-poly building kit, off Style G",no (.gdignore)
assets/incoming/chilly-durango/retro-medieval-building-kit/3D Retro Medieval Fantasy Kit_parts/Sideboard.glb,6528,UNREF,yes,UNREF,"reject: retro low-poly building kit, off Style G",no (.gdignore)
assets/incoming/chilly-durango/retro-medieval-building-kit/3D Retro Medieval Fantasy Kit_parts/Stairs_Block.glb,5556,UNREF,yes,UNREF,"reject: retro low-poly building kit, off Style G",no (.gdignore)
assets/incoming/chilly-durango/retro-medieval-building-kit/3D Retro Medieval Fantasy Kit_parts/Stairs_Box.glb,12824,UNREF,yes,UNREF,"reject: retro low-poly building kit, off Style G",no (.gdignore)
assets/incoming/chilly-durango/retro-medieval-building-kit/3D Retro Medieval Fantasy Kit_parts/Stairs_Hollow.glb,7044,UNREF,yes,UNREF,"reject: retro low-poly building kit, off Style G",no (.gdignore)
assets/incoming/chilly-durango/retro-medieval-building-kit/3D Retro Medieval Fantasy Kit_parts/Stove.glb,12680,UNREF,yes,UNREF,"reject: retro low-poly building kit, off Style G",no (.gdignore)
assets/incoming/chilly-durango/retro-medieval-building-kit/3D Retro Medieval Fantasy Kit_parts/Table_Large.glb,4892,UNREF,yes,UNREF,"reject: retro low-poly building kit, off Style G",no (.gdignore)
assets/incoming/chilly-durango/retro-medieval-building-kit/3D Retro Medieval Fantasy Kit_parts/Table_Small.glb,4908,UNREF,yes,UNREF,"reject: retro low-poly building kit, off Style G",no (.gdignore)
assets/incoming/chilly-durango/retro-medieval-building-kit/3D Retro Medieval Fantasy Kit_parts/Trunk.glb,7308,,,UNREF,"reject: retro low-poly building kit, off Style G",no (.gdignore)
assets/incoming/chilly-durango/retro-medieval-building-kit/3D Retro Medieval Fantasy Kit_parts/Trunk_Small.glb,3676,UNREF,yes,UNREF,"reject: retro low-poly building kit, off Style G",no (.gdignore)
assets/incoming/chilly-durango/retro-medieval-building-kit/3D Retro Medieval Fantasy Kit_parts/Wall_A_Door.glb,4940,UNREF,yes,UNREF,"reject: retro low-poly building kit, off Style G",no (.gdignore)
assets/incoming/chilly-durango/retro-medieval-building-kit/3D Retro Medieval Fantasy Kit_parts/Wall_A_Plain.glb,3512,UNREF,yes,UNREF,"reject: retro low-poly building kit, off Style G",no (.gdignore)
assets/incoming/chilly-durango/retro-medieval-building-kit/3D Retro Medieval Fantasy Kit_parts/Wall_A_Window_Large.glb,4540,UNREF,yes,UNREF,"reject: retro low-poly building kit, off Style G",no (.gdignore)
assets/incoming/chilly-durango/retro-medieval-building-kit/3D Retro Medieval Fantasy Kit_parts/Wall_A_Window_Small.glb,4548,UNREF,yes,UNREF,"reject: retro low-poly building kit, off Style G",no (.gdignore)
assets/incoming/chilly-durango/retro-medieval-building-kit/3D Retro Medieval Fantasy Kit_parts/Wall_B.glb,3936,UNREF,yes,UNREF,"reject: retro low-poly building kit, off Style G",no (.gdignore)
assets/incoming/chilly-durango/retro-medieval-building-kit/3D Retro Medieval Fantasy Kit_parts/Wall_B_Door.glb,5804,UNREF,yes,UNREF,"reject: retro low-poly building kit, off Style G",no (.gdignore)
assets/incoming/chilly-durango/retro-medieval-building-kit/3D Retro Medieval Fantasy Kit_parts/Wall_B_Pillar.glb,3636,UNREF,yes,UNREF,"reject: retro low-poly building kit, off Style G",no (.gdignore)
assets/incoming/chilly-durango/retro-medieval-building-kit/3D Retro Medieval Fantasy Kit_parts/Wall_B_Window_Large.glb,5148,UNREF,yes,UNREF,"reject: retro low-poly building kit, off Style G",no (.gdignore)
assets/incoming/chilly-durango/retro-medieval-building-kit/3D Retro Medieval Fantasy Kit_parts/Wall_B_Window_Small.glb,5160,UNREF,yes,UNREF,"reject: retro low-poly building kit, off Style G",no (.gdignore)
assets/incoming/chilly-durango/retro-medieval-building-kit/3D Retro Medieval Fantasy Kit_parts/Wall_C.glb,3484,UNREF,yes,UNREF,"reject: retro low-poly building kit, off Style G",no (.gdignore)
assets/incoming/chilly-durango/retro-medieval-building-kit/3D Retro Medieval Fantasy Kit_parts/Wall_C_Door.glb,4916,UNREF,yes,UNREF,"reject: retro low-poly building kit, off Style G",no (.gdignore)
assets/incoming/chilly-durango/retro-medieval-building-kit/3D Retro Medieval Fantasy Kit_parts/Wall_C_Pillar.glb,3512,UNREF,yes,UNREF,"reject: retro low-poly building kit, off Style G",no (.gdignore)
assets/incoming/chilly-durango/retro-medieval-building-kit/3D Retro Medieval Fantasy Kit_parts/Wall_C_Window_Large.glb,4516,UNREF,yes,UNREF,"reject: retro low-poly building kit, off Style G",no (.gdignore)
assets/incoming/chilly-durango/retro-medieval-building-kit/3D Retro Medieval Fantasy Kit_parts/Wall_C_Window_Small.glb,4516,UNREF,yes,UNREF,"reject: retro low-poly building kit, off Style G",no (.gdignore)
assets/incoming/chilly-durango/retro-medieval-building-kit/3D Retro Medieval Fantasy Kit_parts/Wall_Pillar_A.glb,3464,UNREF,yes,UNREF,"reject: retro low-poly building kit, off Style G",no (.gdignore)
assets/incoming/chilly-durango/retro-medieval-building-kit/3D Retro Medieval Fantasy Kit_parts/Wall_Roof_30.glb,1852,UNREF,yes,UNREF,"reject: retro low-poly building kit, off Style G",no (.gdignore)
assets/incoming/chilly-durango/retro-medieval-building-kit/3D Retro Medieval Fantasy Kit_parts/Wall_Roof_30_Center.glb,1900,UNREF,yes,UNREF,"reject: retro low-poly building kit, off Style G",no (.gdignore)
assets/incoming/chilly-durango/retro-medieval-building-kit/3D Retro Medieval Fantasy Kit_parts/Wall_Roof_45.glb,1836,UNREF,yes,UNREF,"reject: retro low-poly building kit, off Style G",no (.gdignore)
assets/incoming/chilly-durango/retro-medieval-building-kit/3D Retro Medieval Fantasy Kit_parts/Wall_Roof_45_Center.glb,1920,UNREF,yes,UNREF,"reject: retro low-poly building kit, off Style G",no (.gdignore)
assets/incoming/chilly-durango/retro-medieval-building-kit/3D Retro Medieval Fantasy Kit_parts/Wall_Roof_60.glb,1852,UNREF,yes,UNREF,"reject: retro low-poly building kit, off Style G",no (.gdignore)
assets/incoming/chilly-durango/retro-medieval-building-kit/3D Retro Medieval Fantasy Kit_parts/Wall_Roof_60_Center.glb,1900,UNREF,yes,UNREF,"reject: retro low-poly building kit, off Style G",no (.gdignore)
assets/incoming/chilly-durango/retro-medieval-building-kit/3D Retro Medieval Fantasy Kit_parts/Window_Large.glb,11820,UNREF,yes,UNREF,"reject: retro low-poly building kit, off Style G",no (.gdignore)
assets/incoming/chilly-durango/retro-medieval-building-kit/3D Retro Medieval Fantasy Kit_parts/Window_Small.glb,9004,UNREF,yes,UNREF,"reject: retro low-poly building kit, off Style G",no (.gdignore)
assets/incoming/creatus/knight-pack-1/Models/Characters/gltf/Knight2final.glb,680976,UNREF,yes,UNREF,"reject: props duplicating Quaternius / Meshy (barrel, table, campfire)",no (.gdignore)
assets/incoming/creatus/knight-pack-1/Models/Characters/gltf/Knight3final.glb,679724,UNREF,yes,UNREF,"reject: props duplicating Quaternius / Meshy (barrel, table, campfire)",no (.gdignore)
assets/incoming/creatus/knight-pack-1/Models/Characters/gltf/Knight4final.glb,491964,UNREF,yes,UNREF,"reject: props duplicating Quaternius / Meshy (barrel, table, campfire)",no (.gdignore)
assets/incoming/creatus/knight-pack-1/Models/Characters/gltf/extra heads/King_Head.glb,307100,UNREF,yes,UNREF,"reject: props duplicating Quaternius / Meshy (barrel, table, campfire)",no (.gdignore)
assets/incoming/creatus/knight-pack-1/Models/Characters/gltf/extra heads/Knight1_Head.glb,297796,UNREF,yes,UNREF,"reject: props duplicating Quaternius / Meshy (barrel, table, campfire)",no (.gdignore)
assets/incoming/creatus/knight-pack-1/Models/Characters/gltf/extra heads/Knight2_Head.glb,360104,UNREF,yes,UNREF,"reject: props duplicating Quaternius / Meshy (barrel, table, campfire)",no (.gdignore)
assets/incoming/creatus/knight-pack-1/Models/Characters/gltf/extra heads/Knight3_Head.glb,430520,UNREF,yes,UNREF,"reject: props duplicating Quaternius / Meshy (barrel, table, campfire)",no (.gdignore)
assets/incoming/creatus/knight-pack-1/Models/Characters/gltf/extra heads/Knight4_Head.glb,285832,UNREF,yes,UNREF,"reject: props duplicating Quaternius / Meshy (barrel, table, campfire)",no (.gdignore)
assets/incoming/creatus/knight-pack-1/Models/Characters/gltf/extra heads/Knight5_Head.glb,148940,UNREF,yes,UNREF,"reject: props duplicating Quaternius / Meshy (barrel, table, campfire)",no (.gdignore)
assets/incoming/creatus/knight-pack-1/Models/Characters/gltf/extra heads/Knight6_Head.glb,145816,UNREF,yes,UNREF,"reject: props duplicating Quaternius / Meshy (barrel, table, campfire)",no (.gdignore)
assets/incoming/creatus/knight-pack-1/Models/Characters/gltf/extra heads/Knight7_Head.glb,176252,UNREF,yes,UNREF,"reject: props duplicating Quaternius / Meshy (barrel, table, campfire)",no (.gdignore)
assets/incoming/creatus/knight-pack-1/Models/Characters/gltf/extra heads/Princess_Head.glb,279764,UNREF,yes,UNREF,"reject: props duplicating Quaternius / Meshy (barrel, table, campfire)",no (.gdignore)
assets/incoming/creatus/knight-pack-1/Models/Characters/gltf/extra heads/Skeleton_Head.glb,26060,UNREF,yes,UNREF,"reject: props duplicating Quaternius / Meshy (barrel, table, campfire)",no (.gdignore)
assets/incoming/creatus/knight-pack-1/Models/Items/gltf/Box_Bottom.glb,37404,UNREF,yes,UNREF,"reject: props duplicating Quaternius / Meshy (barrel, table, campfire)",no (.gdignore)
assets/incoming/creatus/knight-pack-1/Models/Items/gltf/Box_Top.glb,56572,UNREF,yes,UNREF,"reject: props duplicating Quaternius / Meshy (barrel, table, campfire)",no (.gdignore)
assets/incoming/creatus/knight-pack-1/Models/Items/gltf/Cube_094.glb,68232,UNREF,yes,UNREF,"reject: props duplicating Quaternius / Meshy (barrel, table, campfire)",no (.gdignore)
assets/incoming/creatus/knight-pack-1/Models/Items/gltf/WolfTrap.glb,94908,UNREF,yes,UNREF,"reject: props duplicating Quaternius / Meshy (barrel, table, campfire)",no (.gdignore)
assets/incoming/creatus/knight-pack-1/Models/Items/gltf/Wooden_Box.glb,93888,UNREF,yes,UNREF,"reject: props duplicating Quaternius / Meshy (barrel, table, campfire)",no (.gdignore)
assets/incoming/creatus/knight-pack-1/Models/Items/gltf/axe.glb,11708,,,TOOLS-ONLY,"reject: props duplicating Quaternius / Meshy (barrel, table, campfire)",no (.gdignore)
assets/incoming/creatus/knight-pack-1/Models/Items/gltf/bow.glb,71652,,,TOOLS-ONLY,"reject: props duplicating Quaternius / Meshy (barrel, table, campfire)",no (.gdignore)
assets/incoming/creatus/knight-pack-1/Models/Items/gltf/campfire_spit.glb,15112,UNREF,yes,UNREF,"reject: props duplicating Quaternius / Meshy (barrel, table, campfire)",no (.gdignore)
assets/incoming/creatus/knight-pack-1/Models/Items/gltf/cart.glb,716956,,,TOOLS-ONLY,"reject: props duplicating Quaternius / Meshy (barrel, table, campfire)",no (.gdignore)
assets/incoming/creatus/knight-pack-1/Models/Items/gltf/cart_wheel.glb,117616,UNREF,yes,UNREF,"reject: props duplicating Quaternius / Meshy (barrel, table, campfire)",no (.gdignore)
assets/incoming/creatus/knight-pack-1/Models/Items/gltf/castle_dungeon.glb,196308,UNREF,yes,UNREF,"reject: props duplicating Quaternius / Meshy (barrel, table, campfire)",no (.gdignore)
assets/incoming/creatus/knight-pack-1/Models/Items/gltf/castle_tower.glb,178412,UNREF,yes,UNREF,"reject: props duplicating Quaternius / Meshy (barrel, table, campfire)",no (.gdignore)
assets/incoming/creatus/knight-pack-1/Models/Items/gltf/cloud1.glb,16756,UNREF,yes,UNREF,"reject: props duplicating Quaternius / Meshy (barrel, table, campfire)",no (.gdignore)
assets/incoming/creatus/knight-pack-1/Models/Items/gltf/cloud2.glb,27060,UNREF,yes,UNREF,"reject: props duplicating Quaternius / Meshy (barrel, table, campfire)",no (.gdignore)
assets/incoming/creatus/knight-pack-1/Models/Items/gltf/cloud3.glb,21916,UNREF,yes,UNREF,"reject: props duplicating Quaternius / Meshy (barrel, table, campfire)",no (.gdignore)
assets/incoming/creatus/knight-pack-1/Models/Items/gltf/door_grid.glb,14248,UNREF,yes,UNREF,"reject: props duplicating Quaternius / Meshy (barrel, table, campfire)",no (.gdignore)
assets/incoming/creatus/knight-pack-1/Models/Items/gltf/door_wood.glb,17132,UNREF,yes,UNREF,"reject: props duplicating Quaternius / Meshy (barrel, table, campfire)",no (.gdignore)
assets/incoming/creatus/knight-pack-1/Models/Items/gltf/dry_grass1.glb,8284,UNREF,yes,UNREF,"reject: props duplicating Quaternius / Meshy (barrel, table, campfire)",no (.gdignore)
assets/incoming/creatus/knight-pack-1/Models/Items/gltf/dry_grass2.glb,5976,UNREF,yes,UNREF,"reject: props duplicating Quaternius / Meshy (barrel, table, campfire)",no (.gdignore)
assets/incoming/creatus/knight-pack-1/Models/Items/gltf/dry_grass3.glb,137276,UNREF,yes,UNREF,"reject: props duplicating Quaternius / Meshy (barrel, table, campfire)",no (.gdignore)
assets/incoming/creatus/knight-pack-1/Models/Items/gltf/dry_grass4.glb,86808,UNREF,yes,UNREF,"reject: props duplicating Quaternius / Meshy (barrel, table, campfire)",no (.gdignore)
assets/incoming/creatus/knight-pack-1/Models/Items/gltf/fence_wood.glb,55868,UNREF,yes,UNREF,"reject: props duplicating Quaternius / Meshy (barrel, table, campfire)",no (.gdignore)
assets/incoming/creatus/knight-pack-1/Models/Items/gltf/ground_grass.glb,7556,UNREF,yes,UNREF,"reject: props duplicating Quaternius / Meshy (barrel, table, campfire)",no (.gdignore)
assets/incoming/creatus/knight-pack-1/Models/Items/gltf/ground_plank.glb,46184,UNREF,yes,UNREF,"reject: props duplicating Quaternius / Meshy (barrel, table, campfire)",no (.gdignore)
assets/incoming/creatus/knight-pack-1/Models/Items/gltf/ground_sand_001.glb,7556,UNREF,yes,UNREF,"reject: props duplicating Quaternius / Meshy (barrel, table, campfire)",no (.gdignore)
assets/incoming/creatus/knight-pack-1/Models/Items/gltf/ground_stone.glb,121708,UNREF,yes,UNREF,"reject: props duplicating Quaternius / Meshy (barrel, table, campfire)",no (.gdignore)
assets/incoming/creatus/knight-pack-1/Models/Items/gltf/horsefinal.glb,818484,UNREF,yes,UNREF,"reject: props duplicating Quaternius / Meshy (barrel, table, campfire)",no (.gdignore)
assets/incoming/creatus/knight-pack-1/Models/Items/gltf/kingflag.glb,228344,UNREF,yes,UNREF,"reject: props duplicating Quaternius / Meshy (barrel, table, campfire)",no (.gdignore)
assets/incoming/creatus/knight-pack-1/Models/Items/gltf/magic_wand.glb,65468,UNREF,yes,UNREF,"reject: props duplicating Quaternius / Meshy (barrel, table, campfire)",no (.gdignore)
assets/incoming/creatus/knight-pack-1/Models/Items/gltf/mass.glb,573916,,,TOOLS-ONLY,"reject: props duplicating Quaternius / Meshy (barrel, table, campfire)",no (.gdignore)
assets/incoming/creatus/knight-pack-1/Models/Items/gltf/palmtree.glb,92848,UNREF,yes,UNREF,"reject: props duplicating Quaternius / Meshy (barrel, table, campfire)",no (.gdignore)
assets/incoming/creatus/knight-pack-1/Models/Items/gltf/pillar_stone.glb,5172,UNREF,yes,UNREF,"reject: props duplicating Quaternius / Meshy (barrel, table, campfire)",no (.gdignore)
assets/incoming/creatus/knight-pack-1/Models/Items/gltf/pillar_wood.glb,7772,UNREF,yes,UNREF,"reject: props duplicating Quaternius / Meshy (barrel, table, campfire)",no (.gdignore)
assets/incoming/creatus/knight-pack-1/Models/Items/gltf/pillar_wood_small.glb,6276,UNREF,yes,UNREF,"reject: props duplicating Quaternius / Meshy (barrel, table, campfire)",no (.gdignore)
assets/incoming/creatus/knight-pack-1/Models/Items/gltf/rock1.glb,8472,,,UNREF,"reject: props duplicating Quaternius / Meshy (barrel, table, campfire)",no (.gdignore)
assets/incoming/creatus/knight-pack-1/Models/Items/gltf/rock2.glb,3724,,,UNREF,"reject: props duplicating Quaternius / Meshy (barrel, table, campfire)",no (.gdignore)
assets/incoming/creatus/knight-pack-1/Models/Items/gltf/sceptre.glb,19100,UNREF,yes,UNREF,"reject: props duplicating Quaternius / Meshy (barrel, table, campfire)",no (.gdignore)
assets/incoming/creatus/knight-pack-1/Models/Items/gltf/shield2.glb,14908,UNREF,yes,UNREF,"reject: props duplicating Quaternius / Meshy (barrel, table, campfire)",no (.gdignore)
assets/incoming/creatus/knight-pack-1/Models/Items/gltf/shield_round.glb,86428,UNREF,yes,UNREF,"reject: props duplicating Quaternius / Meshy (barrel, table, campfire)",no (.gdignore)
assets/incoming/creatus/knight-pack-1/Models/Items/gltf/slab_stone.glb,5176,UNREF,yes,UNREF,"reject: props duplicating Quaternius / Meshy (barrel, table, campfire)",no (.gdignore)
assets/incoming/creatus/knight-pack-1/Models/Items/gltf/step_stone2.glb,47912,UNREF,yes,UNREF,"reject: props duplicating Quaternius / Meshy (barrel, table, campfire)",no (.gdignore)
assets/incoming/creatus/knight-pack-1/Models/Items/gltf/step_wood.glb,263328,UNREF,yes,UNREF,"reject: props duplicating Quaternius / Meshy (barrel, table, campfire)",no (.gdignore)
assets/incoming/creatus/knight-pack-1/Models/Items/gltf/step_wood2.glb,263324,UNREF,yes,UNREF,"reject: props duplicating Quaternius / Meshy (barrel, table, campfire)",no (.gdignore)
assets/incoming/creatus/knight-pack-1/Models/Items/gltf/target_rotating_bottom.glb,18484,UNREF,yes,UNREF,"reject: props duplicating Quaternius / Meshy (barrel, table, campfire)",no (.gdignore)
assets/incoming/creatus/knight-pack-1/Models/Items/gltf/target_rotating_top.glb,226124,UNREF,yes,UNREF,"reject: props duplicating Quaternius / Meshy (barrel, table, campfire)",no (.gdignore)
assets/incoming/creatus/knight-pack-1/Models/Items/gltf/training_dummy.glb,531560,UNREF,yes,dynamic,placed now,no (.gdignore)
assets/incoming/creatus/knight-pack-1/Models/Items/gltf/trap.glb,456212,,,TOOLS-ONLY,"reject: props duplicating Quaternius / Meshy (barrel, table, campfire)",no (.gdignore)
assets/incoming/creatus/knight-pack-1/Models/Items/gltf/tree1.glb,86684,UNREF,yes,UNREF,"reject: props duplicating Quaternius / Meshy (barrel, table, campfire)",no (.gdignore)
assets/incoming/creatus/knight-pack-1/Models/Items/gltf/tree2.glb,53352,UNREF,yes,UNREF,"reject: props duplicating Quaternius / Meshy (barrel, table, campfire)",no (.gdignore)
assets/incoming/creatus/knight-pack-1/Models/Items/gltf/tree3.glb,76136,UNREF,yes,UNREF,"reject: props duplicating Quaternius / Meshy (barrel, table, campfire)",no (.gdignore)
assets/incoming/creatus/knight-pack-1/Models/Items/gltf/tree4.glb,70016,UNREF,yes,UNREF,"reject: props duplicating Quaternius / Meshy (barrel, table, campfire)",no (.gdignore)
assets/incoming/creatus/knight-pack-1/Models/Items/gltf/tree5.glb,192352,UNREF,yes,UNREF,"reject: props duplicating Quaternius / Meshy (barrel, table, campfire)",no (.gdignore)
assets/incoming/creatus/knight-pack-1/Models/Items/gltf/tree6.glb,65644,UNREF,yes,UNREF,"reject: props duplicating Quaternius / Meshy (barrel, table, campfire)",no (.gdignore)
assets/incoming/creatus/knight-pack-1/Models/Items/gltf/tree7.glb,24536,UNREF,yes,UNREF,"reject: props duplicating Quaternius / Meshy (barrel, table, campfire)",no (.gdignore)
assets/incoming/creatus/knight-pack-1/Models/Items/gltf/tree8.glb,68712,UNREF,yes,UNREF,"reject: props duplicating Quaternius / Meshy (barrel, table, campfire)",no (.gdignore)
assets/incoming/creatus/knight-pack-1/Models/Items/gltf/wolffinal.glb,758940,UNREF,yes,UNREF,"reject: props duplicating Quaternius / Meshy (barrel, table, campfire)",no (.gdignore)
assets/incoming/kaykit/character-animations/Animations/gltf/Rig_Large/Rig_Large_CombatMelee.glb,1025388,UNREF,yes,UNREF,reject: per-rig source of the merged UAL_Kay_* libraries,no (.gdignore)
assets/incoming/kaykit/character-animations/Animations/gltf/Rig_Large/Rig_Large_General.glb,700336,UNREF,yes,UNREF,reject: per-rig source of the merged UAL_Kay_* libraries,no (.gdignore)
assets/incoming/kaykit/character-animations/Animations/gltf/Rig_Large/Rig_Large_MovementAdvanced.glb,601624,UNREF,yes,UNREF,reject: per-rig source of the merged UAL_Kay_* libraries,no (.gdignore)
assets/incoming/kaykit/character-animations/Animations/gltf/Rig_Large/Rig_Large_MovementBasic.glb,584676,UNREF,yes,UNREF,reject: per-rig source of the merged UAL_Kay_* libraries,no (.gdignore)
assets/incoming/kaykit/character-animations/Animations/gltf/Rig_Large/Rig_Large_Simulation.glb,589952,UNREF,yes,UNREF,reject: per-rig source of the merged UAL_Kay_* libraries,no (.gdignore)
assets/incoming/kaykit/character-animations/Animations/gltf/Rig_Large/Rig_Large_Special.glb,575264,UNREF,yes,UNREF,reject: per-rig source of the merged UAL_Kay_* libraries,no (.gdignore)
assets/incoming/kaykit/character-animations/Animations/gltf/Rig_Medium/Rig_Medium_CombatMelee.glb,999416,TOOLS-ONLY,yes,TOOLS-ONLY,reject: per-rig source of the merged UAL_Kay_* libraries,no (.gdignore)
assets/incoming/kaykit/character-animations/Animations/gltf/Rig_Medium/Rig_Medium_CombatRanged.glb,1014852,TOOLS-ONLY,yes,TOOLS-ONLY,reject: per-rig source of the merged UAL_Kay_* libraries,no (.gdignore)
assets/incoming/kaykit/character-animations/Animations/gltf/Rig_Medium/Rig_Medium_General.glb,828240,TOOLS-ONLY,yes,TOOLS-ONLY,reject: per-rig source of the merged UAL_Kay_* libraries,no (.gdignore)
assets/incoming/kaykit/character-animations/Animations/gltf/Rig_Medium/Rig_Medium_MovementAdvanced.glb,719628,TOOLS-ONLY,yes,UNREF,reject: per-rig source of the merged UAL_Kay_* libraries,no (.gdignore)
assets/incoming/kaykit/character-animations/Animations/gltf/Rig_Medium/Rig_Medium_MovementBasic.glb,689624,TOOLS-ONLY,yes,UNREF,reject: per-rig source of the merged UAL_Kay_* libraries,no (.gdignore)
assets/incoming/kaykit/character-animations/Animations/gltf/Rig_Medium/Rig_Medium_Simulation.glb,855904,TOOLS-ONLY,yes,UNREF,reject: per-rig source of the merged UAL_Kay_* libraries,no (.gdignore)
assets/incoming/kaykit/character-animations/Animations/gltf/Rig_Medium/Rig_Medium_Special.glb,924308,TOOLS-ONLY,yes,UNREF,reject: per-rig source of the merged UAL_Kay_* libraries,no (.gdignore)
assets/incoming/kaykit/character-animations/Animations/gltf/Rig_Medium/Rig_Medium_Tools.glb,1461204,TOOLS-ONLY,yes,UNREF,reject: per-rig source of the merged UAL_Kay_* libraries,no (.gdignore)
assets/incoming/kaykit/character-animations/Mannequin Character/characters/Mannequin_Large.glb,541784,UNREF,yes,UNREF,reject: per-rig source of the merged UAL_Kay_* libraries,no (.gdignore)
assets/incoming/kaykit/character-animations/Mannequin Character/characters/Mannequin_Medium.glb,420044,TOOLS-ONLY,yes,TOOLS-ONLY,reject: per-rig source of the merged UAL_Kay_* libraries,no (.gdignore)
assets/incoming/kaykit/character-pack-skeletons/addons/kaykit_character_pack_skeletons/Assets/gltf/Skeleton_Arrow.gltf,3043,UNREF,yes,UNREF,,no (.gdignore)
assets/incoming/kaykit/character-pack-skeletons/addons/kaykit_character_pack_skeletons/Assets/gltf/Skeleton_Arrow_Broken.gltf,3061,UNREF,yes,UNREF,,no (.gdignore)
assets/incoming/kaykit/character-pack-skeletons/addons/kaykit_character_pack_skeletons/Assets/gltf/Skeleton_Arrow_Broken_Half.gltf,3069,UNREF,yes,UNREF,,no (.gdignore)
assets/incoming/kaykit/character-pack-skeletons/addons/kaykit_character_pack_skeletons/Assets/gltf/Skeleton_Arrow_Half.gltf,3051,UNREF,yes,UNREF,,no (.gdignore)
assets/incoming/kaykit/character-pack-skeletons/addons/kaykit_character_pack_skeletons/Assets/gltf/Skeleton_Axe.gltf,3045,UNREF,yes,dynamic,placed now,no (.gdignore)
assets/incoming/kaykit/character-pack-skeletons/addons/kaykit_character_pack_skeletons/Assets/gltf/Skeleton_Blade.gltf,3047,UNREF,yes,dynamic,placed now,no (.gdignore)
assets/incoming/kaykit/character-pack-skeletons/addons/kaykit_character_pack_skeletons/Assets/gltf/Skeleton_Crossbow.gltf,3052,UNREF,yes,UNREF,,no (.gdignore)
assets/incoming/kaykit/character-pack-skeletons/addons/kaykit_character_pack_skeletons/Assets/gltf/Skeleton_Quiver.gltf,3051,UNREF,yes,UNREF,,no (.gdignore)
assets/incoming/kaykit/character-pack-skeletons/addons/kaykit_character_pack_skeletons/Assets/gltf/Skeleton_Shield_Large_A.gltf,3071,UNREF,yes,dynamic,placed now,no (.gdignore)
assets/incoming/kaykit/character-pack-skeletons/addons/kaykit_character_pack_skeletons/Assets/gltf/Skeleton_Shield_Large_B.gltf,3068,UNREF,yes,UNREF,,no (.gdignore)
assets/incoming/kaykit/character-pack-skeletons/addons/kaykit_character_pack_skeletons/Assets/gltf/Skeleton_Shield_Small_A.gltf,3069,UNREF,yes,dynamic,placed now,no (.gdignore)
assets/incoming/kaykit/character-pack-skeletons/addons/kaykit_character_pack_skeletons/Assets/gltf/Skeleton_Shield_Small_B.gltf,3069,UNREF,yes,dynamic,placed now,no (.gdignore)
assets/incoming/kaykit/character-pack-skeletons/addons/kaykit_character_pack_skeletons/Assets/gltf/Skeleton_Staff.gltf,3057,UNREF,yes,dynamic,placed now,no (.gdignore)
assets/incoming/kaykit/character-pack-skeletons/addons/kaykit_character_pack_skeletons/Characters/gltf/Skeleton_Mage.glb,4761048,UNREF,yes,dynamic,placed now,no (.gdignore)
assets/incoming/kaykit/character-pack-skeletons/addons/kaykit_character_pack_skeletons/Characters/gltf/Skeleton_Minion.glb,4814296,UNREF,yes,dynamic,placed now,no (.gdignore)
assets/incoming/kaykit/character-pack-skeletons/addons/kaykit_character_pack_skeletons/Characters/gltf/Skeleton_Rogue.glb,4827024,UNREF,yes,dynamic,placed now,no (.gdignore)
assets/incoming/kaykit/character-pack-skeletons/addons/kaykit_character_pack_skeletons/Characters/gltf/Skeleton_Warrior.glb,4863620,UNREF,yes,dynamic,placed now,no (.gdignore)
assets/incoming/kaykit/dungeon-remastered/addons/kaykit_dungeon_remastered/Assets/gltf/banner_blue.gltf.glb,24216,UNREF,yes,UNREF,"reserve: Region 2: modular dungeon kit, flat-shaded; dungeons build procedurally",no (.gdignore)
assets/incoming/kaykit/dungeon-remastered/addons/kaykit_dungeon_remastered/Assets/gltf/banner_brown.gltf.glb,24216,UNREF,yes,UNREF,"reserve: Region 2: modular dungeon kit, flat-shaded; dungeons build procedurally",no (.gdignore)
assets/incoming/kaykit/dungeon-remastered/addons/kaykit_dungeon_remastered/Assets/gltf/banner_green.gltf.glb,24216,UNREF,yes,UNREF,"reserve: Region 2: modular dungeon kit, flat-shaded; dungeons build procedurally",no (.gdignore)
assets/incoming/kaykit/dungeon-remastered/addons/kaykit_dungeon_remastered/Assets/gltf/banner_patternA_blue.gltf.glb,25164,UNREF,yes,UNREF,"reserve: Region 2: modular dungeon kit, flat-shaded; dungeons build procedurally",no (.gdignore)
assets/incoming/kaykit/dungeon-remastered/addons/kaykit_dungeon_remastered/Assets/gltf/banner_patternA_brown.gltf.glb,25168,UNREF,yes,UNREF,"reserve: Region 2: modular dungeon kit, flat-shaded; dungeons build procedurally",no (.gdignore)
assets/incoming/kaykit/dungeon-remastered/addons/kaykit_dungeon_remastered/Assets/gltf/banner_patternA_green.gltf.glb,25168,UNREF,yes,UNREF,"reserve: Region 2: modular dungeon kit, flat-shaded; dungeons build procedurally",no (.gdignore)
assets/incoming/kaykit/dungeon-remastered/addons/kaykit_dungeon_remastered/Assets/gltf/banner_patternA_red.gltf.glb,25164,UNREF,yes,UNREF,"reserve: Region 2: modular dungeon kit, flat-shaded; dungeons build procedurally",no (.gdignore)
assets/incoming/kaykit/dungeon-remastered/addons/kaykit_dungeon_remastered/Assets/gltf/banner_patternA_white.gltf.glb,25168,UNREF,yes,UNREF,"reserve: Region 2: modular dungeon kit, flat-shaded; dungeons build procedurally",no (.gdignore)
assets/incoming/kaykit/dungeon-remastered/addons/kaykit_dungeon_remastered/Assets/gltf/banner_patternA_yellow.gltf.glb,25168,UNREF,yes,UNREF,"reserve: Region 2: modular dungeon kit, flat-shaded; dungeons build procedurally",no (.gdignore)
assets/incoming/kaykit/dungeon-remastered/addons/kaykit_dungeon_remastered/Assets/gltf/banner_patternB_blue.gltf.glb,24224,UNREF,yes,UNREF,"reserve: Region 2: modular dungeon kit, flat-shaded; dungeons build procedurally",no (.gdignore)
assets/incoming/kaykit/dungeon-remastered/addons/kaykit_dungeon_remastered/Assets/gltf/banner_patternB_brown.gltf.glb,24228,UNREF,yes,UNREF,"reserve: Region 2: modular dungeon kit, flat-shaded; dungeons build procedurally",no (.gdignore)
assets/incoming/kaykit/dungeon-remastered/addons/kaykit_dungeon_remastered/Assets/gltf/banner_patternB_green.gltf.glb,24228,UNREF,yes,UNREF,"reserve: Region 2: modular dungeon kit, flat-shaded; dungeons build procedurally",no (.gdignore)
assets/incoming/kaykit/dungeon-remastered/addons/kaykit_dungeon_remastered/Assets/gltf/banner_patternB_red.gltf.glb,24224,UNREF,yes,UNREF,"reserve: Region 2: modular dungeon kit, flat-shaded; dungeons build procedurally",no (.gdignore)
assets/incoming/kaykit/dungeon-remastered/addons/kaykit_dungeon_remastered/Assets/gltf/banner_patternB_white.gltf.glb,24228,UNREF,yes,UNREF,"reserve: Region 2: modular dungeon kit, flat-shaded; dungeons build procedurally",no (.gdignore)
assets/incoming/kaykit/dungeon-remastered/addons/kaykit_dungeon_remastered/Assets/gltf/banner_patternB_yellow.gltf.glb,24228,UNREF,yes,UNREF,"reserve: Region 2: modular dungeon kit, flat-shaded; dungeons build procedurally",no (.gdignore)
assets/incoming/kaykit/dungeon-remastered/addons/kaykit_dungeon_remastered/Assets/gltf/banner_patternC_blue.gltf.glb,24224,UNREF,yes,UNREF,"reserve: Region 2: modular dungeon kit, flat-shaded; dungeons build procedurally",no (.gdignore)
assets/incoming/kaykit/dungeon-remastered/addons/kaykit_dungeon_remastered/Assets/gltf/banner_patternC_brown.gltf.glb,24228,UNREF,yes,UNREF,"reserve: Region 2: modular dungeon kit, flat-shaded; dungeons build procedurally",no (.gdignore)
assets/incoming/kaykit/dungeon-remastered/addons/kaykit_dungeon_remastered/Assets/gltf/banner_patternC_green.gltf.glb,24228,UNREF,yes,UNREF,"reserve: Region 2: modular dungeon kit, flat-shaded; dungeons build procedurally",no (.gdignore)
assets/incoming/kaykit/dungeon-remastered/addons/kaykit_dungeon_remastered/Assets/gltf/banner_patternC_red.gltf.glb,24224,UNREF,yes,UNREF,"reserve: Region 2: modular dungeon kit, flat-shaded; dungeons build procedurally",no (.gdignore)
assets/incoming/kaykit/dungeon-remastered/addons/kaykit_dungeon_remastered/Assets/gltf/banner_patternC_white.gltf.glb,24228,UNREF,yes,UNREF,"reserve: Region 2: modular dungeon kit, flat-shaded; dungeons build procedurally",no (.gdignore)
assets/incoming/kaykit/dungeon-remastered/addons/kaykit_dungeon_remastered/Assets/gltf/banner_patternC_yellow.gltf.glb,24228,UNREF,yes,UNREF,"reserve: Region 2: modular dungeon kit, flat-shaded; dungeons build procedurally",no (.gdignore)
assets/incoming/kaykit/dungeon-remastered/addons/kaykit_dungeon_remastered/Assets/gltf/banner_red.gltf.glb,24216,UNREF,yes,UNREF,"reserve: Region 2: modular dungeon kit, flat-shaded; dungeons build procedurally",no (.gdignore)
assets/incoming/kaykit/dungeon-remastered/addons/kaykit_dungeon_remastered/Assets/gltf/banner_shield_blue.gltf.glb,55104,UNREF,yes,UNREF,"reserve: Region 2: modular dungeon kit, flat-shaded; dungeons build procedurally",no (.gdignore)
assets/incoming/kaykit/dungeon-remastered/addons/kaykit_dungeon_remastered/Assets/gltf/banner_shield_brown.gltf.glb,55104,UNREF,yes,UNREF,"reserve: Region 2: modular dungeon kit, flat-shaded; dungeons build procedurally",no (.gdignore)
assets/incoming/kaykit/dungeon-remastered/addons/kaykit_dungeon_remastered/Assets/gltf/banner_shield_green.gltf.glb,55104,UNREF,yes,UNREF,"reserve: Region 2: modular dungeon kit, flat-shaded; dungeons build procedurally",no (.gdignore)
assets/incoming/kaykit/dungeon-remastered/addons/kaykit_dungeon_remastered/Assets/gltf/banner_shield_red.gltf.glb,55104,UNREF,yes,UNREF,"reserve: Region 2: modular dungeon kit, flat-shaded; dungeons build procedurally",no (.gdignore)
assets/incoming/kaykit/dungeon-remastered/addons/kaykit_dungeon_remastered/Assets/gltf/banner_shield_white.gltf.glb,55104,UNREF,yes,UNREF,"reserve: Region 2: modular dungeon kit, flat-shaded; dungeons build procedurally",no (.gdignore)
assets/incoming/kaykit/dungeon-remastered/addons/kaykit_dungeon_remastered/Assets/gltf/banner_shield_yellow.gltf.glb,55104,UNREF,yes,UNREF,"reserve: Region 2: modular dungeon kit, flat-shaded; dungeons build procedurally",no (.gdignore)
assets/incoming/kaykit/dungeon-remastered/addons/kaykit_dungeon_remastered/Assets/gltf/banner_thin_blue.gltf.glb,23084,UNREF,yes,UNREF,"reserve: Region 2: modular dungeon kit, flat-shaded; dungeons build procedurally",no (.gdignore)
assets/incoming/kaykit/dungeon-remastered/addons/kaykit_dungeon_remastered/Assets/gltf/banner_thin_brown.gltf.glb,23084,UNREF,yes,UNREF,"reserve: Region 2: modular dungeon kit, flat-shaded; dungeons build procedurally",no (.gdignore)
assets/incoming/kaykit/dungeon-remastered/addons/kaykit_dungeon_remastered/Assets/gltf/banner_thin_green.gltf.glb,23084,UNREF,yes,UNREF,"reserve: Region 2: modular dungeon kit, flat-shaded; dungeons build procedurally",no (.gdignore)
assets/incoming/kaykit/dungeon-remastered/addons/kaykit_dungeon_remastered/Assets/gltf/banner_thin_red.gltf.glb,23080,UNREF,yes,UNREF,"reserve: Region 2: modular dungeon kit, flat-shaded; dungeons build procedurally",no (.gdignore)
assets/incoming/kaykit/dungeon-remastered/addons/kaykit_dungeon_remastered/Assets/gltf/banner_thin_white.gltf.glb,23084,UNREF,yes,UNREF,"reserve: Region 2: modular dungeon kit, flat-shaded; dungeons build procedurally",no (.gdignore)
assets/incoming/kaykit/dungeon-remastered/addons/kaykit_dungeon_remastered/Assets/gltf/banner_thin_yellow.gltf.glb,23084,UNREF,yes,UNREF,"reserve: Region 2: modular dungeon kit, flat-shaded; dungeons build procedurally",no (.gdignore)
assets/incoming/kaykit/dungeon-remastered/addons/kaykit_dungeon_remastered/Assets/gltf/banner_triple_blue.gltf.glb,36232,UNREF,yes,UNREF,"reserve: Region 2: modular dungeon kit, flat-shaded; dungeons build procedurally",no (.gdignore)
assets/incoming/kaykit/dungeon-remastered/addons/kaykit_dungeon_remastered/Assets/gltf/banner_triple_brown.gltf.glb,36232,UNREF,yes,UNREF,"reserve: Region 2: modular dungeon kit, flat-shaded; dungeons build procedurally",no (.gdignore)
assets/incoming/kaykit/dungeon-remastered/addons/kaykit_dungeon_remastered/Assets/gltf/banner_triple_green.gltf.glb,36232,UNREF,yes,UNREF,"reserve: Region 2: modular dungeon kit, flat-shaded; dungeons build procedurally",no (.gdignore)
assets/incoming/kaykit/dungeon-remastered/addons/kaykit_dungeon_remastered/Assets/gltf/banner_triple_red.gltf.glb,36232,UNREF,yes,UNREF,"reserve: Region 2: modular dungeon kit, flat-shaded; dungeons build procedurally",no (.gdignore)
assets/incoming/kaykit/dungeon-remastered/addons/kaykit_dungeon_remastered/Assets/gltf/banner_triple_white.gltf.glb,36232,UNREF,yes,UNREF,"reserve: Region 2: modular dungeon kit, flat-shaded; dungeons build procedurally",no (.gdignore)
assets/incoming/kaykit/dungeon-remastered/addons/kaykit_dungeon_remastered/Assets/gltf/banner_triple_yellow.gltf.glb,36236,UNREF,yes,UNREF,"reserve: Region 2: modular dungeon kit, flat-shaded; dungeons build procedurally",no (.gdignore)
assets/incoming/kaykit/dungeon-remastered/addons/kaykit_dungeon_remastered/Assets/gltf/banner_white.gltf.glb,24216,UNREF,yes,UNREF,"reserve: Region 2: modular dungeon kit, flat-shaded; dungeons build procedurally",no (.gdignore)
assets/incoming/kaykit/dungeon-remastered/addons/kaykit_dungeon_remastered/Assets/gltf/banner_yellow.gltf.glb,24220,UNREF,yes,UNREF,"reserve: Region 2: modular dungeon kit, flat-shaded; dungeons build procedurally",no (.gdignore)
assets/incoming/kaykit/dungeon-remastered/addons/kaykit_dungeon_remastered/Assets/gltf/barrel_large.gltf.glb,44292,UNREF,yes,UNREF,"reserve: Region 2: modular dungeon kit, flat-shaded; dungeons build procedurally",no (.gdignore)
assets/incoming/kaykit/dungeon-remastered/addons/kaykit_dungeon_remastered/Assets/gltf/barrel_large_decorated.gltf.glb,73628,UNREF,yes,UNREF,"reserve: Region 2: modular dungeon kit, flat-shaded; dungeons build procedurally",no (.gdignore)
assets/incoming/kaykit/dungeon-remastered/addons/kaykit_dungeon_remastered/Assets/gltf/barrel_small.gltf.glb,32060,UNREF,yes,UNREF,"reserve: Region 2: modular dungeon kit, flat-shaded; dungeons build procedurally",no (.gdignore)
assets/incoming/kaykit/dungeon-remastered/addons/kaykit_dungeon_remastered/Assets/gltf/barrel_small_stack.gltf.glb,98092,UNREF,yes,UNREF,"reserve: Region 2: modular dungeon kit, flat-shaded; dungeons build procedurally",no (.gdignore)
assets/incoming/kaykit/dungeon-remastered/addons/kaykit_dungeon_remastered/Assets/gltf/barrier.gltf.glb,23292,UNREF,yes,UNREF,"reserve: Region 2: modular dungeon kit, flat-shaded; dungeons build procedurally",no (.gdignore)
assets/incoming/kaykit/dungeon-remastered/addons/kaykit_dungeon_remastered/Assets/gltf/barrier_colum_half.gltf.glb,23196,UNREF,yes,UNREF,"reserve: Region 2: modular dungeon kit, flat-shaded; dungeons build procedurally",no (.gdignore)
assets/incoming/kaykit/dungeon-remastered/addons/kaykit_dungeon_remastered/Assets/gltf/barrier_column.gltf.glb,24856,UNREF,yes,UNREF,"reserve: Region 2: modular dungeon kit, flat-shaded; dungeons build procedurally",no (.gdignore)
assets/incoming/kaykit/dungeon-remastered/addons/kaykit_dungeon_remastered/Assets/gltf/barrier_corner.gltf.glb,26116,UNREF,yes,UNREF,"reserve: Region 2: modular dungeon kit, flat-shaded; dungeons build procedurally",no (.gdignore)
assets/incoming/kaykit/dungeon-remastered/addons/kaykit_dungeon_remastered/Assets/gltf/barrier_half.gltf.glb,19948,UNREF,yes,UNREF,"reserve: Region 2: modular dungeon kit, flat-shaded; dungeons build procedurally",no (.gdignore)
assets/incoming/kaykit/dungeon-remastered/addons/kaykit_dungeon_remastered/Assets/gltf/bed_decorated.gltf.glb,94688,UNREF,yes,UNREF,"reserve: Region 2: modular dungeon kit, flat-shaded; dungeons build procedurally",no (.gdignore)
assets/incoming/kaykit/dungeon-remastered/addons/kaykit_dungeon_remastered/Assets/gltf/bed_floor.gltf.glb,25496,UNREF,yes,UNREF,"reserve: Region 2: modular dungeon kit, flat-shaded; dungeons build procedurally",no (.gdignore)
assets/incoming/kaykit/dungeon-remastered/addons/kaykit_dungeon_remastered/Assets/gltf/bed_frame.gltf.glb,30688,UNREF,yes,UNREF,"reserve: Region 2: modular dungeon kit, flat-shaded; dungeons build procedurally",no (.gdignore)
assets/incoming/kaykit/dungeon-remastered/addons/kaykit_dungeon_remastered/Assets/gltf/bottle_A_brown.gltf.glb,26140,UNREF,yes,UNREF,"reserve: Region 2: modular dungeon kit, flat-shaded; dungeons build procedurally",no (.gdignore)
assets/incoming/kaykit/dungeon-remastered/addons/kaykit_dungeon_remastered/Assets/gltf/bottle_A_green.gltf.glb,26460,UNREF,yes,UNREF,"reserve: Region 2: modular dungeon kit, flat-shaded; dungeons build procedurally",no (.gdignore)
assets/incoming/kaykit/dungeon-remastered/addons/kaykit_dungeon_remastered/Assets/gltf/bottle_A_labeled_brown.gltf.glb,26276,UNREF,yes,UNREF,"reserve: Region 2: modular dungeon kit, flat-shaded; dungeons build procedurally",no (.gdignore)
assets/incoming/kaykit/dungeon-remastered/addons/kaykit_dungeon_remastered/Assets/gltf/bottle_A_labeled_green.gltf.glb,26596,UNREF,yes,UNREF,"reserve: Region 2: modular dungeon kit, flat-shaded; dungeons build procedurally",no (.gdignore)
assets/incoming/kaykit/dungeon-remastered/addons/kaykit_dungeon_remastered/Assets/gltf/bottle_B_brown.gltf.glb,26140,UNREF,yes,UNREF,"reserve: Region 2: modular dungeon kit, flat-shaded; dungeons build procedurally",no (.gdignore)
assets/incoming/kaykit/dungeon-remastered/addons/kaykit_dungeon_remastered/Assets/gltf/bottle_B_green.gltf.glb,26460,UNREF,yes,UNREF,"reserve: Region 2: modular dungeon kit, flat-shaded; dungeons build procedurally",no (.gdignore)
assets/incoming/kaykit/dungeon-remastered/addons/kaykit_dungeon_remastered/Assets/gltf/bottle_C_brown.gltf.glb,26140,UNREF,yes,UNREF,"reserve: Region 2: modular dungeon kit, flat-shaded; dungeons build procedurally",no (.gdignore)
assets/incoming/kaykit/dungeon-remastered/addons/kaykit_dungeon_remastered/Assets/gltf/bottle_C_green.gltf.glb,26460,UNREF,yes,UNREF,"reserve: Region 2: modular dungeon kit, flat-shaded; dungeons build procedurally",no (.gdignore)
assets/incoming/kaykit/dungeon-remastered/addons/kaykit_dungeon_remastered/Assets/gltf/box_large.gltf.glb,28740,UNREF,yes,UNREF,"reserve: Region 2: modular dungeon kit, flat-shaded; dungeons build procedurally",no (.gdignore)
assets/incoming/kaykit/dungeon-remastered/addons/kaykit_dungeon_remastered/Assets/gltf/box_small.gltf.glb,28692,UNREF,yes,UNREF,"reserve: Region 2: modular dungeon kit, flat-shaded; dungeons build procedurally",no (.gdignore)
assets/incoming/kaykit/dungeon-remastered/addons/kaykit_dungeon_remastered/Assets/gltf/box_small_decorated.gltf.glb,72748,UNREF,yes,UNREF,"reserve: Region 2: modular dungeon kit, flat-shaded; dungeons build procedurally",no (.gdignore)
assets/incoming/kaykit/dungeon-remastered/addons/kaykit_dungeon_remastered/Assets/gltf/box_stacked.gltf.glb,146968,UNREF,yes,UNREF,"reserve: Region 2: modular dungeon kit, flat-shaded; dungeons build procedurally",no (.gdignore)
assets/incoming/kaykit/dungeon-remastered/addons/kaykit_dungeon_remastered/Assets/gltf/candle.gltf.glb,20784,UNREF,yes,UNREF,"reserve: Region 2: modular dungeon kit, flat-shaded; dungeons build procedurally",no (.gdignore)
assets/incoming/kaykit/dungeon-remastered/addons/kaykit_dungeon_remastered/Assets/gltf/candle_lit.gltf.glb,22648,UNREF,yes,UNREF,"reserve: Region 2: modular dungeon kit, flat-shaded; dungeons build procedurally",no (.gdignore)
assets/incoming/kaykit/dungeon-remastered/addons/kaykit_dungeon_remastered/Assets/gltf/candle_melted.gltf.glb,20788,UNREF,yes,UNREF,"reserve: Region 2: modular dungeon kit, flat-shaded; dungeons build procedurally",no (.gdignore)
assets/incoming/kaykit/dungeon-remastered/addons/kaykit_dungeon_remastered/Assets/gltf/candle_thin.gltf.glb,20788,UNREF,yes,UNREF,"reserve: Region 2: modular dungeon kit, flat-shaded; dungeons build procedurally",no (.gdignore)
assets/incoming/kaykit/dungeon-remastered/addons/kaykit_dungeon_remastered/Assets/gltf/candle_thin_lit.gltf.glb,22652,UNREF,yes,UNREF,"reserve: Region 2: modular dungeon kit, flat-shaded; dungeons build procedurally",no (.gdignore)
assets/incoming/kaykit/dungeon-remastered/addons/kaykit_dungeon_remastered/Assets/gltf/candle_triple.gltf.glb,28240,UNREF,yes,UNREF,"reserve: Region 2: modular dungeon kit, flat-shaded; dungeons build procedurally",no (.gdignore)
assets/incoming/kaykit/dungeon-remastered/addons/kaykit_dungeon_remastered/Assets/gltf/chair.gltf.glb,36252,UNREF,yes,UNREF,"reserve: Region 2: modular dungeon kit, flat-shaded; dungeons build procedurally",no (.gdignore)
assets/incoming/kaykit/dungeon-remastered/addons/kaykit_dungeon_remastered/Assets/gltf/chest_gold.glb,140140,TOOLS-ONLY,yes,dynamic,placed now,no (.gdignore)
assets/incoming/kaykit/dungeon-remastered/addons/kaykit_dungeon_remastered/Assets/gltf/coin.gltf.glb,21776,UNREF,yes,UNREF,"reserve: Region 2: modular dungeon kit, flat-shaded; dungeons build procedurally",no (.gdignore)
assets/incoming/kaykit/dungeon-remastered/addons/kaykit_dungeon_remastered/Assets/gltf/coin_stack_large.gltf.glb,101076,UNREF,yes,UNREF,"reserve: Region 2: modular dungeon kit, flat-shaded; dungeons build procedurally",no (.gdignore)
assets/incoming/kaykit/dungeon-remastered/addons/kaykit_dungeon_remastered/Assets/gltf/coin_stack_medium.gltf.glb,63996,UNREF,yes,UNREF,"reserve: Region 2: modular dungeon kit, flat-shaded; dungeons build procedurally",no (.gdignore)
assets/incoming/kaykit/dungeon-remastered/addons/kaykit_dungeon_remastered/Assets/gltf/coin_stack_small.gltf.glb,38404,UNREF,yes,UNREF,"reserve: Region 2: modular dungeon kit, flat-shaded; dungeons build procedurally",no (.gdignore)
assets/incoming/kaykit/dungeon-remastered/addons/kaykit_dungeon_remastered/Assets/gltf/column.gltf.glb,20260,UNREF,yes,UNREF,"reserve: Region 2: modular dungeon kit, flat-shaded; dungeons build procedurally",no (.gdignore)
assets/incoming/kaykit/dungeon-remastered/addons/kaykit_dungeon_remastered/Assets/gltf/crates_stacked.gltf.glb,103704,UNREF,yes,UNREF,"reserve: Region 2: modular dungeon kit, flat-shaded; dungeons build procedurally",no (.gdignore)
assets/incoming/kaykit/dungeon-remastered/addons/kaykit_dungeon_remastered/Assets/gltf/floor_dirt_large.gltf.glb,24620,UNREF,yes,UNREF,"reserve: Region 2: modular dungeon kit, flat-shaded; dungeons build procedurally",no (.gdignore)
assets/incoming/kaykit/dungeon-remastered/addons/kaykit_dungeon_remastered/Assets/gltf/floor_dirt_large_rocky.gltf.glb,30216,UNREF,yes,UNREF,"reserve: Region 2: modular dungeon kit, flat-shaded; dungeons build procedurally",no (.gdignore)
assets/incoming/kaykit/dungeon-remastered/addons/kaykit_dungeon_remastered/Assets/gltf/floor_dirt_small_A.gltf.glb,20460,UNREF,yes,UNREF,"reserve: Region 2: modular dungeon kit, flat-shaded; dungeons build procedurally",no (.gdignore)
assets/incoming/kaykit/dungeon-remastered/addons/kaykit_dungeon_remastered/Assets/gltf/floor_dirt_small_B.gltf.glb,19536,UNREF,yes,UNREF,"reserve: Region 2: modular dungeon kit, flat-shaded; dungeons build procedurally",no (.gdignore)
assets/incoming/kaykit/dungeon-remastered/addons/kaykit_dungeon_remastered/Assets/gltf/floor_dirt_small_C.gltf.glb,19484,UNREF,yes,UNREF,"reserve: Region 2: modular dungeon kit, flat-shaded; dungeons build procedurally",no (.gdignore)
assets/incoming/kaykit/dungeon-remastered/addons/kaykit_dungeon_remastered/Assets/gltf/floor_dirt_small_D.gltf.glb,18476,UNREF,yes,UNREF,"reserve: Region 2: modular dungeon kit, flat-shaded; dungeons build procedurally",no (.gdignore)
assets/incoming/kaykit/dungeon-remastered/addons/kaykit_dungeon_remastered/Assets/gltf/floor_dirt_small_corner.gltf.glb,20752,UNREF,yes,UNREF,"reserve: Region 2: modular dungeon kit, flat-shaded; dungeons build procedurally",no (.gdignore)
assets/incoming/kaykit/dungeon-remastered/addons/kaykit_dungeon_remastered/Assets/gltf/floor_dirt_small_weeds.gltf.glb,41224,UNREF,yes,UNREF,"reserve: Region 2: modular dungeon kit, flat-shaded; dungeons build procedurally",no (.gdignore)
assets/incoming/kaykit/dungeon-remastered/addons/kaykit_dungeon_remastered/Assets/gltf/floor_foundation_allsides.gltf.glb,44944,UNREF,yes,UNREF,"reserve: Region 2: modular dungeon kit, flat-shaded; dungeons build procedurally",no (.gdignore)
assets/incoming/kaykit/dungeon-remastered/addons/kaykit_dungeon_remastered/Assets/gltf/floor_foundation_corner.gltf.glb,31996,UNREF,yes,UNREF,"reserve: Region 2: modular dungeon kit, flat-shaded; dungeons build procedurally",no (.gdignore)
assets/incoming/kaykit/dungeon-remastered/addons/kaykit_dungeon_remastered/Assets/gltf/floor_foundation_diagonal_corner.gltf.glb,25024,UNREF,yes,UNREF,"reserve: Region 2: modular dungeon kit, flat-shaded; dungeons build procedurally",no (.gdignore)
assets/incoming/kaykit/dungeon-remastered/addons/kaykit_dungeon_remastered/Assets/gltf/floor_foundation_front.gltf.glb,25516,UNREF,yes,UNREF,"reserve: Region 2: modular dungeon kit, flat-shaded; dungeons build procedurally",no (.gdignore)
assets/incoming/kaykit/dungeon-remastered/addons/kaykit_dungeon_remastered/Assets/gltf/floor_foundation_front_and_back.gltf.glb,32004,UNREF,yes,UNREF,"reserve: Region 2: modular dungeon kit, flat-shaded; dungeons build procedurally",no (.gdignore)
assets/incoming/kaykit/dungeon-remastered/addons/kaykit_dungeon_remastered/Assets/gltf/floor_foundation_front_and_sides.gltf.glb,38480,UNREF,yes,UNREF,"reserve: Region 2: modular dungeon kit, flat-shaded; dungeons build procedurally",no (.gdignore)
assets/incoming/kaykit/dungeon-remastered/addons/kaykit_dungeon_remastered/Assets/gltf/floor_tile_big_grate.gltf.glb,36296,UNREF,yes,UNREF,"reserve: Region 2: modular dungeon kit, flat-shaded; dungeons build procedurally",no (.gdignore)
assets/incoming/kaykit/dungeon-remastered/addons/kaykit_dungeon_remastered/Assets/gltf/floor_tile_big_grate_open.gltf.glb,35740,UNREF,yes,UNREF,"reserve: Region 2: modular dungeon kit, flat-shaded; dungeons build procedurally",no (.gdignore)
assets/incoming/kaykit/dungeon-remastered/addons/kaykit_dungeon_remastered/Assets/gltf/floor_tile_big_spikes.glb,80644,UNREF,yes,UNREF,"reserve: Region 2: modular dungeon kit, flat-shaded; dungeons build procedurally",no (.gdignore)
assets/incoming/kaykit/dungeon-remastered/addons/kaykit_dungeon_remastered/Assets/gltf/floor_tile_extralarge_grates.gltf.glb,66408,UNREF,yes,UNREF,"reserve: Region 2: modular dungeon kit, flat-shaded; dungeons build procedurally",no (.gdignore)
assets/incoming/kaykit/dungeon-remastered/addons/kaykit_dungeon_remastered/Assets/gltf/floor_tile_extralarge_grates_open.gltf.glb,65852,UNREF,yes,UNREF,"reserve: Region 2: modular dungeon kit, flat-shaded; dungeons build procedurally",no (.gdignore)
assets/incoming/kaykit/dungeon-remastered/addons/kaykit_dungeon_remastered/Assets/gltf/floor_tile_grate.gltf.glb,26700,UNREF,yes,UNREF,"reserve: Region 2: modular dungeon kit, flat-shaded; dungeons build procedurally",no (.gdignore)
assets/incoming/kaykit/dungeon-remastered/addons/kaykit_dungeon_remastered/Assets/gltf/floor_tile_grate_open.gltf.glb,26564,UNREF,yes,UNREF,"reserve: Region 2: modular dungeon kit, flat-shaded; dungeons build procedurally",no (.gdignore)
assets/incoming/kaykit/dungeon-remastered/addons/kaykit_dungeon_remastered/Assets/gltf/floor_tile_large.gltf.glb,28100,UNREF,yes,UNREF,"reserve: Region 2: modular dungeon kit, flat-shaded; dungeons build procedurally",no (.gdignore)
assets/incoming/kaykit/dungeon-remastered/addons/kaykit_dungeon_remastered/Assets/gltf/floor_tile_large_rocks.gltf.glb,38384,UNREF,yes,UNREF,"reserve: Region 2: modular dungeon kit, flat-shaded; dungeons build procedurally",no (.gdignore)
assets/incoming/kaykit/dungeon-remastered/addons/kaykit_dungeon_remastered/Assets/gltf/floor_tile_small.gltf.glb,20740,UNREF,yes,UNREF,"reserve: Region 2: modular dungeon kit, flat-shaded; dungeons build procedurally",no (.gdignore)
assets/incoming/kaykit/dungeon-remastered/addons/kaykit_dungeon_remastered/Assets/gltf/floor_tile_small_broken_A.gltf.glb,22132,UNREF,yes,UNREF,"reserve: Region 2: modular dungeon kit, flat-shaded; dungeons build procedurally",no (.gdignore)
assets/incoming/kaykit/dungeon-remastered/addons/kaykit_dungeon_remastered/Assets/gltf/floor_tile_small_broken_B.gltf.glb,21608,UNREF,yes,UNREF,"reserve: Region 2: modular dungeon kit, flat-shaded; dungeons build procedurally",no (.gdignore)
assets/incoming/kaykit/dungeon-remastered/addons/kaykit_dungeon_remastered/Assets/gltf/floor_tile_small_corner.gltf.glb,18868,UNREF,yes,UNREF,"reserve: Region 2: modular dungeon kit, flat-shaded; dungeons build procedurally",no (.gdignore)
assets/incoming/kaykit/dungeon-remastered/addons/kaykit_dungeon_remastered/Assets/gltf/floor_tile_small_decorated.gltf.glb,40812,UNREF,yes,UNREF,"reserve: Region 2: modular dungeon kit, flat-shaded; dungeons build procedurally",no (.gdignore)
assets/incoming/kaykit/dungeon-remastered/addons/kaykit_dungeon_remastered/Assets/gltf/floor_tile_small_weeds_A.gltf.glb,44020,UNREF,yes,UNREF,"reserve: Region 2: modular dungeon kit, flat-shaded; dungeons build procedurally",no (.gdignore)
assets/incoming/kaykit/dungeon-remastered/addons/kaykit_dungeon_remastered/Assets/gltf/floor_tile_small_weeds_B.gltf.glb,42368,UNREF,yes,UNREF,"reserve: Region 2: modular dungeon kit, flat-shaded; dungeons build procedurally",no (.gdignore)
assets/incoming/kaykit/dungeon-remastered/addons/kaykit_dungeon_remastered/Assets/gltf/floor_wood_large.gltf.glb,35612,UNREF,yes,UNREF,"reserve: Region 2: modular dungeon kit, flat-shaded; dungeons build procedurally",no (.gdignore)
assets/incoming/kaykit/dungeon-remastered/addons/kaykit_dungeon_remastered/Assets/gltf/floor_wood_large_dark.gltf.glb,35616,UNREF,yes,UNREF,"reserve: Region 2: modular dungeon kit, flat-shaded; dungeons build procedurally",no (.gdignore)
assets/incoming/kaykit/dungeon-remastered/addons/kaykit_dungeon_remastered/Assets/gltf/floor_wood_small.gltf.glb,22156,UNREF,yes,UNREF,"reserve: Region 2: modular dungeon kit, flat-shaded; dungeons build procedurally",no (.gdignore)
assets/incoming/kaykit/dungeon-remastered/addons/kaykit_dungeon_remastered/Assets/gltf/floor_wood_small_dark.gltf.glb,22160,UNREF,yes,UNREF,"reserve: Region 2: modular dungeon kit, flat-shaded; dungeons build procedurally",no (.gdignore)
assets/incoming/kaykit/dungeon-remastered/addons/kaykit_dungeon_remastered/Assets/gltf/keg.gltf.glb,59912,UNREF,yes,UNREF,"reserve: Region 2: modular dungeon kit, flat-shaded; dungeons build procedurally",no (.gdignore)
assets/incoming/kaykit/dungeon-remastered/addons/kaykit_dungeon_remastered/Assets/gltf/keg_decorated.gltf.glb,142052,UNREF,yes,UNREF,"reserve: Region 2: modular dungeon kit, flat-shaded; dungeons build procedurally",no (.gdignore)
assets/incoming/kaykit/dungeon-remastered/addons/kaykit_dungeon_remastered/Assets/gltf/key.gltf.glb,24432,UNREF,yes,UNREF,"reserve: Region 2: modular dungeon kit, flat-shaded; dungeons build procedurally",no (.gdignore)
assets/incoming/kaykit/dungeon-remastered/addons/kaykit_dungeon_remastered/Assets/gltf/keyring.gltf.glb,49100,UNREF,yes,UNREF,"reserve: Region 2: modular dungeon kit, flat-shaded; dungeons build procedurally",no (.gdignore)
assets/incoming/kaykit/dungeon-remastered/addons/kaykit_dungeon_remastered/Assets/gltf/keyring_hanging.gltf.glb,49108,UNREF,yes,UNREF,"reserve: Region 2: modular dungeon kit, flat-shaded; dungeons build procedurally",no (.gdignore)
assets/incoming/kaykit/dungeon-remastered/addons/kaykit_dungeon_remastered/Assets/gltf/pillar.gltf.glb,25552,UNREF,yes,UNREF,"reserve: Region 2: modular dungeon kit, flat-shaded; dungeons build procedurally",no (.gdignore)
assets/incoming/kaykit/dungeon-remastered/addons/kaykit_dungeon_remastered/Assets/gltf/pillar_decorated.gltf.glb,62460,UNREF,yes,UNREF,"reserve: Region 2: modular dungeon kit, flat-shaded; dungeons build procedurally",no (.gdignore)
assets/incoming/kaykit/dungeon-remastered/addons/kaykit_dungeon_remastered/Assets/gltf/plate.gltf.glb,22884,UNREF,yes,UNREF,"reserve: Region 2: modular dungeon kit, flat-shaded; dungeons build procedurally",no (.gdignore)
assets/incoming/kaykit/dungeon-remastered/addons/kaykit_dungeon_remastered/Assets/gltf/plate_food_A.gltf.glb,41236,UNREF,yes,UNREF,"reserve: Region 2: modular dungeon kit, flat-shaded; dungeons build procedurally",no (.gdignore)
assets/incoming/kaykit/dungeon-remastered/addons/kaykit_dungeon_remastered/Assets/gltf/plate_food_B.gltf.glb,31980,UNREF,yes,UNREF,"reserve: Region 2: modular dungeon kit, flat-shaded; dungeons build procedurally",no (.gdignore)
assets/incoming/kaykit/dungeon-remastered/addons/kaykit_dungeon_remastered/Assets/gltf/plate_small.gltf.glb,22892,UNREF,yes,UNREF,"reserve: Region 2: modular dungeon kit, flat-shaded; dungeons build procedurally",no (.gdignore)
assets/incoming/kaykit/dungeon-remastered/addons/kaykit_dungeon_remastered/Assets/gltf/plate_stack.gltf.glb,35728,UNREF,yes,UNREF,"reserve: Region 2: modular dungeon kit, flat-shaded; dungeons build procedurally",no (.gdignore)
assets/incoming/kaykit/dungeon-remastered/addons/kaykit_dungeon_remastered/Assets/gltf/rubble_half.gltf.glb,38836,UNREF,yes,UNREF,"reserve: Region 2: modular dungeon kit, flat-shaded; dungeons build procedurally",no (.gdignore)
assets/incoming/kaykit/dungeon-remastered/addons/kaykit_dungeon_remastered/Assets/gltf/rubble_large.gltf.glb,60196,UNREF,yes,UNREF,"reserve: Region 2: modular dungeon kit, flat-shaded; dungeons build procedurally",no (.gdignore)
assets/incoming/kaykit/dungeon-remastered/addons/kaykit_dungeon_remastered/Assets/gltf/shelf_large.gltf.glb,22012,UNREF,yes,UNREF,"reserve: Region 2: modular dungeon kit, flat-shaded; dungeons build procedurally",no (.gdignore)
assets/incoming/kaykit/dungeon-remastered/addons/kaykit_dungeon_remastered/Assets/gltf/shelf_small.gltf.glb,20932,UNREF,yes,UNREF,"reserve: Region 2: modular dungeon kit, flat-shaded; dungeons build procedurally",no (.gdignore)
assets/incoming/kaykit/dungeon-remastered/addons/kaykit_dungeon_remastered/Assets/gltf/shelf_small_candles.gltf.glb,30036,UNREF,yes,UNREF,"reserve: Region 2: modular dungeon kit, flat-shaded; dungeons build procedurally",no (.gdignore)
assets/incoming/kaykit/dungeon-remastered/addons/kaykit_dungeon_remastered/Assets/gltf/shelves.gltf.glb,26996,UNREF,yes,UNREF,"reserve: Region 2: modular dungeon kit, flat-shaded; dungeons build procedurally",no (.gdignore)
assets/incoming/kaykit/dungeon-remastered/addons/kaykit_dungeon_remastered/Assets/gltf/stairs.gltf.glb,43368,UNREF,yes,UNREF,"reserve: Region 2: modular dungeon kit, flat-shaded; dungeons build procedurally",no (.gdignore)
assets/incoming/kaykit/dungeon-remastered/addons/kaykit_dungeon_remastered/Assets/gltf/stairs_narrow.gltf.glb,43372,UNREF,yes,UNREF,"reserve: Region 2: modular dungeon kit, flat-shaded; dungeons build procedurally",no (.gdignore)
assets/incoming/kaykit/dungeon-remastered/addons/kaykit_dungeon_remastered/Assets/gltf/stairs_wall_left.gltf.glb,57640,UNREF,yes,UNREF,"reserve: Region 2: modular dungeon kit, flat-shaded; dungeons build procedurally",no (.gdignore)
assets/incoming/kaykit/dungeon-remastered/addons/kaykit_dungeon_remastered/Assets/gltf/stairs_wall_right.gltf.glb,57704,UNREF,yes,UNREF,"reserve: Region 2: modular dungeon kit, flat-shaded; dungeons build procedurally",no (.gdignore)
assets/incoming/kaykit/dungeon-remastered/addons/kaykit_dungeon_remastered/Assets/gltf/stairs_walled.gltf.glb,72072,UNREF,yes,UNREF,"reserve: Region 2: modular dungeon kit, flat-shaded; dungeons build procedurally",no (.gdignore)
assets/incoming/kaykit/dungeon-remastered/addons/kaykit_dungeon_remastered/Assets/gltf/stairs_wide.gltf.glb,43372,UNREF,yes,UNREF,"reserve: Region 2: modular dungeon kit, flat-shaded; dungeons build procedurally",no (.gdignore)
assets/incoming/kaykit/dungeon-remastered/addons/kaykit_dungeon_remastered/Assets/gltf/stairs_wood.gltf.glb,34632,UNREF,yes,UNREF,"reserve: Region 2: modular dungeon kit, flat-shaded; dungeons build procedurally",no (.gdignore)
assets/incoming/kaykit/dungeon-remastered/addons/kaykit_dungeon_remastered/Assets/gltf/stairs_wood_decorated.gltf.glb,171080,UNREF,yes,UNREF,"reserve: Region 2: modular dungeon kit, flat-shaded; dungeons build procedurally",no (.gdignore)
assets/incoming/kaykit/dungeon-remastered/addons/kaykit_dungeon_remastered/Assets/gltf/stool.gltf.glb,28528,UNREF,yes,UNREF,"reserve: Region 2: modular dungeon kit, flat-shaded; dungeons build procedurally",no (.gdignore)
assets/incoming/kaykit/dungeon-remastered/addons/kaykit_dungeon_remastered/Assets/gltf/sword_shield.gltf.glb,47764,UNREF,yes,UNREF,"reserve: Region 2: modular dungeon kit, flat-shaded; dungeons build procedurally",no (.gdignore)
assets/incoming/kaykit/dungeon-remastered/addons/kaykit_dungeon_remastered/Assets/gltf/sword_shield_broken.gltf.glb,39980,UNREF,yes,UNREF,"reserve: Region 2: modular dungeon kit, flat-shaded; dungeons build procedurally",no (.gdignore)
assets/incoming/kaykit/dungeon-remastered/addons/kaykit_dungeon_remastered/Assets/gltf/sword_shield_gold.gltf.glb,47768,UNREF,yes,UNREF,"reserve: Region 2: modular dungeon kit, flat-shaded; dungeons build procedurally",no (.gdignore)
assets/incoming/kaykit/dungeon-remastered/addons/kaykit_dungeon_remastered/Assets/gltf/table_long.gltf.glb,35128,UNREF,yes,UNREF,"reserve: Region 2: modular dungeon kit, flat-shaded; dungeons build procedurally",no (.gdignore)
assets/incoming/kaykit/dungeon-remastered/addons/kaykit_dungeon_remastered/Assets/gltf/table_long_broken.gltf.glb,55192,UNREF,yes,UNREF,"reserve: Region 2: modular dungeon kit, flat-shaded; dungeons build procedurally",no (.gdignore)
assets/incoming/kaykit/dungeon-remastered/addons/kaykit_dungeon_remastered/Assets/gltf/table_long_decorated_A.gltf.glb,120792,UNREF,yes,UNREF,"reserve: Region 2: modular dungeon kit, flat-shaded; dungeons build procedurally",no (.gdignore)
assets/incoming/kaykit/dungeon-remastered/addons/kaykit_dungeon_remastered/Assets/gltf/table_long_decorated_C.gltf.glb,231608,UNREF,yes,UNREF,"reserve: Region 2: modular dungeon kit, flat-shaded; dungeons build procedurally",no (.gdignore)
assets/incoming/kaykit/dungeon-remastered/addons/kaykit_dungeon_remastered/Assets/gltf/table_long_tablecloth.gltf.glb,38400,UNREF,yes,UNREF,"reserve: Region 2: modular dungeon kit, flat-shaded; dungeons build procedurally",no (.gdignore)
assets/incoming/kaykit/dungeon-remastered/addons/kaykit_dungeon_remastered/Assets/gltf/table_long_tablecloth_decorated_A.gltf.glb,124064,UNREF,yes,UNREF,"reserve: Region 2: modular dungeon kit, flat-shaded; dungeons build procedurally",no (.gdignore)
assets/incoming/kaykit/dungeon-remastered/addons/kaykit_dungeon_remastered/Assets/gltf/table_medium.gltf.glb,33832,UNREF,yes,UNREF,"reserve: Region 2: modular dungeon kit, flat-shaded; dungeons build procedurally",no (.gdignore)
assets/incoming/kaykit/dungeon-remastered/addons/kaykit_dungeon_remastered/Assets/gltf/table_medium_broken.gltf.glb,35184,UNREF,yes,UNREF,"reserve: Region 2: modular dungeon kit, flat-shaded; dungeons build procedurally",no (.gdignore)
assets/incoming/kaykit/dungeon-remastered/addons/kaykit_dungeon_remastered/Assets/gltf/table_medium_decorated_A.gltf.glb,82588,UNREF,yes,UNREF,"reserve: Region 2: modular dungeon kit, flat-shaded; dungeons build procedurally",no (.gdignore)
assets/incoming/kaykit/dungeon-remastered/addons/kaykit_dungeon_remastered/Assets/gltf/table_medium_tablecloth.gltf.glb,35160,UNREF,yes,UNREF,"reserve: Region 2: modular dungeon kit, flat-shaded; dungeons build procedurally",no (.gdignore)
assets/incoming/kaykit/dungeon-remastered/addons/kaykit_dungeon_remastered/Assets/gltf/table_medium_tablecloth_decorated_B.gltf.glb,83916,UNREF,yes,UNREF,"reserve: Region 2: modular dungeon kit, flat-shaded; dungeons build procedurally",no (.gdignore)
assets/incoming/kaykit/dungeon-remastered/addons/kaykit_dungeon_remastered/Assets/gltf/table_small.gltf.glb,29908,UNREF,yes,UNREF,"reserve: Region 2: modular dungeon kit, flat-shaded; dungeons build procedurally",no (.gdignore)
assets/incoming/kaykit/dungeon-remastered/addons/kaykit_dungeon_remastered/Assets/gltf/table_small_decorated_A.gltf.glb,67672,UNREF,yes,UNREF,"reserve: Region 2: modular dungeon kit, flat-shaded; dungeons build procedurally",no (.gdignore)
assets/incoming/kaykit/dungeon-remastered/addons/kaykit_dungeon_remastered/Assets/gltf/table_small_decorated_B.gltf.glb,105068,UNREF,yes,UNREF,"reserve: Region 2: modular dungeon kit, flat-shaded; dungeons build procedurally",no (.gdignore)
assets/incoming/kaykit/dungeon-remastered/addons/kaykit_dungeon_remastered/Assets/gltf/torch.gltf.glb,29380,UNREF,yes,UNREF,"reserve: Region 2: modular dungeon kit, flat-shaded; dungeons build procedurally",no (.gdignore)
assets/incoming/kaykit/dungeon-remastered/addons/kaykit_dungeon_remastered/Assets/gltf/torch_lit.gltf.glb,31244,UNREF,yes,UNREF,"reserve: Region 2: modular dungeon kit, flat-shaded; dungeons build procedurally",no (.gdignore)
assets/incoming/kaykit/dungeon-remastered/addons/kaykit_dungeon_remastered/Assets/gltf/torch_mounted.gltf.glb,33220,UNREF,yes,UNREF,"reserve: Region 2: modular dungeon kit, flat-shaded; dungeons build procedurally",no (.gdignore)
assets/incoming/kaykit/dungeon-remastered/addons/kaykit_dungeon_remastered/Assets/gltf/trunk_large_A.gltf.glb,30180,UNREF,yes,UNREF,"reserve: Region 2: modular dungeon kit, flat-shaded; dungeons build procedurally",no (.gdignore)
assets/incoming/kaykit/dungeon-remastered/addons/kaykit_dungeon_remastered/Assets/gltf/trunk_large_B.gltf.glb,30180,UNREF,yes,UNREF,"reserve: Region 2: modular dungeon kit, flat-shaded; dungeons build procedurally",no (.gdignore)
assets/incoming/kaykit/dungeon-remastered/addons/kaykit_dungeon_remastered/Assets/gltf/trunk_large_C.gltf.glb,30180,UNREF,yes,UNREF,"reserve: Region 2: modular dungeon kit, flat-shaded; dungeons build procedurally",no (.gdignore)
assets/incoming/kaykit/dungeon-remastered/addons/kaykit_dungeon_remastered/Assets/gltf/trunk_medium_A.gltf.glb,26420,UNREF,yes,UNREF,"reserve: Region 2: modular dungeon kit, flat-shaded; dungeons build procedurally",no (.gdignore)
assets/incoming/kaykit/dungeon-remastered/addons/kaykit_dungeon_remastered/Assets/gltf/trunk_medium_B.gltf.glb,26420,UNREF,yes,UNREF,"reserve: Region 2: modular dungeon kit, flat-shaded; dungeons build procedurally",no (.gdignore)
assets/incoming/kaykit/dungeon-remastered/addons/kaykit_dungeon_remastered/Assets/gltf/trunk_medium_C.gltf.glb,26420,UNREF,yes,UNREF,"reserve: Region 2: modular dungeon kit, flat-shaded; dungeons build procedurally",no (.gdignore)
assets/incoming/kaykit/dungeon-remastered/addons/kaykit_dungeon_remastered/Assets/gltf/trunk_small_A.gltf.glb,30184,UNREF,yes,UNREF,"reserve: Region 2: modular dungeon kit, flat-shaded; dungeons build procedurally",no (.gdignore)
assets/incoming/kaykit/dungeon-remastered/addons/kaykit_dungeon_remastered/Assets/gltf/trunk_small_B.gltf.glb,30184,UNREF,yes,UNREF,"reserve: Region 2: modular dungeon kit, flat-shaded; dungeons build procedurally",no (.gdignore)
assets/incoming/kaykit/dungeon-remastered/addons/kaykit_dungeon_remastered/Assets/gltf/trunk_small_C.gltf.glb,30184,UNREF,yes,UNREF,"reserve: Region 2: modular dungeon kit, flat-shaded; dungeons build procedurally",no (.gdignore)
assets/incoming/kaykit/dungeon-remastered/addons/kaykit_dungeon_remastered/Assets/gltf/wall.gltf.glb,53132,UNREF,yes,UNREF,"reserve: Region 2: modular dungeon kit, flat-shaded; dungeons build procedurally",no (.gdignore)
assets/incoming/kaykit/dungeon-remastered/addons/kaykit_dungeon_remastered/Assets/gltf/wall_Tsplit.gltf.glb,60080,UNREF,yes,UNREF,"reserve: Region 2: modular dungeon kit, flat-shaded; dungeons build procedurally",no (.gdignore)
assets/incoming/kaykit/dungeon-remastered/addons/kaykit_dungeon_remastered/Assets/gltf/wall_Tsplit_sloped.gltf.glb,57224,UNREF,yes,UNREF,"reserve: Region 2: modular dungeon kit, flat-shaded; dungeons build procedurally",no (.gdignore)
assets/incoming/kaykit/dungeon-remastered/addons/kaykit_dungeon_remastered/Assets/gltf/wall_arched.gltf.glb,69124,UNREF,yes,UNREF,"reserve: Region 2: modular dungeon kit, flat-shaded; dungeons build procedurally",no (.gdignore)
assets/incoming/kaykit/dungeon-remastered/addons/kaykit_dungeon_remastered/Assets/gltf/wall_archedwindow_gated.gltf.glb,64752,UNREF,yes,UNREF,"reserve: Region 2: modular dungeon kit, flat-shaded; dungeons build procedurally",no (.gdignore)
assets/incoming/kaykit/dungeon-remastered/addons/kaykit_dungeon_remastered/Assets/gltf/wall_archedwindow_gated_scaffold.gltf.glb,60988,UNREF,yes,UNREF,"reserve: Region 2: modular dungeon kit, flat-shaded; dungeons build procedurally",no (.gdignore)
assets/incoming/kaykit/dungeon-remastered/addons/kaykit_dungeon_remastered/Assets/gltf/wall_archedwindow_open.gltf.glb,58028,UNREF,yes,UNREF,"reserve: Region 2: modular dungeon kit, flat-shaded; dungeons build procedurally",no (.gdignore)
assets/incoming/kaykit/dungeon-remastered/addons/kaykit_dungeon_remastered/Assets/gltf/wall_broken.gltf.glb,69276,UNREF,yes,UNREF,"reserve: Region 2: modular dungeon kit, flat-shaded; dungeons build procedurally",no (.gdignore)
assets/incoming/kaykit/dungeon-remastered/addons/kaykit_dungeon_remastered/Assets/gltf/wall_corner.gltf.glb,49212,UNREF,yes,UNREF,"reserve: Region 2: modular dungeon kit, flat-shaded; dungeons build procedurally",no (.gdignore)
assets/incoming/kaykit/dungeon-remastered/addons/kaykit_dungeon_remastered/Assets/gltf/wall_corner_gated.gltf.glb,51132,UNREF,yes,UNREF,"reserve: Region 2: modular dungeon kit, flat-shaded; dungeons build procedurally",no (.gdignore)
assets/incoming/kaykit/dungeon-remastered/addons/kaykit_dungeon_remastered/Assets/gltf/wall_corner_scaffold.gltf.glb,54200,UNREF,yes,UNREF,"reserve: Region 2: modular dungeon kit, flat-shaded; dungeons build procedurally",no (.gdignore)
assets/incoming/kaykit/dungeon-remastered/addons/kaykit_dungeon_remastered/Assets/gltf/wall_corner_small.gltf.glb,33640,UNREF,yes,UNREF,"reserve: Region 2: modular dungeon kit, flat-shaded; dungeons build procedurally",no (.gdignore)
assets/incoming/kaykit/dungeon-remastered/addons/kaykit_dungeon_remastered/Assets/gltf/wall_cracked.gltf.glb,138396,UNREF,yes,UNREF,"reserve: Region 2: modular dungeon kit, flat-shaded; dungeons build procedurally",no (.gdignore)
assets/incoming/kaykit/dungeon-remastered/addons/kaykit_dungeon_remastered/Assets/gltf/wall_crossing.gltf.glb,66856,UNREF,yes,UNREF,"reserve: Region 2: modular dungeon kit, flat-shaded; dungeons build procedurally",no (.gdignore)
assets/incoming/kaykit/dungeon-remastered/addons/kaykit_dungeon_remastered/Assets/gltf/wall_doorway.glb,100596,UNREF,yes,UNREF,"reserve: Region 2: modular dungeon kit, flat-shaded; dungeons build procedurally",no (.gdignore)
assets/incoming/kaykit/dungeon-remastered/addons/kaykit_dungeon_remastered/Assets/gltf/wall_doorway_Tsplit.gltf.glb,93124,UNREF,yes,UNREF,"reserve: Region 2: modular dungeon kit, flat-shaded; dungeons build procedurally",no (.gdignore)
assets/incoming/kaykit/dungeon-remastered/addons/kaykit_dungeon_remastered/Assets/gltf/wall_doorway_scaffold.glb,109416,UNREF,yes,UNREF,"reserve: Region 2: modular dungeon kit, flat-shaded; dungeons build procedurally",no (.gdignore)
assets/incoming/kaykit/dungeon-remastered/addons/kaykit_dungeon_remastered/Assets/gltf/wall_doorway_sides.gltf.glb,97364,UNREF,yes,UNREF,"reserve: Region 2: modular dungeon kit, flat-shaded; dungeons build procedurally",no (.gdignore)
assets/incoming/kaykit/dungeon-remastered/addons/kaykit_dungeon_remastered/Assets/gltf/wall_endcap.gltf.glb,33708,UNREF,yes,UNREF,"reserve: Region 2: modular dungeon kit, flat-shaded; dungeons build procedurally",no (.gdignore)
assets/incoming/kaykit/dungeon-remastered/addons/kaykit_dungeon_remastered/Assets/gltf/wall_gated.gltf.glb,46364,UNREF,yes,UNREF,"reserve: Region 2: modular dungeon kit, flat-shaded; dungeons build procedurally",no (.gdignore)
assets/incoming/kaykit/dungeon-remastered/addons/kaykit_dungeon_remastered/Assets/gltf/wall_half.gltf.glb,36840,UNREF,yes,UNREF,"reserve: Region 2: modular dungeon kit, flat-shaded; dungeons build procedurally",no (.gdignore)
assets/incoming/kaykit/dungeon-remastered/addons/kaykit_dungeon_remastered/Assets/gltf/wall_half_endcap.gltf.glb,36724,UNREF,yes,UNREF,"reserve: Region 2: modular dungeon kit, flat-shaded; dungeons build procedurally",no (.gdignore)
assets/incoming/kaykit/dungeon-remastered/addons/kaykit_dungeon_remastered/Assets/gltf/wall_half_endcap_sloped.gltf.glb,33368,UNREF,yes,UNREF,"reserve: Region 2: modular dungeon kit, flat-shaded; dungeons build procedurally",no (.gdignore)
assets/incoming/kaykit/dungeon-remastered/addons/kaykit_dungeon_remastered/Assets/gltf/wall_open_scaffold.gltf.glb,29908,UNREF,yes,UNREF,"reserve: Region 2: modular dungeon kit, flat-shaded; dungeons build procedurally",no (.gdignore)
assets/incoming/kaykit/dungeon-remastered/addons/kaykit_dungeon_remastered/Assets/gltf/wall_pillar.gltf.glb,55156,UNREF,yes,UNREF,"reserve: Region 2: modular dungeon kit, flat-shaded; dungeons build procedurally",no (.gdignore)
assets/incoming/kaykit/dungeon-remastered/addons/kaykit_dungeon_remastered/Assets/gltf/wall_scaffold.gltf.glb,59436,UNREF,yes,UNREF,"reserve: Region 2: modular dungeon kit, flat-shaded; dungeons build procedurally",no (.gdignore)
assets/incoming/kaykit/dungeon-remastered/addons/kaykit_dungeon_remastered/Assets/gltf/wall_shelves.gltf.glb,122244,UNREF,yes,UNREF,"reserve: Region 2: modular dungeon kit, flat-shaded; dungeons build procedurally",no (.gdignore)
assets/incoming/kaykit/dungeon-remastered/addons/kaykit_dungeon_remastered/Assets/gltf/wall_sloped.gltf.glb,35964,UNREF,yes,UNREF,"reserve: Region 2: modular dungeon kit, flat-shaded; dungeons build procedurally",no (.gdignore)
assets/incoming/kaykit/dungeon-remastered/addons/kaykit_dungeon_remastered/Assets/gltf/wall_window_closed.gltf.glb,61460,UNREF,yes,UNREF,"reserve: Region 2: modular dungeon kit, flat-shaded; dungeons build procedurally",no (.gdignore)
assets/incoming/kaykit/dungeon-remastered/addons/kaykit_dungeon_remastered/Assets/gltf/wall_window_closed_scaffold.gltf.glb,66508,UNREF,yes,UNREF,"reserve: Region 2: modular dungeon kit, flat-shaded; dungeons build procedurally",no (.gdignore)
assets/incoming/kaykit/dungeon-remastered/addons/kaykit_dungeon_remastered/Assets/gltf/wall_window_open.gltf.glb,57256,UNREF,yes,UNREF,"reserve: Region 2: modular dungeon kit, flat-shaded; dungeons build procedurally",no (.gdignore)
assets/incoming/kaykit/dungeon-remastered/addons/kaykit_dungeon_remastered/Assets/gltf/wall_window_open_scaffold.gltf.glb,62308,UNREF,yes,UNREF,"reserve: Region 2: modular dungeon kit, flat-shaded; dungeons build procedurally",no (.gdignore)
assets/incoming/kaykit/fantasy-weapons-bits/Assets/gltf/arrow_A.gltf,3031,UNREF,yes,UNREF,"reject: toy-style weapons, off Style G",no (.gdignore)
assets/incoming/kaykit/fantasy-weapons-bits/Assets/gltf/arrow_B.gltf,3039,UNREF,yes,UNREF,"reject: toy-style weapons, off Style G",no (.gdignore)
assets/incoming/kaykit/fantasy-weapons-bits/Assets/gltf/bow_A.gltf,4239,UNREF,yes,UNREF,"reject: toy-style weapons, off Style G",no (.gdignore)
assets/incoming/kaykit/fantasy-weapons-bits/Assets/gltf/bow_B.gltf,4273,UNREF,yes,UNREF,"reject: toy-style weapons, off Style G",no (.gdignore)
assets/incoming/kaykit/fantasy-weapons-bits/Assets/gltf/fistweapon_A_stacked.gltf,3082,UNREF,yes,UNREF,"reject: toy-style weapons, off Style G",no (.gdignore)
assets/incoming/kaykit/fantasy-weapons-bits/Assets/gltf/fistweapon_B_stacked.gltf,3080,UNREF,yes,UNREF,"reject: toy-style weapons, off Style G",no (.gdignore)
assets/incoming/kaykit/fantasy-weapons-bits/Assets/gltf/hammer_B.gltf,3043,UNREF,yes,UNREF,"reject: toy-style weapons, off Style G",no (.gdignore)
assets/incoming/kaykit/fantasy-weapons-bits/Assets/gltf/shield_A.gltf,3042,UNREF,yes,UNREF,"reject: toy-style weapons, off Style G",no (.gdignore)
assets/incoming/kaykit/fantasy-weapons-bits/Assets/gltf/shield_C.gltf,3040,UNREF,yes,UNREF,"reject: toy-style weapons, off Style G",no (.gdignore)
assets/incoming/kaykit/forest-nature-pack/Assets/gltf/Bush_1_A_Color1.gltf,3054,UNREF,yes,UNREF,"reject: toy-style trees, off Style G",no (.gdignore)
assets/incoming/kaykit/forest-nature-pack/Assets/gltf/Bush_1_B_Color1.gltf,3061,UNREF,yes,UNREF,"reject: toy-style trees, off Style G",no (.gdignore)
assets/incoming/kaykit/forest-nature-pack/Assets/gltf/Bush_1_C_Color1.gltf,3056,UNREF,yes,UNREF,"reject: toy-style trees, off Style G",no (.gdignore)
assets/incoming/kaykit/forest-nature-pack/Assets/gltf/Bush_1_D_Color1.gltf,3058,UNREF,yes,UNREF,"reject: toy-style trees, off Style G",no (.gdignore)
assets/incoming/kaykit/forest-nature-pack/Assets/gltf/Bush_1_E_Color1.gltf,3063,UNREF,yes,UNREF,"reject: toy-style trees, off Style G",no (.gdignore)
assets/incoming/kaykit/forest-nature-pack/Assets/gltf/Bush_1_F_Color1.gltf,3062,UNREF,yes,UNREF,"reject: toy-style trees, off Style G",no (.gdignore)
assets/incoming/kaykit/forest-nature-pack/Assets/gltf/Bush_1_G_Color1.gltf,3061,UNREF,yes,UNREF,"reject: toy-style trees, off Style G",no (.gdignore)
assets/incoming/kaykit/forest-nature-pack/Assets/gltf/Bush_2_A_Color1.gltf,3050,UNREF,yes,UNREF,"reject: toy-style trees, off Style G",no (.gdignore)
assets/incoming/kaykit/forest-nature-pack/Assets/gltf/Bush_2_B_Color1.gltf,3057,UNREF,yes,UNREF,"reject: toy-style trees, off Style G",no (.gdignore)
assets/incoming/kaykit/forest-nature-pack/Assets/gltf/Bush_2_C_Color1.gltf,3053,UNREF,yes,UNREF,"reject: toy-style trees, off Style G",no (.gdignore)
assets/incoming/kaykit/forest-nature-pack/Assets/gltf/Bush_2_D_Color1.gltf,3060,UNREF,yes,UNREF,"reject: toy-style trees, off Style G",no (.gdignore)
assets/incoming/kaykit/forest-nature-pack/Assets/gltf/Bush_2_E_Color1.gltf,3064,UNREF,yes,UNREF,"reject: toy-style trees, off Style G",no (.gdignore)
assets/incoming/kaykit/forest-nature-pack/Assets/gltf/Bush_2_F_Color1.gltf,3040,UNREF,yes,UNREF,"reject: toy-style trees, off Style G",no (.gdignore)
assets/incoming/kaykit/forest-nature-pack/Assets/gltf/Bush_3_A_Color1.gltf,3059,UNREF,yes,UNREF,"reject: toy-style trees, off Style G",no (.gdignore)
assets/incoming/kaykit/forest-nature-pack/Assets/gltf/Bush_3_B_Color1.gltf,3060,UNREF,yes,UNREF,"reject: toy-style trees, off Style G",no (.gdignore)
assets/incoming/kaykit/forest-nature-pack/Assets/gltf/Bush_3_C_Color1.gltf,3060,UNREF,yes,UNREF,"reject: toy-style trees, off Style G",no (.gdignore)
assets/incoming/kaykit/forest-nature-pack/Assets/gltf/Bush_4_A_Color1.gltf,3049,UNREF,yes,UNREF,"reject: toy-style trees, off Style G",no (.gdignore)
assets/incoming/kaykit/forest-nature-pack/Assets/gltf/Bush_4_B_Color1.gltf,3054,UNREF,yes,UNREF,"reject: toy-style trees, off Style G",no (.gdignore)
assets/incoming/kaykit/forest-nature-pack/Assets/gltf/Bush_4_C_Color1.gltf,3052,UNREF,yes,UNREF,"reject: toy-style trees, off Style G",no (.gdignore)
assets/incoming/kaykit/forest-nature-pack/Assets/gltf/Bush_4_D_Color1.gltf,3053,UNREF,yes,UNREF,"reject: toy-style trees, off Style G",no (.gdignore)
assets/incoming/kaykit/forest-nature-pack/Assets/gltf/Bush_4_E_Color1.gltf,3058,UNREF,yes,UNREF,"reject: toy-style trees, off Style G",no (.gdignore)
assets/incoming/kaykit/forest-nature-pack/Assets/gltf/Bush_4_F_Color1.gltf,3060,UNREF,yes,UNREF,"reject: toy-style trees, off Style G",no (.gdignore)
assets/incoming/kaykit/forest-nature-pack/Assets/gltf/Grass_1_A_Color1.gltf,3058,UNREF,yes,UNREF,"reject: toy-style trees, off Style G",no (.gdignore)
assets/incoming/kaykit/forest-nature-pack/Assets/gltf/Grass_1_A_Singlesided_Color1.gltf,3088,UNREF,yes,UNREF,"reject: toy-style trees, off Style G",no (.gdignore)
assets/incoming/kaykit/forest-nature-pack/Assets/gltf/Grass_1_B_Color1.gltf,3064,UNREF,yes,UNREF,"reject: toy-style trees, off Style G",no (.gdignore)
assets/incoming/kaykit/forest-nature-pack/Assets/gltf/Grass_1_B_Singlesided_Color1.gltf,3095,UNREF,yes,UNREF,"reject: toy-style trees, off Style G",no (.gdignore)
assets/incoming/kaykit/forest-nature-pack/Assets/gltf/Grass_1_C_Color1.gltf,3067,UNREF,yes,UNREF,"reject: toy-style trees, off Style G",no (.gdignore)
assets/incoming/kaykit/forest-nature-pack/Assets/gltf/Grass_1_C_Singlesided_Color1.gltf,3099,UNREF,yes,UNREF,"reject: toy-style trees, off Style G",no (.gdignore)
assets/incoming/kaykit/forest-nature-pack/Assets/gltf/Grass_1_D_Color1.gltf,3066,UNREF,yes,UNREF,"reject: toy-style trees, off Style G",no (.gdignore)
assets/incoming/kaykit/forest-nature-pack/Assets/gltf/Grass_1_D_Singlesided_Color1.gltf,3099,UNREF,yes,UNREF,"reject: toy-style trees, off Style G",no (.gdignore)
assets/incoming/kaykit/forest-nature-pack/Assets/gltf/Grass_1_Mesh.gltf,2327,UNREF,yes,UNREF,"reject: toy-style trees, off Style G",no (.gdignore)
assets/incoming/kaykit/forest-nature-pack/Assets/gltf/Grass_1_SingleSided_Mesh.gltf,2357,UNREF,yes,UNREF,"reject: toy-style trees, off Style G",no (.gdignore)
assets/incoming/kaykit/forest-nature-pack/Assets/gltf/Grass_2_A_Color1.gltf,3056,UNREF,yes,UNREF,"reject: toy-style trees, off Style G",no (.gdignore)
assets/incoming/kaykit/forest-nature-pack/Assets/gltf/Grass_2_A_Singlesided_Color1.gltf,3088,UNREF,yes,UNREF,"reject: toy-style trees, off Style G",no (.gdignore)
assets/incoming/kaykit/forest-nature-pack/Assets/gltf/Grass_2_B_Color1.gltf,3064,UNREF,yes,UNREF,"reject: toy-style trees, off Style G",no (.gdignore)
assets/incoming/kaykit/forest-nature-pack/Assets/gltf/Grass_2_B_Singlesided_Color1.gltf,3092,UNREF,yes,UNREF,"reject: toy-style trees, off Style G",no (.gdignore)
assets/incoming/kaykit/forest-nature-pack/Assets/gltf/Grass_2_C_Color1.gltf,3066,UNREF,yes,UNREF,"reject: toy-style trees, off Style G",no (.gdignore)
assets/incoming/kaykit/forest-nature-pack/Assets/gltf/Grass_2_C_Singlesided_Color1.gltf,3101,UNREF,yes,UNREF,"reject: toy-style trees, off Style G",no (.gdignore)
assets/incoming/kaykit/forest-nature-pack/Assets/gltf/Grass_2_D_Color1.gltf,3066,UNREF,yes,UNREF,"reject: toy-style trees, off Style G",no (.gdignore)
assets/incoming/kaykit/forest-nature-pack/Assets/gltf/Grass_2_D_Singlesided_Color1.gltf,3097,UNREF,yes,UNREF,"reject: toy-style trees, off Style G",no (.gdignore)
assets/incoming/kaykit/forest-nature-pack/Assets/gltf/Grass_2_Mesh.gltf,2325,UNREF,yes,UNREF,"reject: toy-style trees, off Style G",no (.gdignore)
assets/incoming/kaykit/forest-nature-pack/Assets/gltf/Grass_2_SingleSided_Mesh.gltf,2357,UNREF,yes,UNREF,"reject: toy-style trees, off Style G",no (.gdignore)
assets/incoming/kaykit/forest-nature-pack/Assets/gltf/Rock_1_A_Color1.gltf,3032,UNREF,yes,UNREF,"reject: toy-style trees, off Style G",no (.gdignore)
assets/incoming/kaykit/forest-nature-pack/Assets/gltf/Rock_1_B_Color1.gltf,3035,UNREF,yes,UNREF,"reject: toy-style trees, off Style G",no (.gdignore)
assets/incoming/kaykit/forest-nature-pack/Assets/gltf/Rock_1_C_Color1.gltf,3032,UNREF,yes,UNREF,"reject: toy-style trees, off Style G",no (.gdignore)
assets/incoming/kaykit/forest-nature-pack/Assets/gltf/Rock_1_D_Color1.gltf,3039,UNREF,yes,UNREF,"reject: toy-style trees, off Style G",no (.gdignore)
assets/incoming/kaykit/forest-nature-pack/Assets/gltf/Rock_1_E_Color1.gltf,3007,UNREF,yes,UNREF,"reject: toy-style trees, off Style G",no (.gdignore)
assets/incoming/kaykit/forest-nature-pack/Assets/gltf/Rock_1_F_Color1.gltf,3008,UNREF,yes,UNREF,"reject: toy-style trees, off Style G",no (.gdignore)
assets/incoming/kaykit/forest-nature-pack/Assets/gltf/Rock_1_G_Color1.gltf,3038,UNREF,yes,UNREF,"reject: toy-style trees, off Style G",no (.gdignore)
assets/incoming/kaykit/forest-nature-pack/Assets/gltf/Rock_1_H_Color1.gltf,3039,UNREF,yes,UNREF,"reject: toy-style trees, off Style G",no (.gdignore)
assets/incoming/kaykit/forest-nature-pack/Assets/gltf/Rock_1_I_Color1.gltf,3038,UNREF,yes,UNREF,"reject: toy-style trees, off Style G",no (.gdignore)
assets/incoming/kaykit/forest-nature-pack/Assets/gltf/Rock_1_J_Color1.gltf,3046,UNREF,yes,UNREF,"reject: toy-style trees, off Style G",no (.gdignore)
assets/incoming/kaykit/forest-nature-pack/Assets/gltf/Rock_1_K_Color1.gltf,3060,UNREF,yes,UNREF,"reject: toy-style trees, off Style G",no (.gdignore)
assets/incoming/kaykit/forest-nature-pack/Assets/gltf/Rock_1_L_Color1.gltf,3044,UNREF,yes,UNREF,"reject: toy-style trees, off Style G",no (.gdignore)
assets/incoming/kaykit/forest-nature-pack/Assets/gltf/Rock_1_M_Color1.gltf,3044,UNREF,yes,UNREF,"reject: toy-style trees, off Style G",no (.gdignore)
assets/incoming/kaykit/forest-nature-pack/Assets/gltf/Rock_1_N_Color1.gltf,3042,UNREF,yes,UNREF,"reject: toy-style trees, off Style G",no (.gdignore)
assets/incoming/kaykit/forest-nature-pack/Assets/gltf/Rock_1_O_Color1.gltf,3037,UNREF,yes,UNREF,"reject: toy-style trees, off Style G",no (.gdignore)
assets/incoming/kaykit/forest-nature-pack/Assets/gltf/Rock_1_P_Color1.gltf,3042,UNREF,yes,UNREF,"reject: toy-style trees, off Style G",no (.gdignore)
assets/incoming/kaykit/forest-nature-pack/Assets/gltf/Rock_1_Q_Color1.gltf,3067,UNREF,yes,UNREF,"reject: toy-style trees, off Style G",no (.gdignore)
assets/incoming/kaykit/forest-nature-pack/Assets/gltf/Rock_2_A_Color1.gltf,3052,UNREF,yes,UNREF,"reject: toy-style trees, off Style G",no (.gdignore)
assets/incoming/kaykit/forest-nature-pack/Assets/gltf/Rock_2_B_Color1.gltf,3053,UNREF,yes,UNREF,"reject: toy-style trees, off Style G",no (.gdignore)
assets/incoming/kaykit/forest-nature-pack/Assets/gltf/Rock_2_C_Color1.gltf,3054,UNREF,yes,UNREF,"reject: toy-style trees, off Style G",no (.gdignore)
assets/incoming/kaykit/forest-nature-pack/Assets/gltf/Rock_2_D_Color1.gltf,3055,UNREF,yes,UNREF,"reject: toy-style trees, off Style G",no (.gdignore)
assets/incoming/kaykit/forest-nature-pack/Assets/gltf/Rock_2_E_Color1.gltf,3062,UNREF,yes,UNREF,"reject: toy-style trees, off Style G",no (.gdignore)
assets/incoming/kaykit/forest-nature-pack/Assets/gltf/Rock_2_F_Color1.gltf,3059,UNREF,yes,UNREF,"reject: toy-style trees, off Style G",no (.gdignore)
assets/incoming/kaykit/forest-nature-pack/Assets/gltf/Rock_2_G_Color1.gltf,3062,UNREF,yes,UNREF,"reject: toy-style trees, off Style G",no (.gdignore)
assets/incoming/kaykit/forest-nature-pack/Assets/gltf/Rock_2_H_Color1.gltf,3060,UNREF,yes,UNREF,"reject: toy-style trees, off Style G",no (.gdignore)
assets/incoming/kaykit/forest-nature-pack/Assets/gltf/Rock_3_A_Color1.gltf,3056,UNREF,yes,UNREF,"reject: toy-style trees, off Style G",no (.gdignore)
assets/incoming/kaykit/forest-nature-pack/Assets/gltf/Rock_3_B_Color1.gltf,3060,UNREF,yes,UNREF,"reject: toy-style trees, off Style G",no (.gdignore)
assets/incoming/kaykit/forest-nature-pack/Assets/gltf/Rock_3_C_Color1.gltf,3057,UNREF,yes,UNREF,"reject: toy-style trees, off Style G",no (.gdignore)
assets/incoming/kaykit/forest-nature-pack/Assets/gltf/Rock_3_D_Color1.gltf,3057,UNREF,yes,UNREF,"reject: toy-style trees, off Style G",no (.gdignore)
assets/incoming/kaykit/forest-nature-pack/Assets/gltf/Rock_3_E_Color1.gltf,3055,UNREF,yes,UNREF,"reject: toy-style trees, off Style G",no (.gdignore)
assets/incoming/kaykit/forest-nature-pack/Assets/gltf/Rock_3_F_Color1.gltf,3056,UNREF,yes,UNREF,"reject: toy-style trees, off Style G",no (.gdignore)
assets/incoming/kaykit/forest-nature-pack/Assets/gltf/Rock_3_G_Color1.gltf,3057,UNREF,yes,UNREF,"reject: toy-style trees, off Style G",no (.gdignore)
assets/incoming/kaykit/forest-nature-pack/Assets/gltf/Rock_3_H_Color1.gltf,3057,UNREF,yes,UNREF,"reject: toy-style trees, off Style G",no (.gdignore)
assets/incoming/kaykit/forest-nature-pack/Assets/gltf/Rock_3_I_Color1.gltf,3054,UNREF,yes,UNREF,"reject: toy-style trees, off Style G",no (.gdignore)
assets/incoming/kaykit/forest-nature-pack/Assets/gltf/Rock_3_J_Color1.gltf,3055,UNREF,yes,UNREF,"reject: toy-style trees, off Style G",no (.gdignore)
assets/incoming/kaykit/forest-nature-pack/Assets/gltf/Rock_3_K_Color1.gltf,3056,UNREF,yes,UNREF,"reject: toy-style trees, off Style G",no (.gdignore)
assets/incoming/kaykit/forest-nature-pack/Assets/gltf/Rock_3_L_Color1.gltf,3057,UNREF,yes,UNREF,"reject: toy-style trees, off Style G",no (.gdignore)
assets/incoming/kaykit/forest-nature-pack/Assets/gltf/Rock_3_M_Color1.gltf,3054,UNREF,yes,UNREF,"reject: toy-style trees, off Style G",no (.gdignore)
assets/incoming/kaykit/forest-nature-pack/Assets/gltf/Rock_3_N_Color1.gltf,3059,UNREF,yes,UNREF,"reject: toy-style trees, off Style G",no (.gdignore)
assets/incoming/kaykit/forest-nature-pack/Assets/gltf/Rock_3_O_Color1.gltf,3058,UNREF,yes,UNREF,"reject: toy-style trees, off Style G",no (.gdignore)
assets/incoming/kaykit/forest-nature-pack/Assets/gltf/Rock_3_P_Color1.gltf,3057,UNREF,yes,UNREF,"reject: toy-style trees, off Style G",no (.gdignore)
assets/incoming/kaykit/forest-nature-pack/Assets/gltf/Rock_3_Q_Color1.gltf,3058,UNREF,yes,UNREF,"reject: toy-style trees, off Style G",no (.gdignore)
assets/incoming/kaykit/forest-nature-pack/Assets/gltf/Rock_3_R_Color1.gltf,3055,UNREF,yes,UNREF,"reject: toy-style trees, off Style G",no (.gdignore)
assets/incoming/kaykit/forest-nature-pack/Assets/gltf/Tree_1_A_Color1.gltf,3061,UNREF,yes,UNREF,"reject: toy-style trees, off Style G",no (.gdignore)
assets/incoming/kaykit/forest-nature-pack/Assets/gltf/Tree_1_B_Color1.gltf,3058,UNREF,yes,UNREF,"reject: toy-style trees, off Style G",no (.gdignore)
assets/incoming/kaykit/forest-nature-pack/Assets/gltf/Tree_1_C_Color1.gltf,3064,UNREF,yes,UNREF,"reject: toy-style trees, off Style G",no (.gdignore)
assets/incoming/kaykit/forest-nature-pack/Assets/gltf/Tree_2_A_Color1.gltf,3057,UNREF,yes,UNREF,"reject: toy-style trees, off Style G",no (.gdignore)
assets/incoming/kaykit/forest-nature-pack/Assets/gltf/Tree_2_B_Color1.gltf,3059,UNREF,yes,UNREF,"reject: toy-style trees, off Style G",no (.gdignore)
assets/incoming/kaykit/forest-nature-pack/Assets/gltf/Tree_2_C_Color1.gltf,3060,UNREF,yes,UNREF,"reject: toy-style trees, off Style G",no (.gdignore)
assets/incoming/kaykit/forest-nature-pack/Assets/gltf/Tree_2_D_Color1.gltf,3060,UNREF,yes,UNREF,"reject: toy-style trees, off Style G",no (.gdignore)
assets/incoming/kaykit/forest-nature-pack/Assets/gltf/Tree_2_E_Color1.gltf,3060,UNREF,yes,UNREF,"reject: toy-style trees, off Style G",no (.gdignore)
assets/incoming/kaykit/forest-nature-pack/Assets/gltf/Tree_3_A_Color1.gltf,3061,UNREF,yes,UNREF,"reject: toy-style trees, off Style G",no (.gdignore)
assets/incoming/kaykit/forest-nature-pack/Assets/gltf/Tree_3_B_Color1.gltf,3060,UNREF,yes,UNREF,"reject: toy-style trees, off Style G",no (.gdignore)
assets/incoming/kaykit/forest-nature-pack/Assets/gltf/Tree_3_C_Color1.gltf,3066,UNREF,yes,UNREF,"reject: toy-style trees, off Style G",no (.gdignore)
assets/incoming/kaykit/forest-nature-pack/Assets/gltf/Tree_4_A_Color1.gltf,3061,UNREF,yes,UNREF,"reject: toy-style trees, off Style G",no (.gdignore)
assets/incoming/kaykit/forest-nature-pack/Assets/gltf/Tree_4_B_Color1.gltf,3059,UNREF,yes,UNREF,"reject: toy-style trees, off Style G",no (.gdignore)
assets/incoming/kaykit/forest-nature-pack/Assets/gltf/Tree_4_C_Color1.gltf,3061,UNREF,yes,UNREF,"reject: toy-style trees, off Style G",no (.gdignore)
assets/incoming/kaykit/forest-nature-pack/Assets/gltf/Tree_Bare_1_A_Color1.gltf,3075,UNREF,yes,UNREF,"reject: toy-style trees, off Style G",no (.gdignore)
assets/incoming/kaykit/forest-nature-pack/Assets/gltf/Tree_Bare_1_B_Color1.gltf,3074,UNREF,yes,UNREF,"reject: toy-style trees, off Style G",no (.gdignore)
assets/incoming/kaykit/forest-nature-pack/Assets/gltf/Tree_Bare_1_C_Color1.gltf,3079,UNREF,yes,UNREF,"reject: toy-style trees, off Style G",no (.gdignore)
assets/incoming/kaykit/forest-nature-pack/Assets/gltf/Tree_Bare_2_A_Color1.gltf,3077,UNREF,yes,UNREF,"reject: toy-style trees, off Style G",no (.gdignore)
assets/incoming/kaykit/forest-nature-pack/Assets/gltf/Tree_Bare_2_B_Color1.gltf,3077,UNREF,yes,UNREF,"reject: toy-style trees, off Style G",no (.gdignore)
assets/incoming/kaykit/forest-nature-pack/Assets/gltf/Tree_Bare_2_C_Color1.gltf,3076,UNREF,yes,UNREF,"reject: toy-style trees, off Style G",no (.gdignore)
assets/incoming/kaykit/furniture-bits/addons/kaykit_furniture_bits/Assets/gltf/armchair_pillows.gltf,3036,UNREF,yes,UNREF,"reject: toy-style props, off Style G",no (.gdignore)
assets/incoming/kaykit/furniture-bits/addons/kaykit_furniture_bits/Assets/gltf/bed_double_A.gltf,3011,UNREF,yes,UNREF,"reject: toy-style props, off Style G",no (.gdignore)
assets/incoming/kaykit/furniture-bits/addons/kaykit_furniture_bits/Assets/gltf/bed_double_B.gltf,3011,UNREF,yes,UNREF,"reject: toy-style props, off Style G",no (.gdignore)
assets/incoming/kaykit/furniture-bits/addons/kaykit_furniture_bits/Assets/gltf/bed_single_A.gltf,3009,UNREF,yes,UNREF,"reject: toy-style props, off Style G",no (.gdignore)
assets/incoming/kaykit/furniture-bits/addons/kaykit_furniture_bits/Assets/gltf/bed_single_B.gltf,3009,UNREF,yes,UNREF,"reject: toy-style props, off Style G",no (.gdignore)
assets/incoming/kaykit/furniture-bits/addons/kaykit_furniture_bits/Assets/gltf/book_set.gltf,3051,UNREF,yes,UNREF,"reject: toy-style props, off Style G",no (.gdignore)
assets/incoming/kaykit/furniture-bits/addons/kaykit_furniture_bits/Assets/gltf/book_single.gltf,3056,UNREF,yes,UNREF,"reject: toy-style props, off Style G",no (.gdignore)
assets/incoming/kaykit/furniture-bits/addons/kaykit_furniture_bits/Assets/gltf/cabinet_medium.gltf,3000,UNREF,yes,UNREF,"reject: toy-style props, off Style G",no (.gdignore)
assets/incoming/kaykit/furniture-bits/addons/kaykit_furniture_bits/Assets/gltf/cabinet_medium_decorated.gltf,3060,UNREF,yes,UNREF,"reject: toy-style props, off Style G",no (.gdignore)
assets/incoming/kaykit/furniture-bits/addons/kaykit_furniture_bits/Assets/gltf/cabinet_small.gltf,3001,UNREF,yes,UNREF,"reject: toy-style props, off Style G",no (.gdignore)
assets/incoming/kaykit/furniture-bits/addons/kaykit_furniture_bits/Assets/gltf/cabinet_small_decorated.gltf,3068,UNREF,yes,UNREF,"reject: toy-style props, off Style G",no (.gdignore)
assets/incoming/kaykit/furniture-bits/addons/kaykit_furniture_bits/Assets/gltf/cactus_medium_A.gltf,3072,UNREF,yes,UNREF,"reject: toy-style props, off Style G",no (.gdignore)
assets/incoming/kaykit/furniture-bits/addons/kaykit_furniture_bits/Assets/gltf/cactus_medium_B.gltf,3072,UNREF,yes,UNREF,"reject: toy-style props, off Style G",no (.gdignore)
assets/incoming/kaykit/furniture-bits/addons/kaykit_furniture_bits/Assets/gltf/cactus_small_A.gltf,3071,UNREF,yes,UNREF,"reject: toy-style props, off Style G",no (.gdignore)
assets/incoming/kaykit/furniture-bits/addons/kaykit_furniture_bits/Assets/gltf/cactus_small_B.gltf,3071,UNREF,yes,UNREF,"reject: toy-style props, off Style G",no (.gdignore)
assets/incoming/kaykit/furniture-bits/addons/kaykit_furniture_bits/Assets/gltf/chair_A.gltf,3022,UNREF,yes,UNREF,"reject: toy-style props, off Style G",no (.gdignore)
assets/incoming/kaykit/furniture-bits/addons/kaykit_furniture_bits/Assets/gltf/chair_A_wood.gltf,3032,UNREF,yes,UNREF,"reject: toy-style props, off Style G",no (.gdignore)
assets/incoming/kaykit/furniture-bits/addons/kaykit_furniture_bits/Assets/gltf/chair_B.gltf,3049,UNREF,yes,UNREF,"reject: toy-style props, off Style G",no (.gdignore)
assets/incoming/kaykit/furniture-bits/addons/kaykit_furniture_bits/Assets/gltf/chair_B_wood.gltf,3059,UNREF,yes,UNREF,"reject: toy-style props, off Style G",no (.gdignore)
assets/incoming/kaykit/furniture-bits/addons/kaykit_furniture_bits/Assets/gltf/chair_C.gltf,3036,UNREF,yes,UNREF,"reject: toy-style props, off Style G",no (.gdignore)
assets/incoming/kaykit/furniture-bits/addons/kaykit_furniture_bits/Assets/gltf/chair_stool.gltf,3042,UNREF,yes,UNREF,"reject: toy-style props, off Style G",no (.gdignore)
assets/incoming/kaykit/furniture-bits/addons/kaykit_furniture_bits/Assets/gltf/chair_stool_wood.gltf,3052,UNREF,yes,UNREF,"reject: toy-style props, off Style G",no (.gdignore)
assets/incoming/kaykit/furniture-bits/addons/kaykit_furniture_bits/Assets/gltf/couch.gltf,3014,UNREF,yes,UNREF,"reject: toy-style props, off Style G",no (.gdignore)
assets/incoming/kaykit/furniture-bits/addons/kaykit_furniture_bits/Assets/gltf/couch_pillows.gltf,3030,UNREF,yes,UNREF,"reject: toy-style props, off Style G",no (.gdignore)
assets/incoming/kaykit/furniture-bits/addons/kaykit_furniture_bits/Assets/gltf/lamp_standing.gltf,3034,UNREF,yes,UNREF,"reject: toy-style props, off Style G",no (.gdignore)
assets/incoming/kaykit/furniture-bits/addons/kaykit_furniture_bits/Assets/gltf/lamp_table.gltf,3029,UNREF,yes,UNREF,"reject: toy-style props, off Style G",no (.gdignore)
assets/incoming/kaykit/furniture-bits/addons/kaykit_furniture_bits/Assets/gltf/pictureframe_large_A.gltf,3071,UNREF,yes,UNREF,"reject: toy-style props, off Style G",no (.gdignore)
assets/incoming/kaykit/furniture-bits/addons/kaykit_furniture_bits/Assets/gltf/pictureframe_large_B.gltf,3054,UNREF,yes,UNREF,"reject: toy-style props, off Style G",no (.gdignore)
assets/incoming/kaykit/furniture-bits/addons/kaykit_furniture_bits/Assets/gltf/pictureframe_medium.gltf,3069,UNREF,yes,UNREF,"reject: toy-style props, off Style G",no (.gdignore)
assets/incoming/kaykit/furniture-bits/addons/kaykit_furniture_bits/Assets/gltf/pictureframe_small_A.gltf,3073,UNREF,yes,UNREF,"reject: toy-style props, off Style G",no (.gdignore)
assets/incoming/kaykit/furniture-bits/addons/kaykit_furniture_bits/Assets/gltf/pictureframe_small_B.gltf,3073,UNREF,yes,UNREF,"reject: toy-style props, off Style G",no (.gdignore)
assets/incoming/kaykit/furniture-bits/addons/kaykit_furniture_bits/Assets/gltf/pictureframe_small_C.gltf,3071,UNREF,yes,UNREF,"reject: toy-style props, off Style G",no (.gdignore)
assets/incoming/kaykit/furniture-bits/addons/kaykit_furniture_bits/Assets/gltf/pictureframe_standing_A.gltf,3050,UNREF,yes,UNREF,"reject: toy-style props, off Style G",no (.gdignore)
assets/incoming/kaykit/furniture-bits/addons/kaykit_furniture_bits/Assets/gltf/pictureframe_standing_B.gltf,3081,UNREF,yes,UNREF,"reject: toy-style props, off Style G",no (.gdignore)
assets/incoming/kaykit/furniture-bits/addons/kaykit_furniture_bits/Assets/gltf/pillow_A.gltf,3029,UNREF,yes,UNREF,"reject: toy-style props, off Style G",no (.gdignore)
assets/incoming/kaykit/furniture-bits/addons/kaykit_furniture_bits/Assets/gltf/pillow_B.gltf,3029,UNREF,yes,UNREF,"reject: toy-style props, off Style G",no (.gdignore)
assets/incoming/kaykit/furniture-bits/addons/kaykit_furniture_bits/Assets/gltf/rug_oval_A.gltf,2970,UNREF,yes,UNREF,"reject: toy-style props, off Style G",no (.gdignore)
assets/incoming/kaykit/furniture-bits/addons/kaykit_furniture_bits/Assets/gltf/rug_oval_B.gltf,2970,UNREF,yes,UNREF,"reject: toy-style props, off Style G",no (.gdignore)
assets/incoming/kaykit/furniture-bits/addons/kaykit_furniture_bits/Assets/gltf/rug_rectangle_A.gltf,2971,UNREF,yes,UNREF,"reject: toy-style props, off Style G",no (.gdignore)
assets/incoming/kaykit/furniture-bits/addons/kaykit_furniture_bits/Assets/gltf/rug_rectangle_B.gltf,2971,UNREF,yes,UNREF,"reject: toy-style props, off Style G",no (.gdignore)
assets/incoming/kaykit/furniture-bits/addons/kaykit_furniture_bits/Assets/gltf/rug_rectangle_stripes_A.gltf,2988,UNREF,yes,UNREF,"reject: toy-style props, off Style G",no (.gdignore)
assets/incoming/kaykit/furniture-bits/addons/kaykit_furniture_bits/Assets/gltf/rug_rectangle_stripes_B.gltf,2988,UNREF,yes,UNREF,"reject: toy-style props, off Style G",no (.gdignore)
assets/incoming/kaykit/furniture-bits/addons/kaykit_furniture_bits/Assets/gltf/shelf_A_big.gltf,3025,UNREF,yes,UNREF,"reject: toy-style props, off Style G",no (.gdignore)
assets/incoming/kaykit/furniture-bits/addons/kaykit_furniture_bits/Assets/gltf/shelf_A_small.gltf,3033,UNREF,yes,UNREF,"reject: toy-style props, off Style G",no (.gdignore)
assets/incoming/kaykit/furniture-bits/addons/kaykit_furniture_bits/Assets/gltf/shelf_B_large.gltf,3047,UNREF,yes,UNREF,"reject: toy-style props, off Style G",no (.gdignore)
assets/incoming/kaykit/furniture-bits/addons/kaykit_furniture_bits/Assets/gltf/shelf_B_large_decorated.gltf,3069,UNREF,yes,UNREF,"reject: toy-style props, off Style G",no (.gdignore)
assets/incoming/kaykit/furniture-bits/addons/kaykit_furniture_bits/Assets/gltf/shelf_B_small.gltf,3049,UNREF,yes,UNREF,"reject: toy-style props, off Style G",no (.gdignore)
assets/incoming/kaykit/furniture-bits/addons/kaykit_furniture_bits/Assets/gltf/shelf_B_small_decorated.gltf,3071,UNREF,yes,UNREF,"reject: toy-style props, off Style G",no (.gdignore)
assets/incoming/kaykit/furniture-bits/addons/kaykit_furniture_bits/Assets/gltf/table_low.gltf,2990,UNREF,yes,UNREF,"reject: toy-style props, off Style G",no (.gdignore)
assets/incoming/kaykit/furniture-bits/addons/kaykit_furniture_bits/Assets/gltf/table_medium.gltf,2973,UNREF,yes,UNREF,"reject: toy-style props, off Style G",no (.gdignore)
assets/incoming/kaykit/furniture-bits/addons/kaykit_furniture_bits/Assets/gltf/table_medium_long.gltf,2987,UNREF,yes,UNREF,"reject: toy-style props, off Style G",no (.gdignore)
assets/incoming/kaykit/furniture-bits/addons/kaykit_furniture_bits/Assets/gltf/table_small.gltf,2979,UNREF,yes,UNREF,"reject: toy-style props, off Style G",no (.gdignore)
assets/incoming/kaykit/resource-bits/Assets/gltf/Copper_Bar.gltf,3046,UNREF,yes,UNREF,"reject: toy-style props, off Style G",no (.gdignore)
assets/incoming/kaykit/resource-bits/Assets/gltf/Copper_Bars.gltf,3057,UNREF,yes,UNREF,"reject: toy-style props, off Style G",no (.gdignore)
assets/incoming/kaykit/resource-bits/Assets/gltf/Copper_Bars_Stack_Large.gltf,3085,UNREF,yes,UNREF,"reject: toy-style props, off Style G",no (.gdignore)
assets/incoming/kaykit/resource-bits/Assets/gltf/Copper_Bars_Stack_Medium.gltf,3085,UNREF,yes,UNREF,"reject: toy-style props, off Style G",no (.gdignore)
assets/incoming/kaykit/resource-bits/Assets/gltf/Copper_Bars_Stack_Small.gltf,3077,UNREF,yes,UNREF,"reject: toy-style props, off Style G",no (.gdignore)
assets/incoming/kaykit/resource-bits/Assets/gltf/Copper_Nugget_Large.gltf,3074,UNREF,yes,UNREF,"reject: toy-style props, off Style G",no (.gdignore)
assets/incoming/kaykit/resource-bits/Assets/gltf/Copper_Nugget_Medium.gltf,3070,UNREF,yes,UNREF,"reject: toy-style props, off Style G",no (.gdignore)
assets/incoming/kaykit/resource-bits/Assets/gltf/Copper_Nugget_Small.gltf,3071,UNREF,yes,UNREF,"reject: toy-style props, off Style G",no (.gdignore)
assets/incoming/kaykit/resource-bits/Assets/gltf/Copper_Nuggets.gltf,3064,UNREF,yes,UNREF,"reject: toy-style props, off Style G",no (.gdignore)
assets/incoming/kaykit/resource-bits/Assets/gltf/Fuel_A_Barrel.gltf,3000,UNREF,yes,UNREF,"reject: toy-style props, off Style G",no (.gdignore)
assets/incoming/kaykit/resource-bits/Assets/gltf/Fuel_A_Barrel_Dirty.gltf,3021,UNREF,yes,UNREF,"reject: toy-style props, off Style G",no (.gdignore)
assets/incoming/kaykit/resource-bits/Assets/gltf/Fuel_A_Barrels.gltf,3053,UNREF,yes,UNREF,"reject: toy-style props, off Style G",no (.gdignore)
assets/incoming/kaykit/resource-bits/Assets/gltf/Fuel_A_Jerrycan.gltf,3048,UNREF,yes,UNREF,"reject: toy-style props, off Style G",no (.gdignore)
assets/incoming/kaykit/resource-bits/Assets/gltf/Fuel_B_Barrel.gltf,3000,UNREF,yes,UNREF,"reject: toy-style props, off Style G",no (.gdignore)
assets/incoming/kaykit/resource-bits/Assets/gltf/Fuel_B_Barrel_Dirty.gltf,3021,UNREF,yes,UNREF,"reject: toy-style props, off Style G",no (.gdignore)
assets/incoming/kaykit/resource-bits/Assets/gltf/Fuel_B_Barrels.gltf,3053,UNREF,yes,UNREF,"reject: toy-style props, off Style G",no (.gdignore)
assets/incoming/kaykit/resource-bits/Assets/gltf/Fuel_B_Jerrycan.gltf,3048,UNREF,yes,UNREF,"reject: toy-style props, off Style G",no (.gdignore)
assets/incoming/kaykit/resource-bits/Assets/gltf/Fuel_C_Barrel.gltf,3000,UNREF,yes,UNREF,"reject: toy-style props, off Style G",no (.gdignore)
assets/incoming/kaykit/resource-bits/Assets/gltf/Fuel_C_Barrel_Dirty.gltf,3021,UNREF,yes,UNREF,"reject: toy-style props, off Style G",no (.gdignore)
assets/incoming/kaykit/resource-bits/Assets/gltf/Fuel_C_Barrels.gltf,3053,UNREF,yes,UNREF,"reject: toy-style props, off Style G",no (.gdignore)
assets/incoming/kaykit/resource-bits/Assets/gltf/Fuel_C_Jerrycan.gltf,3048,UNREF,yes,UNREF,"reject: toy-style props, off Style G",no (.gdignore)
assets/incoming/kaykit/resource-bits/Assets/gltf/Gold_Bar.gltf,3040,UNREF,yes,UNREF,"reject: toy-style props, off Style G",no (.gdignore)
assets/incoming/kaykit/resource-bits/Assets/gltf/Gold_Bars.gltf,3051,UNREF,yes,UNREF,"reject: toy-style props, off Style G",no (.gdignore)
assets/incoming/kaykit/resource-bits/Assets/gltf/Gold_Bars_Stack_Large.gltf,3079,UNREF,yes,UNREF,"reject: toy-style props, off Style G",no (.gdignore)
assets/incoming/kaykit/resource-bits/Assets/gltf/Gold_Bars_Stack_Medium.gltf,3079,UNREF,yes,UNREF,"reject: toy-style props, off Style G",no (.gdignore)
assets/incoming/kaykit/resource-bits/Assets/gltf/Gold_Bars_Stack_Small.gltf,3071,UNREF,yes,UNREF,"reject: toy-style props, off Style G",no (.gdignore)
assets/incoming/kaykit/resource-bits/Assets/gltf/Gold_Nugget_Large.gltf,3068,UNREF,yes,UNREF,"reject: toy-style props, off Style G",no (.gdignore)
assets/incoming/kaykit/resource-bits/Assets/gltf/Gold_Nugget_Medium.gltf,3067,UNREF,yes,UNREF,"reject: toy-style props, off Style G",no (.gdignore)
assets/incoming/kaykit/resource-bits/Assets/gltf/Gold_Nugget_Small.gltf,3068,UNREF,yes,UNREF,"reject: toy-style props, off Style G",no (.gdignore)
assets/incoming/kaykit/resource-bits/Assets/gltf/Gold_Nuggets.gltf,3058,UNREF,yes,UNREF,"reject: toy-style props, off Style G",no (.gdignore)
assets/incoming/kaykit/resource-bits/Assets/gltf/Iron_Bar.gltf,3040,UNREF,yes,UNREF,"reject: toy-style props, off Style G",no (.gdignore)
assets/incoming/kaykit/resource-bits/Assets/gltf/Iron_Bars.gltf,3051,UNREF,yes,UNREF,"reject: toy-style props, off Style G",no (.gdignore)
assets/incoming/kaykit/resource-bits/Assets/gltf/Iron_Bars_Stack_Large.gltf,3079,UNREF,yes,UNREF,"reject: toy-style props, off Style G",no (.gdignore)
assets/incoming/kaykit/resource-bits/Assets/gltf/Iron_Bars_Stack_Medium.gltf,3079,UNREF,yes,UNREF,"reject: toy-style props, off Style G",no (.gdignore)
assets/incoming/kaykit/resource-bits/Assets/gltf/Iron_Bars_Stack_Small.gltf,3071,UNREF,yes,UNREF,"reject: toy-style props, off Style G",no (.gdignore)
assets/incoming/kaykit/resource-bits/Assets/gltf/Iron_Nugget_Large.gltf,3068,UNREF,yes,UNREF,"reject: toy-style props, off Style G",no (.gdignore)
assets/incoming/kaykit/resource-bits/Assets/gltf/Iron_Nugget_Medium.gltf,3067,UNREF,yes,UNREF,"reject: toy-style props, off Style G",no (.gdignore)
assets/incoming/kaykit/resource-bits/Assets/gltf/Iron_Nugget_Small.gltf,3068,UNREF,yes,UNREF,"reject: toy-style props, off Style G",no (.gdignore)
assets/incoming/kaykit/resource-bits/Assets/gltf/Iron_Nuggets.gltf,3058,UNREF,yes,UNREF,"reject: toy-style props, off Style G",no (.gdignore)
assets/incoming/kaykit/resource-bits/Assets/gltf/Pallet_Wood.gltf,3053,UNREF,yes,UNREF,"reject: toy-style props, off Style G",no (.gdignore)
assets/incoming/kaykit/resource-bits/Assets/gltf/Pallet_Wood_Covered_A.gltf,3084,UNREF,yes,UNREF,"reject: toy-style props, off Style G",no (.gdignore)
assets/incoming/kaykit/resource-bits/Assets/gltf/Pallet_Wood_Covered_B.gltf,3084,UNREF,yes,UNREF,"reject: toy-style props, off Style G",no (.gdignore)
assets/incoming/kaykit/resource-bits/Assets/gltf/Parts_Cog.gltf,3047,UNREF,yes,UNREF,"reject: toy-style props, off Style G",no (.gdignore)
assets/incoming/kaykit/resource-bits/Assets/gltf/Parts_Pile_Large.gltf,3078,UNREF,yes,UNREF,"reject: toy-style props, off Style G",no (.gdignore)
assets/incoming/kaykit/resource-bits/Assets/gltf/Parts_Pile_Medium.gltf,3058,UNREF,yes,UNREF,"reject: toy-style props, off Style G",no (.gdignore)
assets/incoming/kaykit/resource-bits/Assets/gltf/Parts_Pile_Small.gltf,3075,UNREF,yes,UNREF,"reject: toy-style props, off Style G",no (.gdignore)
assets/incoming/kaykit/resource-bits/Assets/gltf/Silver_Bar.gltf,3046,UNREF,yes,UNREF,"reject: toy-style props, off Style G",no (.gdignore)
assets/incoming/kaykit/resource-bits/Assets/gltf/Silver_Bars.gltf,3057,UNREF,yes,UNREF,"reject: toy-style props, off Style G",no (.gdignore)
assets/incoming/kaykit/resource-bits/Assets/gltf/Silver_Bars_Stack_Large.gltf,3085,UNREF,yes,UNREF,"reject: toy-style props, off Style G",no (.gdignore)
assets/incoming/kaykit/resource-bits/Assets/gltf/Silver_Bars_Stack_Medium.gltf,3085,UNREF,yes,UNREF,"reject: toy-style props, off Style G",no (.gdignore)
assets/incoming/kaykit/resource-bits/Assets/gltf/Silver_Bars_Stack_Small.gltf,3077,UNREF,yes,UNREF,"reject: toy-style props, off Style G",no (.gdignore)
assets/incoming/kaykit/resource-bits/Assets/gltf/Silver_Nugget_Large.gltf,3074,UNREF,yes,UNREF,"reject: toy-style props, off Style G",no (.gdignore)
assets/incoming/kaykit/resource-bits/Assets/gltf/Silver_Nugget_Medium.gltf,3073,UNREF,yes,UNREF,"reject: toy-style props, off Style G",no (.gdignore)
assets/incoming/kaykit/resource-bits/Assets/gltf/Silver_Nugget_Small.gltf,3074,UNREF,yes,UNREF,"reject: toy-style props, off Style G",no (.gdignore)
assets/incoming/kaykit/resource-bits/Assets/gltf/Silver_Nuggets.gltf,3064,UNREF,yes,UNREF,"reject: toy-style props, off Style G",no (.gdignore)
assets/incoming/kaykit/resource-bits/Assets/gltf/Stone_Brick.gltf,3019,UNREF,yes,UNREF,"reject: toy-style props, off Style G",no (.gdignore)
assets/incoming/kaykit/resource-bits/Assets/gltf/Stone_Bricks_Stack_Large.gltf,3098,UNREF,yes,UNREF,"reject: toy-style props, off Style G",no (.gdignore)
assets/incoming/kaykit/resource-bits/Assets/gltf/Stone_Bricks_Stack_Medium.gltf,3100,UNREF,yes,UNREF,"reject: toy-style props, off Style G",no (.gdignore)
assets/incoming/kaykit/resource-bits/Assets/gltf/Stone_Bricks_Stack_Small.gltf,3090,UNREF,yes,UNREF,"reject: toy-style props, off Style G",no (.gdignore)
assets/incoming/kaykit/resource-bits/Assets/gltf/Stone_Chunks_Large.gltf,3079,UNREF,yes,UNREF,"reject: toy-style props, off Style G",no (.gdignore)
assets/incoming/kaykit/resource-bits/Assets/gltf/Stone_Chunks_Small.gltf,3078,UNREF,yes,UNREF,"reject: toy-style props, off Style G",no (.gdignore)
assets/incoming/kaykit/resource-bits/Assets/gltf/Textiles_A.gltf,3026,UNREF,yes,UNREF,"reject: toy-style props, off Style G",no (.gdignore)
assets/incoming/kaykit/resource-bits/Assets/gltf/Textiles_B.gltf,3056,UNREF,yes,UNREF,"reject: toy-style props, off Style G",no (.gdignore)
assets/incoming/kaykit/resource-bits/Assets/gltf/Textiles_C.gltf,3050,UNREF,yes,UNREF,"reject: toy-style props, off Style G",no (.gdignore)
assets/incoming/kaykit/resource-bits/Assets/gltf/Textiles_Stack_Large.gltf,3088,UNREF,yes,UNREF,"reject: toy-style props, off Style G",no (.gdignore)
assets/incoming/kaykit/resource-bits/Assets/gltf/Textiles_Stack_Large_Colored.gltf,3112,UNREF,yes,UNREF,"reject: toy-style props, off Style G",no (.gdignore)
assets/incoming/kaykit/resource-bits/Assets/gltf/Textiles_Stack_Small.gltf,3087,UNREF,yes,UNREF,"reject: toy-style props, off Style G",no (.gdignore)
assets/incoming/kaykit/resource-bits/Assets/gltf/Wood_Log_A.gltf,3056,UNREF,yes,UNREF,"reject: toy-style props, off Style G",no (.gdignore)
assets/incoming/kaykit/resource-bits/Assets/gltf/Wood_Log_B.gltf,3051,UNREF,yes,UNREF,"reject: toy-style props, off Style G",no (.gdignore)
assets/incoming/kaykit/resource-bits/Assets/gltf/Wood_Log_Stack.gltf,3073,UNREF,yes,UNREF,"reject: toy-style props, off Style G",no (.gdignore)
assets/incoming/kaykit/resource-bits/Assets/gltf/Wood_Plank_A.gltf,2998,UNREF,yes,UNREF,"reject: toy-style props, off Style G",no (.gdignore)
assets/incoming/kaykit/resource-bits/Assets/gltf/Wood_Plank_B.gltf,3005,UNREF,yes,UNREF,"reject: toy-style props, off Style G",no (.gdignore)
assets/incoming/kaykit/resource-bits/Assets/gltf/Wood_Plank_C.gltf,3006,UNREF,yes,UNREF,"reject: toy-style props, off Style G",no (.gdignore)
assets/incoming/kaykit/resource-bits/Assets/gltf/Wood_Planks_Stack_Large.gltf,3095,UNREF,yes,UNREF,"reject: toy-style props, off Style G",no (.gdignore)
assets/incoming/kaykit/resource-bits/Assets/gltf/Wood_Planks_Stack_Medium.gltf,3098,UNREF,yes,UNREF,"reject: toy-style props, off Style G",no (.gdignore)
assets/incoming/kaykit/resource-bits/Assets/gltf/Wood_Planks_Stack_Small.gltf,3089,UNREF,yes,UNREF,"reject: toy-style props, off Style G",no (.gdignore)
assets/incoming/kaykit/restaurant-bits/addons/kaykit_restaurant_bits/Assets/gltf/bowl.gltf,3041,,,TOOLS-ONLY,"reject: toy-style props, off Style G",no (.gdignore)
assets/incoming/kaykit/restaurant-bits/addons/kaykit_restaurant_bits/Assets/gltf/bowl_dirty.gltf,3054,UNREF,yes,UNREF,"reject: toy-style props, off Style G",no (.gdignore)
assets/incoming/kaykit/restaurant-bits/addons/kaykit_restaurant_bits/Assets/gltf/bowl_small.gltf,3040,UNREF,yes,UNREF,"reject: toy-style props, off Style G",no (.gdignore)
assets/incoming/kaykit/restaurant-bits/addons/kaykit_restaurant_bits/Assets/gltf/chair_A.gltf,3037,UNREF,yes,UNREF,"reject: toy-style props, off Style G",no (.gdignore)
assets/incoming/kaykit/restaurant-bits/addons/kaykit_restaurant_bits/Assets/gltf/chair_B.gltf,3037,UNREF,yes,UNREF,"reject: toy-style props, off Style G",no (.gdignore)
assets/incoming/kaykit/restaurant-bits/addons/kaykit_restaurant_bits/Assets/gltf/chair_stool.gltf,3009,UNREF,yes,UNREF,"reject: toy-style props, off Style G",no (.gdignore)
assets/incoming/kaykit/restaurant-bits/addons/kaykit_restaurant_bits/Assets/gltf/crate_buns.gltf,3041,UNREF,yes,UNREF,"reject: toy-style props, off Style G",no (.gdignore)
assets/incoming/kaykit/restaurant-bits/addons/kaykit_restaurant_bits/Assets/gltf/crate_cheese.gltf,3043,UNREF,yes,UNREF,"reject: toy-style props, off Style G",no (.gdignore)
assets/incoming/kaykit/restaurant-bits/addons/kaykit_restaurant_bits/Assets/gltf/crate_ham.gltf,3030,UNREF,yes,UNREF,"reject: toy-style props, off Style G",no (.gdignore)
assets/incoming/kaykit/restaurant-bits/addons/kaykit_restaurant_bits/Assets/gltf/crate_lettuce.gltf,3046,UNREF,yes,UNREF,"reject: toy-style props, off Style G",no (.gdignore)
assets/incoming/kaykit/restaurant-bits/addons/kaykit_restaurant_bits/Assets/gltf/crate_lid.gltf,2980,UNREF,yes,UNREF,"reject: toy-style props, off Style G",no (.gdignore)
assets/incoming/kaykit/restaurant-bits/addons/kaykit_restaurant_bits/Assets/gltf/crate_onions.gltf,3043,UNREF,yes,UNREF,"reject: toy-style props, off Style G",no (.gdignore)
assets/incoming/kaykit/restaurant-bits/addons/kaykit_restaurant_bits/Assets/gltf/crate_potatoes.gltf,3040,UNREF,yes,UNREF,"reject: toy-style props, off Style G",no (.gdignore)
assets/incoming/kaykit/restaurant-bits/addons/kaykit_restaurant_bits/Assets/gltf/crate_steak.gltf,3041,UNREF,yes,UNREF,"reject: toy-style props, off Style G",no (.gdignore)
assets/incoming/kaykit/restaurant-bits/addons/kaykit_restaurant_bits/Assets/gltf/crate_tomatoes.gltf,3048,UNREF,yes,UNREF,"reject: toy-style props, off Style G",no (.gdignore)
assets/incoming/kaykit/restaurant-bits/addons/kaykit_restaurant_bits/Assets/gltf/cuttingboard.gltf,2966,UNREF,yes,UNREF,"reject: toy-style props, off Style G",no (.gdignore)
assets/incoming/kaykit/restaurant-bits/addons/kaykit_restaurant_bits/Assets/gltf/dishrack.gltf,3030,UNREF,yes,UNREF,"reject: toy-style props, off Style G",no (.gdignore)
assets/incoming/kaykit/restaurant-bits/addons/kaykit_restaurant_bits/Assets/gltf/dishrack_plates.gltf,3052,UNREF,yes,UNREF,"reject: toy-style props, off Style G",no (.gdignore)
assets/incoming/kaykit/restaurant-bits/addons/kaykit_restaurant_bits/Assets/gltf/door_A.gltf,3026,UNREF,yes,UNREF,"reject: toy-style props, off Style G",no (.gdignore)
assets/incoming/kaykit/restaurant-bits/addons/kaykit_restaurant_bits/Assets/gltf/door_B.gltf,3026,UNREF,yes,UNREF,"reject: toy-style props, off Style G",no (.gdignore)
assets/incoming/kaykit/restaurant-bits/addons/kaykit_restaurant_bits/Assets/gltf/extractorhood.gltf,2967,UNREF,yes,UNREF,"reject: toy-style props, off Style G",no (.gdignore)
assets/incoming/kaykit/restaurant-bits/addons/kaykit_restaurant_bits/Assets/gltf/floor_kitchen.gltf,2947,UNREF,yes,UNREF,"reject: toy-style props, off Style G",no (.gdignore)
assets/incoming/kaykit/restaurant-bits/addons/kaykit_restaurant_bits/Assets/gltf/floor_kitchen_small.gltf,2959,UNREF,yes,UNREF,"reject: toy-style props, off Style G",no (.gdignore)
assets/incoming/kaykit/restaurant-bits/addons/kaykit_restaurant_bits/Assets/gltf/food_burger.gltf,3066,UNREF,yes,UNREF,"reject: toy-style props, off Style G",no (.gdignore)
assets/incoming/kaykit/restaurant-bits/addons/kaykit_restaurant_bits/Assets/gltf/food_dinner.gltf,3065,UNREF,yes,UNREF,"reject: toy-style props, off Style G",no (.gdignore)
assets/incoming/kaykit/restaurant-bits/addons/kaykit_restaurant_bits/Assets/gltf/food_ingredient_bun.gltf,3071,UNREF,yes,UNREF,"reject: toy-style props, off Style G",no (.gdignore)
assets/incoming/kaykit/restaurant-bits/addons/kaykit_restaurant_bits/Assets/gltf/food_ingredient_bun_bottom.gltf,3082,UNREF,yes,UNREF,"reject: toy-style props, off Style G",no (.gdignore)
assets/incoming/kaykit/restaurant-bits/addons/kaykit_restaurant_bits/Assets/gltf/food_ingredient_bun_top.gltf,3076,UNREF,yes,UNREF,"reject: toy-style props, off Style G",no (.gdignore)
assets/incoming/kaykit/restaurant-bits/addons/kaykit_restaurant_bits/Assets/gltf/food_ingredient_burger_cooked.gltf,3092,UNREF,yes,UNREF,"reject: toy-style props, off Style G",no (.gdignore)
assets/incoming/kaykit/restaurant-bits/addons/kaykit_restaurant_bits/Assets/gltf/food_ingredient_burger_trash.gltf,3090,UNREF,yes,UNREF,"reject: toy-style props, off Style G",no (.gdignore)
assets/incoming/kaykit/restaurant-bits/addons/kaykit_restaurant_bits/Assets/gltf/food_ingredient_burger_uncooked.gltf,3096,UNREF,yes,UNREF,"reject: toy-style props, off Style G",no (.gdignore)
assets/incoming/kaykit/restaurant-bits/addons/kaykit_restaurant_bits/Assets/gltf/food_ingredient_carrot.gltf,3076,UNREF,yes,UNREF,"reject: toy-style props, off Style G",no (.gdignore)
assets/incoming/kaykit/restaurant-bits/addons/kaykit_restaurant_bits/Assets/gltf/food_ingredient_carrot_chopped.gltf,3097,UNREF,yes,UNREF,"reject: toy-style props, off Style G",no (.gdignore)
assets/incoming/kaykit/restaurant-bits/addons/kaykit_restaurant_bits/Assets/gltf/food_ingredient_carrot_pieces.gltf,3096,UNREF,yes,UNREF,"reject: toy-style props, off Style G",no (.gdignore)
assets/incoming/kaykit/restaurant-bits/addons/kaykit_restaurant_bits/Assets/gltf/food_ingredient_cheese.gltf,3061,UNREF,yes,UNREF,"reject: toy-style props, off Style G",no (.gdignore)
assets/incoming/kaykit/restaurant-bits/addons/kaykit_restaurant_bits/Assets/gltf/food_ingredient_cheese_chopped.gltf,3091,UNREF,yes,UNREF,"reject: toy-style props, off Style G",no (.gdignore)
assets/incoming/kaykit/restaurant-bits/addons/kaykit_restaurant_bits/Assets/gltf/food_ingredient_cheese_slice.gltf,3080,UNREF,yes,UNREF,"reject: toy-style props, off Style G",no (.gdignore)
assets/incoming/kaykit/restaurant-bits/addons/kaykit_restaurant_bits/Assets/gltf/food_ingredient_ham.gltf,3068,UNREF,yes,UNREF,"reject: toy-style props, off Style G",no (.gdignore)
assets/incoming/kaykit/restaurant-bits/addons/kaykit_restaurant_bits/Assets/gltf/food_ingredient_ham_cooked.gltf,3082,UNREF,yes,UNREF,"reject: toy-style props, off Style G",no (.gdignore)
assets/incoming/kaykit/restaurant-bits/addons/kaykit_restaurant_bits/Assets/gltf/food_ingredient_ham_trash.gltf,3080,UNREF,yes,UNREF,"reject: toy-style props, off Style G",no (.gdignore)
assets/incoming/kaykit/restaurant-bits/addons/kaykit_restaurant_bits/Assets/gltf/food_ingredient_lettuce.gltf,3193,UNREF,yes,UNREF,"reject: toy-style props, off Style G",no (.gdignore)
assets/incoming/kaykit/restaurant-bits/addons/kaykit_restaurant_bits/Assets/gltf/food_ingredient_lettuce_chopped.gltf,3208,UNREF,yes,UNREF,"reject: toy-style props, off Style G",no (.gdignore)
assets/incoming/kaykit/restaurant-bits/addons/kaykit_restaurant_bits/Assets/gltf/food_ingredient_lettuce_slice.gltf,3086,UNREF,yes,UNREF,"reject: toy-style props, off Style G",no (.gdignore)
assets/incoming/kaykit/restaurant-bits/addons/kaykit_restaurant_bits/Assets/gltf/food_ingredient_onion.gltf,3060,UNREF,yes,UNREF,"reject: toy-style props, off Style G",no (.gdignore)
assets/incoming/kaykit/restaurant-bits/addons/kaykit_restaurant_bits/Assets/gltf/food_ingredient_onion_chopped.gltf,3092,UNREF,yes,UNREF,"reject: toy-style props, off Style G",no (.gdignore)
assets/incoming/kaykit/restaurant-bits/addons/kaykit_restaurant_bits/Assets/gltf/food_ingredient_onion_rings.gltf,3085,UNREF,yes,UNREF,"reject: toy-style props, off Style G",no (.gdignore)
assets/incoming/kaykit/restaurant-bits/addons/kaykit_restaurant_bits/Assets/gltf/food_ingredient_potato.gltf,3064,UNREF,yes,UNREF,"reject: toy-style props, off Style G",no (.gdignore)
assets/incoming/kaykit/restaurant-bits/addons/kaykit_restaurant_bits/Assets/gltf/food_ingredient_potato_chopped.gltf,3090,UNREF,yes,UNREF,"reject: toy-style props, off Style G",no (.gdignore)
assets/incoming/kaykit/restaurant-bits/addons/kaykit_restaurant_bits/Assets/gltf/food_ingredient_potato_mashed.gltf,3083,UNREF,yes,UNREF,"reject: toy-style props, off Style G",no (.gdignore)
assets/incoming/kaykit/restaurant-bits/addons/kaykit_restaurant_bits/Assets/gltf/food_ingredient_steak.gltf,3077,UNREF,yes,UNREF,"reject: toy-style props, off Style G",no (.gdignore)
assets/incoming/kaykit/restaurant-bits/addons/kaykit_restaurant_bits/Assets/gltf/food_ingredient_steak_pieces.gltf,3083,UNREF,yes,UNREF,"reject: toy-style props, off Style G",no (.gdignore)
assets/incoming/kaykit/restaurant-bits/addons/kaykit_restaurant_bits/Assets/gltf/food_ingredient_tomato.gltf,3082,UNREF,yes,UNREF,"reject: toy-style props, off Style G",no (.gdignore)
assets/incoming/kaykit/restaurant-bits/addons/kaykit_restaurant_bits/Assets/gltf/food_ingredient_tomato_slice.gltf,3092,UNREF,yes,UNREF,"reject: toy-style props, off Style G",no (.gdignore)
assets/incoming/kaykit/restaurant-bits/addons/kaykit_restaurant_bits/Assets/gltf/food_ingredient_tomato_slices.gltf,3097,UNREF,yes,UNREF,"reject: toy-style props, off Style G",no (.gdignore)
assets/incoming/kaykit/restaurant-bits/addons/kaykit_restaurant_bits/Assets/gltf/food_ingredient_vegetableburger_cooked.gltf,3115,UNREF,yes,UNREF,"reject: toy-style props, off Style G",no (.gdignore)
assets/incoming/kaykit/restaurant-bits/addons/kaykit_restaurant_bits/Assets/gltf/food_ingredient_vegetableburger_uncooked.gltf,3119,UNREF,yes,UNREF,"reject: toy-style props, off Style G",no (.gdignore)
assets/incoming/kaykit/restaurant-bits/addons/kaykit_restaurant_bits/Assets/gltf/food_stew.gltf,3056,UNREF,yes,UNREF,"reject: toy-style props, off Style G",no (.gdignore)
assets/incoming/kaykit/restaurant-bits/addons/kaykit_restaurant_bits/Assets/gltf/food_vegetableburger.gltf,3085,UNREF,yes,UNREF,"reject: toy-style props, off Style G",no (.gdignore)
assets/incoming/kaykit/restaurant-bits/addons/kaykit_restaurant_bits/Assets/gltf/fridge_A.gltf,7062,UNREF,yes,UNREF,"reject: toy-style props, off Style G",no (.gdignore)
assets/incoming/kaykit/restaurant-bits/addons/kaykit_restaurant_bits/Assets/gltf/fridge_A_decorated.gltf,7125,UNREF,yes,UNREF,"reject: toy-style props, off Style G",no (.gdignore)
assets/incoming/kaykit/restaurant-bits/addons/kaykit_restaurant_bits/Assets/gltf/fridge_B.gltf,5016,UNREF,yes,UNREF,"reject: toy-style props, off Style G",no (.gdignore)
assets/incoming/kaykit/restaurant-bits/addons/kaykit_restaurant_bits/Assets/gltf/jar_A_large.gltf,3027,UNREF,yes,UNREF,"reject: toy-style props, off Style G",no (.gdignore)
assets/incoming/kaykit/restaurant-bits/addons/kaykit_restaurant_bits/Assets/gltf/jar_A_medium.gltf,3029,UNREF,yes,UNREF,"reject: toy-style props, off Style G",no (.gdignore)
assets/incoming/kaykit/restaurant-bits/addons/kaykit_restaurant_bits/Assets/gltf/jar_A_small.gltf,3056,UNREF,yes,UNREF,"reject: toy-style props, off Style G",no (.gdignore)
assets/incoming/kaykit/restaurant-bits/addons/kaykit_restaurant_bits/Assets/gltf/jar_B_large.gltf,3027,UNREF,yes,UNREF,"reject: toy-style props, off Style G",no (.gdignore)
assets/incoming/kaykit/restaurant-bits/addons/kaykit_restaurant_bits/Assets/gltf/jar_B_medium.gltf,3029,UNREF,yes,UNREF,"reject: toy-style props, off Style G",no (.gdignore)
assets/incoming/kaykit/restaurant-bits/addons/kaykit_restaurant_bits/Assets/gltf/jar_B_small.gltf,3056,UNREF,yes,UNREF,"reject: toy-style props, off Style G",no (.gdignore)
assets/incoming/kaykit/restaurant-bits/addons/kaykit_restaurant_bits/Assets/gltf/jar_C_large.gltf,3027,UNREF,yes,UNREF,"reject: toy-style props, off Style G",no (.gdignore)
assets/incoming/kaykit/restaurant-bits/addons/kaykit_restaurant_bits/Assets/gltf/jar_C_medium.gltf,3029,UNREF,yes,UNREF,"reject: toy-style props, off Style G",no (.gdignore)
assets/incoming/kaykit/restaurant-bits/addons/kaykit_restaurant_bits/Assets/gltf/jar_C_small.gltf,3056,UNREF,yes,UNREF,"reject: toy-style props, off Style G",no (.gdignore)
assets/incoming/kaykit/restaurant-bits/addons/kaykit_restaurant_bits/Assets/gltf/jar_D_large.gltf,3027,UNREF,yes,UNREF,"reject: toy-style props, off Style G",no (.gdignore)
assets/incoming/kaykit/restaurant-bits/addons/kaykit_restaurant_bits/Assets/gltf/jar_D_medium.gltf,3029,UNREF,yes,UNREF,"reject: toy-style props, off Style G",no (.gdignore)
assets/incoming/kaykit/restaurant-bits/addons/kaykit_restaurant_bits/Assets/gltf/jar_D_small.gltf,3056,UNREF,yes,UNREF,"reject: toy-style props, off Style G",no (.gdignore)
assets/incoming/kaykit/restaurant-bits/addons/kaykit_restaurant_bits/Assets/gltf/ketchup.gltf,3030,UNREF,yes,UNREF,"reject: toy-style props, off Style G",no (.gdignore)
assets/incoming/kaykit/restaurant-bits/addons/kaykit_restaurant_bits/Assets/gltf/kitchencabinet.gltf,2965,UNREF,yes,UNREF,"reject: toy-style props, off Style G",no (.gdignore)
assets/incoming/kaykit/restaurant-bits/addons/kaykit_restaurant_bits/Assets/gltf/kitchencabinet_corner.gltf,2964,UNREF,yes,UNREF,"reject: toy-style props, off Style G",no (.gdignore)
assets/incoming/kaykit/restaurant-bits/addons/kaykit_restaurant_bits/Assets/gltf/kitchencabinet_corner_half.gltf,2974,UNREF,yes,UNREF,"reject: toy-style props, off Style G",no (.gdignore)
assets/incoming/kaykit/restaurant-bits/addons/kaykit_restaurant_bits/Assets/gltf/kitchencabinet_half.gltf,2975,UNREF,yes,UNREF,"reject: toy-style props, off Style G",no (.gdignore)
assets/incoming/kaykit/restaurant-bits/addons/kaykit_restaurant_bits/Assets/gltf/kitchencounter_innercorner.gltf,2967,UNREF,yes,UNREF,"reject: toy-style props, off Style G",no (.gdignore)
assets/incoming/kaykit/restaurant-bits/addons/kaykit_restaurant_bits/Assets/gltf/kitchencounter_innercorner_backsplash.gltf,3009,UNREF,yes,UNREF,"reject: toy-style props, off Style G",no (.gdignore)
assets/incoming/kaykit/restaurant-bits/addons/kaykit_restaurant_bits/Assets/gltf/kitchencounter_outercorner.gltf,2984,UNREF,yes,UNREF,"reject: toy-style props, off Style G",no (.gdignore)
assets/incoming/kaykit/restaurant-bits/addons/kaykit_restaurant_bits/Assets/gltf/kitchencounter_outercorner_backsplash.gltf,3026,UNREF,yes,UNREF,"reject: toy-style props, off Style G",no (.gdignore)
assets/incoming/kaykit/restaurant-bits/addons/kaykit_restaurant_bits/Assets/gltf/kitchencounter_sink.gltf,3000,UNREF,yes,UNREF,"reject: toy-style props, off Style G",no (.gdignore)
assets/incoming/kaykit/restaurant-bits/addons/kaykit_restaurant_bits/Assets/gltf/kitchencounter_sink_backsplash.gltf,3020,UNREF,yes,UNREF,"reject: toy-style props, off Style G",no (.gdignore)
assets/incoming/kaykit/restaurant-bits/addons/kaykit_restaurant_bits/Assets/gltf/kitchencounter_straight_A.gltf,2989,UNREF,yes,UNREF,"reject: toy-style props, off Style G",no (.gdignore)
assets/incoming/kaykit/restaurant-bits/addons/kaykit_restaurant_bits/Assets/gltf/kitchencounter_straight_A_backsplash.gltf,3028,UNREF,yes,UNREF,"reject: toy-style props, off Style G",no (.gdignore)
assets/incoming/kaykit/restaurant-bits/addons/kaykit_restaurant_bits/Assets/gltf/kitchencounter_straight_A_decorated.gltf,3055,UNREF,yes,UNREF,"reject: toy-style props, off Style G",no (.gdignore)
assets/incoming/kaykit/restaurant-bits/addons/kaykit_restaurant_bits/Assets/gltf/kitchencounter_straight_B.gltf,2989,UNREF,yes,UNREF,"reject: toy-style props, off Style G",no (.gdignore)
assets/incoming/kaykit/restaurant-bits/addons/kaykit_restaurant_bits/Assets/gltf/kitchencounter_straight_B_backsplash.gltf,3028,UNREF,yes,UNREF,"reject: toy-style props, off Style G",no (.gdignore)
assets/incoming/kaykit/restaurant-bits/addons/kaykit_restaurant_bits/Assets/gltf/kitchencounter_straight_decorated.gltf,3029,UNREF,yes,UNREF,"reject: toy-style props, off Style G",no (.gdignore)
assets/incoming/kaykit/restaurant-bits/addons/kaykit_restaurant_bits/Assets/gltf/kitchentable_A.gltf,2974,UNREF,yes,UNREF,"reject: toy-style props, off Style G",no (.gdignore)
assets/incoming/kaykit/restaurant-bits/addons/kaykit_restaurant_bits/Assets/gltf/kitchentable_A_large.gltf,2990,UNREF,yes,UNREF,"reject: toy-style props, off Style G",no (.gdignore)
assets/incoming/kaykit/restaurant-bits/addons/kaykit_restaurant_bits/Assets/gltf/kitchentable_A_large_decorated.gltf,3037,UNREF,yes,UNREF,"reject: toy-style props, off Style G",no (.gdignore)
assets/incoming/kaykit/restaurant-bits/addons/kaykit_restaurant_bits/Assets/gltf/kitchentable_B.gltf,2974,UNREF,yes,UNREF,"reject: toy-style props, off Style G",no (.gdignore)
assets/incoming/kaykit/restaurant-bits/addons/kaykit_restaurant_bits/Assets/gltf/kitchentable_B_large.gltf,2990,UNREF,yes,UNREF,"reject: toy-style props, off Style G",no (.gdignore)
assets/incoming/kaykit/restaurant-bits/addons/kaykit_restaurant_bits/Assets/gltf/kitchentable_sink.gltf,3002,UNREF,yes,UNREF,"reject: toy-style props, off Style G",no (.gdignore)
assets/incoming/kaykit/restaurant-bits/addons/kaykit_restaurant_bits/Assets/gltf/kitchentable_sink_large.gltf,3000,UNREF,yes,UNREF,"reject: toy-style props, off Style G",no (.gdignore)
assets/incoming/kaykit/restaurant-bits/addons/kaykit_restaurant_bits/Assets/gltf/kitchentable_sink_large_decorated.gltf,3023,UNREF,yes,UNREF,"reject: toy-style props, off Style G",no (.gdignore)
assets/incoming/kaykit/restaurant-bits/addons/kaykit_restaurant_bits/Assets/gltf/lid_A.gltf,2984,UNREF,yes,UNREF,"reject: toy-style props, off Style G",no (.gdignore)
assets/incoming/kaykit/restaurant-bits/addons/kaykit_restaurant_bits/Assets/gltf/lid_B.gltf,2984,UNREF,yes,UNREF,"reject: toy-style props, off Style G",no (.gdignore)
assets/incoming/kaykit/restaurant-bits/addons/kaykit_restaurant_bits/Assets/gltf/lid_large.gltf,3023,UNREF,yes,UNREF,"reject: toy-style props, off Style G",no (.gdignore)
assets/incoming/kaykit/restaurant-bits/addons/kaykit_restaurant_bits/Assets/gltf/menu.gltf,2990,,,TOOLS-ONLY,"reject: toy-style props, off Style G",no (.gdignore)
assets/incoming/kaykit/restaurant-bits/addons/kaykit_restaurant_bits/Assets/gltf/mustard.gltf,3030,UNREF,yes,UNREF,"reject: toy-style props, off Style G",no (.gdignore)
assets/incoming/kaykit/restaurant-bits/addons/kaykit_restaurant_bits/Assets/gltf/oven.gltf,5058,,,TOOLS-ONLY,"reject: toy-style props, off Style G",no (.gdignore)
assets/incoming/kaykit/restaurant-bits/addons/kaykit_restaurant_bits/Assets/gltf/pan_006.gltf,2988,UNREF,yes,UNREF,"reject: toy-style props, off Style G",no (.gdignore)
assets/incoming/kaykit/restaurant-bits/addons/kaykit_restaurant_bits/Assets/gltf/pan_A.gltf,2947,UNREF,yes,UNREF,"reject: toy-style props, off Style G",no (.gdignore)
assets/incoming/kaykit/restaurant-bits/addons/kaykit_restaurant_bits/Assets/gltf/pan_B.gltf,2947,UNREF,yes,UNREF,"reject: toy-style props, off Style G",no (.gdignore)
assets/incoming/kaykit/restaurant-bits/addons/kaykit_restaurant_bits/Assets/gltf/papertowel.gltf,2995,UNREF,yes,UNREF,"reject: toy-style props, off Style G",no (.gdignore)
assets/incoming/kaykit/restaurant-bits/addons/kaykit_restaurant_bits/Assets/gltf/pillar_A.gltf,3022,UNREF,yes,UNREF,"reject: toy-style props, off Style G",no (.gdignore)
assets/incoming/kaykit/restaurant-bits/addons/kaykit_restaurant_bits/Assets/gltf/pillar_B.gltf,2958,UNREF,yes,UNREF,"reject: toy-style props, off Style G",no (.gdignore)
assets/incoming/kaykit/restaurant-bits/addons/kaykit_restaurant_bits/Assets/gltf/plate_dirty.gltf,3057,UNREF,yes,UNREF,"reject: toy-style props, off Style G",no (.gdignore)
assets/incoming/kaykit/restaurant-bits/addons/kaykit_restaurant_bits/Assets/gltf/plate_small.gltf,3015,UNREF,yes,UNREF,"reject: toy-style props, off Style G",no (.gdignore)
assets/incoming/kaykit/restaurant-bits/addons/kaykit_restaurant_bits/Assets/gltf/pot_A.gltf,2977,UNREF,yes,UNREF,"reject: toy-style props, off Style G",no (.gdignore)
assets/incoming/kaykit/restaurant-bits/addons/kaykit_restaurant_bits/Assets/gltf/pot_A_stew.gltf,3004,UNREF,yes,UNREF,"reject: toy-style props, off Style G",no (.gdignore)
assets/incoming/kaykit/restaurant-bits/addons/kaykit_restaurant_bits/Assets/gltf/pot_B.gltf,2977,UNREF,yes,UNREF,"reject: toy-style props, off Style G",no (.gdignore)
assets/incoming/kaykit/restaurant-bits/addons/kaykit_restaurant_bits/Assets/gltf/pot_B_stew.gltf,3004,UNREF,yes,UNREF,"reject: toy-style props, off Style G",no (.gdignore)
assets/incoming/kaykit/restaurant-bits/addons/kaykit_restaurant_bits/Assets/gltf/pot_large.gltf,2985,UNREF,yes,UNREF,"reject: toy-style props, off Style G",no (.gdignore)
assets/incoming/kaykit/restaurant-bits/addons/kaykit_restaurant_bits/Assets/gltf/shelf_papertowel.gltf,3009,UNREF,yes,UNREF,"reject: toy-style props, off Style G",no (.gdignore)
assets/incoming/kaykit/restaurant-bits/addons/kaykit_restaurant_bits/Assets/gltf/shelf_papertowel_decorated.gltf,3032,UNREF,yes,UNREF,"reject: toy-style props, off Style G",no (.gdignore)
assets/incoming/kaykit/restaurant-bits/addons/kaykit_restaurant_bits/Assets/gltf/stew_bowl.gltf,3051,UNREF,yes,UNREF,"reject: toy-style props, off Style G",no (.gdignore)
assets/incoming/kaykit/restaurant-bits/addons/kaykit_restaurant_bits/Assets/gltf/stew_pot.gltf,3046,UNREF,yes,UNREF,"reject: toy-style props, off Style G",no (.gdignore)
assets/incoming/kaykit/restaurant-bits/addons/kaykit_restaurant_bits/Assets/gltf/stove_multi.gltf,3006,UNREF,yes,UNREF,"reject: toy-style props, off Style G",no (.gdignore)
assets/incoming/kaykit/restaurant-bits/addons/kaykit_restaurant_bits/Assets/gltf/stove_multi_countertop.gltf,3075,UNREF,yes,UNREF,"reject: toy-style props, off Style G",no (.gdignore)
assets/incoming/kaykit/restaurant-bits/addons/kaykit_restaurant_bits/Assets/gltf/stove_multi_decorated.gltf,3046,UNREF,yes,UNREF,"reject: toy-style props, off Style G",no (.gdignore)
assets/incoming/kaykit/restaurant-bits/addons/kaykit_restaurant_bits/Assets/gltf/stove_single.gltf,3008,UNREF,yes,UNREF,"reject: toy-style props, off Style G",no (.gdignore)
assets/incoming/kaykit/restaurant-bits/addons/kaykit_restaurant_bits/Assets/gltf/stove_single_countertop.gltf,3073,UNREF,yes,UNREF,"reject: toy-style props, off Style G",no (.gdignore)
assets/incoming/kaykit/restaurant-bits/addons/kaykit_restaurant_bits/Assets/gltf/table_round_A.gltf,3001,UNREF,yes,UNREF,"reject: toy-style props, off Style G",no (.gdignore)
assets/incoming/kaykit/restaurant-bits/addons/kaykit_restaurant_bits/Assets/gltf/table_round_A_decorated.gltf,3034,UNREF,yes,UNREF,"reject: toy-style props, off Style G",no (.gdignore)
assets/incoming/kaykit/restaurant-bits/addons/kaykit_restaurant_bits/Assets/gltf/table_round_A_small.gltf,3017,UNREF,yes,UNREF,"reject: toy-style props, off Style G",no (.gdignore)
assets/incoming/kaykit/restaurant-bits/addons/kaykit_restaurant_bits/Assets/gltf/table_round_A_small_decorated.gltf,3039,UNREF,yes,UNREF,"reject: toy-style props, off Style G",no (.gdignore)
assets/incoming/kaykit/restaurant-bits/addons/kaykit_restaurant_bits/Assets/gltf/table_round_B.gltf,3000,UNREF,yes,UNREF,"reject: toy-style props, off Style G",no (.gdignore)
assets/incoming/kaykit/restaurant-bits/addons/kaykit_restaurant_bits/Assets/gltf/towelrail.gltf,3041,UNREF,yes,UNREF,"reject: toy-style props, off Style G",no (.gdignore)
assets/incoming/kaykit/restaurant-bits/addons/kaykit_restaurant_bits/Assets/gltf/wall.gltf,2983,,,TOOLS-ONLY,"reject: toy-style props, off Style G",no (.gdignore)
assets/incoming/kaykit/restaurant-bits/addons/kaykit_restaurant_bits/Assets/gltf/wall_decorated.gltf,3017,UNREF,yes,UNREF,"reject: toy-style props, off Style G",no (.gdignore)
assets/incoming/kaykit/restaurant-bits/addons/kaykit_restaurant_bits/Assets/gltf/wall_doorway.gltf,3000,UNREF,yes,UNREF,"reject: toy-style props, off Style G",no (.gdignore)
assets/incoming/kaykit/restaurant-bits/addons/kaykit_restaurant_bits/Assets/gltf/wall_half.gltf,2996,UNREF,yes,UNREF,"reject: toy-style props, off Style G",no (.gdignore)
assets/incoming/kaykit/restaurant-bits/addons/kaykit_restaurant_bits/Assets/gltf/wall_orderwindow.gltf,3026,UNREF,yes,UNREF,"reject: toy-style props, off Style G",no (.gdignore)
assets/incoming/kaykit/restaurant-bits/addons/kaykit_restaurant_bits/Assets/gltf/wall_orderwindow_decorated.gltf,3048,UNREF,yes,UNREF,"reject: toy-style props, off Style G",no (.gdignore)
assets/incoming/kaykit/restaurant-bits/addons/kaykit_restaurant_bits/Assets/gltf/wall_window_closed.gltf,3014,UNREF,yes,UNREF,"reject: toy-style props, off Style G",no (.gdignore)
assets/incoming/kaykit/restaurant-bits/addons/kaykit_restaurant_bits/Assets/gltf/wall_window_open.gltf,3010,UNREF,yes,UNREF,"reject: toy-style props, off Style G",no (.gdignore)
assets/incoming/kaykit/rpg-tools-bits/Assets/gltf/axe.gltf,3023,,,TOOLS-ONLY,"reject: toy-style props, off Style G",no (.gdignore)
assets/incoming/kaykit/rpg-tools-bits/Assets/gltf/blueprint_stacked.gltf,5264,UNREF,yes,UNREF,"reject: toy-style props, off Style G",no (.gdignore)
assets/incoming/kaykit/rpg-tools-bits/Assets/gltf/compass_base.gltf,9357,UNREF,yes,UNREF,"reject: toy-style props, off Style G",no (.gdignore)
assets/incoming/kaykit/rpg-tools-bits/Assets/gltf/drafting_compass.gltf,9322,UNREF,yes,UNREF,"reject: toy-style props, off Style G",no (.gdignore)
assets/incoming/kaykit/rpg-tools-bits/Assets/gltf/file.gltf,3023,,,TOOLS-ONLY,"reject: toy-style props, off Style G",no (.gdignore)
assets/incoming/kaykit/rpg-tools-bits/Assets/gltf/handdrill.gltf,3038,UNREF,yes,UNREF,"reject: toy-style props, off Style G",no (.gdignore)
assets/incoming/kaykit/rpg-tools-bits/Assets/gltf/handplane.gltf,3040,UNREF,yes,UNREF,"reject: toy-style props, off Style G",no (.gdignore)
assets/incoming/kaykit/rpg-tools-bits/Assets/gltf/journal_closed.gltf,3057,UNREF,yes,UNREF,"reject: toy-style props, off Style G",no (.gdignore)
assets/incoming/kaykit/rpg-tools-bits/Assets/gltf/journal_open.gltf,3049,UNREF,yes,UNREF,"reject: toy-style props, off Style G",no (.gdignore)
assets/incoming/kaykit/rpg-tools-bits/Assets/gltf/magnifying_glass.gltf,5194,UNREF,yes,UNREF,"reject: toy-style props, off Style G",no (.gdignore)
assets/incoming/kaykit/rpg-tools-bits/Assets/gltf/map.gltf,5222,,,TOOLS-ONLY,"reject: toy-style props, off Style G",no (.gdignore)
assets/incoming/kaykit/rpg-tools-bits/Assets/gltf/map_empty.gltf,5258,UNREF,yes,UNREF,"reject: toy-style props, off Style G",no (.gdignore)
assets/incoming/kaykit/rpg-tools-bits/Assets/gltf/map_rolled.gltf,3040,UNREF,yes,UNREF,"reject: toy-style props, off Style G",no (.gdignore)
assets/incoming/kaykit/rpg-tools-bits/Assets/gltf/nail.gltf,3015,,,TOOLS-ONLY,"reject: toy-style props, off Style G",no (.gdignore)
assets/incoming/kaykit/rpg-tools-bits/Assets/gltf/pencil_A_long.gltf,3045,UNREF,yes,UNREF,"reject: toy-style props, off Style G",no (.gdignore)
assets/incoming/kaykit/rpg-tools-bits/Assets/gltf/pencil_A_short.gltf,3049,UNREF,yes,UNREF,"reject: toy-style props, off Style G",no (.gdignore)
assets/incoming/kaykit/rpg-tools-bits/Assets/gltf/pencil_B_long.gltf,3051,UNREF,yes,UNREF,"reject: toy-style props, off Style G",no (.gdignore)
assets/incoming/kaykit/rpg-tools-bits/Assets/gltf/pencil_B_short.gltf,3054,UNREF,yes,UNREF,"reject: toy-style props, off Style G",no (.gdignore)
assets/incoming/kaykit/rpg-tools-bits/Assets/gltf/rope_bundle_A.gltf,3050,UNREF,yes,UNREF,"reject: toy-style props, off Style G",no (.gdignore)
assets/incoming/kaykit/rpg-tools-bits/Assets/gltf/rope_bundle_B.gltf,3049,UNREF,yes,UNREF,"reject: toy-style props, off Style G",no (.gdignore)
assets/incoming/kaykit/rpg-tools-bits/Assets/gltf/saw.gltf,3020,,,TOOLS-ONLY,"reject: toy-style props, off Style G",no (.gdignore)
assets/incoming/kaykit/rpg-tools-bits/Assets/gltf/scissors.gltf,5122,UNREF,yes,UNREF,"reject: toy-style props, off Style G",no (.gdignore)
assets/incoming/kaykit/rpg-tools-bits/Assets/gltf/screw_A.gltf,3033,UNREF,yes,UNREF,"reject: toy-style props, off Style G",no (.gdignore)
assets/incoming/kaykit/rpg-tools-bits/Assets/gltf/screw_B.gltf,3032,UNREF,yes,UNREF,"reject: toy-style props, off Style G",no (.gdignore)
assets/incoming/kaykit/rpg-tools-bits/Assets/gltf/screwdriver_A_long.gltf,3064,UNREF,yes,UNREF,"reject: toy-style props, off Style G",no (.gdignore)
assets/incoming/kaykit/rpg-tools-bits/Assets/gltf/screwdriver_A_long_color.gltf,3082,UNREF,yes,UNREF,"reject: toy-style props, off Style G",no (.gdignore)
assets/incoming/kaykit/rpg-tools-bits/Assets/gltf/screwdriver_A_short.gltf,3067,UNREF,yes,UNREF,"reject: toy-style props, off Style G",no (.gdignore)
assets/incoming/kaykit/rpg-tools-bits/Assets/gltf/screwdriver_A_short_color.gltf,3085,UNREF,yes,UNREF,"reject: toy-style props, off Style G",no (.gdignore)
assets/incoming/kaykit/rpg-tools-bits/Assets/gltf/screwdriver_B_long.gltf,3065,UNREF,yes,UNREF,"reject: toy-style props, off Style G",no (.gdignore)
assets/incoming/kaykit/rpg-tools-bits/Assets/gltf/screwdriver_B_long_color.gltf,3083,UNREF,yes,UNREF,"reject: toy-style props, off Style G",no (.gdignore)
assets/incoming/kaykit/rpg-tools-bits/Assets/gltf/screwdriver_B_short.gltf,3068,UNREF,yes,UNREF,"reject: toy-style props, off Style G",no (.gdignore)
assets/incoming/kaykit/rpg-tools-bits/Assets/gltf/screwdriver_B_short_color.gltf,3086,UNREF,yes,UNREF,"reject: toy-style props, off Style G",no (.gdignore)
assets/incoming/kaykit/rpg-tools-bits/Assets/gltf/torch_burnt.gltf,3046,UNREF,yes,UNREF,"reject: toy-style props, off Style G",no (.gdignore)
assets/incoming/kaykit/rpg-tools-bits/Assets/gltf/trowel.gltf,3025,UNREF,yes,UNREF,"reject: toy-style props, off Style G",no (.gdignore)
assets/incoming/kaykit/rpg-tools-bits/Assets/gltf/wrench_A.gltf,3035,UNREF,yes,UNREF,"reject: toy-style props, off Style G",no (.gdignore)
assets/incoming/kaykit/rpg-tools-bits/Assets/gltf/wrench_B.gltf,3034,UNREF,yes,UNREF,"reject: toy-style props, off Style G",no (.gdignore)
assets/incoming/kenney/castle-kit/Models/GLB format/bridge-draw.glb,5140,UNREF,yes,UNREF,"reject: flat-shaded toy kits, off Style G",no (.gdignore)
assets/incoming/kenney/castle-kit/Models/GLB format/bridge-straight-pillar.glb,14344,UNREF,yes,UNREF,"reject: flat-shaded toy kits, off Style G",no (.gdignore)
assets/incoming/kenney/castle-kit/Models/GLB format/bridge-straight.glb,16832,UNREF,yes,UNREF,"reject: flat-shaded toy kits, off Style G",no (.gdignore)
assets/incoming/kenney/castle-kit/Models/GLB format/door.glb,16968,,,TOOLS-ONLY,"reject: flat-shaded toy kits, off Style G",no (.gdignore)
assets/incoming/kenney/castle-kit/Models/GLB format/flag-banner-long.glb,6660,UNREF,yes,UNREF,"reject: flat-shaded toy kits, off Style G",no (.gdignore)
assets/incoming/kenney/castle-kit/Models/GLB format/flag-banner-short.glb,6664,UNREF,yes,UNREF,"reject: flat-shaded toy kits, off Style G",no (.gdignore)
assets/incoming/kenney/castle-kit/Models/GLB format/flag-pennant.glb,13652,UNREF,yes,UNREF,"reject: flat-shaded toy kits, off Style G",no (.gdignore)
assets/incoming/kenney/castle-kit/Models/GLB format/flag-wide.glb,25460,UNREF,yes,UNREF,"reject: flat-shaded toy kits, off Style G",no (.gdignore)
assets/incoming/kenney/castle-kit/Models/GLB format/flag.glb,15192,,,TOOLS-ONLY,"reject: flat-shaded toy kits, off Style G",no (.gdignore)
assets/incoming/kenney/castle-kit/Models/GLB format/gate.glb,13880,,,TOOLS-ONLY,"reject: flat-shaded toy kits, off Style G",no (.gdignore)
assets/incoming/kenney/castle-kit/Models/GLB format/ground-hills.glb,12732,UNREF,yes,UNREF,"reject: flat-shaded toy kits, off Style G",no (.gdignore)
assets/incoming/kenney/castle-kit/Models/GLB format/metal-gate.glb,23240,UNREF,yes,UNREF,"reject: flat-shaded toy kits, off Style G",no (.gdignore)
assets/incoming/kenney/castle-kit/Models/GLB format/rocks-large.glb,16204,UNREF,yes,UNREF,"reject: flat-shaded toy kits, off Style G",no (.gdignore)
assets/incoming/kenney/castle-kit/Models/GLB format/rocks-small.glb,15192,UNREF,yes,UNREF,"reject: flat-shaded toy kits, off Style G",no (.gdignore)
assets/incoming/kenney/castle-kit/Models/GLB format/siege-ballista-demolished.glb,54576,UNREF,yes,UNREF,"reject: flat-shaded toy kits, off Style G",no (.gdignore)
assets/incoming/kenney/castle-kit/Models/GLB format/siege-ballista.glb,64608,UNREF,yes,UNREF,"reject: flat-shaded toy kits, off Style G",no (.gdignore)
assets/incoming/kenney/castle-kit/Models/GLB format/siege-catapult-demolished.glb,71252,UNREF,yes,UNREF,"reject: flat-shaded toy kits, off Style G",no (.gdignore)
assets/incoming/kenney/castle-kit/Models/GLB format/siege-catapult.glb,86164,UNREF,yes,UNREF,"reject: flat-shaded toy kits, off Style G",no (.gdignore)
assets/incoming/kenney/castle-kit/Models/GLB format/siege-ram-demolished.glb,68036,UNREF,yes,UNREF,"reject: flat-shaded toy kits, off Style G",no (.gdignore)
assets/incoming/kenney/castle-kit/Models/GLB format/siege-ram.glb,103620,UNREF,yes,UNREF,"reject: flat-shaded toy kits, off Style G",no (.gdignore)
assets/incoming/kenney/castle-kit/Models/GLB format/siege-tower-demolished.glb,119700,UNREF,yes,UNREF,"reject: flat-shaded toy kits, off Style G",no (.gdignore)
assets/incoming/kenney/castle-kit/Models/GLB format/siege-trebuchet-demolished.glb,66012,UNREF,yes,UNREF,"reject: flat-shaded toy kits, off Style G",no (.gdignore)
assets/incoming/kenney/castle-kit/Models/GLB format/siege-trebuchet.glb,139848,UNREF,yes,UNREF,"reject: flat-shaded toy kits, off Style G",no (.gdignore)
assets/incoming/kenney/castle-kit/Models/GLB format/stairs-stone-square.glb,9556,UNREF,yes,UNREF,"reject: flat-shaded toy kits, off Style G",no (.gdignore)
assets/incoming/kenney/castle-kit/Models/GLB format/stairs-stone.glb,9836,UNREF,yes,UNREF,"reject: flat-shaded toy kits, off Style G",no (.gdignore)
assets/incoming/kenney/castle-kit/Models/GLB format/tower-base.glb,41724,UNREF,yes,UNREF,"reject: flat-shaded toy kits, off Style G",no (.gdignore)
assets/incoming/kenney/castle-kit/Models/GLB format/tower-hexagon-base.glb,8336,UNREF,yes,UNREF,"reject: flat-shaded toy kits, off Style G",no (.gdignore)
assets/incoming/kenney/castle-kit/Models/GLB format/tower-hexagon-mid.glb,33568,UNREF,yes,UNREF,"reject: flat-shaded toy kits, off Style G",no (.gdignore)
assets/incoming/kenney/castle-kit/Models/GLB format/tower-hexagon-roof-secondary.glb,12540,UNREF,yes,UNREF,"reject: flat-shaded toy kits, off Style G",no (.gdignore)
assets/incoming/kenney/castle-kit/Models/GLB format/tower-hexagon-roof.glb,8400,UNREF,yes,UNREF,"reject: flat-shaded toy kits, off Style G",no (.gdignore)
assets/incoming/kenney/castle-kit/Models/GLB format/tower-hexagon-top-wood.glb,13852,UNREF,yes,UNREF,"reject: flat-shaded toy kits, off Style G",no (.gdignore)
assets/incoming/kenney/castle-kit/Models/GLB format/tower-hexagon-top.glb,13848,UNREF,yes,UNREF,"reject: flat-shaded toy kits, off Style G",no (.gdignore)
assets/incoming/kenney/castle-kit/Models/GLB format/tower-slant-roof.glb,47488,UNREF,yes,UNREF,"reject: flat-shaded toy kits, off Style G",no (.gdignore)
assets/incoming/kenney/castle-kit/Models/GLB format/tower-square-arch.glb,29724,UNREF,yes,UNREF,"reject: flat-shaded toy kits, off Style G",no (.gdignore)
assets/incoming/kenney/castle-kit/Models/GLB format/tower-square-base-border.glb,3684,UNREF,yes,UNREF,"reject: flat-shaded toy kits, off Style G",no (.gdignore)
assets/incoming/kenney/castle-kit/Models/GLB format/tower-square-base-color.glb,6908,UNREF,yes,UNREF,"reject: flat-shaded toy kits, off Style G",no (.gdignore)
assets/incoming/kenney/castle-kit/Models/GLB format/tower-square-base.glb,4456,UNREF,yes,UNREF,"reject: flat-shaded toy kits, off Style G",no (.gdignore)
assets/incoming/kenney/castle-kit/Models/GLB format/tower-square-mid-color.glb,5380,UNREF,yes,UNREF,"reject: flat-shaded toy kits, off Style G",no (.gdignore)
assets/incoming/kenney/castle-kit/Models/GLB format/tower-square-mid-door.glb,28996,UNREF,yes,UNREF,"reject: flat-shaded toy kits, off Style G",no (.gdignore)
assets/incoming/kenney/castle-kit/Models/GLB format/tower-square-mid-open-simple.glb,19752,UNREF,yes,UNREF,"reject: flat-shaded toy kits, off Style G",no (.gdignore)
assets/incoming/kenney/castle-kit/Models/GLB format/tower-square-mid-open.glb,23568,UNREF,yes,UNREF,"reject: flat-shaded toy kits, off Style G",no (.gdignore)
assets/incoming/kenney/castle-kit/Models/GLB format/tower-square-mid-windows.glb,30852,UNREF,yes,UNREF,"reject: flat-shaded toy kits, off Style G",no (.gdignore)
assets/incoming/kenney/castle-kit/Models/GLB format/tower-square-mid.glb,7744,UNREF,yes,UNREF,"reject: flat-shaded toy kits, off Style G",no (.gdignore)
assets/incoming/kenney/castle-kit/Models/GLB format/tower-square-roof.glb,14036,UNREF,yes,UNREF,"reject: flat-shaded toy kits, off Style G",no (.gdignore)
assets/incoming/kenney/castle-kit/Models/GLB format/tower-square-top-color.glb,14088,UNREF,yes,UNREF,"reject: flat-shaded toy kits, off Style G",no (.gdignore)
assets/incoming/kenney/castle-kit/Models/GLB format/tower-square-top-roof-high-windows.glb,22788,UNREF,yes,UNREF,"reject: flat-shaded toy kits, off Style G",no (.gdignore)
assets/incoming/kenney/castle-kit/Models/GLB format/tower-square-top-roof-high.glb,11288,UNREF,yes,UNREF,"reject: flat-shaded toy kits, off Style G",no (.gdignore)
assets/incoming/kenney/castle-kit/Models/GLB format/tower-square-top-roof-rounded.glb,11296,UNREF,yes,UNREF,"reject: flat-shaded toy kits, off Style G",no (.gdignore)
assets/incoming/kenney/castle-kit/Models/GLB format/tower-square-top-roof.glb,11256,UNREF,yes,UNREF,"reject: flat-shaded toy kits, off Style G",no (.gdignore)
assets/incoming/kenney/castle-kit/Models/GLB format/tower-square-top.glb,13276,UNREF,yes,UNREF,"reject: flat-shaded toy kits, off Style G",no (.gdignore)
assets/incoming/kenney/castle-kit/Models/GLB format/tower-square.glb,16564,UNREF,yes,UNREF,"reject: flat-shaded toy kits, off Style G",no (.gdignore)
assets/incoming/kenney/castle-kit/Models/GLB format/tower-top.glb,27408,,,UNREF,"reject: flat-shaded toy kits, off Style G",no (.gdignore)
assets/incoming/kenney/castle-kit/Models/GLB format/tree-large.glb,21248,UNREF,yes,UNREF,"reject: flat-shaded toy kits, off Style G",no (.gdignore)
assets/incoming/kenney/castle-kit/Models/GLB format/tree-log.glb,7952,UNREF,yes,UNREF,"reject: flat-shaded toy kits, off Style G",no (.gdignore)
assets/incoming/kenney/castle-kit/Models/GLB format/tree-small.glb,15816,UNREF,yes,UNREF,"reject: flat-shaded toy kits, off Style G",no (.gdignore)
assets/incoming/kenney/castle-kit/Models/GLB format/tree-trunk.glb,5684,UNREF,yes,UNREF,"reject: flat-shaded toy kits, off Style G",no (.gdignore)
assets/incoming/kenney/castle-kit/Models/GLB format/wall-corner-half-tower.glb,80020,UNREF,yes,UNREF,"reject: flat-shaded toy kits, off Style G",no (.gdignore)
assets/incoming/kenney/castle-kit/Models/GLB format/wall-corner-half.glb,12976,UNREF,yes,UNREF,"reject: flat-shaded toy kits, off Style G",no (.gdignore)
assets/incoming/kenney/castle-kit/Models/GLB format/wall-corner-slant.glb,16028,UNREF,yes,UNREF,"reject: flat-shaded toy kits, off Style G",no (.gdignore)
assets/incoming/kenney/castle-kit/Models/GLB format/wall-corner.glb,15264,UNREF,yes,UNREF,"reject: flat-shaded toy kits, off Style G",no (.gdignore)
assets/incoming/kenney/castle-kit/Models/GLB format/wall-doorway.glb,37560,UNREF,yes,UNREF,"reject: flat-shaded toy kits, off Style G",no (.gdignore)
assets/incoming/kenney/castle-kit/Models/GLB format/wall-half-modular.glb,8016,UNREF,yes,UNREF,"reject: flat-shaded toy kits, off Style G",no (.gdignore)
assets/incoming/kenney/castle-kit/Models/GLB format/wall-half.glb,12132,UNREF,yes,UNREF,"reject: flat-shaded toy kits, off Style G",no (.gdignore)
assets/incoming/kenney/castle-kit/Models/GLB format/wall-narrow-corner.glb,9384,UNREF,yes,UNREF,"reject: flat-shaded toy kits, off Style G",no (.gdignore)
assets/incoming/kenney/castle-kit/Models/GLB format/wall-narrow-gate.glb,17092,UNREF,yes,UNREF,"reject: flat-shaded toy kits, off Style G",no (.gdignore)
assets/incoming/kenney/castle-kit/Models/GLB format/wall-narrow-stairs-rail.glb,40896,UNREF,yes,UNREF,"reject: flat-shaded toy kits, off Style G",no (.gdignore)
assets/incoming/kenney/castle-kit/Models/GLB format/wall-narrow-stairs.glb,26972,UNREF,yes,UNREF,"reject: flat-shaded toy kits, off Style G",no (.gdignore)
assets/incoming/kenney/castle-kit/Models/GLB format/wall-narrow-wood-fence.glb,32988,UNREF,yes,UNREF,"reject: flat-shaded toy kits, off Style G",no (.gdignore)
assets/incoming/kenney/castle-kit/Models/GLB format/wall-narrow-wood.glb,26812,UNREF,yes,UNREF,"reject: flat-shaded toy kits, off Style G",no (.gdignore)
assets/incoming/kenney/castle-kit/Models/GLB format/wall-narrow.glb,12160,UNREF,yes,UNREF,"reject: flat-shaded toy kits, off Style G",no (.gdignore)
assets/incoming/kenney/castle-kit/Models/GLB format/wall-pillar.glb,18156,UNREF,yes,UNREF,"reject: flat-shaded toy kits, off Style G",no (.gdignore)
assets/incoming/kenney/castle-kit/Models/GLB format/wall-stud.glb,3212,UNREF,yes,UNREF,"reject: flat-shaded toy kits, off Style G",no (.gdignore)
assets/incoming/kenney/castle-kit/Models/GLB format/wall-to-narrow.glb,19776,UNREF,yes,UNREF,"reject: flat-shaded toy kits, off Style G",no (.gdignore)
assets/incoming/kenney/castle-kit/Models/GLB format/wall.glb,16552,,,TOOLS-ONLY,"reject: flat-shaded toy kits, off Style G",no (.gdignore)
assets/incoming/kenney/cube-pets/Models/GLB format/animal-beaver.glb,149728,UNREF,yes,UNREF,"reject: flat-shaded toy kits, off Style G",no (.gdignore)
assets/incoming/kenney/cube-pets/Models/GLB format/animal-bee.glb,164356,UNREF,yes,UNREF,"reject: flat-shaded toy kits, off Style G",no (.gdignore)
assets/incoming/kenney/cube-pets/Models/GLB format/animal-bunny.glb,131568,UNREF,yes,UNREF,"reject: flat-shaded toy kits, off Style G",no (.gdignore)
assets/incoming/kenney/cube-pets/Models/GLB format/animal-cat.glb,165164,UNREF,yes,UNREF,"reject: flat-shaded toy kits, off Style G",no (.gdignore)
assets/incoming/kenney/cube-pets/Models/GLB format/animal-caterpillar.glb,130968,UNREF,yes,UNREF,"reject: flat-shaded toy kits, off Style G",no (.gdignore)
assets/incoming/kenney/cube-pets/Models/GLB format/animal-chick.glb,125424,UNREF,yes,UNREF,"reject: flat-shaded toy kits, off Style G",no (.gdignore)
assets/incoming/kenney/cube-pets/Models/GLB format/animal-cow.glb,128084,UNREF,yes,UNREF,"reject: flat-shaded toy kits, off Style G",no (.gdignore)
assets/incoming/kenney/cube-pets/Models/GLB format/animal-crab.glb,150768,UNREF,yes,UNREF,"reject: flat-shaded toy kits, off Style G",no (.gdignore)
assets/incoming/kenney/cube-pets/Models/GLB format/animal-deer.glb,150400,UNREF,yes,UNREF,"reject: flat-shaded toy kits, off Style G",no (.gdignore)
assets/incoming/kenney/cube-pets/Models/GLB format/animal-dog.glb,119544,UNREF,yes,UNREF,"reject: flat-shaded toy kits, off Style G",no (.gdignore)
assets/incoming/kenney/cube-pets/Models/GLB format/animal-elephant.glb,148892,UNREF,yes,UNREF,"reject: flat-shaded toy kits, off Style G",no (.gdignore)
assets/incoming/kenney/cube-pets/Models/GLB format/animal-fish.glb,91584,UNREF,yes,UNREF,"reject: flat-shaded toy kits, off Style G",no (.gdignore)
assets/incoming/kenney/cube-pets/Models/GLB format/animal-fox.glb,141880,UNREF,yes,UNREF,"reject: flat-shaded toy kits, off Style G",no (.gdignore)
assets/incoming/kenney/cube-pets/Models/GLB format/animal-giraffe.glb,132676,UNREF,yes,UNREF,"reject: flat-shaded toy kits, off Style G",no (.gdignore)
assets/incoming/kenney/cube-pets/Models/GLB format/animal-hog.glb,141596,UNREF,yes,UNREF,"reject: flat-shaded toy kits, off Style G",no (.gdignore)
assets/incoming/kenney/cube-pets/Models/GLB format/animal-koala.glb,131008,UNREF,yes,UNREF,"reject: flat-shaded toy kits, off Style G",no (.gdignore)
assets/incoming/kenney/cube-pets/Models/GLB format/animal-lion.glb,172936,UNREF,yes,UNREF,"reject: flat-shaded toy kits, off Style G",no (.gdignore)
assets/incoming/kenney/cube-pets/Models/GLB format/animal-monkey.glb,174944,UNREF,yes,UNREF,"reject: flat-shaded toy kits, off Style G",no (.gdignore)
assets/incoming/kenney/cube-pets/Models/GLB format/animal-panda.glb,133624,UNREF,yes,UNREF,"reject: flat-shaded toy kits, off Style G",no (.gdignore)
assets/incoming/kenney/cube-pets/Models/GLB format/animal-parrot.glb,154124,UNREF,yes,UNREF,"reject: flat-shaded toy kits, off Style G",no (.gdignore)
assets/incoming/kenney/cube-pets/Models/GLB format/animal-penguin.glb,130396,UNREF,yes,UNREF,"reject: flat-shaded toy kits, off Style G",no (.gdignore)
assets/incoming/kenney/cube-pets/Models/GLB format/animal-pig.glb,127032,UNREF,yes,UNREF,"reject: flat-shaded toy kits, off Style G",no (.gdignore)
assets/incoming/kenney/cube-pets/Models/GLB format/animal-polar.glb,98964,UNREF,yes,UNREF,"reject: flat-shaded toy kits, off Style G",no (.gdignore)
assets/incoming/kenney/cube-pets/Models/GLB format/animal-tiger.glb,172348,UNREF,yes,UNREF,"reject: flat-shaded toy kits, off Style G",no (.gdignore)
assets/incoming/kenney/fantasy-town-kit/Models/GLB format/balcony-wall-fence.glb,11236,UNREF,yes,UNREF,"reject: flat-shaded toy kits, off Style G",no (.gdignore)
assets/incoming/kenney/fantasy-town-kit/Models/GLB format/balcony-wall.glb,7424,UNREF,yes,UNREF,"reject: flat-shaded toy kits, off Style G",no (.gdignore)
assets/incoming/kenney/fantasy-town-kit/Models/GLB format/banner-green.glb,10200,UNREF,yes,UNREF,"reject: flat-shaded toy kits, off Style G",no (.gdignore)
assets/incoming/kenney/fantasy-town-kit/Models/GLB format/banner-red.glb,9988,UNREF,yes,UNREF,"reject: flat-shaded toy kits, off Style G",no (.gdignore)
assets/incoming/kenney/fantasy-town-kit/Models/GLB format/cart-high.glb,88560,UNREF,yes,UNREF,"reject: flat-shaded toy kits, off Style G",no (.gdignore)
assets/incoming/kenney/fantasy-town-kit/Models/GLB format/cart.glb,52920,,,TOOLS-ONLY,"reject: flat-shaded toy kits, off Style G",no (.gdignore)
assets/incoming/kenney/fantasy-town-kit/Models/GLB format/chimney-base.glb,8408,UNREF,yes,UNREF,"reject: flat-shaded toy kits, off Style G",no (.gdignore)
assets/incoming/kenney/fantasy-town-kit/Models/GLB format/chimney-top.glb,7896,UNREF,yes,UNREF,"reject: flat-shaded toy kits, off Style G",no (.gdignore)
assets/incoming/kenney/fantasy-town-kit/Models/GLB format/fence-broken.glb,11960,UNREF,yes,UNREF,"reject: flat-shaded toy kits, off Style G",no (.gdignore)
assets/incoming/kenney/fantasy-town-kit/Models/GLB format/fence-curved.glb,25408,UNREF,yes,UNREF,"reject: flat-shaded toy kits, off Style G",no (.gdignore)
assets/incoming/kenney/fantasy-town-kit/Models/GLB format/fountain-center.glb,3280,UNREF,yes,UNREF,"reject: flat-shaded toy kits, off Style G",no (.gdignore)
assets/incoming/kenney/fantasy-town-kit/Models/GLB format/fountain-corner-inner-square.glb,6908,UNREF,yes,UNREF,"reject: flat-shaded toy kits, off Style G",no (.gdignore)
assets/incoming/kenney/fantasy-town-kit/Models/GLB format/fountain-corner-inner.glb,15000,UNREF,yes,UNREF,"reject: flat-shaded toy kits, off Style G",no (.gdignore)
assets/incoming/kenney/fantasy-town-kit/Models/GLB format/fountain-corner.glb,8272,UNREF,yes,UNREF,"reject: flat-shaded toy kits, off Style G",no (.gdignore)
assets/incoming/kenney/fantasy-town-kit/Models/GLB format/fountain-curved.glb,25048,UNREF,yes,UNREF,"reject: flat-shaded toy kits, off Style G",no (.gdignore)
assets/incoming/kenney/fantasy-town-kit/Models/GLB format/fountain-edge.glb,6024,UNREF,yes,UNREF,"reject: flat-shaded toy kits, off Style G",no (.gdignore)
assets/incoming/kenney/fantasy-town-kit/Models/GLB format/fountain-round-detail.glb,136888,UNREF,yes,UNREF,"reject: flat-shaded toy kits, off Style G",no (.gdignore)
assets/incoming/kenney/fantasy-town-kit/Models/GLB format/fountain-round.glb,84848,UNREF,yes,UNREF,"reject: flat-shaded toy kits, off Style G",no (.gdignore)
assets/incoming/kenney/fantasy-town-kit/Models/GLB format/fountain-square-detail.glb,32092,UNREF,yes,UNREF,"reject: flat-shaded toy kits, off Style G",no (.gdignore)
assets/incoming/kenney/fantasy-town-kit/Models/GLB format/fountain-square.glb,27104,UNREF,yes,UNREF,"reject: flat-shaded toy kits, off Style G",no (.gdignore)
assets/incoming/kenney/fantasy-town-kit/Models/GLB format/hedge-curved.glb,26312,UNREF,yes,UNREF,"reject: flat-shaded toy kits, off Style G",no (.gdignore)
assets/incoming/kenney/fantasy-town-kit/Models/GLB format/hedge-gate.glb,8432,UNREF,yes,UNREF,"reject: flat-shaded toy kits, off Style G",no (.gdignore)
assets/incoming/kenney/fantasy-town-kit/Models/GLB format/hedge-large-curved.glb,25024,UNREF,yes,UNREF,"reject: flat-shaded toy kits, off Style G",no (.gdignore)
assets/incoming/kenney/fantasy-town-kit/Models/GLB format/hedge-large-gate.glb,18072,UNREF,yes,UNREF,"reject: flat-shaded toy kits, off Style G",no (.gdignore)
assets/incoming/kenney/fantasy-town-kit/Models/GLB format/hedge-large.glb,9568,UNREF,yes,UNREF,"reject: flat-shaded toy kits, off Style G",no (.gdignore)
assets/incoming/kenney/fantasy-town-kit/Models/GLB format/overhang.glb,7648,UNREF,yes,dynamic,placed now,no (.gdignore)
assets/incoming/kenney/fantasy-town-kit/Models/GLB format/pillar-stone.glb,11324,UNREF,yes,UNREF,"reject: flat-shaded toy kits, off Style G",no (.gdignore)
assets/incoming/kenney/fantasy-town-kit/Models/GLB format/pillar-wood.glb,5312,UNREF,yes,UNREF,"reject: flat-shaded toy kits, off Style G",no (.gdignore)
assets/incoming/kenney/fantasy-town-kit/Models/GLB format/planks-half.glb,10164,UNREF,yes,UNREF,"reject: flat-shaded toy kits, off Style G",no (.gdignore)
assets/incoming/kenney/fantasy-town-kit/Models/GLB format/planks-opening.glb,16360,UNREF,yes,UNREF,"reject: flat-shaded toy kits, off Style G",no (.gdignore)
assets/incoming/kenney/fantasy-town-kit/Models/GLB format/poles-horizontal.glb,5660,UNREF,yes,UNREF,"reject: flat-shaded toy kits, off Style G",no (.gdignore)
assets/incoming/kenney/fantasy-town-kit/Models/GLB format/road-bend.glb,25044,UNREF,yes,UNREF,"reject: flat-shaded toy kits, off Style G",no (.gdignore)
assets/incoming/kenney/fantasy-town-kit/Models/GLB format/road-corner-inner.glb,13552,UNREF,yes,UNREF,"reject: flat-shaded toy kits, off Style G",no (.gdignore)
assets/incoming/kenney/fantasy-town-kit/Models/GLB format/road-corner.glb,13736,UNREF,yes,UNREF,"reject: flat-shaded toy kits, off Style G",no (.gdignore)
assets/incoming/kenney/fantasy-town-kit/Models/GLB format/road-curb-end.glb,4828,UNREF,yes,UNREF,"reject: flat-shaded toy kits, off Style G",no (.gdignore)
assets/incoming/kenney/fantasy-town-kit/Models/GLB format/road-curb.glb,2804,UNREF,yes,UNREF,"reject: flat-shaded toy kits, off Style G",no (.gdignore)
assets/incoming/kenney/fantasy-town-kit/Models/GLB format/road-edge-slope.glb,5724,UNREF,yes,UNREF,"reject: flat-shaded toy kits, off Style G",no (.gdignore)
assets/incoming/kenney/fantasy-town-kit/Models/GLB format/road-edge.glb,4912,UNREF,yes,UNREF,"reject: flat-shaded toy kits, off Style G",no (.gdignore)
assets/incoming/kenney/fantasy-town-kit/Models/GLB format/road-slope.glb,2820,UNREF,yes,UNREF,"reject: flat-shaded toy kits, off Style G",no (.gdignore)
assets/incoming/kenney/fantasy-town-kit/Models/GLB format/road.glb,2788,,,TOOLS-ONLY,"reject: flat-shaded toy kits, off Style G",no (.gdignore)
assets/incoming/kenney/fantasy-town-kit/Models/GLB format/rock-large.glb,18876,UNREF,yes,UNREF,"reject: flat-shaded toy kits, off Style G",no (.gdignore)
assets/incoming/kenney/fantasy-town-kit/Models/GLB format/rock-small.glb,12620,UNREF,yes,UNREF,"reject: flat-shaded toy kits, off Style G",no (.gdignore)
assets/incoming/kenney/fantasy-town-kit/Models/GLB format/rock-wide.glb,15172,UNREF,yes,UNREF,"reject: flat-shaded toy kits, off Style G",no (.gdignore)
assets/incoming/kenney/fantasy-town-kit/Models/GLB format/roof-corner-inner.glb,4464,UNREF,yes,UNREF,"reject: flat-shaded toy kits, off Style G",no (.gdignore)
assets/incoming/kenney/fantasy-town-kit/Models/GLB format/roof-corner-round.glb,5836,UNREF,yes,UNREF,"reject: flat-shaded toy kits, off Style G",no (.gdignore)
assets/incoming/kenney/fantasy-town-kit/Models/GLB format/roof-corner.glb,4996,UNREF,yes,UNREF,"reject: flat-shaded toy kits, off Style G",no (.gdignore)
assets/incoming/kenney/fantasy-town-kit/Models/GLB format/roof-flat.glb,3448,UNREF,yes,UNREF,"reject: flat-shaded toy kits, off Style G",no (.gdignore)
assets/incoming/kenney/fantasy-town-kit/Models/GLB format/roof-gable-detail.glb,12028,UNREF,yes,UNREF,"reject: flat-shaded toy kits, off Style G",no (.gdignore)
assets/incoming/kenney/fantasy-town-kit/Models/GLB format/roof-gable-end.glb,6056,UNREF,yes,UNREF,"reject: flat-shaded toy kits, off Style G",no (.gdignore)
assets/incoming/kenney/fantasy-town-kit/Models/GLB format/roof-gable-top.glb,6572,UNREF,yes,UNREF,"reject: flat-shaded toy kits, off Style G",no (.gdignore)
assets/incoming/kenney/fantasy-town-kit/Models/GLB format/roof-high-corner-round.glb,6056,UNREF,yes,UNREF,"reject: flat-shaded toy kits, off Style G",no (.gdignore)
assets/incoming/kenney/fantasy-town-kit/Models/GLB format/roof-high-corner.glb,5008,UNREF,yes,UNREF,"reject: flat-shaded toy kits, off Style G",no (.gdignore)
assets/incoming/kenney/fantasy-town-kit/Models/GLB format/roof-high-cornerinner.glb,4284,UNREF,yes,UNREF,"reject: flat-shaded toy kits, off Style G",no (.gdignore)
assets/incoming/kenney/fantasy-town-kit/Models/GLB format/roof-high-flat.glb,3464,UNREF,yes,UNREF,"reject: flat-shaded toy kits, off Style G",no (.gdignore)
assets/incoming/kenney/fantasy-town-kit/Models/GLB format/roof-high-gable-detail.glb,12840,UNREF,yes,UNREF,"reject: flat-shaded toy kits, off Style G",no (.gdignore)
assets/incoming/kenney/fantasy-town-kit/Models/GLB format/roof-high-gable-end.glb,6268,UNREF,yes,UNREF,"reject: flat-shaded toy kits, off Style G",no (.gdignore)
assets/incoming/kenney/fantasy-town-kit/Models/GLB format/roof-high-gable-top.glb,6568,UNREF,yes,UNREF,"reject: flat-shaded toy kits, off Style G",no (.gdignore)
assets/incoming/kenney/fantasy-town-kit/Models/GLB format/roof-high-gable.glb,7456,UNREF,yes,UNREF,"reject: flat-shaded toy kits, off Style G",no (.gdignore)
assets/incoming/kenney/fantasy-town-kit/Models/GLB format/roof-high-left.glb,11376,UNREF,yes,UNREF,"reject: flat-shaded toy kits, off Style G",no (.gdignore)
assets/incoming/kenney/fantasy-town-kit/Models/GLB format/roof-high-point.glb,6192,UNREF,yes,UNREF,"reject: flat-shaded toy kits, off Style G",no (.gdignore)
assets/incoming/kenney/fantasy-town-kit/Models/GLB format/roof-high-right.glb,10996,UNREF,yes,UNREF,"reject: flat-shaded toy kits, off Style G",no (.gdignore)
assets/incoming/kenney/fantasy-town-kit/Models/GLB format/roof-high-window.glb,20732,UNREF,yes,UNREF,"reject: flat-shaded toy kits, off Style G",no (.gdignore)
assets/incoming/kenney/fantasy-town-kit/Models/GLB format/roof-high.glb,8088,UNREF,yes,UNREF,"reject: flat-shaded toy kits, off Style G",no (.gdignore)
assets/incoming/kenney/fantasy-town-kit/Models/GLB format/roof-left.glb,12904,UNREF,yes,UNREF,"reject: flat-shaded toy kits, off Style G",no (.gdignore)
assets/incoming/kenney/fantasy-town-kit/Models/GLB format/roof-point.glb,6180,UNREF,yes,UNREF,"reject: flat-shaded toy kits, off Style G",no (.gdignore)
assets/incoming/kenney/fantasy-town-kit/Models/GLB format/roof-right.glb,13004,UNREF,yes,UNREF,"reject: flat-shaded toy kits, off Style G",no (.gdignore)
assets/incoming/kenney/fantasy-town-kit/Models/GLB format/roof-window.glb,15524,UNREF,yes,UNREF,"reject: flat-shaded toy kits, off Style G",no (.gdignore)
assets/incoming/kenney/fantasy-town-kit/Models/GLB format/roof.glb,9324,,,TOOLS-ONLY,"reject: flat-shaded toy kits, off Style G",no (.gdignore)
assets/incoming/kenney/fantasy-town-kit/Models/GLB format/stairs-full-corner-inner.glb,8304,UNREF,yes,UNREF,"reject: flat-shaded toy kits, off Style G",no (.gdignore)
assets/incoming/kenney/fantasy-town-kit/Models/GLB format/stairs-full-corner-outer.glb,9440,UNREF,yes,UNREF,"reject: flat-shaded toy kits, off Style G",no (.gdignore)
assets/incoming/kenney/fantasy-town-kit/Models/GLB format/stairs-full.glb,7064,UNREF,yes,UNREF,"reject: flat-shaded toy kits, off Style G",no (.gdignore)
assets/incoming/kenney/fantasy-town-kit/Models/GLB format/stairs-stone-corner.glb,12792,UNREF,yes,UNREF,"reject: flat-shaded toy kits, off Style G",no (.gdignore)
assets/incoming/kenney/fantasy-town-kit/Models/GLB format/stairs-stone-handrail.glb,23428,UNREF,yes,UNREF,"reject: flat-shaded toy kits, off Style G",no (.gdignore)
assets/incoming/kenney/fantasy-town-kit/Models/GLB format/stairs-stone-round.glb,17840,UNREF,yes,UNREF,"reject: flat-shaded toy kits, off Style G",no (.gdignore)
assets/incoming/kenney/fantasy-town-kit/Models/GLB format/stairs-stone.glb,12172,UNREF,yes,UNREF,"reject: flat-shaded toy kits, off Style G",no (.gdignore)
assets/incoming/kenney/fantasy-town-kit/Models/GLB format/stairs-wide-stone-handrail.glb,23440,UNREF,yes,UNREF,"reject: flat-shaded toy kits, off Style G",no (.gdignore)
assets/incoming/kenney/fantasy-town-kit/Models/GLB format/stairs-wide-stone.glb,12188,UNREF,yes,UNREF,"reject: flat-shaded toy kits, off Style G",no (.gdignore)
assets/incoming/kenney/fantasy-town-kit/Models/GLB format/stairs-wide-wood-handrail.glb,43904,UNREF,yes,UNREF,"reject: flat-shaded toy kits, off Style G",no (.gdignore)
assets/incoming/kenney/fantasy-town-kit/Models/GLB format/stairs-wide-wood.glb,33060,UNREF,yes,UNREF,"reject: flat-shaded toy kits, off Style G",no (.gdignore)
assets/incoming/kenney/fantasy-town-kit/Models/GLB format/stairs-wood-handrail.glb,44228,UNREF,yes,UNREF,"reject: flat-shaded toy kits, off Style G",no (.gdignore)
assets/incoming/kenney/fantasy-town-kit/Models/GLB format/stairs-wood.glb,33384,UNREF,yes,UNREF,"reject: flat-shaded toy kits, off Style G",no (.gdignore)
assets/incoming/kenney/fantasy-town-kit/Models/GLB format/stall-bench.glb,14168,UNREF,yes,UNREF,"reject: flat-shaded toy kits, off Style G",no (.gdignore)
assets/incoming/kenney/fantasy-town-kit/Models/GLB format/stall-green.glb,27120,UNREF,yes,UNREF,"reject: flat-shaded toy kits, off Style G",no (.gdignore)
assets/incoming/kenney/fantasy-town-kit/Models/GLB format/stall-red.glb,24304,UNREF,yes,UNREF,"reject: flat-shaded toy kits, off Style G",no (.gdignore)
assets/incoming/kenney/fantasy-town-kit/Models/GLB format/stall-stool.glb,14172,UNREF,yes,UNREF,"reject: flat-shaded toy kits, off Style G",no (.gdignore)
assets/incoming/kenney/fantasy-town-kit/Models/GLB format/tree-crooked.glb,19252,UNREF,yes,UNREF,"reject: flat-shaded toy kits, off Style G",no (.gdignore)
assets/incoming/kenney/fantasy-town-kit/Models/GLB format/tree-high-crooked.glb,21744,UNREF,yes,UNREF,"reject: flat-shaded toy kits, off Style G",no (.gdignore)
assets/incoming/kenney/fantasy-town-kit/Models/GLB format/tree-high-round.glb,13176,UNREF,yes,UNREF,"reject: flat-shaded toy kits, off Style G",no (.gdignore)
assets/incoming/kenney/fantasy-town-kit/Models/GLB format/tree-high.glb,20700,UNREF,yes,UNREF,"reject: flat-shaded toy kits, off Style G",no (.gdignore)
assets/incoming/kenney/fantasy-town-kit/Models/GLB format/tree.glb,18188,,,TOOLS-ONLY,"reject: flat-shaded toy kits, off Style G",no (.gdignore)
assets/incoming/kenney/fantasy-town-kit/Models/GLB format/wall-arch-top-detail.glb,16076,UNREF,yes,UNREF,"reject: flat-shaded toy kits, off Style G",no (.gdignore)
assets/incoming/kenney/fantasy-town-kit/Models/GLB format/wall-arch-top.glb,12876,UNREF,yes,UNREF,"reject: flat-shaded toy kits, off Style G",no (.gdignore)
assets/incoming/kenney/fantasy-town-kit/Models/GLB format/wall-arch.glb,4840,UNREF,yes,UNREF,"reject: flat-shaded toy kits, off Style G",no (.gdignore)
assets/incoming/kenney/fantasy-town-kit/Models/GLB format/wall-block-half.glb,8564,UNREF,yes,UNREF,"reject: flat-shaded toy kits, off Style G",no (.gdignore)
assets/incoming/kenney/fantasy-town-kit/Models/GLB format/wall-block.glb,8532,UNREF,yes,UNREF,"reject: flat-shaded toy kits, off Style G",no (.gdignore)
assets/incoming/kenney/fantasy-town-kit/Models/GLB format/wall-broken.glb,16904,UNREF,yes,UNREF,"reject: flat-shaded toy kits, off Style G",no (.gdignore)
assets/incoming/kenney/fantasy-town-kit/Models/GLB format/wall-corner-detail.glb,15748,UNREF,yes,UNREF,"reject: flat-shaded toy kits, off Style G",no (.gdignore)
assets/incoming/kenney/fantasy-town-kit/Models/GLB format/wall-corner-diagonal-half.glb,4788,UNREF,yes,UNREF,"reject: flat-shaded toy kits, off Style G",no (.gdignore)
assets/incoming/kenney/fantasy-town-kit/Models/GLB format/wall-corner-diagonal.glb,6032,UNREF,yes,UNREF,"reject: flat-shaded toy kits, off Style G",no (.gdignore)
assets/incoming/kenney/fantasy-town-kit/Models/GLB format/wall-corner-edge.glb,5416,UNREF,yes,UNREF,"reject: flat-shaded toy kits, off Style G",no (.gdignore)
assets/incoming/kenney/fantasy-town-kit/Models/GLB format/wall-corner.glb,6788,UNREF,yes,UNREF,"reject: flat-shaded toy kits, off Style G",no (.gdignore)
assets/incoming/kenney/fantasy-town-kit/Models/GLB format/wall-curved.glb,11432,UNREF,yes,UNREF,"reject: flat-shaded toy kits, off Style G",no (.gdignore)
assets/incoming/kenney/fantasy-town-kit/Models/GLB format/wall-detail-cross.glb,8464,UNREF,yes,UNREF,"reject: flat-shaded toy kits, off Style G",no (.gdignore)
assets/incoming/kenney/fantasy-town-kit/Models/GLB format/wall-detail-diagonal.glb,6672,UNREF,yes,UNREF,"reject: flat-shaded toy kits, off Style G",no (.gdignore)
assets/incoming/kenney/fantasy-town-kit/Models/GLB format/wall-detail-horizontal.glb,6240,UNREF,yes,UNREF,"reject: flat-shaded toy kits, off Style G",no (.gdignore)
assets/incoming/kenney/fantasy-town-kit/Models/GLB format/wall-diagonal.glb,5212,UNREF,yes,UNREF,"reject: flat-shaded toy kits, off Style G",no (.gdignore)
assets/incoming/kenney/fantasy-town-kit/Models/GLB format/wall-door.glb,29276,UNREF,yes,UNREF,"reject: flat-shaded toy kits, off Style G",no (.gdignore)
assets/incoming/kenney/fantasy-town-kit/Models/GLB format/wall-doorway-base.glb,8028,UNREF,yes,UNREF,"reject: flat-shaded toy kits, off Style G",no (.gdignore)
assets/incoming/kenney/fantasy-town-kit/Models/GLB format/wall-doorway-round.glb,13332,UNREF,yes,UNREF,"reject: flat-shaded toy kits, off Style G",no (.gdignore)
assets/incoming/kenney/fantasy-town-kit/Models/GLB format/wall-doorway-square-wide-curved.glb,14316,UNREF,yes,UNREF,"reject: flat-shaded toy kits, off Style G",no (.gdignore)
assets/incoming/kenney/fantasy-town-kit/Models/GLB format/wall-doorway-square-wide.glb,5864,UNREF,yes,UNREF,"reject: flat-shaded toy kits, off Style G",no (.gdignore)
assets/incoming/kenney/fantasy-town-kit/Models/GLB format/wall-doorway-square.glb,7844,UNREF,yes,UNREF,"reject: flat-shaded toy kits, off Style G",no (.gdignore)
assets/incoming/kenney/fantasy-town-kit/Models/GLB format/wall-half.glb,4808,UNREF,yes,UNREF,"reject: flat-shaded toy kits, off Style G",no (.gdignore)
assets/incoming/kenney/fantasy-town-kit/Models/GLB format/wall-rounded.glb,12616,UNREF,yes,UNREF,"reject: flat-shaded toy kits, off Style G",no (.gdignore)
assets/incoming/kenney/fantasy-town-kit/Models/GLB format/wall-side.glb,3852,UNREF,yes,UNREF,"reject: flat-shaded toy kits, off Style G",no (.gdignore)
assets/incoming/kenney/fantasy-town-kit/Models/GLB format/wall-slope.glb,4812,UNREF,yes,UNREF,"reject: flat-shaded toy kits, off Style G",no (.gdignore)
assets/incoming/kenney/fantasy-town-kit/Models/GLB format/wall-window-glass.glb,15708,UNREF,yes,UNREF,"reject: flat-shaded toy kits, off Style G",no (.gdignore)
assets/incoming/kenney/fantasy-town-kit/Models/GLB format/wall-window-round.glb,22356,UNREF,yes,UNREF,"reject: flat-shaded toy kits, off Style G",no (.gdignore)
assets/incoming/kenney/fantasy-town-kit/Models/GLB format/wall-window-shutters.glb,23892,UNREF,yes,UNREF,"reject: flat-shaded toy kits, off Style G",no (.gdignore)
assets/incoming/kenney/fantasy-town-kit/Models/GLB format/wall-window-small.glb,9376,UNREF,yes,UNREF,"reject: flat-shaded toy kits, off Style G",no (.gdignore)
assets/incoming/kenney/fantasy-town-kit/Models/GLB format/wall-window-stone.glb,12484,UNREF,yes,UNREF,"reject: flat-shaded toy kits, off Style G",no (.gdignore)
assets/incoming/kenney/fantasy-town-kit/Models/GLB format/wall-wood-arch-top-detail.glb,16092,UNREF,yes,UNREF,"reject: flat-shaded toy kits, off Style G",no (.gdignore)
assets/incoming/kenney/fantasy-town-kit/Models/GLB format/wall-wood-arch-top.glb,12892,UNREF,yes,UNREF,"reject: flat-shaded toy kits, off Style G",no (.gdignore)
assets/incoming/kenney/fantasy-town-kit/Models/GLB format/wall-wood-arch.glb,4856,UNREF,yes,UNREF,"reject: flat-shaded toy kits, off Style G",no (.gdignore)
assets/incoming/kenney/fantasy-town-kit/Models/GLB format/wall-wood-block-half.glb,8580,UNREF,yes,UNREF,"reject: flat-shaded toy kits, off Style G",no (.gdignore)
assets/incoming/kenney/fantasy-town-kit/Models/GLB format/wall-wood-block.glb,8548,UNREF,yes,UNREF,"reject: flat-shaded toy kits, off Style G",no (.gdignore)
assets/incoming/kenney/fantasy-town-kit/Models/GLB format/wall-wood-broken.glb,16344,UNREF,yes,UNREF,"reject: flat-shaded toy kits, off Style G",no (.gdignore)
assets/incoming/kenney/fantasy-town-kit/Models/GLB format/wall-wood-corner-diagonal-half.glb,4804,UNREF,yes,UNREF,"reject: flat-shaded toy kits, off Style G",no (.gdignore)
assets/incoming/kenney/fantasy-town-kit/Models/GLB format/wall-wood-corner-diagonal.glb,6048,UNREF,yes,UNREF,"reject: flat-shaded toy kits, off Style G",no (.gdignore)
assets/incoming/kenney/fantasy-town-kit/Models/GLB format/wall-wood-corner-edge.glb,5432,UNREF,yes,UNREF,"reject: flat-shaded toy kits, off Style G",no (.gdignore)
assets/incoming/kenney/fantasy-town-kit/Models/GLB format/wall-wood-corner.glb,6804,UNREF,yes,UNREF,"reject: flat-shaded toy kits, off Style G",no (.gdignore)
assets/incoming/kenney/fantasy-town-kit/Models/GLB format/wall-wood-curved.glb,11444,UNREF,yes,UNREF,"reject: flat-shaded toy kits, off Style G",no (.gdignore)
assets/incoming/kenney/fantasy-town-kit/Models/GLB format/wall-wood-detail-cross.glb,8480,UNREF,yes,UNREF,"reject: flat-shaded toy kits, off Style G",no (.gdignore)
assets/incoming/kenney/fantasy-town-kit/Models/GLB format/wall-wood-detail-diagonal.glb,6684,UNREF,yes,UNREF,"reject: flat-shaded toy kits, off Style G",no (.gdignore)
assets/incoming/kenney/fantasy-town-kit/Models/GLB format/wall-wood-detail-horizontal.glb,6256,UNREF,yes,UNREF,"reject: flat-shaded toy kits, off Style G",no (.gdignore)
assets/incoming/kenney/fantasy-town-kit/Models/GLB format/wall-wood-diagonal.glb,5228,UNREF,yes,UNREF,"reject: flat-shaded toy kits, off Style G",no (.gdignore)
assets/incoming/kenney/fantasy-town-kit/Models/GLB format/wall-wood-door.glb,30744,UNREF,yes,UNREF,"reject: flat-shaded toy kits, off Style G",no (.gdignore)
assets/incoming/kenney/fantasy-town-kit/Models/GLB format/wall-wood-doorway-base.glb,8044,UNREF,yes,UNREF,"reject: flat-shaded toy kits, off Style G",no (.gdignore)
assets/incoming/kenney/fantasy-town-kit/Models/GLB format/wall-wood-doorway-round.glb,15068,UNREF,yes,UNREF,"reject: flat-shaded toy kits, off Style G",no (.gdignore)
assets/incoming/kenney/fantasy-town-kit/Models/GLB format/wall-wood-doorway-square-wide-curved.glb,14332,UNREF,yes,UNREF,"reject: flat-shaded toy kits, off Style G",no (.gdignore)
assets/incoming/kenney/fantasy-town-kit/Models/GLB format/wall-wood-doorway-square-wide.glb,5876,UNREF,yes,UNREF,"reject: flat-shaded toy kits, off Style G",no (.gdignore)
assets/incoming/kenney/fantasy-town-kit/Models/GLB format/wall-wood-doorway-square.glb,8664,UNREF,yes,UNREF,"reject: flat-shaded toy kits, off Style G",no (.gdignore)
assets/incoming/kenney/fantasy-town-kit/Models/GLB format/wall-wood-half.glb,4824,UNREF,yes,UNREF,"reject: flat-shaded toy kits, off Style G",no (.gdignore)
assets/incoming/kenney/fantasy-town-kit/Models/GLB format/wall-wood-rounded.glb,12632,UNREF,yes,UNREF,"reject: flat-shaded toy kits, off Style G",no (.gdignore)
assets/incoming/kenney/fantasy-town-kit/Models/GLB format/wall-wood-side.glb,3868,UNREF,yes,UNREF,"reject: flat-shaded toy kits, off Style G",no (.gdignore)
assets/incoming/kenney/fantasy-town-kit/Models/GLB format/wall-wood-slope.glb,8544,UNREF,yes,UNREF,"reject: flat-shaded toy kits, off Style G",no (.gdignore)
assets/incoming/kenney/fantasy-town-kit/Models/GLB format/wall-wood-window-glass.glb,11184,UNREF,yes,UNREF,"reject: flat-shaded toy kits, off Style G",no (.gdignore)
assets/incoming/kenney/fantasy-town-kit/Models/GLB format/wall-wood-window-round.glb,23636,UNREF,yes,UNREF,"reject: flat-shaded toy kits, off Style G",no (.gdignore)
assets/incoming/kenney/fantasy-town-kit/Models/GLB format/wall-wood-window-shutters.glb,10612,UNREF,yes,UNREF,"reject: flat-shaded toy kits, off Style G",no (.gdignore)
assets/incoming/kenney/fantasy-town-kit/Models/GLB format/wall-wood-window-small.glb,11808,UNREF,yes,UNREF,"reject: flat-shaded toy kits, off Style G",no (.gdignore)
assets/incoming/kenney/fantasy-town-kit/Models/GLB format/wall-wood-window-stone.glb,16844,UNREF,yes,UNREF,"reject: flat-shaded toy kits, off Style G",no (.gdignore)
assets/incoming/kenney/fantasy-town-kit/Models/GLB format/wall-wood.glb,4808,UNREF,yes,UNREF,"reject: flat-shaded toy kits, off Style G",no (.gdignore)
assets/incoming/kenney/fantasy-town-kit/Models/GLB format/wall.glb,4792,,,TOOLS-ONLY,"reject: flat-shaded toy kits, off Style G",no (.gdignore)
assets/incoming/kenney/fantasy-town-kit/Models/GLB format/watermill-wide.glb,53872,UNREF,yes,UNREF,"reject: flat-shaded toy kits, off Style G",no (.gdignore)
assets/incoming/kenney/graveyard-kit/Models/GLB format/altar-stone.glb,17164,UNREF,yes,UNREF,"reject: flat-shaded toy kits, off Style G",no (.gdignore)
assets/incoming/kenney/graveyard-kit/Models/GLB format/altar-wood.glb,28368,UNREF,yes,UNREF,"reject: flat-shaded toy kits, off Style G",no (.gdignore)
assets/incoming/kenney/graveyard-kit/Models/GLB format/bench-damaged.glb,23548,UNREF,yes,UNREF,"reject: flat-shaded toy kits, off Style G",no (.gdignore)
assets/incoming/kenney/graveyard-kit/Models/GLB format/border-pillar.glb,11292,UNREF,yes,UNREF,"reject: flat-shaded toy kits, off Style G",no (.gdignore)
assets/incoming/kenney/graveyard-kit/Models/GLB format/brick-wall-curve-small.glb,50812,UNREF,yes,UNREF,"reject: flat-shaded toy kits, off Style G",no (.gdignore)
assets/incoming/kenney/graveyard-kit/Models/GLB format/brick-wall-curve.glb,34684,UNREF,yes,UNREF,"reject: flat-shaded toy kits, off Style G",no (.gdignore)
assets/incoming/kenney/graveyard-kit/Models/GLB format/brick-wall-end.glb,31056,UNREF,yes,UNREF,"reject: flat-shaded toy kits, off Style G",no (.gdignore)
assets/incoming/kenney/graveyard-kit/Models/GLB format/brick-wall.glb,19440,UNREF,yes,UNREF,"reject: flat-shaded toy kits, off Style G",no (.gdignore)
assets/incoming/kenney/graveyard-kit/Models/GLB format/candle-multiple.glb,17304,UNREF,yes,UNREF,"reject: flat-shaded toy kits, off Style G",no (.gdignore)
assets/incoming/kenney/graveyard-kit/Models/GLB format/character-ghost.glb,114016,UNREF,yes,UNREF,"reject: flat-shaded toy kits, off Style G",no (.gdignore)
assets/incoming/kenney/graveyard-kit/Models/GLB format/character-keeper.glb,250200,UNREF,yes,UNREF,"reject: flat-shaded toy kits, off Style G",no (.gdignore)
assets/incoming/kenney/graveyard-kit/Models/GLB format/character-skeleton.glb,202796,UNREF,yes,UNREF,"reject: flat-shaded toy kits, off Style G",no (.gdignore)
assets/incoming/kenney/graveyard-kit/Models/GLB format/character-vampire.glb,248132,UNREF,yes,UNREF,"reject: flat-shaded toy kits, off Style G",no (.gdignore)
assets/incoming/kenney/graveyard-kit/Models/GLB format/character-zombie.glb,245500,UNREF,yes,UNREF,"reject: flat-shaded toy kits, off Style G",no (.gdignore)
assets/incoming/kenney/graveyard-kit/Models/GLB format/coffin-old.glb,19952,UNREF,yes,UNREF,"reject: flat-shaded toy kits, off Style G",no (.gdignore)
assets/incoming/kenney/graveyard-kit/Models/GLB format/coffin.glb,24696,UNREF,yes,UNREF,"reject: flat-shaded toy kits, off Style G",no (.gdignore)
assets/incoming/kenney/graveyard-kit/Models/GLB format/column-large.glb,37540,UNREF,yes,UNREF,"reject: flat-shaded toy kits, off Style G",no (.gdignore)
assets/incoming/kenney/graveyard-kit/Models/GLB format/cross-column.glb,20820,UNREF,yes,UNREF,"reject: flat-shaded toy kits, off Style G",no (.gdignore)
assets/incoming/kenney/graveyard-kit/Models/GLB format/cross-wood.glb,13080,UNREF,yes,UNREF,"reject: flat-shaded toy kits, off Style G",no (.gdignore)
assets/incoming/kenney/graveyard-kit/Models/GLB format/crypt-a.glb,10904,UNREF,yes,UNREF,"reject: flat-shaded toy kits, off Style G",no (.gdignore)
assets/incoming/kenney/graveyard-kit/Models/GLB format/crypt-b.glb,12088,UNREF,yes,UNREF,"reject: flat-shaded toy kits, off Style G",no (.gdignore)
assets/incoming/kenney/graveyard-kit/Models/GLB format/crypt-door.glb,16168,UNREF,yes,UNREF,"reject: flat-shaded toy kits, off Style G",no (.gdignore)
assets/incoming/kenney/graveyard-kit/Models/GLB format/crypt-large-door.glb,21712,UNREF,yes,UNREF,"reject: flat-shaded toy kits, off Style G",no (.gdignore)
assets/incoming/kenney/graveyard-kit/Models/GLB format/crypt-large-roof.glb,35600,UNREF,yes,UNREF,"reject: flat-shaded toy kits, off Style G",no (.gdignore)
assets/incoming/kenney/graveyard-kit/Models/GLB format/crypt-large.glb,54852,UNREF,yes,UNREF,"reject: flat-shaded toy kits, off Style G",no (.gdignore)
assets/incoming/kenney/graveyard-kit/Models/GLB format/crypt-small-roof.glb,27284,UNREF,yes,UNREF,"reject: flat-shaded toy kits, off Style G",no (.gdignore)
assets/incoming/kenney/graveyard-kit/Models/GLB format/crypt-small.glb,36872,UNREF,yes,UNREF,"reject: flat-shaded toy kits, off Style G",no (.gdignore)
assets/incoming/kenney/graveyard-kit/Models/GLB format/debris-wood.glb,10820,UNREF,yes,UNREF,"reject: flat-shaded toy kits, off Style G",no (.gdignore)
assets/incoming/kenney/graveyard-kit/Models/GLB format/detail-bowl.glb,17472,UNREF,yes,UNREF,"reject: flat-shaded toy kits, off Style G",no (.gdignore)
assets/incoming/kenney/graveyard-kit/Models/GLB format/detail-chalice.glb,13816,UNREF,yes,UNREF,"reject: flat-shaded toy kits, off Style G",no (.gdignore)
assets/incoming/kenney/graveyard-kit/Models/GLB format/detail-plate.glb,11424,UNREF,yes,UNREF,"reject: flat-shaded toy kits, off Style G",no (.gdignore)
assets/incoming/kenney/graveyard-kit/Models/GLB format/fence-damaged.glb,30152,UNREF,yes,UNREF,"reject: flat-shaded toy kits, off Style G",no (.gdignore)
assets/incoming/kenney/graveyard-kit/Models/GLB format/fire-basket.glb,18740,UNREF,yes,UNREF,"reject: flat-shaded toy kits, off Style G",no (.gdignore)
assets/incoming/kenney/graveyard-kit/Models/GLB format/grave-border.glb,57352,UNREF,yes,UNREF,"reject: flat-shaded toy kits, off Style G",no (.gdignore)
assets/incoming/kenney/graveyard-kit/Models/GLB format/grave.glb,25080,UNREF,yes,UNREF,"reject: flat-shaded toy kits, off Style G",no (.gdignore)
assets/incoming/kenney/graveyard-kit/Models/GLB format/gravestone-bevel.glb,15852,UNREF,yes,UNREF,"reject: flat-shaded toy kits, off Style G",no (.gdignore)
assets/incoming/kenney/graveyard-kit/Models/GLB format/gravestone-broken.glb,12920,UNREF,yes,UNREF,"reject: flat-shaded toy kits, off Style G",no (.gdignore)
assets/incoming/kenney/graveyard-kit/Models/GLB format/gravestone-cross-large.glb,18212,UNREF,yes,UNREF,"reject: flat-shaded toy kits, off Style G",no (.gdignore)
assets/incoming/kenney/graveyard-kit/Models/GLB format/gravestone-cross.glb,20584,UNREF,yes,UNREF,"reject: flat-shaded toy kits, off Style G",no (.gdignore)
assets/incoming/kenney/graveyard-kit/Models/GLB format/gravestone-debris.glb,11908,UNREF,yes,UNREF,"reject: flat-shaded toy kits, off Style G",no (.gdignore)
assets/incoming/kenney/graveyard-kit/Models/GLB format/gravestone-decorative.glb,10004,UNREF,yes,UNREF,"reject: flat-shaded toy kits, off Style G",no (.gdignore)
assets/incoming/kenney/graveyard-kit/Models/GLB format/gravestone-roof.glb,16316,UNREF,yes,UNREF,"reject: flat-shaded toy kits, off Style G",no (.gdignore)
assets/incoming/kenney/graveyard-kit/Models/GLB format/gravestone-round.glb,16832,UNREF,yes,UNREF,"reject: flat-shaded toy kits, off Style G",no (.gdignore)
assets/incoming/kenney/graveyard-kit/Models/GLB format/gravestone-wide.glb,23020,UNREF,yes,UNREF,"reject: flat-shaded toy kits, off Style G",no (.gdignore)
assets/incoming/kenney/graveyard-kit/Models/GLB format/hay-bale-bundled.glb,35088,UNREF,yes,UNREF,"reject: flat-shaded toy kits, off Style G",no (.gdignore)
assets/incoming/kenney/graveyard-kit/Models/GLB format/iron-fence-bar.glb,10128,UNREF,yes,UNREF,"reject: flat-shaded toy kits, off Style G",no (.gdignore)
assets/incoming/kenney/graveyard-kit/Models/GLB format/iron-fence-border-column.glb,40752,UNREF,yes,UNREF,"reject: flat-shaded toy kits, off Style G",no (.gdignore)
assets/incoming/kenney/graveyard-kit/Models/GLB format/iron-fence-border-curve.glb,55232,UNREF,yes,UNREF,"reject: flat-shaded toy kits, off Style G",no (.gdignore)
assets/incoming/kenney/graveyard-kit/Models/GLB format/iron-fence-border-gate.glb,26340,UNREF,yes,UNREF,"reject: flat-shaded toy kits, off Style G",no (.gdignore)
assets/incoming/kenney/graveyard-kit/Models/GLB format/iron-fence-border.glb,39188,UNREF,yes,UNREF,"reject: flat-shaded toy kits, off Style G",no (.gdignore)
assets/incoming/kenney/graveyard-kit/Models/GLB format/iron-fence-curve.glb,46152,UNREF,yes,UNREF,"reject: flat-shaded toy kits, off Style G",no (.gdignore)
assets/incoming/kenney/graveyard-kit/Models/GLB format/iron-fence-damaged.glb,34956,UNREF,yes,UNREF,"reject: flat-shaded toy kits, off Style G",no (.gdignore)
assets/incoming/kenney/graveyard-kit/Models/GLB format/iron-fence.glb,38576,UNREF,yes,UNREF,"reject: flat-shaded toy kits, off Style G",no (.gdignore)
assets/incoming/kenney/graveyard-kit/Models/GLB format/lantern-candle.glb,22124,UNREF,yes,UNREF,"reject: flat-shaded toy kits, off Style G",no (.gdignore)
assets/incoming/kenney/graveyard-kit/Models/GLB format/lantern-glass.glb,18596,UNREF,yes,UNREF,"reject: flat-shaded toy kits, off Style G",no (.gdignore)
assets/incoming/kenney/graveyard-kit/Models/GLB format/lightpost-all.glb,93724,UNREF,yes,UNREF,"reject: flat-shaded toy kits, off Style G",no (.gdignore)
assets/incoming/kenney/graveyard-kit/Models/GLB format/lightpost-double.glb,54228,UNREF,yes,UNREF,"reject: flat-shaded toy kits, off Style G",no (.gdignore)
assets/incoming/kenney/graveyard-kit/Models/GLB format/lightpost-single.glb,34440,UNREF,yes,UNREF,"reject: flat-shaded toy kits, off Style G",no (.gdignore)
assets/incoming/kenney/graveyard-kit/Models/GLB format/pillar-large.glb,17076,UNREF,yes,UNREF,"reject: flat-shaded toy kits, off Style G",no (.gdignore)
assets/incoming/kenney/graveyard-kit/Models/GLB format/pillar-obelisk.glb,8552,UNREF,yes,UNREF,"reject: flat-shaded toy kits, off Style G",no (.gdignore)
assets/incoming/kenney/graveyard-kit/Models/GLB format/pillar-small.glb,10748,UNREF,yes,UNREF,"reject: flat-shaded toy kits, off Style G",no (.gdignore)
assets/incoming/kenney/graveyard-kit/Models/GLB format/pillar-square.glb,18352,UNREF,yes,UNREF,"reject: flat-shaded toy kits, off Style G",no (.gdignore)
assets/incoming/kenney/graveyard-kit/Models/GLB format/pine-crooked.glb,35944,UNREF,yes,UNREF,"reject: flat-shaded toy kits, off Style G",no (.gdignore)
assets/incoming/kenney/graveyard-kit/Models/GLB format/pine-fall-crooked.glb,35960,UNREF,yes,UNREF,"reject: flat-shaded toy kits, off Style G",no (.gdignore)
assets/incoming/kenney/graveyard-kit/Models/GLB format/pine-fall.glb,35936,UNREF,yes,UNREF,"reject: flat-shaded toy kits, off Style G",no (.gdignore)
assets/incoming/kenney/graveyard-kit/Models/GLB format/pine.glb,35920,,,TOOLS-ONLY,"reject: flat-shaded toy kits, off Style G",no (.gdignore)
assets/incoming/kenney/graveyard-kit/Models/GLB format/pumpkin-carved.glb,46164,UNREF,yes,UNREF,"reject: flat-shaded toy kits, off Style G",no (.gdignore)
assets/incoming/kenney/graveyard-kit/Models/GLB format/pumpkin-tall-carved.glb,44248,UNREF,yes,UNREF,"reject: flat-shaded toy kits, off Style G",no (.gdignore)
assets/incoming/kenney/graveyard-kit/Models/GLB format/pumpkin-tall.glb,35456,UNREF,yes,UNREF,"reject: flat-shaded toy kits, off Style G",no (.gdignore)
assets/incoming/kenney/graveyard-kit/Models/GLB format/road.glb,29048,,,TOOLS-ONLY,"reject: flat-shaded toy kits, off Style G",no (.gdignore)
assets/incoming/kenney/graveyard-kit/Models/GLB format/rocks-tall.glb,36924,UNREF,yes,UNREF,"reject: flat-shaded toy kits, off Style G",no (.gdignore)
assets/incoming/kenney/graveyard-kit/Models/GLB format/shovel-dirt.glb,26068,UNREF,yes,UNREF,"reject: flat-shaded toy kits, off Style G",no (.gdignore)
assets/incoming/kenney/graveyard-kit/Models/GLB format/stone-wall-column.glb,13744,UNREF,yes,UNREF,"reject: flat-shaded toy kits, off Style G",no (.gdignore)
assets/incoming/kenney/graveyard-kit/Models/GLB format/stone-wall-curve.glb,27584,UNREF,yes,UNREF,"reject: flat-shaded toy kits, off Style G",no (.gdignore)
assets/incoming/kenney/graveyard-kit/Models/GLB format/stone-wall-damaged.glb,14168,UNREF,yes,UNREF,"reject: flat-shaded toy kits, off Style G",no (.gdignore)
assets/incoming/kenney/graveyard-kit/Models/GLB format/stone-wall.glb,6944,UNREF,yes,UNREF,"reject: flat-shaded toy kits, off Style G",no (.gdignore)
assets/incoming/kenney/graveyard-kit/Models/GLB format/trunk-long.glb,30832,UNREF,yes,UNREF,"reject: flat-shaded toy kits, off Style G",no (.gdignore)
assets/incoming/kenney/graveyard-kit/Models/GLB format/urn-round.glb,23712,UNREF,yes,UNREF,"reject: flat-shaded toy kits, off Style G",no (.gdignore)
assets/incoming/kenney/graveyard-kit/Models/GLB format/urn-square.glb,22460,UNREF,yes,UNREF,"reject: flat-shaded toy kits, off Style G",no (.gdignore)
assets/incoming/kenney/mini-characters/Models/GLB format/aid-cane-blind.glb,6168,UNREF,yes,UNREF,"reject: flat-shaded toy kits, off Style G",no (.gdignore)
assets/incoming/kenney/mini-characters/Models/GLB format/aid-cane-low-vision.glb,6568,UNREF,yes,UNREF,"reject: flat-shaded toy kits, off Style G",no (.gdignore)
assets/incoming/kenney/mini-characters/Models/GLB format/aid-cane.glb,8524,UNREF,yes,UNREF,"reject: flat-shaded toy kits, off Style G",no (.gdignore)
assets/incoming/kenney/mini-characters/Models/GLB format/aid-crutch.glb,16008,UNREF,yes,UNREF,"reject: flat-shaded toy kits, off Style G",no (.gdignore)
assets/incoming/kenney/mini-characters/Models/GLB format/aid-defibrillator-green.glb,10296,UNREF,yes,UNREF,"reject: flat-shaded toy kits, off Style G",no (.gdignore)
assets/incoming/kenney/mini-characters/Models/GLB format/aid-defibrillator-red.glb,10288,UNREF,yes,UNREF,"reject: flat-shaded toy kits, off Style G",no (.gdignore)
assets/incoming/kenney/mini-characters/Models/GLB format/aid-glasses.glb,6764,UNREF,yes,UNREF,"reject: flat-shaded toy kits, off Style G",no (.gdignore)
assets/incoming/kenney/mini-characters/Models/GLB format/aid-mask.glb,15820,UNREF,yes,UNREF,"reject: flat-shaded toy kits, off Style G",no (.gdignore)
assets/incoming/kenney/mini-characters/Models/GLB format/aid-sunglasses.glb,6324,UNREF,yes,UNREF,"reject: flat-shaded toy kits, off Style G",no (.gdignore)
assets/incoming/kenney/mini-characters/Models/GLB format/aid_hearing.glb,7212,UNREF,yes,UNREF,"reject: flat-shaded toy kits, off Style G",no (.gdignore)
assets/incoming/kenney/mini-characters/Models/GLB format/character-female-a.glb,273448,UNREF,yes,UNREF,"reject: flat-shaded toy kits, off Style G",no (.gdignore)
assets/incoming/kenney/mini-characters/Models/GLB format/character-female-b.glb,252140,UNREF,yes,UNREF,"reject: flat-shaded toy kits, off Style G",no (.gdignore)
assets/incoming/kenney/mini-characters/Models/GLB format/character-female-c.glb,252040,UNREF,yes,UNREF,"reject: flat-shaded toy kits, off Style G",no (.gdignore)
assets/incoming/kenney/mini-characters/Models/GLB format/character-female-d.glb,258760,UNREF,yes,UNREF,"reject: flat-shaded toy kits, off Style G",no (.gdignore)
assets/incoming/kenney/mini-characters/Models/GLB format/character-female-e.glb,248012,UNREF,yes,UNREF,"reject: flat-shaded toy kits, off Style G",no (.gdignore)
assets/incoming/kenney/mini-characters/Models/GLB format/character-female-f.glb,259488,UNREF,yes,UNREF,"reject: flat-shaded toy kits, off Style G",no (.gdignore)
assets/incoming/kenney/mini-characters/Models/GLB format/character-male-a.glb,246916,UNREF,yes,UNREF,"reject: flat-shaded toy kits, off Style G",no (.gdignore)
assets/incoming/kenney/mini-characters/Models/GLB format/character-male-b.glb,247332,UNREF,yes,UNREF,"reject: flat-shaded toy kits, off Style G",no (.gdignore)
assets/incoming/kenney/mini-characters/Models/GLB format/character-male-c.glb,263104,UNREF,yes,UNREF,"reject: flat-shaded toy kits, off Style G",no (.gdignore)
assets/incoming/kenney/mini-characters/Models/GLB format/character-male-d.glb,245184,UNREF,yes,UNREF,"reject: flat-shaded toy kits, off Style G",no (.gdignore)
assets/incoming/kenney/mini-characters/Models/GLB format/character-male-e.glb,242704,UNREF,yes,UNREF,"reject: flat-shaded toy kits, off Style G",no (.gdignore)
assets/incoming/kenney/mini-characters/Models/GLB format/character-male-f.glb,249388,UNREF,yes,UNREF,"reject: flat-shaded toy kits, off Style G",no (.gdignore)
assets/incoming/kenney/mini-characters/Models/GLB format/wheelchair-deluxe.glb,60588,UNREF,yes,UNREF,"reject: flat-shaded toy kits, off Style G",no (.gdignore)
assets/incoming/kenney/mini-characters/Models/GLB format/wheelchair-power-deluxe.glb,90512,UNREF,yes,UNREF,"reject: flat-shaded toy kits, off Style G",no (.gdignore)
assets/incoming/kenney/mini-characters/Models/GLB format/wheelchair-power.glb,76664,UNREF,yes,UNREF,"reject: flat-shaded toy kits, off Style G",no (.gdignore)
assets/incoming/kenney/mini-characters/Models/GLB format/wheelchair.glb,56680,UNREF,yes,UNREF,"reject: flat-shaded toy kits, off Style G",no (.gdignore)
assets/incoming/kenney/mini-forest/Models/GLB format/building-platform.glb,48212,UNREF,yes,UNREF,"reject: flat-shaded toy kits, off Style G",no (.gdignore)
assets/incoming/kenney/mini-forest/Models/GLB format/building-roof.glb,31964,UNREF,yes,UNREF,"reject: flat-shaded toy kits, off Style G",no (.gdignore)
assets/incoming/kenney/mini-forest/Models/GLB format/building-structure.glb,16356,UNREF,yes,UNREF,"reject: flat-shaded toy kits, off Style G",no (.gdignore)
assets/incoming/kenney/mini-forest/Models/GLB format/character-archer.glb,239124,UNREF,yes,UNREF,"reject: flat-shaded toy kits, off Style G",no (.gdignore)
assets/incoming/kenney/mini-forest/Models/GLB format/flag.glb,16604,,,TOOLS-ONLY,"reject: flat-shaded toy kits, off Style G",no (.gdignore)
assets/incoming/kenney/mini-forest/Models/GLB format/patch-dirt.glb,10176,UNREF,yes,UNREF,"reject: flat-shaded toy kits, off Style G",no (.gdignore)
assets/incoming/kenney/mini-forest/Models/GLB format/patch-grass.glb,29732,UNREF,yes,UNREF,"reject: flat-shaded toy kits, off Style G",no (.gdignore)
assets/incoming/kenney/mini-forest/Models/GLB format/rocks-high.glb,31952,UNREF,yes,UNREF,"reject: flat-shaded toy kits, off Style G",no (.gdignore)
assets/incoming/kenney/mini-forest/Models/GLB format/rocks-low.glb,31964,UNREF,yes,UNREF,"reject: flat-shaded toy kits, off Style G",no (.gdignore)
assets/incoming/kenney/mini-forest/Models/GLB format/rocks-ramp.glb,23148,UNREF,yes,UNREF,"reject: flat-shaded toy kits, off Style G",no (.gdignore)
assets/incoming/kenney/mini-forest/Models/GLB format/tent.glb,77896,,,TOOLS-ONLY,"reject: flat-shaded toy kits, off Style G",no (.gdignore)
assets/incoming/kenney/mini-forest/Models/GLB format/tree-high.glb,31176,UNREF,yes,UNREF,"reject: flat-shaded toy kits, off Style G",no (.gdignore)
assets/incoming/kenney/mini-forest/Models/GLB format/tree.glb,23476,,,TOOLS-ONLY,"reject: flat-shaded toy kits, off Style G",no (.gdignore)
assets/incoming/kenney/mini-forest/Models/GLB format/weapon-arrow.glb,7168,UNREF,yes,UNREF,"reject: flat-shaded toy kits, off Style G",no (.gdignore)
assets/incoming/kenney/mini-forest/Models/GLB format/weapon-bow.glb,8508,UNREF,yes,UNREF,"reject: flat-shaded toy kits, off Style G",no (.gdignore)
assets/incoming/kenney/modular-dungeon-kit/Models/GLB format/corridor-corner.glb,80616,UNREF,yes,UNREF,"reject: flat-shaded toy kits, off Style G",no (.gdignore)
assets/incoming/kenney/modular-dungeon-kit/Models/GLB format/corridor-end.glb,126740,UNREF,yes,UNREF,"reject: flat-shaded toy kits, off Style G",no (.gdignore)
assets/incoming/kenney/modular-dungeon-kit/Models/GLB format/corridor-intersection.glb,35028,UNREF,yes,UNREF,"reject: flat-shaded toy kits, off Style G",no (.gdignore)
assets/incoming/kenney/modular-dungeon-kit/Models/GLB format/corridor-junction.glb,60144,UNREF,yes,UNREF,"reject: flat-shaded toy kits, off Style G",no (.gdignore)
assets/incoming/kenney/modular-dungeon-kit/Models/GLB format/corridor-transition.glb,236320,UNREF,yes,UNREF,"reject: flat-shaded toy kits, off Style G",no (.gdignore)
assets/incoming/kenney/modular-dungeon-kit/Models/GLB format/corridor-wide-corner.glb,164848,UNREF,yes,UNREF,"reject: flat-shaded toy kits, off Style G",no (.gdignore)
assets/incoming/kenney/modular-dungeon-kit/Models/GLB format/corridor-wide-end.glb,327232,UNREF,yes,UNREF,"reject: flat-shaded toy kits, off Style G",no (.gdignore)
assets/incoming/kenney/modular-dungeon-kit/Models/GLB format/corridor-wide-intersection.glb,36236,UNREF,yes,UNREF,"reject: flat-shaded toy kits, off Style G",no (.gdignore)
assets/incoming/kenney/modular-dungeon-kit/Models/GLB format/corridor-wide-junction.glb,127796,UNREF,yes,UNREF,"reject: flat-shaded toy kits, off Style G",no (.gdignore)
assets/incoming/kenney/modular-dungeon-kit/Models/GLB format/corridor-wide.glb,219188,UNREF,yes,UNREF,"reject: flat-shaded toy kits, off Style G",no (.gdignore)
assets/incoming/kenney/modular-dungeon-kit/Models/GLB format/corridor.glb,85104,UNREF,yes,dynamic,placed now,no (.gdignore)
assets/incoming/kenney/modular-dungeon-kit/Models/GLB format/gate-door-window.glb,95080,UNREF,yes,UNREF,"reject: flat-shaded toy kits, off Style G",no (.gdignore)
assets/incoming/kenney/modular-dungeon-kit/Models/GLB format/gate-door.glb,90640,UNREF,yes,UNREF,"reject: flat-shaded toy kits, off Style G",no (.gdignore)
assets/incoming/kenney/modular-dungeon-kit/Models/GLB format/gate-metal-bars.glb,68172,UNREF,yes,UNREF,"reject: flat-shaded toy kits, off Style G",no (.gdignore)
assets/incoming/kenney/modular-dungeon-kit/Models/GLB format/gate.glb,53804,,,TOOLS-ONLY,"reject: flat-shaded toy kits, off Style G",no (.gdignore)
assets/incoming/kenney/modular-dungeon-kit/Models/GLB format/room-corner.glb,437160,UNREF,yes,UNREF,"reject: flat-shaded toy kits, off Style G",no (.gdignore)
assets/incoming/kenney/modular-dungeon-kit/Models/GLB format/room-large-variation.glb,875848,UNREF,yes,UNREF,"reject: flat-shaded toy kits, off Style G",no (.gdignore)
assets/incoming/kenney/modular-dungeon-kit/Models/GLB format/room-large.glb,921468,UNREF,yes,UNREF,"reject: flat-shaded toy kits, off Style G",no (.gdignore)
assets/incoming/kenney/modular-dungeon-kit/Models/GLB format/room-small-variation.glb,421372,UNREF,yes,UNREF,"reject: flat-shaded toy kits, off Style G",no (.gdignore)
assets/incoming/kenney/modular-dungeon-kit/Models/GLB format/room-small.glb,412996,UNREF,yes,UNREF,"reject: flat-shaded toy kits, off Style G",no (.gdignore)
assets/incoming/kenney/modular-dungeon-kit/Models/GLB format/room-wide-variation.glb,827716,UNREF,yes,UNREF,"reject: flat-shaded toy kits, off Style G",no (.gdignore)
assets/incoming/kenney/modular-dungeon-kit/Models/GLB format/room-wide.glb,684096,UNREF,yes,UNREF,"reject: flat-shaded toy kits, off Style G",no (.gdignore)
assets/incoming/kenney/modular-dungeon-kit/Models/GLB format/stairs-wide.glb,280952,UNREF,yes,UNREF,"reject: flat-shaded toy kits, off Style G",no (.gdignore)
assets/incoming/kenney/modular-dungeon-kit/Models/GLB format/template-corner.glb,72396,UNREF,yes,UNREF,"reject: flat-shaded toy kits, off Style G",no (.gdignore)
assets/incoming/kenney/modular-dungeon-kit/Models/GLB format/template-detail.glb,18216,UNREF,yes,UNREF,"reject: flat-shaded toy kits, off Style G",no (.gdignore)
assets/incoming/kenney/modular-dungeon-kit/Models/GLB format/template-floor-big.glb,50396,UNREF,yes,UNREF,"reject: flat-shaded toy kits, off Style G",no (.gdignore)
assets/incoming/kenney/modular-dungeon-kit/Models/GLB format/template-floor-detail-a.glb,22668,UNREF,yes,UNREF,"reject: flat-shaded toy kits, off Style G",no (.gdignore)
assets/incoming/kenney/modular-dungeon-kit/Models/GLB format/template-floor-detail.glb,22664,UNREF,yes,UNREF,"reject: flat-shaded toy kits, off Style G",no (.gdignore)
assets/incoming/kenney/modular-dungeon-kit/Models/GLB format/template-floor-layer-hole.glb,41092,UNREF,yes,UNREF,"reject: flat-shaded toy kits, off Style G",no (.gdignore)
assets/incoming/kenney/modular-dungeon-kit/Models/GLB format/template-floor-layer-raised.glb,33704,UNREF,yes,UNREF,"reject: flat-shaded toy kits, off Style G",no (.gdignore)
assets/incoming/kenney/modular-dungeon-kit/Models/GLB format/template-floor-layer.glb,18992,UNREF,yes,UNREF,"reject: flat-shaded toy kits, off Style G",no (.gdignore)
assets/incoming/kenney/modular-dungeon-kit/Models/GLB format/template-floor.glb,2052,UNREF,yes,UNREF,"reject: flat-shaded toy kits, off Style G",no (.gdignore)
assets/incoming/kenney/modular-dungeon-kit/Models/GLB format/template-wall-corner.glb,9688,UNREF,yes,UNREF,"reject: flat-shaded toy kits, off Style G",no (.gdignore)
assets/incoming/kenney/modular-dungeon-kit/Models/GLB format/template-wall-detail-a.glb,58744,UNREF,yes,UNREF,"reject: flat-shaded toy kits, off Style G",no (.gdignore)
assets/incoming/kenney/modular-dungeon-kit/Models/GLB format/template-wall-half.glb,27220,UNREF,yes,UNREF,"reject: flat-shaded toy kits, off Style G",no (.gdignore)
assets/incoming/kenney/modular-dungeon-kit/Models/GLB format/template-wall-stairs.glb,15376,UNREF,yes,UNREF,"reject: flat-shaded toy kits, off Style G",no (.gdignore)
assets/incoming/kenney/modular-dungeon-kit/Models/GLB format/template-wall-top.glb,27600,UNREF,yes,UNREF,"reject: flat-shaded toy kits, off Style G",no (.gdignore)
assets/incoming/kenney/modular-dungeon-kit/Models/GLB format/template-wall.glb,43216,UNREF,yes,UNREF,"reject: flat-shaded toy kits, off Style G",no (.gdignore)
assets/incoming/kenney/nature-kit/Models/GLTF format/bed.glb,19108,,,TOOLS-ONLY,"reject: flat-shaded toy kits, off Style G",no (.gdignore)
assets/incoming/kenney/nature-kit/Models/GLTF format/bed_floor.glb,10688,UNREF,yes,UNREF,"reject: flat-shaded toy kits, off Style G",no (.gdignore)
assets/incoming/kenney/nature-kit/Models/GLTF format/bridge_center_stone.glb,5076,UNREF,yes,UNREF,"reject: flat-shaded toy kits, off Style G",no (.gdignore)
assets/incoming/kenney/nature-kit/Models/GLTF format/bridge_center_stoneRound.glb,5080,UNREF,yes,UNREF,"reject: flat-shaded toy kits, off Style G",no (.gdignore)
assets/incoming/kenney/nature-kit/Models/GLTF format/bridge_center_wood.glb,5480,UNREF,yes,UNREF,"reject: flat-shaded toy kits, off Style G",no (.gdignore)
assets/incoming/kenney/nature-kit/Models/GLTF format/bridge_center_woodRound.glb,6280,UNREF,yes,UNREF,"reject: flat-shaded toy kits, off Style G",no (.gdignore)
assets/incoming/kenney/nature-kit/Models/GLTF format/bridge_side_stone.glb,11408,UNREF,yes,UNREF,"reject: flat-shaded toy kits, off Style G",no (.gdignore)
assets/incoming/kenney/nature-kit/Models/GLTF format/bridge_side_stoneRound.glb,13540,UNREF,yes,UNREF,"reject: flat-shaded toy kits, off Style G",no (.gdignore)
assets/incoming/kenney/nature-kit/Models/GLTF format/bridge_side_wood.glb,10604,UNREF,yes,UNREF,"reject: flat-shaded toy kits, off Style G",no (.gdignore)
assets/incoming/kenney/nature-kit/Models/GLTF format/bridge_side_woodRound.glb,13460,UNREF,yes,UNREF,"reject: flat-shaded toy kits, off Style G",no (.gdignore)
assets/incoming/kenney/nature-kit/Models/GLTF format/bridge_stoneNarrow.glb,17724,UNREF,yes,UNREF,"reject: flat-shaded toy kits, off Style G",no (.gdignore)
assets/incoming/kenney/nature-kit/Models/GLTF format/bridge_stoneRound.glb,22552,UNREF,yes,UNREF,"reject: flat-shaded toy kits, off Style G",no (.gdignore)
assets/incoming/kenney/nature-kit/Models/GLTF format/bridge_stoneRoundNarrow.glb,22564,UNREF,yes,UNREF,"reject: flat-shaded toy kits, off Style G",no (.gdignore)
assets/incoming/kenney/nature-kit/Models/GLTF format/bridge_woodNarrow.glb,15708,UNREF,yes,UNREF,"reject: flat-shaded toy kits, off Style G",no (.gdignore)
assets/incoming/kenney/nature-kit/Models/GLTF format/bridge_woodRound.glb,21192,UNREF,yes,UNREF,"reject: flat-shaded toy kits, off Style G",no (.gdignore)
assets/incoming/kenney/nature-kit/Models/GLTF format/bridge_woodRoundNarrow.glb,21204,UNREF,yes,UNREF,"reject: flat-shaded toy kits, off Style G",no (.gdignore)
assets/incoming/kenney/nature-kit/Models/GLTF format/cactus_short.glb,8844,UNREF,yes,UNREF,"reject: flat-shaded toy kits, off Style G",no (.gdignore)
assets/incoming/kenney/nature-kit/Models/GLTF format/cactus_tall.glb,9668,UNREF,yes,UNREF,"reject: flat-shaded toy kits, off Style G",no (.gdignore)
assets/incoming/kenney/nature-kit/Models/GLTF format/campfire_bricks.glb,10220,UNREF,yes,UNREF,"reject: flat-shaded toy kits, off Style G",no (.gdignore)
assets/incoming/kenney/nature-kit/Models/GLTF format/campfire_logs.glb,9284,UNREF,yes,UNREF,"reject: flat-shaded toy kits, off Style G",no (.gdignore)
assets/incoming/kenney/nature-kit/Models/GLTF format/campfire_planks.glb,8148,UNREF,yes,UNREF,"reject: flat-shaded toy kits, off Style G",no (.gdignore)
assets/incoming/kenney/nature-kit/Models/GLTF format/campfire_stones.glb,17344,UNREF,yes,UNREF,"reject: flat-shaded toy kits, off Style G",no (.gdignore)
assets/incoming/kenney/nature-kit/Models/GLTF format/canoe_paddle.glb,3952,UNREF,yes,UNREF,"reject: flat-shaded toy kits, off Style G",no (.gdignore)
assets/incoming/kenney/nature-kit/Models/GLTF format/cliff_blockCave_rock.glb,5432,UNREF,yes,UNREF,"reject: flat-shaded toy kits, off Style G",no (.gdignore)
assets/incoming/kenney/nature-kit/Models/GLTF format/cliff_blockCave_stone.glb,5436,UNREF,yes,UNREF,"reject: flat-shaded toy kits, off Style G",no (.gdignore)
assets/incoming/kenney/nature-kit/Models/GLTF format/cliff_blockDiagonal_rock.glb,2564,UNREF,yes,UNREF,"reject: flat-shaded toy kits, off Style G",no (.gdignore)
assets/incoming/kenney/nature-kit/Models/GLTF format/cliff_blockDiagonal_stone.glb,2568,UNREF,yes,UNREF,"reject: flat-shaded toy kits, off Style G",no (.gdignore)
assets/incoming/kenney/nature-kit/Models/GLTF format/cliff_blockHalf_rock.glb,2788,UNREF,yes,UNREF,"reject: flat-shaded toy kits, off Style G",no (.gdignore)
assets/incoming/kenney/nature-kit/Models/GLTF format/cliff_blockHalf_stone.glb,2792,UNREF,yes,UNREF,"reject: flat-shaded toy kits, off Style G",no (.gdignore)
assets/incoming/kenney/nature-kit/Models/GLTF format/cliff_blockQuarter_rock.glb,2796,UNREF,yes,UNREF,"reject: flat-shaded toy kits, off Style G",no (.gdignore)
assets/incoming/kenney/nature-kit/Models/GLTF format/cliff_blockQuarter_stone.glb,2800,UNREF,yes,UNREF,"reject: flat-shaded toy kits, off Style G",no (.gdignore)
assets/incoming/kenney/nature-kit/Models/GLTF format/cliff_blockSlopeHalfWalls_rock.glb,8880,UNREF,yes,UNREF,"reject: flat-shaded toy kits, off Style G",no (.gdignore)
assets/incoming/kenney/nature-kit/Models/GLTF format/cliff_blockSlopeHalfWalls_stone.glb,8884,UNREF,yes,UNREF,"reject: flat-shaded toy kits, off Style G",no (.gdignore)
assets/incoming/kenney/nature-kit/Models/GLTF format/cliff_blockSlopeWalls_rock.glb,8900,UNREF,yes,UNREF,"reject: flat-shaded toy kits, off Style G",no (.gdignore)
assets/incoming/kenney/nature-kit/Models/GLTF format/cliff_blockSlopeWalls_stone.glb,8904,UNREF,yes,UNREF,"reject: flat-shaded toy kits, off Style G",no (.gdignore)
assets/incoming/kenney/nature-kit/Models/GLTF format/cliff_blockSlope_rock.glb,6720,UNREF,yes,UNREF,"reject: flat-shaded toy kits, off Style G",no (.gdignore)
assets/incoming/kenney/nature-kit/Models/GLTF format/cliff_blockSlope_stone.glb,6724,UNREF,yes,UNREF,"reject: flat-shaded toy kits, off Style G",no (.gdignore)
assets/incoming/kenney/nature-kit/Models/GLTF format/cliff_block_rock.glb,2776,UNREF,yes,UNREF,"reject: flat-shaded toy kits, off Style G",no (.gdignore)
assets/incoming/kenney/nature-kit/Models/GLTF format/cliff_block_stone.glb,2780,UNREF,yes,UNREF,"reject: flat-shaded toy kits, off Style G",no (.gdignore)
assets/incoming/kenney/nature-kit/Models/GLTF format/cliff_cave_rock.glb,5480,UNREF,yes,UNREF,"reject: flat-shaded toy kits, off Style G",no (.gdignore)
assets/incoming/kenney/nature-kit/Models/GLTF format/cliff_cave_stone.glb,5484,UNREF,yes,UNREF,"reject: flat-shaded toy kits, off Style G",no (.gdignore)
assets/incoming/kenney/nature-kit/Models/GLTF format/cliff_cornerInnerLarge_rock.glb,4296,UNREF,yes,UNREF,"reject: flat-shaded toy kits, off Style G",no (.gdignore)
assets/incoming/kenney/nature-kit/Models/GLTF format/cliff_cornerInnerLarge_stone.glb,4300,UNREF,yes,UNREF,"reject: flat-shaded toy kits, off Style G",no (.gdignore)
assets/incoming/kenney/nature-kit/Models/GLTF format/cliff_cornerInnerTop_rock.glb,7608,UNREF,yes,UNREF,"reject: flat-shaded toy kits, off Style G",no (.gdignore)
assets/incoming/kenney/nature-kit/Models/GLTF format/cliff_cornerInnerTop_stone.glb,7612,UNREF,yes,UNREF,"reject: flat-shaded toy kits, off Style G",no (.gdignore)
assets/incoming/kenney/nature-kit/Models/GLTF format/cliff_cornerInner_rock.glb,5008,UNREF,yes,UNREF,"reject: flat-shaded toy kits, off Style G",no (.gdignore)
assets/incoming/kenney/nature-kit/Models/GLTF format/cliff_cornerInner_stone.glb,8568,UNREF,yes,UNREF,"reject: flat-shaded toy kits, off Style G",no (.gdignore)
assets/incoming/kenney/nature-kit/Models/GLTF format/cliff_cornerLarge_rock.glb,2376,UNREF,yes,UNREF,"reject: flat-shaded toy kits, off Style G",no (.gdignore)
assets/incoming/kenney/nature-kit/Models/GLTF format/cliff_cornerLarge_stone.glb,3296,UNREF,yes,UNREF,"reject: flat-shaded toy kits, off Style G",no (.gdignore)
assets/incoming/kenney/nature-kit/Models/GLTF format/cliff_cornerTop_rock.glb,3108,UNREF,yes,UNREF,"reject: flat-shaded toy kits, off Style G",no (.gdignore)
assets/incoming/kenney/nature-kit/Models/GLTF format/cliff_cornerTop_stone.glb,3112,UNREF,yes,UNREF,"reject: flat-shaded toy kits, off Style G",no (.gdignore)
assets/incoming/kenney/nature-kit/Models/GLTF format/cliff_corner_rock.glb,2360,UNREF,yes,UNREF,"reject: flat-shaded toy kits, off Style G",no (.gdignore)
assets/incoming/kenney/nature-kit/Models/GLTF format/cliff_corner_stone.glb,2364,UNREF,yes,UNREF,"reject: flat-shaded toy kits, off Style G",no (.gdignore)
assets/incoming/kenney/nature-kit/Models/GLTF format/cliff_diagonal_rock.glb,4296,UNREF,yes,UNREF,"reject: flat-shaded toy kits, off Style G",no (.gdignore)
assets/incoming/kenney/nature-kit/Models/GLTF format/cliff_diagonal_stone.glb,4236,UNREF,yes,UNREF,"reject: flat-shaded toy kits, off Style G",no (.gdignore)
assets/incoming/kenney/nature-kit/Models/GLTF format/cliff_halfCornerInner_rock.glb,8016,UNREF,yes,UNREF,"reject: flat-shaded toy kits, off Style G",no (.gdignore)
assets/incoming/kenney/nature-kit/Models/GLTF format/cliff_halfCornerInner_stone.glb,8020,UNREF,yes,UNREF,"reject: flat-shaded toy kits, off Style G",no (.gdignore)
assets/incoming/kenney/nature-kit/Models/GLTF format/cliff_halfCorner_rock.glb,3128,UNREF,yes,UNREF,"reject: flat-shaded toy kits, off Style G",no (.gdignore)
assets/incoming/kenney/nature-kit/Models/GLTF format/cliff_halfCorner_stone.glb,3132,UNREF,yes,UNREF,"reject: flat-shaded toy kits, off Style G",no (.gdignore)
assets/incoming/kenney/nature-kit/Models/GLTF format/cliff_half_rock.glb,5316,UNREF,yes,UNREF,"reject: flat-shaded toy kits, off Style G",no (.gdignore)
assets/incoming/kenney/nature-kit/Models/GLTF format/cliff_half_stone.glb,5320,UNREF,yes,UNREF,"reject: flat-shaded toy kits, off Style G",no (.gdignore)
assets/incoming/kenney/nature-kit/Models/GLTF format/cliff_large_rock.glb,3560,UNREF,yes,UNREF,"reject: flat-shaded toy kits, off Style G",no (.gdignore)
assets/incoming/kenney/nature-kit/Models/GLTF format/cliff_large_stone.glb,3564,UNREF,yes,UNREF,"reject: flat-shaded toy kits, off Style G",no (.gdignore)
assets/incoming/kenney/nature-kit/Models/GLTF format/cliff_rock.glb,3556,UNREF,yes,UNREF,"reject: flat-shaded toy kits, off Style G",no (.gdignore)
assets/incoming/kenney/nature-kit/Models/GLTF format/cliff_stepsCornerInner_rock.glb,15632,UNREF,yes,UNREF,"reject: flat-shaded toy kits, off Style G",no (.gdignore)
assets/incoming/kenney/nature-kit/Models/GLTF format/cliff_stepsCornerInner_stone.glb,15636,UNREF,yes,UNREF,"reject: flat-shaded toy kits, off Style G",no (.gdignore)
assets/incoming/kenney/nature-kit/Models/GLTF format/cliff_stepsCorner_rock.glb,17544,UNREF,yes,UNREF,"reject: flat-shaded toy kits, off Style G",no (.gdignore)
assets/incoming/kenney/nature-kit/Models/GLTF format/cliff_stepsCorner_stone.glb,17548,UNREF,yes,UNREF,"reject: flat-shaded toy kits, off Style G",no (.gdignore)
assets/incoming/kenney/nature-kit/Models/GLTF format/cliff_steps_rock.glb,15952,UNREF,yes,UNREF,"reject: flat-shaded toy kits, off Style G",no (.gdignore)
assets/incoming/kenney/nature-kit/Models/GLTF format/cliff_steps_stone.glb,15956,UNREF,yes,UNREF,"reject: flat-shaded toy kits, off Style G",no (.gdignore)
assets/incoming/kenney/nature-kit/Models/GLTF format/cliff_stone.glb,3560,UNREF,yes,UNREF,"reject: flat-shaded toy kits, off Style G",no (.gdignore)
assets/incoming/kenney/nature-kit/Models/GLTF format/cliff_topDiagonal_rock.glb,6220,UNREF,yes,UNREF,"reject: flat-shaded toy kits, off Style G",no (.gdignore)
assets/incoming/kenney/nature-kit/Models/GLTF format/cliff_topDiagonal_stone.glb,10540,UNREF,yes,UNREF,"reject: flat-shaded toy kits, off Style G",no (.gdignore)
assets/incoming/kenney/nature-kit/Models/GLTF format/cliff_top_rock.glb,5312,UNREF,yes,UNREF,"reject: flat-shaded toy kits, off Style G",no (.gdignore)
assets/incoming/kenney/nature-kit/Models/GLTF format/cliff_top_stone.glb,5316,UNREF,yes,UNREF,"reject: flat-shaded toy kits, off Style G",no (.gdignore)
assets/incoming/kenney/nature-kit/Models/GLTF format/cliff_waterfallTop_rock.glb,7076,UNREF,yes,UNREF,"reject: flat-shaded toy kits, off Style G",no (.gdignore)
assets/incoming/kenney/nature-kit/Models/GLTF format/cliff_waterfallTop_stone.glb,7508,UNREF,yes,UNREF,"reject: flat-shaded toy kits, off Style G",no (.gdignore)
assets/incoming/kenney/nature-kit/Models/GLTF format/cliff_waterfall_rock.glb,4488,UNREF,yes,UNREF,"reject: flat-shaded toy kits, off Style G",no (.gdignore)
assets/incoming/kenney/nature-kit/Models/GLTF format/cliff_waterfall_stone.glb,6100,UNREF,yes,UNREF,"reject: flat-shaded toy kits, off Style G",no (.gdignore)
assets/incoming/kenney/nature-kit/Models/GLTF format/crop_carrot.glb,12664,UNREF,yes,UNREF,"reject: flat-shaded toy kits, off Style G",no (.gdignore)
assets/incoming/kenney/nature-kit/Models/GLTF format/crop_melon.glb,13328,UNREF,yes,UNREF,"reject: flat-shaded toy kits, off Style G",no (.gdignore)
assets/incoming/kenney/nature-kit/Models/GLTF format/crop_pumpkin.glb,10840,UNREF,yes,UNREF,"reject: flat-shaded toy kits, off Style G",no (.gdignore)
assets/incoming/kenney/nature-kit/Models/GLTF format/crop_turnip.glb,14308,UNREF,yes,UNREF,"reject: flat-shaded toy kits, off Style G",no (.gdignore)
assets/incoming/kenney/nature-kit/Models/GLTF format/crops_bambooStageA.glb,22092,UNREF,yes,UNREF,"reject: flat-shaded toy kits, off Style G",no (.gdignore)
assets/incoming/kenney/nature-kit/Models/GLTF format/crops_bambooStageB.glb,40144,UNREF,yes,UNREF,"reject: flat-shaded toy kits, off Style G",no (.gdignore)
assets/incoming/kenney/nature-kit/Models/GLTF format/crops_cornStageA.glb,9076,UNREF,yes,UNREF,"reject: flat-shaded toy kits, off Style G",no (.gdignore)
assets/incoming/kenney/nature-kit/Models/GLTF format/crops_cornStageB.glb,9780,UNREF,yes,UNREF,"reject: flat-shaded toy kits, off Style G",no (.gdignore)
assets/incoming/kenney/nature-kit/Models/GLTF format/crops_cornStageC.glb,11960,UNREF,yes,UNREF,"reject: flat-shaded toy kits, off Style G",no (.gdignore)
assets/incoming/kenney/nature-kit/Models/GLTF format/crops_cornStageD.glb,29316,UNREF,yes,UNREF,"reject: flat-shaded toy kits, off Style G",no (.gdignore)
assets/incoming/kenney/nature-kit/Models/GLTF format/crops_dirtDoubleRow.glb,7560,UNREF,yes,UNREF,"reject: flat-shaded toy kits, off Style G",no (.gdignore)
assets/incoming/kenney/nature-kit/Models/GLTF format/crops_dirtDoubleRowCorner.glb,5396,UNREF,yes,UNREF,"reject: flat-shaded toy kits, off Style G",no (.gdignore)
assets/incoming/kenney/nature-kit/Models/GLTF format/crops_dirtDoubleRowEnd.glb,6248,UNREF,yes,UNREF,"reject: flat-shaded toy kits, off Style G",no (.gdignore)
assets/incoming/kenney/nature-kit/Models/GLTF format/crops_dirtRow.glb,4712,UNREF,yes,UNREF,"reject: flat-shaded toy kits, off Style G",no (.gdignore)
assets/incoming/kenney/nature-kit/Models/GLTF format/crops_dirtRowCorner.glb,3248,UNREF,yes,UNREF,"reject: flat-shaded toy kits, off Style G",no (.gdignore)
assets/incoming/kenney/nature-kit/Models/GLTF format/crops_dirtRowEnd.glb,4064,UNREF,yes,UNREF,"reject: flat-shaded toy kits, off Style G",no (.gdignore)
assets/incoming/kenney/nature-kit/Models/GLTF format/crops_dirtSingle.glb,4196,UNREF,yes,UNREF,"reject: flat-shaded toy kits, off Style G",no (.gdignore)
assets/incoming/kenney/nature-kit/Models/GLTF format/crops_leafsStageA.glb,7144,UNREF,yes,UNREF,"reject: flat-shaded toy kits, off Style G",no (.gdignore)
assets/incoming/kenney/nature-kit/Models/GLTF format/crops_leafsStageB.glb,7768,UNREF,yes,UNREF,"reject: flat-shaded toy kits, off Style G",no (.gdignore)
assets/incoming/kenney/nature-kit/Models/GLTF format/crops_wheatStageA.glb,56228,UNREF,yes,UNREF,"reject: flat-shaded toy kits, off Style G",no (.gdignore)
assets/incoming/kenney/nature-kit/Models/GLTF format/crops_wheatStageB.glb,30040,UNREF,yes,UNREF,"reject: flat-shaded toy kits, off Style G",no (.gdignore)
assets/incoming/kenney/nature-kit/Models/GLTF format/fence_bend.glb,16276,UNREF,yes,UNREF,"reject: flat-shaded toy kits, off Style G",no (.gdignore)
assets/incoming/kenney/nature-kit/Models/GLTF format/fence_bendCenter.glb,20016,UNREF,yes,UNREF,"reject: flat-shaded toy kits, off Style G",no (.gdignore)
assets/incoming/kenney/nature-kit/Models/GLTF format/fence_corner.glb,8644,UNREF,yes,UNREF,"reject: flat-shaded toy kits, off Style G",no (.gdignore)
assets/incoming/kenney/nature-kit/Models/GLTF format/fence_planks.glb,7720,UNREF,yes,UNREF,"reject: flat-shaded toy kits, off Style G",no (.gdignore)
assets/incoming/kenney/nature-kit/Models/GLTF format/fence_planksDouble.glb,11160,UNREF,yes,UNREF,"reject: flat-shaded toy kits, off Style G",no (.gdignore)
assets/incoming/kenney/nature-kit/Models/GLTF format/fence_simple.glb,5712,UNREF,yes,UNREF,"reject: flat-shaded toy kits, off Style G",no (.gdignore)
assets/incoming/kenney/nature-kit/Models/GLTF format/fence_simpleCenter.glb,8660,UNREF,yes,UNREF,"reject: flat-shaded toy kits, off Style G",no (.gdignore)
assets/incoming/kenney/nature-kit/Models/GLTF format/fence_simpleDiagonal.glb,6688,UNREF,yes,UNREF,"reject: flat-shaded toy kits, off Style G",no (.gdignore)
assets/incoming/kenney/nature-kit/Models/GLTF format/fence_simpleDiagonalCenter.glb,11064,UNREF,yes,UNREF,"reject: flat-shaded toy kits, off Style G",no (.gdignore)
assets/incoming/kenney/nature-kit/Models/GLTF format/fence_simpleHigh.glb,4300,UNREF,yes,UNREF,"reject: flat-shaded toy kits, off Style G",no (.gdignore)
assets/incoming/kenney/nature-kit/Models/GLTF format/fence_simpleLow.glb,4312,UNREF,yes,UNREF,"reject: flat-shaded toy kits, off Style G",no (.gdignore)
assets/incoming/kenney/nature-kit/Models/GLTF format/flower_purpleA.glb,7112,UNREF,yes,UNREF,"reject: flat-shaded toy kits, off Style G",no (.gdignore)
assets/incoming/kenney/nature-kit/Models/GLTF format/flower_purpleB.glb,8084,UNREF,yes,UNREF,"reject: flat-shaded toy kits, off Style G",no (.gdignore)
assets/incoming/kenney/nature-kit/Models/GLTF format/flower_purpleC.glb,7600,UNREF,yes,UNREF,"reject: flat-shaded toy kits, off Style G",no (.gdignore)
assets/incoming/kenney/nature-kit/Models/GLTF format/flower_redA.glb,7104,UNREF,yes,UNREF,"reject: flat-shaded toy kits, off Style G",no (.gdignore)
assets/incoming/kenney/nature-kit/Models/GLTF format/flower_redB.glb,8080,UNREF,yes,UNREF,"reject: flat-shaded toy kits, off Style G",no (.gdignore)
assets/incoming/kenney/nature-kit/Models/GLTF format/flower_redC.glb,7600,UNREF,yes,UNREF,"reject: flat-shaded toy kits, off Style G",no (.gdignore)
assets/incoming/kenney/nature-kit/Models/GLTF format/flower_yellowA.glb,7120,UNREF,yes,UNREF,"reject: flat-shaded toy kits, off Style G",no (.gdignore)
assets/incoming/kenney/nature-kit/Models/GLTF format/flower_yellowB.glb,11256,UNREF,yes,UNREF,"reject: flat-shaded toy kits, off Style G",no (.gdignore)
assets/incoming/kenney/nature-kit/Models/GLTF format/flower_yellowC.glb,7616,UNREF,yes,UNREF,"reject: flat-shaded toy kits, off Style G",no (.gdignore)
assets/incoming/kenney/nature-kit/Models/GLTF format/grass_large.glb,18504,UNREF,yes,UNREF,"reject: flat-shaded toy kits, off Style G",no (.gdignore)
assets/incoming/kenney/nature-kit/Models/GLTF format/grass_leafs.glb,4608,UNREF,yes,UNREF,"reject: flat-shaded toy kits, off Style G",no (.gdignore)
assets/incoming/kenney/nature-kit/Models/GLTF format/grass_leafsLarge.glb,13988,UNREF,yes,UNREF,"reject: flat-shaded toy kits, off Style G",no (.gdignore)
assets/incoming/kenney/nature-kit/Models/GLTF format/ground_grass.glb,1576,UNREF,yes,UNREF,"reject: flat-shaded toy kits, off Style G",no (.gdignore)
assets/incoming/kenney/nature-kit/Models/GLTF format/ground_pathBend.glb,4132,UNREF,yes,UNREF,"reject: flat-shaded toy kits, off Style G",no (.gdignore)
assets/incoming/kenney/nature-kit/Models/GLTF format/ground_pathBendBank.glb,4308,UNREF,yes,UNREF,"reject: flat-shaded toy kits, off Style G",no (.gdignore)
assets/incoming/kenney/nature-kit/Models/GLTF format/ground_pathCorner.glb,3532,UNREF,yes,UNREF,"reject: flat-shaded toy kits, off Style G",no (.gdignore)
assets/incoming/kenney/nature-kit/Models/GLTF format/ground_pathCornerSmall.glb,3632,UNREF,yes,UNREF,"reject: flat-shaded toy kits, off Style G",no (.gdignore)
assets/incoming/kenney/nature-kit/Models/GLTF format/ground_pathCross.glb,6404,UNREF,yes,UNREF,"reject: flat-shaded toy kits, off Style G",no (.gdignore)
assets/incoming/kenney/nature-kit/Models/GLTF format/ground_pathEnd.glb,5044,UNREF,yes,UNREF,"reject: flat-shaded toy kits, off Style G",no (.gdignore)
assets/incoming/kenney/nature-kit/Models/GLTF format/ground_pathEndClosed.glb,5824,UNREF,yes,UNREF,"reject: flat-shaded toy kits, off Style G",no (.gdignore)
assets/incoming/kenney/nature-kit/Models/GLTF format/ground_pathOpen.glb,1856,UNREF,yes,UNREF,"reject: flat-shaded toy kits, off Style G",no (.gdignore)
assets/incoming/kenney/nature-kit/Models/GLTF format/ground_pathRocks.glb,8036,UNREF,yes,UNREF,"reject: flat-shaded toy kits, off Style G",no (.gdignore)
assets/incoming/kenney/nature-kit/Models/GLTF format/ground_pathSide.glb,4124,UNREF,yes,UNREF,"reject: flat-shaded toy kits, off Style G",no (.gdignore)
assets/incoming/kenney/nature-kit/Models/GLTF format/ground_pathSideOpen.glb,4524,UNREF,yes,UNREF,"reject: flat-shaded toy kits, off Style G",no (.gdignore)
assets/incoming/kenney/nature-kit/Models/GLTF format/ground_pathSplit.glb,6012,UNREF,yes,UNREF,"reject: flat-shaded toy kits, off Style G",no (.gdignore)
assets/incoming/kenney/nature-kit/Models/GLTF format/ground_pathStraight.glb,5620,UNREF,yes,UNREF,"reject: flat-shaded toy kits, off Style G",no (.gdignore)
assets/incoming/kenney/nature-kit/Models/GLTF format/ground_pathTile.glb,6624,UNREF,yes,UNREF,"reject: flat-shaded toy kits, off Style G",no (.gdignore)
assets/incoming/kenney/nature-kit/Models/GLTF format/ground_riverBend.glb,5684,UNREF,yes,UNREF,"reject: flat-shaded toy kits, off Style G",no (.gdignore)
assets/incoming/kenney/nature-kit/Models/GLTF format/ground_riverBendBank.glb,5692,UNREF,yes,UNREF,"reject: flat-shaded toy kits, off Style G",no (.gdignore)
assets/incoming/kenney/nature-kit/Models/GLTF format/ground_riverCorner.glb,4844,UNREF,yes,UNREF,"reject: flat-shaded toy kits, off Style G",no (.gdignore)
assets/incoming/kenney/nature-kit/Models/GLTF format/ground_riverCornerSmall.glb,4236,UNREF,yes,UNREF,"reject: flat-shaded toy kits, off Style G",no (.gdignore)
assets/incoming/kenney/nature-kit/Models/GLTF format/ground_riverCross.glb,7560,UNREF,yes,UNREF,"reject: flat-shaded toy kits, off Style G",no (.gdignore)
assets/incoming/kenney/nature-kit/Models/GLTF format/ground_riverEnd.glb,5464,UNREF,yes,UNREF,"reject: flat-shaded toy kits, off Style G",no (.gdignore)
assets/incoming/kenney/nature-kit/Models/GLTF format/ground_riverEndClosed.glb,6920,UNREF,yes,UNREF,"reject: flat-shaded toy kits, off Style G",no (.gdignore)
assets/incoming/kenney/nature-kit/Models/GLTF format/ground_riverOpen.glb,1852,UNREF,yes,UNREF,"reject: flat-shaded toy kits, off Style G",no (.gdignore)
assets/incoming/kenney/nature-kit/Models/GLTF format/ground_riverRocks.glb,8884,UNREF,yes,UNREF,"reject: flat-shaded toy kits, off Style G",no (.gdignore)
assets/incoming/kenney/nature-kit/Models/GLTF format/ground_riverSide.glb,4544,UNREF,yes,UNREF,"reject: flat-shaded toy kits, off Style G",no (.gdignore)
assets/incoming/kenney/nature-kit/Models/GLTF format/ground_riverSideOpen.glb,5312,UNREF,yes,UNREF,"reject: flat-shaded toy kits, off Style G",no (.gdignore)
assets/incoming/kenney/nature-kit/Models/GLTF format/ground_riverSplit.glb,6804,UNREF,yes,UNREF,"reject: flat-shaded toy kits, off Style G",no (.gdignore)
assets/incoming/kenney/nature-kit/Models/GLTF format/ground_riverStraight.glb,6044,UNREF,yes,UNREF,"reject: flat-shaded toy kits, off Style G",no (.gdignore)
assets/incoming/kenney/nature-kit/Models/GLTF format/ground_riverTile.glb,9120,UNREF,yes,UNREF,"reject: flat-shaded toy kits, off Style G",no (.gdignore)
assets/incoming/kenney/nature-kit/Models/GLTF format/hanging_moss.glb,4776,UNREF,yes,UNREF,"reject: flat-shaded toy kits, off Style G",no (.gdignore)
assets/incoming/kenney/nature-kit/Models/GLTF format/lily_large.glb,8044,UNREF,yes,UNREF,"reject: flat-shaded toy kits, off Style G",no (.gdignore)
assets/incoming/kenney/nature-kit/Models/GLTF format/lily_small.glb,5664,UNREF,yes,UNREF,"reject: flat-shaded toy kits, off Style G",no (.gdignore)
assets/incoming/kenney/nature-kit/Models/GLTF format/log.glb,14288,,,TOOLS-ONLY,"reject: flat-shaded toy kits, off Style G",no (.gdignore)
assets/incoming/kenney/nature-kit/Models/GLTF format/log_large.glb,7924,UNREF,yes,UNREF,"reject: flat-shaded toy kits, off Style G",no (.gdignore)
assets/incoming/kenney/nature-kit/Models/GLTF format/log_stack.glb,10896,UNREF,yes,UNREF,"reject: flat-shaded toy kits, off Style G",no (.gdignore)
assets/incoming/kenney/nature-kit/Models/GLTF format/log_stackLarge.glb,17604,UNREF,yes,UNREF,"reject: flat-shaded toy kits, off Style G",no (.gdignore)
assets/incoming/kenney/nature-kit/Models/GLTF format/mushroom_red.glb,6364,UNREF,yes,UNREF,"reject: flat-shaded toy kits, off Style G",no (.gdignore)
assets/incoming/kenney/nature-kit/Models/GLTF format/mushroom_redGroup.glb,14960,UNREF,yes,UNREF,"reject: flat-shaded toy kits, off Style G",no (.gdignore)
assets/incoming/kenney/nature-kit/Models/GLTF format/mushroom_redTall.glb,6504,UNREF,yes,UNREF,"reject: flat-shaded toy kits, off Style G",no (.gdignore)
assets/incoming/kenney/nature-kit/Models/GLTF format/mushroom_tan.glb,5804,UNREF,yes,UNREF,"reject: flat-shaded toy kits, off Style G",no (.gdignore)
assets/incoming/kenney/nature-kit/Models/GLTF format/mushroom_tanGroup.glb,14956,UNREF,yes,UNREF,"reject: flat-shaded toy kits, off Style G",no (.gdignore)
assets/incoming/kenney/nature-kit/Models/GLTF format/mushroom_tanTall.glb,6500,UNREF,yes,UNREF,"reject: flat-shaded toy kits, off Style G",no (.gdignore)
assets/incoming/kenney/nature-kit/Models/GLTF format/path_stone.glb,12392,UNREF,yes,UNREF,"reject: flat-shaded toy kits, off Style G",no (.gdignore)
assets/incoming/kenney/nature-kit/Models/GLTF format/path_stoneCircle.glb,13100,UNREF,yes,UNREF,"reject: flat-shaded toy kits, off Style G",no (.gdignore)
assets/incoming/kenney/nature-kit/Models/GLTF format/path_stoneCorner.glb,10772,UNREF,yes,UNREF,"reject: flat-shaded toy kits, off Style G",no (.gdignore)
assets/incoming/kenney/nature-kit/Models/GLTF format/path_stoneEnd.glb,8996,UNREF,yes,UNREF,"reject: flat-shaded toy kits, off Style G",no (.gdignore)
assets/incoming/kenney/nature-kit/Models/GLTF format/path_wood.glb,6448,UNREF,yes,UNREF,"reject: flat-shaded toy kits, off Style G",no (.gdignore)
assets/incoming/kenney/nature-kit/Models/GLTF format/path_woodCorner.glb,6444,UNREF,yes,UNREF,"reject: flat-shaded toy kits, off Style G",no (.gdignore)
assets/incoming/kenney/nature-kit/Models/GLTF format/path_woodEnd.glb,5164,UNREF,yes,UNREF,"reject: flat-shaded toy kits, off Style G",no (.gdignore)
assets/incoming/kenney/nature-kit/Models/GLTF format/plant_bush.glb,4396,UNREF,yes,UNREF,"reject: flat-shaded toy kits, off Style G",no (.gdignore)
assets/incoming/kenney/nature-kit/Models/GLTF format/plant_bushDetailed.glb,10172,UNREF,yes,UNREF,"reject: flat-shaded toy kits, off Style G",no (.gdignore)
assets/incoming/kenney/nature-kit/Models/GLTF format/plant_bushLarge.glb,6436,UNREF,yes,UNREF,"reject: flat-shaded toy kits, off Style G",no (.gdignore)
assets/incoming/kenney/nature-kit/Models/GLTF format/plant_bushLargeTriangle.glb,4564,UNREF,yes,UNREF,"reject: flat-shaded toy kits, off Style G",no (.gdignore)
assets/incoming/kenney/nature-kit/Models/GLTF format/plant_bushSmall.glb,3212,UNREF,yes,UNREF,"reject: flat-shaded toy kits, off Style G",no (.gdignore)
assets/incoming/kenney/nature-kit/Models/GLTF format/plant_bushTriangle.glb,3956,UNREF,yes,UNREF,"reject: flat-shaded toy kits, off Style G",no (.gdignore)
assets/incoming/kenney/nature-kit/Models/GLTF format/plant_flatShort.glb,3936,UNREF,yes,UNREF,"reject: flat-shaded toy kits, off Style G",no (.gdignore)
assets/incoming/kenney/nature-kit/Models/GLTF format/plant_flatTall.glb,3480,UNREF,yes,UNREF,"reject: flat-shaded toy kits, off Style G",no (.gdignore)
assets/incoming/kenney/nature-kit/Models/GLTF format/platform_beach.glb,13204,UNREF,yes,UNREF,"reject: flat-shaded toy kits, off Style G",no (.gdignore)
assets/incoming/kenney/nature-kit/Models/GLTF format/platform_grass.glb,12568,UNREF,yes,UNREF,"reject: flat-shaded toy kits, off Style G",no (.gdignore)
assets/incoming/kenney/nature-kit/Models/GLTF format/platform_stone.glb,13632,UNREF,yes,UNREF,"reject: flat-shaded toy kits, off Style G",no (.gdignore)
assets/incoming/kenney/nature-kit/Models/GLTF format/pot_large.glb,6168,UNREF,yes,UNREF,"reject: flat-shaded toy kits, off Style G",no (.gdignore)
assets/incoming/kenney/nature-kit/Models/GLTF format/pot_small.glb,7004,UNREF,yes,UNREF,"reject: flat-shaded toy kits, off Style G",no (.gdignore)
assets/incoming/kenney/nature-kit/Models/GLTF format/rock_largeA.glb,7552,UNREF,yes,UNREF,"reject: flat-shaded toy kits, off Style G",no (.gdignore)
assets/incoming/kenney/nature-kit/Models/GLTF format/rock_largeB.glb,8560,UNREF,yes,UNREF,"reject: flat-shaded toy kits, off Style G",no (.gdignore)
assets/incoming/kenney/nature-kit/Models/GLTF format/rock_largeC.glb,7004,UNREF,yes,UNREF,"reject: flat-shaded toy kits, off Style G",no (.gdignore)
assets/incoming/kenney/nature-kit/Models/GLTF format/rock_largeD.glb,7992,UNREF,yes,UNREF,"reject: flat-shaded toy kits, off Style G",no (.gdignore)
assets/incoming/kenney/nature-kit/Models/GLTF format/rock_largeE.glb,6464,UNREF,yes,UNREF,"reject: flat-shaded toy kits, off Style G",no (.gdignore)
assets/incoming/kenney/nature-kit/Models/GLTF format/rock_largeF.glb,7516,UNREF,yes,UNREF,"reject: flat-shaded toy kits, off Style G",no (.gdignore)
assets/incoming/kenney/nature-kit/Models/GLTF format/rock_smallA.glb,3044,UNREF,yes,UNREF,"reject: flat-shaded toy kits, off Style G",no (.gdignore)
assets/incoming/kenney/nature-kit/Models/GLTF format/rock_smallB.glb,3528,UNREF,yes,UNREF,"reject: flat-shaded toy kits, off Style G",no (.gdignore)
assets/incoming/kenney/nature-kit/Models/GLTF format/rock_smallC.glb,3044,UNREF,yes,UNREF,"reject: flat-shaded toy kits, off Style G",no (.gdignore)
assets/incoming/kenney/nature-kit/Models/GLTF format/rock_smallD.glb,4012,UNREF,yes,UNREF,"reject: flat-shaded toy kits, off Style G",no (.gdignore)
assets/incoming/kenney/nature-kit/Models/GLTF format/rock_smallE.glb,5932,UNREF,yes,UNREF,"reject: flat-shaded toy kits, off Style G",no (.gdignore)
assets/incoming/kenney/nature-kit/Models/GLTF format/rock_smallF.glb,5700,UNREF,yes,UNREF,"reject: flat-shaded toy kits, off Style G",no (.gdignore)
assets/incoming/kenney/nature-kit/Models/GLTF format/rock_smallFlatA.glb,3300,UNREF,yes,UNREF,"reject: flat-shaded toy kits, off Style G",no (.gdignore)
assets/incoming/kenney/nature-kit/Models/GLTF format/rock_smallFlatB.glb,3056,UNREF,yes,UNREF,"reject: flat-shaded toy kits, off Style G",no (.gdignore)
assets/incoming/kenney/nature-kit/Models/GLTF format/rock_smallFlatC.glb,4508,UNREF,yes,UNREF,"reject: flat-shaded toy kits, off Style G",no (.gdignore)
assets/incoming/kenney/nature-kit/Models/GLTF format/rock_smallG.glb,4204,UNREF,yes,UNREF,"reject: flat-shaded toy kits, off Style G",no (.gdignore)
assets/incoming/kenney/nature-kit/Models/GLTF format/rock_smallH.glb,6200,UNREF,yes,UNREF,"reject: flat-shaded toy kits, off Style G",no (.gdignore)
assets/incoming/kenney/nature-kit/Models/GLTF format/rock_smallI.glb,5120,UNREF,yes,UNREF,"reject: flat-shaded toy kits, off Style G",no (.gdignore)
assets/incoming/kenney/nature-kit/Models/GLTF format/rock_smallTopA.glb,5220,UNREF,yes,UNREF,"reject: flat-shaded toy kits, off Style G",no (.gdignore)
assets/incoming/kenney/nature-kit/Models/GLTF format/rock_smallTopB.glb,6660,UNREF,yes,UNREF,"reject: flat-shaded toy kits, off Style G",no (.gdignore)
assets/incoming/kenney/nature-kit/Models/GLTF format/rock_tallA.glb,12072,UNREF,yes,UNREF,"reject: flat-shaded toy kits, off Style G",no (.gdignore)
assets/incoming/kenney/nature-kit/Models/GLTF format/rock_tallB.glb,14060,UNREF,yes,UNREF,"reject: flat-shaded toy kits, off Style G",no (.gdignore)
assets/incoming/kenney/nature-kit/Models/GLTF format/rock_tallC.glb,5184,UNREF,yes,UNREF,"reject: flat-shaded toy kits, off Style G",no (.gdignore)
assets/incoming/kenney/nature-kit/Models/GLTF format/rock_tallD.glb,5132,UNREF,yes,UNREF,"reject: flat-shaded toy kits, off Style G",no (.gdignore)
assets/incoming/kenney/nature-kit/Models/GLTF format/rock_tallE.glb,5192,UNREF,yes,UNREF,"reject: flat-shaded toy kits, off Style G",no (.gdignore)
assets/incoming/kenney/nature-kit/Models/GLTF format/rock_tallF.glb,5608,UNREF,yes,UNREF,"reject: flat-shaded toy kits, off Style G",no (.gdignore)
assets/incoming/kenney/nature-kit/Models/GLTF format/rock_tallG.glb,6772,UNREF,yes,UNREF,"reject: flat-shaded toy kits, off Style G",no (.gdignore)
assets/incoming/kenney/nature-kit/Models/GLTF format/rock_tallH.glb,7792,UNREF,yes,UNREF,"reject: flat-shaded toy kits, off Style G",no (.gdignore)
assets/incoming/kenney/nature-kit/Models/GLTF format/rock_tallI.glb,5584,UNREF,yes,UNREF,"reject: flat-shaded toy kits, off Style G",no (.gdignore)
assets/incoming/kenney/nature-kit/Models/GLTF format/rock_tallJ.glb,5424,UNREF,yes,UNREF,"reject: flat-shaded toy kits, off Style G",no (.gdignore)
assets/incoming/kenney/nature-kit/Models/GLTF format/sign.glb,5040,,,TOOLS-ONLY,"reject: flat-shaded toy kits, off Style G",no (.gdignore)
assets/incoming/kenney/nature-kit/Models/GLTF format/statue_block.glb,11252,UNREF,yes,UNREF,"reject: flat-shaded toy kits, off Style G",no (.gdignore)
assets/incoming/kenney/nature-kit/Models/GLTF format/statue_column.glb,10472,UNREF,yes,UNREF,"reject: flat-shaded toy kits, off Style G",no (.gdignore)
assets/incoming/kenney/nature-kit/Models/GLTF format/statue_columnDamaged.glb,8824,UNREF,yes,UNREF,"reject: flat-shaded toy kits, off Style G",no (.gdignore)
assets/incoming/kenney/nature-kit/Models/GLTF format/statue_head.glb,14704,UNREF,yes,UNREF,"reject: flat-shaded toy kits, off Style G",no (.gdignore)
assets/incoming/kenney/nature-kit/Models/GLTF format/statue_obelisk.glb,4416,UNREF,yes,UNREF,"reject: flat-shaded toy kits, off Style G",no (.gdignore)
assets/incoming/kenney/nature-kit/Models/GLTF format/statue_ring.glb,6568,UNREF,yes,UNREF,"reject: flat-shaded toy kits, off Style G",no (.gdignore)
assets/incoming/kenney/nature-kit/Models/GLTF format/stone_largeA.glb,7124,UNREF,yes,UNREF,"reject: flat-shaded toy kits, off Style G",no (.gdignore)
assets/incoming/kenney/nature-kit/Models/GLTF format/stone_largeB.glb,8132,UNREF,yes,UNREF,"reject: flat-shaded toy kits, off Style G",no (.gdignore)
assets/incoming/kenney/nature-kit/Models/GLTF format/stone_largeC.glb,6580,UNREF,yes,UNREF,"reject: flat-shaded toy kits, off Style G",no (.gdignore)
assets/incoming/kenney/nature-kit/Models/GLTF format/stone_largeD.glb,7564,UNREF,yes,UNREF,"reject: flat-shaded toy kits, off Style G",no (.gdignore)
assets/incoming/kenney/nature-kit/Models/GLTF format/stone_largeE.glb,6036,UNREF,yes,UNREF,"reject: flat-shaded toy kits, off Style G",no (.gdignore)
assets/incoming/kenney/nature-kit/Models/GLTF format/stone_largeF.glb,7092,UNREF,yes,UNREF,"reject: flat-shaded toy kits, off Style G",no (.gdignore)
assets/incoming/kenney/nature-kit/Models/GLTF format/stone_smallA.glb,2620,UNREF,yes,UNREF,"reject: flat-shaded toy kits, off Style G",no (.gdignore)
assets/incoming/kenney/nature-kit/Models/GLTF format/stone_smallB.glb,3100,UNREF,yes,UNREF,"reject: flat-shaded toy kits, off Style G",no (.gdignore)
assets/incoming/kenney/nature-kit/Models/GLTF format/stone_smallC.glb,2620,UNREF,yes,UNREF,"reject: flat-shaded toy kits, off Style G",no (.gdignore)
assets/incoming/kenney/nature-kit/Models/GLTF format/stone_smallD.glb,3584,UNREF,yes,UNREF,"reject: flat-shaded toy kits, off Style G",no (.gdignore)
assets/incoming/kenney/nature-kit/Models/GLTF format/stone_smallE.glb,5504,UNREF,yes,UNREF,"reject: flat-shaded toy kits, off Style G",no (.gdignore)
assets/incoming/kenney/nature-kit/Models/GLTF format/stone_smallF.glb,5272,UNREF,yes,UNREF,"reject: flat-shaded toy kits, off Style G",no (.gdignore)
assets/incoming/kenney/nature-kit/Models/GLTF format/stone_smallFlatA.glb,2872,UNREF,yes,UNREF,"reject: flat-shaded toy kits, off Style G",no (.gdignore)
assets/incoming/kenney/nature-kit/Models/GLTF format/stone_smallFlatB.glb,2632,UNREF,yes,UNREF,"reject: flat-shaded toy kits, off Style G",no (.gdignore)
assets/incoming/kenney/nature-kit/Models/GLTF format/stone_smallFlatC.glb,4080,UNREF,yes,UNREF,"reject: flat-shaded toy kits, off Style G",no (.gdignore)
assets/incoming/kenney/nature-kit/Models/GLTF format/stone_smallG.glb,3776,UNREF,yes,UNREF,"reject: flat-shaded toy kits, off Style G",no (.gdignore)
assets/incoming/kenney/nature-kit/Models/GLTF format/stone_smallH.glb,5772,UNREF,yes,UNREF,"reject: flat-shaded toy kits, off Style G",no (.gdignore)
assets/incoming/kenney/nature-kit/Models/GLTF format/stone_smallI.glb,4692,UNREF,yes,UNREF,"reject: flat-shaded toy kits, off Style G",no (.gdignore)
assets/incoming/kenney/nature-kit/Models/GLTF format/stone_smallTopA.glb,4792,UNREF,yes,UNREF,"reject: flat-shaded toy kits, off Style G",no (.gdignore)
assets/incoming/kenney/nature-kit/Models/GLTF format/stone_smallTopB.glb,6232,UNREF,yes,UNREF,"reject: flat-shaded toy kits, off Style G",no (.gdignore)
assets/incoming/kenney/nature-kit/Models/GLTF format/stone_tallA.glb,11644,UNREF,yes,UNREF,"reject: flat-shaded toy kits, off Style G",no (.gdignore)
assets/incoming/kenney/nature-kit/Models/GLTF format/stone_tallB.glb,13596,UNREF,yes,UNREF,"reject: flat-shaded toy kits, off Style G",no (.gdignore)
assets/incoming/kenney/nature-kit/Models/GLTF format/stone_tallC.glb,4788,UNREF,yes,UNREF,"reject: flat-shaded toy kits, off Style G",no (.gdignore)
assets/incoming/kenney/nature-kit/Models/GLTF format/stone_tallD.glb,4704,UNREF,yes,UNREF,"reject: flat-shaded toy kits, off Style G",no (.gdignore)
assets/incoming/kenney/nature-kit/Models/GLTF format/stone_tallE.glb,4764,UNREF,yes,UNREF,"reject: flat-shaded toy kits, off Style G",no (.gdignore)
assets/incoming/kenney/nature-kit/Models/GLTF format/stone_tallF.glb,5180,UNREF,yes,UNREF,"reject: flat-shaded toy kits, off Style G",no (.gdignore)
assets/incoming/kenney/nature-kit/Models/GLTF format/stone_tallG.glb,6344,UNREF,yes,UNREF,"reject: flat-shaded toy kits, off Style G",no (.gdignore)
assets/incoming/kenney/nature-kit/Models/GLTF format/stone_tallH.glb,7364,UNREF,yes,UNREF,"reject: flat-shaded toy kits, off Style G",no (.gdignore)
assets/incoming/kenney/nature-kit/Models/GLTF format/stone_tallI.glb,5160,UNREF,yes,UNREF,"reject: flat-shaded toy kits, off Style G",no (.gdignore)
assets/incoming/kenney/nature-kit/Models/GLTF format/stone_tallJ.glb,4808,UNREF,yes,UNREF,"reject: flat-shaded toy kits, off Style G",no (.gdignore)
assets/incoming/kenney/nature-kit/Models/GLTF format/stump_old.glb,9564,UNREF,yes,UNREF,"reject: flat-shaded toy kits, off Style G",no (.gdignore)
assets/incoming/kenney/nature-kit/Models/GLTF format/stump_oldTall.glb,9564,UNREF,yes,UNREF,"reject: flat-shaded toy kits, off Style G",no (.gdignore)
assets/incoming/kenney/nature-kit/Models/GLTF format/stump_round.glb,5644,UNREF,yes,UNREF,"reject: flat-shaded toy kits, off Style G",no (.gdignore)
assets/incoming/kenney/nature-kit/Models/GLTF format/stump_roundDetailed.glb,8188,UNREF,yes,UNREF,"reject: flat-shaded toy kits, off Style G",no (.gdignore)
assets/incoming/kenney/nature-kit/Models/GLTF format/stump_square.glb,4584,UNREF,yes,UNREF,"reject: flat-shaded toy kits, off Style G",no (.gdignore)
assets/incoming/kenney/nature-kit/Models/GLTF format/stump_squareDetailed.glb,7544,UNREF,yes,UNREF,"reject: flat-shaded toy kits, off Style G",no (.gdignore)
assets/incoming/kenney/nature-kit/Models/GLTF format/stump_squareDetailedWide.glb,7536,UNREF,yes,UNREF,"reject: flat-shaded toy kits, off Style G",no (.gdignore)
assets/incoming/kenney/nature-kit/Models/GLTF format/tent_detailedClosed.glb,15460,UNREF,yes,UNREF,"reject: flat-shaded toy kits, off Style G",no (.gdignore)
assets/incoming/kenney/nature-kit/Models/GLTF format/tent_detailedOpen.glb,15324,UNREF,yes,UNREF,"reject: flat-shaded toy kits, off Style G",no (.gdignore)
assets/incoming/kenney/nature-kit/Models/GLTF format/tent_smallClosed.glb,13200,UNREF,yes,UNREF,"reject: flat-shaded toy kits, off Style G",no (.gdignore)
assets/incoming/kenney/nature-kit/Models/GLTF format/tent_smallOpen.glb,13604,UNREF,yes,UNREF,"reject: flat-shaded toy kits, off Style G",no (.gdignore)
assets/incoming/kenney/nature-kit/Models/GLTF format/tree_blocks.glb,10128,UNREF,yes,UNREF,"reject: flat-shaded toy kits, off Style G",no (.gdignore)
assets/incoming/kenney/nature-kit/Models/GLTF format/tree_blocks_dark.glb,10132,UNREF,yes,UNREF,"reject: flat-shaded toy kits, off Style G",no (.gdignore)
assets/incoming/kenney/nature-kit/Models/GLTF format/tree_blocks_fall.glb,18368,UNREF,yes,UNREF,"reject: flat-shaded toy kits, off Style G",no (.gdignore)
assets/incoming/kenney/nature-kit/Models/GLTF format/tree_cone.glb,10924,UNREF,yes,UNREF,"reject: flat-shaded toy kits, off Style G",no (.gdignore)
assets/incoming/kenney/nature-kit/Models/GLTF format/tree_cone_dark.glb,19940,UNREF,yes,UNREF,"reject: flat-shaded toy kits, off Style G",no (.gdignore)
assets/incoming/kenney/nature-kit/Models/GLTF format/tree_cone_fall.glb,10916,UNREF,yes,UNREF,"reject: flat-shaded toy kits, off Style G",no (.gdignore)
assets/incoming/kenney/nature-kit/Models/GLTF format/tree_default.glb,9428,UNREF,yes,UNREF,"reject: flat-shaded toy kits, off Style G",no (.gdignore)
assets/incoming/kenney/nature-kit/Models/GLTF format/tree_default_dark.glb,9436,UNREF,yes,UNREF,"reject: flat-shaded toy kits, off Style G",no (.gdignore)
assets/incoming/kenney/nature-kit/Models/GLTF format/tree_default_fall.glb,16940,UNREF,yes,UNREF,"reject: flat-shaded toy kits, off Style G",no (.gdignore)
assets/incoming/kenney/nature-kit/Models/GLTF format/tree_detailed.glb,31412,UNREF,yes,UNREF,"reject: flat-shaded toy kits, off Style G",no (.gdignore)
assets/incoming/kenney/nature-kit/Models/GLTF format/tree_detailed_dark.glb,31416,UNREF,yes,UNREF,"reject: flat-shaded toy kits, off Style G",no (.gdignore)
assets/incoming/kenney/nature-kit/Models/GLTF format/tree_detailed_fall.glb,31404,UNREF,yes,UNREF,"reject: flat-shaded toy kits, off Style G",no (.gdignore)
assets/incoming/kenney/nature-kit/Models/GLTF format/tree_fat.glb,5576,UNREF,yes,UNREF,"reject: flat-shaded toy kits, off Style G",no (.gdignore)
assets/incoming/kenney/nature-kit/Models/GLTF format/tree_fat_darkh.glb,5584,UNREF,yes,UNREF,"reject: flat-shaded toy kits, off Style G",no (.gdignore)
assets/incoming/kenney/nature-kit/Models/GLTF format/tree_fat_fall.glb,5572,UNREF,yes,UNREF,"reject: flat-shaded toy kits, off Style G",no (.gdignore)
assets/incoming/kenney/nature-kit/Models/GLTF format/tree_oak.glb,14644,UNREF,yes,UNREF,"reject: flat-shaded toy kits, off Style G",no (.gdignore)
assets/incoming/kenney/nature-kit/Models/GLTF format/tree_oak_dark.glb,14648,UNREF,yes,UNREF,"reject: flat-shaded toy kits, off Style G",no (.gdignore)
assets/incoming/kenney/nature-kit/Models/GLTF format/tree_oak_fall.glb,14640,UNREF,yes,UNREF,"reject: flat-shaded toy kits, off Style G",no (.gdignore)
assets/incoming/kenney/nature-kit/Models/GLTF format/tree_palm.glb,13616,UNREF,yes,UNREF,"reject: flat-shaded toy kits, off Style G",no (.gdignore)
assets/incoming/kenney/nature-kit/Models/GLTF format/tree_palmBend.glb,14820,UNREF,yes,UNREF,"reject: flat-shaded toy kits, off Style G",no (.gdignore)
assets/incoming/kenney/nature-kit/Models/GLTF format/tree_palmDetailedShort.glb,28212,UNREF,yes,UNREF,"reject: flat-shaded toy kits, off Style G",no (.gdignore)
assets/incoming/kenney/nature-kit/Models/GLTF format/tree_palmDetailedTall.glb,28204,UNREF,yes,UNREF,"reject: flat-shaded toy kits, off Style G",no (.gdignore)
assets/incoming/kenney/nature-kit/Models/GLTF format/tree_palmShort.glb,15596,UNREF,yes,UNREF,"reject: flat-shaded toy kits, off Style G",no (.gdignore)
assets/incoming/kenney/nature-kit/Models/GLTF format/tree_palmTall.glb,15592,UNREF,yes,UNREF,"reject: flat-shaded toy kits, off Style G",no (.gdignore)
assets/incoming/kenney/nature-kit/Models/GLTF format/tree_pineDefaultA.glb,17220,UNREF,yes,UNREF,"reject: flat-shaded toy kits, off Style G",no (.gdignore)
assets/incoming/kenney/nature-kit/Models/GLTF format/tree_pineDefaultB.glb,18180,UNREF,yes,UNREF,"reject: flat-shaded toy kits, off Style G",no (.gdignore)
assets/incoming/kenney/nature-kit/Models/GLTF format/tree_pineGroundA.glb,6704,UNREF,yes,UNREF,"reject: flat-shaded toy kits, off Style G",no (.gdignore)
assets/incoming/kenney/nature-kit/Models/GLTF format/tree_pineGroundB.glb,6704,UNREF,yes,UNREF,"reject: flat-shaded toy kits, off Style G",no (.gdignore)
assets/incoming/kenney/nature-kit/Models/GLTF format/tree_pineRoundA.glb,14488,UNREF,yes,UNREF,"reject: flat-shaded toy kits, off Style G",no (.gdignore)
assets/incoming/kenney/nature-kit/Models/GLTF format/tree_pineRoundB.glb,18464,UNREF,yes,UNREF,"reject: flat-shaded toy kits, off Style G",no (.gdignore)
assets/incoming/kenney/nature-kit/Models/GLTF format/tree_pineRoundC.glb,15332,UNREF,yes,UNREF,"reject: flat-shaded toy kits, off Style G",no (.gdignore)
assets/incoming/kenney/nature-kit/Models/GLTF format/tree_pineRoundD.glb,13748,UNREF,yes,UNREF,"reject: flat-shaded toy kits, off Style G",no (.gdignore)
assets/incoming/kenney/nature-kit/Models/GLTF format/tree_pineRoundE.glb,15308,UNREF,yes,UNREF,"reject: flat-shaded toy kits, off Style G",no (.gdignore)
assets/incoming/kenney/nature-kit/Models/GLTF format/tree_pineRoundF.glb,16264,UNREF,yes,UNREF,"reject: flat-shaded toy kits, off Style G",no (.gdignore)
assets/incoming/kenney/nature-kit/Models/GLTF format/tree_pineSmallA.glb,12820,UNREF,yes,UNREF,"reject: flat-shaded toy kits, off Style G",no (.gdignore)
assets/incoming/kenney/nature-kit/Models/GLTF format/tree_pineSmallB.glb,7816,UNREF,yes,UNREF,"reject: flat-shaded toy kits, off Style G",no (.gdignore)
assets/incoming/kenney/nature-kit/Models/GLTF format/tree_pineSmallC.glb,5376,UNREF,yes,UNREF,"reject: flat-shaded toy kits, off Style G",no (.gdignore)
assets/incoming/kenney/nature-kit/Models/GLTF format/tree_pineSmallD.glb,5368,UNREF,yes,UNREF,"reject: flat-shaded toy kits, off Style G",no (.gdignore)
assets/incoming/kenney/nature-kit/Models/GLTF format/tree_pineTallA.glb,7200,UNREF,yes,UNREF,"reject: flat-shaded toy kits, off Style G",no (.gdignore)
assets/incoming/kenney/nature-kit/Models/GLTF format/tree_pineTallA_detailed.glb,10708,UNREF,yes,UNREF,"reject: flat-shaded toy kits, off Style G",no (.gdignore)
assets/incoming/kenney/nature-kit/Models/GLTF format/tree_pineTallB.glb,7204,UNREF,yes,UNREF,"reject: flat-shaded toy kits, off Style G",no (.gdignore)
assets/incoming/kenney/nature-kit/Models/GLTF format/tree_pineTallB_detailed.glb,12632,UNREF,yes,UNREF,"reject: flat-shaded toy kits, off Style G",no (.gdignore)
assets/incoming/kenney/nature-kit/Models/GLTF format/tree_pineTallC.glb,8080,UNREF,yes,UNREF,"reject: flat-shaded toy kits, off Style G",no (.gdignore)
assets/incoming/kenney/nature-kit/Models/GLTF format/tree_pineTallC_detailed.glb,11588,UNREF,yes,UNREF,"reject: flat-shaded toy kits, off Style G",no (.gdignore)
assets/incoming/kenney/nature-kit/Models/GLTF format/tree_pineTallD.glb,8080,UNREF,yes,UNREF,"reject: flat-shaded toy kits, off Style G",no (.gdignore)
assets/incoming/kenney/nature-kit/Models/GLTF format/tree_pineTallD_detailed.glb,12548,UNREF,yes,UNREF,"reject: flat-shaded toy kits, off Style G",no (.gdignore)
assets/incoming/kenney/nature-kit/Models/GLTF format/tree_plateau.glb,16304,UNREF,yes,UNREF,"reject: flat-shaded toy kits, off Style G",no (.gdignore)
assets/incoming/kenney/nature-kit/Models/GLTF format/tree_plateau_dark.glb,16308,UNREF,yes,UNREF,"reject: flat-shaded toy kits, off Style G",no (.gdignore)
assets/incoming/kenney/nature-kit/Models/GLTF format/tree_plateau_fall.glb,16296,UNREF,yes,UNREF,"reject: flat-shaded toy kits, off Style G",no (.gdignore)
assets/incoming/kenney/nature-kit/Models/GLTF format/tree_simple.glb,6500,UNREF,yes,UNREF,"reject: flat-shaded toy kits, off Style G",no (.gdignore)
assets/incoming/kenney/nature-kit/Models/GLTF format/tree_simple_dark.glb,6508,UNREF,yes,UNREF,"reject: flat-shaded toy kits, off Style G",no (.gdignore)
assets/incoming/kenney/nature-kit/Models/GLTF format/tree_simple_fall.glb,6496,UNREF,yes,UNREF,"reject: flat-shaded toy kits, off Style G",no (.gdignore)
assets/incoming/kenney/nature-kit/Models/GLTF format/tree_small.glb,6500,UNREF,yes,UNREF,"reject: flat-shaded toy kits, off Style G",no (.gdignore)
assets/incoming/kenney/nature-kit/Models/GLTF format/tree_small_dark.glb,11092,UNREF,yes,UNREF,"reject: flat-shaded toy kits, off Style G",no (.gdignore)
assets/incoming/kenney/nature-kit/Models/GLTF format/tree_small_fall.glb,6492,UNREF,yes,UNREF,"reject: flat-shaded toy kits, off Style G",no (.gdignore)
assets/incoming/kenney/nature-kit/Models/GLTF format/tree_tall.glb,7000,UNREF,yes,UNREF,"reject: flat-shaded toy kits, off Style G",no (.gdignore)
assets/incoming/kenney/nature-kit/Models/GLTF format/tree_tall_dark.glb,7008,UNREF,yes,UNREF,"reject: flat-shaded toy kits, off Style G",no (.gdignore)
assets/incoming/kenney/nature-kit/Models/GLTF format/tree_tall_fall.glb,12088,UNREF,yes,UNREF,"reject: flat-shaded toy kits, off Style G",no (.gdignore)
assets/incoming/kenney/nature-kit/Models/GLTF format/tree_thin.glb,17200,UNREF,yes,UNREF,"reject: flat-shaded toy kits, off Style G",no (.gdignore)
assets/incoming/kenney/nature-kit/Models/GLTF format/tree_thin_dark.glb,32488,UNREF,yes,UNREF,"reject: flat-shaded toy kits, off Style G",no (.gdignore)
assets/incoming/kenney/nature-kit/Models/GLTF format/tree_thin_fall.glb,17192,UNREF,yes,UNREF,"reject: flat-shaded toy kits, off Style G",no (.gdignore)
assets/incoming/kenney/pirate-kit/Models/GLB format/boat-row-large.glb,15972,UNREF,yes,UNREF,"reject: flat-shaded toy kits, off Style G",no (.gdignore)
assets/incoming/kenney/pirate-kit/Models/GLB format/boat-row-small.glb,17616,UNREF,yes,UNREF,"reject: flat-shaded toy kits, off Style G",no (.gdignore)
assets/incoming/kenney/pirate-kit/Models/GLB format/bottle-large.glb,12232,UNREF,yes,UNREF,"reject: flat-shaded toy kits, off Style G",no (.gdignore)
assets/incoming/kenney/pirate-kit/Models/GLB format/cannon-ball.glb,7192,UNREF,yes,UNREF,"reject: flat-shaded toy kits, off Style G",no (.gdignore)
assets/incoming/kenney/pirate-kit/Models/GLB format/cannon-mobile.glb,43824,UNREF,yes,UNREF,"reject: flat-shaded toy kits, off Style G",no (.gdignore)
assets/incoming/kenney/pirate-kit/Models/GLB format/cannon.glb,24024,UNREF,yes,UNREF,"reject: flat-shaded toy kits, off Style G",no (.gdignore)
assets/incoming/kenney/pirate-kit/Models/GLB format/castle-door.glb,37648,UNREF,yes,UNREF,"reject: flat-shaded toy kits, off Style G",no (.gdignore)
assets/incoming/kenney/pirate-kit/Models/GLB format/castle-gate.glb,67440,UNREF,yes,UNREF,"reject: flat-shaded toy kits, off Style G",no (.gdignore)
assets/incoming/kenney/pirate-kit/Models/GLB format/castle-wall.glb,30504,UNREF,yes,UNREF,"reject: flat-shaded toy kits, off Style G",no (.gdignore)
assets/incoming/kenney/pirate-kit/Models/GLB format/castle-window.glb,28668,UNREF,yes,UNREF,"reject: flat-shaded toy kits, off Style G",no (.gdignore)
assets/incoming/kenney/pirate-kit/Models/GLB format/crate-bottles.glb,58588,UNREF,yes,UNREF,"reject: flat-shaded toy kits, off Style G",no (.gdignore)
assets/incoming/kenney/pirate-kit/Models/GLB format/flag-high-pennant.glb,13656,UNREF,yes,UNREF,"reject: flat-shaded toy kits, off Style G",no (.gdignore)
assets/incoming/kenney/pirate-kit/Models/GLB format/flag-high.glb,15196,UNREF,yes,UNREF,"reject: flat-shaded toy kits, off Style G",no (.gdignore)
assets/incoming/kenney/pirate-kit/Models/GLB format/flag-pennant.glb,13640,UNREF,yes,UNREF,"reject: flat-shaded toy kits, off Style G",no (.gdignore)
assets/incoming/kenney/pirate-kit/Models/GLB format/flag-pirate-high-pennant.glb,13676,UNREF,yes,UNREF,"reject: flat-shaded toy kits, off Style G",no (.gdignore)
assets/incoming/kenney/pirate-kit/Models/GLB format/flag-pirate-high.glb,15220,UNREF,yes,UNREF,"reject: flat-shaded toy kits, off Style G",no (.gdignore)
assets/incoming/kenney/pirate-kit/Models/GLB format/flag-pirate-pennant.glb,13660,UNREF,yes,UNREF,"reject: flat-shaded toy kits, off Style G",no (.gdignore)
assets/incoming/kenney/pirate-kit/Models/GLB format/flag-pirate.glb,15204,UNREF,yes,UNREF,"reject: flat-shaded toy kits, off Style G",no (.gdignore)
assets/incoming/kenney/pirate-kit/Models/GLB format/flag.glb,15184,,,TOOLS-ONLY,"reject: flat-shaded toy kits, off Style G",no (.gdignore)
assets/incoming/kenney/pirate-kit/Models/GLB format/grass-patch.glb,38640,UNREF,yes,UNREF,"reject: flat-shaded toy kits, off Style G",no (.gdignore)
assets/incoming/kenney/pirate-kit/Models/GLB format/grass-plant.glb,14400,UNREF,yes,UNREF,"reject: flat-shaded toy kits, off Style G",no (.gdignore)
assets/incoming/kenney/pirate-kit/Models/GLB format/hole.glb,28168,,,TOOLS-ONLY,"reject: flat-shaded toy kits, off Style G",no (.gdignore)
assets/incoming/kenney/pirate-kit/Models/GLB format/mast-ropes.glb,36156,UNREF,yes,UNREF,"reject: flat-shaded toy kits, off Style G",no (.gdignore)
assets/incoming/kenney/pirate-kit/Models/GLB format/mast.glb,30816,,,UNREF,"reject: flat-shaded toy kits, off Style G",no (.gdignore)
assets/incoming/kenney/pirate-kit/Models/GLB format/palm-bend.glb,36528,UNREF,yes,UNREF,"reject: flat-shaded toy kits, off Style G",no (.gdignore)
assets/incoming/kenney/pirate-kit/Models/GLB format/palm-detailed-bend.glb,52012,UNREF,yes,UNREF,"reject: flat-shaded toy kits, off Style G",no (.gdignore)
assets/incoming/kenney/pirate-kit/Models/GLB format/palm-detailed-straight.glb,51916,UNREF,yes,UNREF,"reject: flat-shaded toy kits, off Style G",no (.gdignore)
assets/incoming/kenney/pirate-kit/Models/GLB format/palm-straight.glb,36524,UNREF,yes,UNREF,"reject: flat-shaded toy kits, off Style G",no (.gdignore)
assets/incoming/kenney/pirate-kit/Models/GLB format/patch-grass-foliage.glb,30716,UNREF,yes,UNREF,"reject: flat-shaded toy kits, off Style G",no (.gdignore)
assets/incoming/kenney/pirate-kit/Models/GLB format/patch-grass.glb,8416,UNREF,yes,UNREF,"reject: flat-shaded toy kits, off Style G",no (.gdignore)
assets/incoming/kenney/pirate-kit/Models/GLB format/patch-sand-foliage.glb,63008,UNREF,yes,UNREF,"reject: flat-shaded toy kits, off Style G",no (.gdignore)
assets/incoming/kenney/pirate-kit/Models/GLB format/patch-sand.glb,10212,UNREF,yes,UNREF,"reject: flat-shaded toy kits, off Style G",no (.gdignore)
assets/incoming/kenney/pirate-kit/Models/GLB format/platform-planks.glb,6524,UNREF,yes,UNREF,"reject: flat-shaded toy kits, off Style G",no (.gdignore)
assets/incoming/kenney/pirate-kit/Models/GLB format/rocks-a.glb,27644,UNREF,yes,UNREF,"reject: flat-shaded toy kits, off Style G",no (.gdignore)
assets/incoming/kenney/pirate-kit/Models/GLB format/rocks-b.glb,31316,UNREF,yes,UNREF,"reject: flat-shaded toy kits, off Style G",no (.gdignore)
assets/incoming/kenney/pirate-kit/Models/GLB format/rocks-c.glb,24572,UNREF,yes,UNREF,"reject: flat-shaded toy kits, off Style G",no (.gdignore)
assets/incoming/kenney/pirate-kit/Models/GLB format/rocks-sand-a.glb,57052,UNREF,yes,UNREF,"reject: flat-shaded toy kits, off Style G",no (.gdignore)
assets/incoming/kenney/pirate-kit/Models/GLB format/rocks-sand-b.glb,53404,UNREF,yes,UNREF,"reject: flat-shaded toy kits, off Style G",no (.gdignore)
assets/incoming/kenney/pirate-kit/Models/GLB format/rocks-sand-c.glb,46624,UNREF,yes,UNREF,"reject: flat-shaded toy kits, off Style G",no (.gdignore)
assets/incoming/kenney/pirate-kit/Models/GLB format/ship-ghost.glb,155692,UNREF,yes,UNREF,"reject: flat-shaded toy kits, off Style G",no (.gdignore)
assets/incoming/kenney/pirate-kit/Models/GLB format/ship-large.glb,155792,UNREF,yes,UNREF,"reject: flat-shaded toy kits, off Style G",no (.gdignore)
assets/incoming/kenney/pirate-kit/Models/GLB format/ship-medium.glb,144944,UNREF,yes,UNREF,"reject: flat-shaded toy kits, off Style G",no (.gdignore)
assets/incoming/kenney/pirate-kit/Models/GLB format/ship-pirate-large.glb,177216,UNREF,yes,UNREF,"reject: flat-shaded toy kits, off Style G",no (.gdignore)
assets/incoming/kenney/pirate-kit/Models/GLB format/ship-pirate-medium.glb,166388,UNREF,yes,UNREF,"reject: flat-shaded toy kits, off Style G",no (.gdignore)
assets/incoming/kenney/pirate-kit/Models/GLB format/ship-pirate-small.glb,131464,UNREF,yes,UNREF,"reject: flat-shaded toy kits, off Style G",no (.gdignore)
assets/incoming/kenney/pirate-kit/Models/GLB format/ship-small.glb,116440,UNREF,yes,UNREF,"reject: flat-shaded toy kits, off Style G",no (.gdignore)
assets/incoming/kenney/pirate-kit/Models/GLB format/ship-wreck.glb,223676,UNREF,yes,UNREF,"reject: flat-shaded toy kits, off Style G",no (.gdignore)
assets/incoming/kenney/pirate-kit/Models/GLB format/structure-fence-sides.glb,44480,UNREF,yes,UNREF,"reject: flat-shaded toy kits, off Style G",no (.gdignore)
assets/incoming/kenney/pirate-kit/Models/GLB format/structure-fence.glb,35752,UNREF,yes,UNREF,"reject: flat-shaded toy kits, off Style G",no (.gdignore)
assets/incoming/kenney/pirate-kit/Models/GLB format/structure-platform-dock-small.glb,32156,UNREF,yes,UNREF,"reject: flat-shaded toy kits, off Style G",no (.gdignore)
assets/incoming/kenney/pirate-kit/Models/GLB format/structure-platform-dock.glb,33336,UNREF,yes,UNREF,"reject: flat-shaded toy kits, off Style G",no (.gdignore)
assets/incoming/kenney/pirate-kit/Models/GLB format/structure-platform-small.glb,23068,UNREF,yes,UNREF,"reject: flat-shaded toy kits, off Style G",no (.gdignore)
assets/incoming/kenney/pirate-kit/Models/GLB format/structure-platform.glb,24248,UNREF,yes,UNREF,"reject: flat-shaded toy kits, off Style G",no (.gdignore)
assets/incoming/kenney/pirate-kit/Models/GLB format/structure-roof.glb,34480,UNREF,yes,UNREF,"reject: flat-shaded toy kits, off Style G",no (.gdignore)
assets/incoming/kenney/pirate-kit/Models/GLB format/tool-paddle.glb,6864,UNREF,yes,UNREF,"reject: flat-shaded toy kits, off Style G",no (.gdignore)
assets/incoming/kenney/pirate-kit/Models/GLB format/tool-shovel.glb,16144,UNREF,yes,UNREF,"reject: flat-shaded toy kits, off Style G",no (.gdignore)
assets/incoming/kenney/pirate-kit/Models/GLB format/tower-base-door.glb,12592,UNREF,yes,UNREF,"reject: flat-shaded toy kits, off Style G",no (.gdignore)
assets/incoming/kenney/pirate-kit/Models/GLB format/tower-base.glb,5772,UNREF,yes,UNREF,"reject: flat-shaded toy kits, off Style G",no (.gdignore)
assets/incoming/kenney/pirate-kit/Models/GLB format/tower-complete-large.glb,54660,UNREF,yes,UNREF,"reject: flat-shaded toy kits, off Style G",no (.gdignore)
assets/incoming/kenney/pirate-kit/Models/GLB format/tower-complete-small.glb,58412,UNREF,yes,UNREF,"reject: flat-shaded toy kits, off Style G",no (.gdignore)
assets/incoming/kenney/pirate-kit/Models/GLB format/tower-middle-windows.glb,23188,UNREF,yes,UNREF,"reject: flat-shaded toy kits, off Style G",no (.gdignore)
assets/incoming/kenney/pirate-kit/Models/GLB format/tower-middle.glb,21112,UNREF,yes,UNREF,"reject: flat-shaded toy kits, off Style G",no (.gdignore)
assets/incoming/kenney/pirate-kit/Models/GLB format/tower-roof.glb,11772,UNREF,yes,UNREF,"reject: flat-shaded toy kits, off Style G",no (.gdignore)
assets/incoming/kenney/pirate-kit/Models/GLB format/tower-top.glb,29484,,,UNREF,"reject: flat-shaded toy kits, off Style G",no (.gdignore)
assets/incoming/kenney/pirate-kit/Models/GLB format/tower-watch.glb,21672,UNREF,yes,UNREF,"reject: flat-shaded toy kits, off Style G",no (.gdignore)
assets/incoming/kenney/retro-fantasy-kit/Models/GLB format/battlement-corner-inner.glb,16852,UNREF,yes,UNREF,"reject: flat-shaded toy kits, off Style G",no (.gdignore)
assets/incoming/kenney/retro-fantasy-kit/Models/GLB format/battlement-corner-outer.glb,18536,UNREF,yes,UNREF,"reject: flat-shaded toy kits, off Style G",no (.gdignore)
assets/incoming/kenney/retro-fantasy-kit/Models/GLB format/battlement-half.glb,8936,UNREF,yes,UNREF,"reject: flat-shaded toy kits, off Style G",no (.gdignore)
assets/incoming/kenney/retro-fantasy-kit/Models/GLB format/column-damaged.glb,7728,UNREF,yes,UNREF,"reject: flat-shaded toy kits, off Style G",no (.gdignore)
assets/incoming/kenney/retro-fantasy-kit/Models/GLB format/column-paint-damaged.glb,7784,UNREF,yes,UNREF,"reject: flat-shaded toy kits, off Style G",no (.gdignore)
assets/incoming/kenney/retro-fantasy-kit/Models/GLB format/column-paint.glb,4704,UNREF,yes,UNREF,"reject: flat-shaded toy kits, off Style G",no (.gdignore)
assets/incoming/kenney/retro-fantasy-kit/Models/GLB format/column-wood.glb,11608,UNREF,yes,UNREF,"reject: flat-shaded toy kits, off Style G",no (.gdignore)
assets/incoming/kenney/retro-fantasy-kit/Models/GLB format/detail-barrel.glb,9968,UNREF,yes,UNREF,"reject: flat-shaded toy kits, off Style G",no (.gdignore)
assets/incoming/kenney/retro-fantasy-kit/Models/GLB format/detail-crate-ropes.glb,11052,UNREF,yes,UNREF,"reject: flat-shaded toy kits, off Style G",no (.gdignore)
assets/incoming/kenney/retro-fantasy-kit/Models/GLB format/detail-crate-small.glb,4196,UNREF,yes,UNREF,"reject: flat-shaded toy kits, off Style G",no (.gdignore)
assets/incoming/kenney/retro-fantasy-kit/Models/GLB format/detail-crate.glb,4176,UNREF,yes,UNREF,"reject: flat-shaded toy kits, off Style G",no (.gdignore)
assets/incoming/kenney/retro-fantasy-kit/Models/GLB format/dock-corner.glb,7496,UNREF,yes,UNREF,"reject: flat-shaded toy kits, off Style G",no (.gdignore)
assets/incoming/kenney/retro-fantasy-kit/Models/GLB format/dock-side.glb,6456,UNREF,yes,UNREF,"reject: flat-shaded toy kits, off Style G",no (.gdignore)
assets/incoming/kenney/retro-fantasy-kit/Models/GLB format/fence-top.glb,2440,UNREF,yes,UNREF,"reject: flat-shaded toy kits, off Style G",no (.gdignore)
assets/incoming/kenney/retro-fantasy-kit/Models/GLB format/fence-wood.glb,7736,UNREF,yes,UNREF,"reject: flat-shaded toy kits, off Style G",no (.gdignore)
assets/incoming/kenney/retro-fantasy-kit/Models/GLB format/floor-flat.glb,2080,UNREF,yes,UNREF,"reject: flat-shaded toy kits, off Style G",no (.gdignore)
assets/incoming/kenney/retro-fantasy-kit/Models/GLB format/floor-stairs-corner-inner.glb,10484,UNREF,yes,UNREF,"reject: flat-shaded toy kits, off Style G",no (.gdignore)
assets/incoming/kenney/retro-fantasy-kit/Models/GLB format/floor-stairs-corner-outer.glb,10484,UNREF,yes,UNREF,"reject: flat-shaded toy kits, off Style G",no (.gdignore)
assets/incoming/kenney/retro-fantasy-kit/Models/GLB format/floor-stairs.glb,7848,UNREF,yes,UNREF,"reject: flat-shaded toy kits, off Style G",no (.gdignore)
assets/incoming/kenney/retro-fantasy-kit/Models/GLB format/floor-steps-corner-inner.glb,12064,UNREF,yes,UNREF,"reject: flat-shaded toy kits, off Style G",no (.gdignore)
assets/incoming/kenney/retro-fantasy-kit/Models/GLB format/floor-steps-corner-outer.glb,11260,UNREF,yes,UNREF,"reject: flat-shaded toy kits, off Style G",no (.gdignore)
assets/incoming/kenney/retro-fantasy-kit/Models/GLB format/floor-steps.glb,8240,UNREF,yes,UNREF,"reject: flat-shaded toy kits, off Style G",no (.gdignore)
assets/incoming/kenney/retro-fantasy-kit/Models/GLB format/overhang-fence.glb,5776,UNREF,yes,UNREF,"reject: flat-shaded toy kits, off Style G",no (.gdignore)
assets/incoming/kenney/retro-fantasy-kit/Models/GLB format/overhang-round-railing.glb,14792,UNREF,yes,UNREF,"reject: flat-shaded toy kits, off Style G",no (.gdignore)
assets/incoming/kenney/retro-fantasy-kit/Models/GLB format/overhang-round.glb,6576,UNREF,yes,UNREF,"reject: flat-shaded toy kits, off Style G",no (.gdignore)
assets/incoming/kenney/retro-fantasy-kit/Models/GLB format/overhang.glb,15548,UNREF,yes,dynamic,placed now,no (.gdignore)
assets/incoming/kenney/retro-fantasy-kit/Models/GLB format/pulley-crate.glb,19128,UNREF,yes,UNREF,"reject: flat-shaded toy kits, off Style G",no (.gdignore)
assets/incoming/kenney/retro-fantasy-kit/Models/GLB format/roof-corner.glb,11820,UNREF,yes,UNREF,"reject: flat-shaded toy kits, off Style G",no (.gdignore)
assets/incoming/kenney/retro-fantasy-kit/Models/GLB format/roof-edge.glb,9040,UNREF,yes,UNREF,"reject: flat-shaded toy kits, off Style G",no (.gdignore)
assets/incoming/kenney/retro-fantasy-kit/Models/GLB format/roof-high-side-corner-inner.glb,5156,UNREF,yes,UNREF,"reject: flat-shaded toy kits, off Style G",no (.gdignore)
assets/incoming/kenney/retro-fantasy-kit/Models/GLB format/roof-high-side-corner.glb,4360,UNREF,yes,UNREF,"reject: flat-shaded toy kits, off Style G",no (.gdignore)
assets/incoming/kenney/retro-fantasy-kit/Models/GLB format/roof-high-side.glb,4508,UNREF,yes,UNREF,"reject: flat-shaded toy kits, off Style G",no (.gdignore)
assets/incoming/kenney/retro-fantasy-kit/Models/GLB format/roof-side-corner-inner.glb,5140,UNREF,yes,UNREF,"reject: flat-shaded toy kits, off Style G",no (.gdignore)
assets/incoming/kenney/retro-fantasy-kit/Models/GLB format/roof-side-corner.glb,4316,UNREF,yes,UNREF,"reject: flat-shaded toy kits, off Style G",no (.gdignore)
assets/incoming/kenney/retro-fantasy-kit/Models/GLB format/roof-side.glb,4480,UNREF,yes,UNREF,"reject: flat-shaded toy kits, off Style G",no (.gdignore)
assets/incoming/kenney/retro-fantasy-kit/Models/GLB format/roof.glb,10824,,,TOOLS-ONLY,"reject: flat-shaded toy kits, off Style G",no (.gdignore)
assets/incoming/kenney/retro-fantasy-kit/Models/GLB format/stairs-corner.glb,23896,UNREF,yes,UNREF,"reject: flat-shaded toy kits, off Style G",no (.gdignore)
assets/incoming/kenney/retro-fantasy-kit/Models/GLB format/stairs-stone.glb,20312,UNREF,yes,UNREF,"reject: flat-shaded toy kits, off Style G",no (.gdignore)
assets/incoming/kenney/retro-fantasy-kit/Models/GLB format/stairs-wood.glb,21316,UNREF,yes,UNREF,"reject: flat-shaded toy kits, off Style G",no (.gdignore)
assets/incoming/kenney/retro-fantasy-kit/Models/GLB format/structure-cross.glb,24724,UNREF,yes,UNREF,"reject: flat-shaded toy kits, off Style G",no (.gdignore)
assets/incoming/kenney/retro-fantasy-kit/Models/GLB format/structure-pole.glb,4164,UNREF,yes,UNREF,"reject: flat-shaded toy kits, off Style G",no (.gdignore)
assets/incoming/kenney/retro-fantasy-kit/Models/GLB format/structure-poles.glb,11244,UNREF,yes,UNREF,"reject: flat-shaded toy kits, off Style G",no (.gdignore)
assets/incoming/kenney/retro-fantasy-kit/Models/GLB format/structure-wall-cross.glb,11376,UNREF,yes,UNREF,"reject: flat-shaded toy kits, off Style G",no (.gdignore)
assets/incoming/kenney/retro-fantasy-kit/Models/GLB format/structure-wall.glb,17232,UNREF,yes,UNREF,"reject: flat-shaded toy kits, off Style G",no (.gdignore)
assets/incoming/kenney/retro-fantasy-kit/Models/GLB format/tower-base.glb,11984,UNREF,yes,UNREF,"reject: flat-shaded toy kits, off Style G",no (.gdignore)
assets/incoming/kenney/retro-fantasy-kit/Models/GLB format/tower-edge.glb,9876,UNREF,yes,UNREF,"reject: flat-shaded toy kits, off Style G",no (.gdignore)
assets/incoming/kenney/retro-fantasy-kit/Models/GLB format/tower-paint-base.glb,12032,UNREF,yes,UNREF,"reject: flat-shaded toy kits, off Style G",no (.gdignore)
assets/incoming/kenney/retro-fantasy-kit/Models/GLB format/tower-paint.glb,7152,UNREF,yes,UNREF,"reject: flat-shaded toy kits, off Style G",no (.gdignore)
assets/incoming/kenney/retro-fantasy-kit/Models/GLB format/tower-top.glb,35704,,,UNREF,"reject: flat-shaded toy kits, off Style G",no (.gdignore)
assets/incoming/kenney/retro-fantasy-kit/Models/GLB format/tree-large.glb,3100,UNREF,yes,UNREF,"reject: flat-shaded toy kits, off Style G",no (.gdignore)
assets/incoming/kenney/retro-fantasy-kit/Models/GLB format/tree-shrub.glb,3112,UNREF,yes,UNREF,"reject: flat-shaded toy kits, off Style G",no (.gdignore)
assets/incoming/kenney/retro-fantasy-kit/Models/GLB format/wall-detail.glb,4676,UNREF,yes,UNREF,"reject: flat-shaded toy kits, off Style G",no (.gdignore)
assets/incoming/kenney/retro-fantasy-kit/Models/GLB format/wall-door.glb,7508,UNREF,yes,UNREF,"reject: flat-shaded toy kits, off Style G",no (.gdignore)
assets/incoming/kenney/retro-fantasy-kit/Models/GLB format/wall-flat-gate.glb,2992,UNREF,yes,UNREF,"reject: flat-shaded toy kits, off Style G",no (.gdignore)
assets/incoming/kenney/retro-fantasy-kit/Models/GLB format/wall-fortified-door.glb,14520,UNREF,yes,UNREF,"reject: flat-shaded toy kits, off Style G",no (.gdignore)
assets/incoming/kenney/retro-fantasy-kit/Models/GLB format/wall-fortified-gate-half.glb,15236,UNREF,yes,UNREF,"reject: flat-shaded toy kits, off Style G",no (.gdignore)
assets/incoming/kenney/retro-fantasy-kit/Models/GLB format/wall-fortified-gate.glb,17224,UNREF,yes,UNREF,"reject: flat-shaded toy kits, off Style G",no (.gdignore)
assets/incoming/kenney/retro-fantasy-kit/Models/GLB format/wall-fortified-half.glb,8416,UNREF,yes,UNREF,"reject: flat-shaded toy kits, off Style G",no (.gdignore)
assets/incoming/kenney/retro-fantasy-kit/Models/GLB format/wall-fortified-paint-door.glb,14564,UNREF,yes,UNREF,"reject: flat-shaded toy kits, off Style G",no (.gdignore)
assets/incoming/kenney/retro-fantasy-kit/Models/GLB format/wall-fortified-paint-gate.glb,27388,UNREF,yes,UNREF,"reject: flat-shaded toy kits, off Style G",no (.gdignore)
assets/incoming/kenney/retro-fantasy-kit/Models/GLB format/wall-fortified-paint-half.glb,8460,UNREF,yes,UNREF,"reject: flat-shaded toy kits, off Style G",no (.gdignore)
assets/incoming/kenney/retro-fantasy-kit/Models/GLB format/wall-fortified-paint-window.glb,14596,UNREF,yes,UNREF,"reject: flat-shaded toy kits, off Style G",no (.gdignore)
assets/incoming/kenney/retro-fantasy-kit/Models/GLB format/wall-fortified-paint.glb,11628,UNREF,yes,UNREF,"reject: flat-shaded toy kits, off Style G",no (.gdignore)
assets/incoming/kenney/retro-fantasy-kit/Models/GLB format/wall-fortified-window.glb,14548,UNREF,yes,UNREF,"reject: flat-shaded toy kits, off Style G",no (.gdignore)
assets/incoming/kenney/retro-fantasy-kit/Models/GLB format/wall-fortified.glb,11584,UNREF,yes,UNREF,"reject: flat-shaded toy kits, off Style G",no (.gdignore)
assets/incoming/kenney/retro-fantasy-kit/Models/GLB format/wall-gate-half.glb,7456,UNREF,yes,UNREF,"reject: flat-shaded toy kits, off Style G",no (.gdignore)
assets/incoming/kenney/retro-fantasy-kit/Models/GLB format/wall-gate.glb,10036,UNREF,yes,UNREF,"reject: flat-shaded toy kits, off Style G",no (.gdignore)
assets/incoming/kenney/retro-fantasy-kit/Models/GLB format/wall-half.glb,4588,UNREF,yes,UNREF,"reject: flat-shaded toy kits, off Style G",no (.gdignore)
assets/incoming/kenney/retro-fantasy-kit/Models/GLB format/wall-low.glb,4588,UNREF,yes,UNREF,"reject: flat-shaded toy kits, off Style G",no (.gdignore)
assets/incoming/kenney/retro-fantasy-kit/Models/GLB format/wall-paint-detail.glb,4720,UNREF,yes,UNREF,"reject: flat-shaded toy kits, off Style G",no (.gdignore)
assets/incoming/kenney/retro-fantasy-kit/Models/GLB format/wall-paint-door.glb,7552,UNREF,yes,UNREF,"reject: flat-shaded toy kits, off Style G",no (.gdignore)
assets/incoming/kenney/retro-fantasy-kit/Models/GLB format/wall-paint-flat.glb,9228,UNREF,yes,UNREF,"reject: flat-shaded toy kits, off Style G",no (.gdignore)
assets/incoming/kenney/retro-fantasy-kit/Models/GLB format/wall-paint-gate.glb,21688,UNREF,yes,UNREF,"reject: flat-shaded toy kits, off Style G",no (.gdignore)
assets/incoming/kenney/retro-fantasy-kit/Models/GLB format/wall-paint-half.glb,4652,UNREF,yes,UNREF,"reject: flat-shaded toy kits, off Style G",no (.gdignore)
assets/incoming/kenney/retro-fantasy-kit/Models/GLB format/wall-paint-window.glb,7996,UNREF,yes,UNREF,"reject: flat-shaded toy kits, off Style G",no (.gdignore)
assets/incoming/kenney/retro-fantasy-kit/Models/GLB format/wall-paint.glb,4620,UNREF,yes,UNREF,"reject: flat-shaded toy kits, off Style G",no (.gdignore)
assets/incoming/kenney/retro-fantasy-kit/Models/GLB format/wall-pane-door.glb,4612,UNREF,yes,UNREF,"reject: flat-shaded toy kits, off Style G",no (.gdignore)
assets/incoming/kenney/retro-fantasy-kit/Models/GLB format/wall-pane-paint-door.glb,4660,UNREF,yes,UNREF,"reject: flat-shaded toy kits, off Style G",no (.gdignore)
assets/incoming/kenney/retro-fantasy-kit/Models/GLB format/wall-pane-paint-window.glb,5284,UNREF,yes,UNREF,"reject: flat-shaded toy kits, off Style G",no (.gdignore)
assets/incoming/kenney/retro-fantasy-kit/Models/GLB format/wall-pane-paint.glb,2304,UNREF,yes,UNREF,"reject: flat-shaded toy kits, off Style G",no (.gdignore)
assets/incoming/kenney/retro-fantasy-kit/Models/GLB format/wall-pane-painted-wood-door.glb,5988,UNREF,yes,UNREF,"reject: flat-shaded toy kits, off Style G",no (.gdignore)
assets/incoming/kenney/retro-fantasy-kit/Models/GLB format/wall-pane-painted-wood-window.glb,6424,UNREF,yes,UNREF,"reject: flat-shaded toy kits, off Style G",no (.gdignore)
assets/incoming/kenney/retro-fantasy-kit/Models/GLB format/wall-pane-painted-wood.glb,3460,UNREF,yes,UNREF,"reject: flat-shaded toy kits, off Style G",no (.gdignore)
assets/incoming/kenney/retro-fantasy-kit/Models/GLB format/wall-pane-window.glb,6588,UNREF,yes,UNREF,"reject: flat-shaded toy kits, off Style G",no (.gdignore)
assets/incoming/kenney/retro-fantasy-kit/Models/GLB format/wall-pane-wood-door.glb,5936,UNREF,yes,UNREF,"reject: flat-shaded toy kits, off Style G",no (.gdignore)
assets/incoming/kenney/retro-fantasy-kit/Models/GLB format/wall-pane-wood-window.glb,6372,UNREF,yes,UNREF,"reject: flat-shaded toy kits, off Style G",no (.gdignore)
assets/incoming/kenney/retro-fantasy-kit/Models/GLB format/wall-pane-wood.glb,3408,UNREF,yes,UNREF,"reject: flat-shaded toy kits, off Style G",no (.gdignore)
assets/incoming/kenney/retro-fantasy-kit/Models/GLB format/wall-pane.glb,2044,UNREF,yes,UNREF,"reject: flat-shaded toy kits, off Style G",no (.gdignore)
assets/incoming/kenney/retro-fantasy-kit/Models/GLB format/wall-window.glb,7948,UNREF,yes,UNREF,"reject: flat-shaded toy kits, off Style G",no (.gdignore)
assets/incoming/kenney/retro-fantasy-kit/Models/GLB format/wall.glb,4576,,,TOOLS-ONLY,"reject: flat-shaded toy kits, off Style G",no (.gdignore)
assets/incoming/kenney/retro-fantasy-kit/Models/GLB format/wood-floor-half.glb,4052,UNREF,yes,UNREF,"reject: flat-shaded toy kits, off Style G",no (.gdignore)
assets/incoming/kenney/retro-fantasy-kit/Models/GLB format/wood-floor-quarter.glb,4296,UNREF,yes,UNREF,"reject: flat-shaded toy kits, off Style G",no (.gdignore)
assets/incoming/kenney/retro-fantasy-kit/Models/GLB format/wood-floor-railing.glb,9004,UNREF,yes,UNREF,"reject: flat-shaded toy kits, off Style G",no (.gdignore)
assets/incoming/kenney/retro-fantasy-kit/Models/GLB format/wood-floor.glb,4040,UNREF,yes,UNREF,"reject: flat-shaded toy kits, off Style G",no (.gdignore)
assets/incoming/kenney/survival-kit/Models/GLB format/barrel-open.glb,31772,UNREF,yes,UNREF,"reject: flat-shaded toy kits, off Style G",no (.gdignore)
assets/incoming/kenney/survival-kit/Models/GLB format/bedroll-frame.glb,10152,UNREF,yes,UNREF,"reject: flat-shaded toy kits, off Style G",no (.gdignore)
assets/incoming/kenney/survival-kit/Models/GLB format/bedroll-packed.glb,13680,UNREF,yes,UNREF,"reject: flat-shaded toy kits, off Style G",no (.gdignore)
assets/incoming/kenney/survival-kit/Models/GLB format/bottle-large.glb,10484,UNREF,yes,UNREF,"reject: flat-shaded toy kits, off Style G",no (.gdignore)
assets/incoming/kenney/survival-kit/Models/GLB format/box-large-open.glb,17068,UNREF,yes,UNREF,"reject: flat-shaded toy kits, off Style G",no (.gdignore)
assets/incoming/kenney/survival-kit/Models/GLB format/box-large.glb,14072,UNREF,yes,UNREF,"reject: flat-shaded toy kits, off Style G",no (.gdignore)
assets/incoming/kenney/survival-kit/Models/GLB format/box-open.glb,17052,UNREF,yes,UNREF,"reject: flat-shaded toy kits, off Style G",no (.gdignore)
assets/incoming/kenney/survival-kit/Models/GLB format/box.glb,14056,,,TOOLS-ONLY,"reject: flat-shaded toy kits, off Style G",no (.gdignore)
assets/incoming/kenney/survival-kit/Models/GLB format/campfire-fishing-stand.glb,10188,UNREF,yes,UNREF,"reject: flat-shaded toy kits, off Style G",no (.gdignore)
assets/incoming/kenney/survival-kit/Models/GLB format/campfire-pit.glb,26468,UNREF,yes,UNREF,"reject: flat-shaded toy kits, off Style G",no (.gdignore)
assets/incoming/kenney/survival-kit/Models/GLB format/campfire-stand.glb,8320,UNREF,yes,UNREF,"reject: flat-shaded toy kits, off Style G",no (.gdignore)
assets/incoming/kenney/survival-kit/Models/GLB format/fence-doorway.glb,13588,UNREF,yes,UNREF,"reject: flat-shaded toy kits, off Style G",no (.gdignore)
assets/incoming/kenney/survival-kit/Models/GLB format/fence-fortified.glb,13592,UNREF,yes,UNREF,"reject: flat-shaded toy kits, off Style G",no (.gdignore)
assets/incoming/kenney/survival-kit/Models/GLB format/fish-large.glb,31728,UNREF,yes,UNREF,"reject: flat-shaded toy kits, off Style G",no (.gdignore)
assets/incoming/kenney/survival-kit/Models/GLB format/fish.glb,31688,,,TOOLS-ONLY,"reject: flat-shaded toy kits, off Style G",no (.gdignore)
assets/incoming/kenney/survival-kit/Models/GLB format/floor-hole.glb,16432,UNREF,yes,UNREF,"reject: flat-shaded toy kits, off Style G",no (.gdignore)
assets/incoming/kenney/survival-kit/Models/GLB format/floor-old.glb,10056,UNREF,yes,UNREF,"reject: flat-shaded toy kits, off Style G",no (.gdignore)
assets/incoming/kenney/survival-kit/Models/GLB format/grass-large.glb,18848,UNREF,yes,UNREF,"reject: flat-shaded toy kits, off Style G",no (.gdignore)
assets/incoming/kenney/survival-kit/Models/GLB format/metal-panel-narrow.glb,13700,UNREF,yes,UNREF,"reject: flat-shaded toy kits, off Style G",no (.gdignore)
assets/incoming/kenney/survival-kit/Models/GLB format/metal-panel-screws-half.glb,28272,UNREF,yes,UNREF,"reject: flat-shaded toy kits, off Style G",no (.gdignore)
assets/incoming/kenney/survival-kit/Models/GLB format/metal-panel-screws-narrow.glb,18292,UNREF,yes,UNREF,"reject: flat-shaded toy kits, off Style G",no (.gdignore)
assets/incoming/kenney/survival-kit/Models/GLB format/metal-panel-screws.glb,28256,UNREF,yes,UNREF,"reject: flat-shaded toy kits, off Style G",no (.gdignore)
assets/incoming/kenney/survival-kit/Models/GLB format/metal-panel.glb,24120,UNREF,yes,UNREF,"reject: flat-shaded toy kits, off Style G",no (.gdignore)
assets/incoming/kenney/survival-kit/Models/GLB format/patch-grass-large.glb,3508,UNREF,yes,UNREF,"reject: flat-shaded toy kits, off Style G",no (.gdignore)
assets/incoming/kenney/survival-kit/Models/GLB format/patch-grass.glb,3492,UNREF,yes,UNREF,"reject: flat-shaded toy kits, off Style G",no (.gdignore)
assets/incoming/kenney/survival-kit/Models/GLB format/resource-planks.glb,8884,UNREF,yes,UNREF,"reject: flat-shaded toy kits, off Style G",no (.gdignore)
assets/incoming/kenney/survival-kit/Models/GLB format/resource-stone-large.glb,12664,UNREF,yes,UNREF,"reject: flat-shaded toy kits, off Style G",no (.gdignore)
assets/incoming/kenney/survival-kit/Models/GLB format/resource-stone.glb,5464,UNREF,yes,UNREF,"reject: flat-shaded toy kits, off Style G",no (.gdignore)
assets/incoming/kenney/survival-kit/Models/GLB format/resource-wood.glb,7272,UNREF,yes,UNREF,"reject: flat-shaded toy kits, off Style G",no (.gdignore)
assets/incoming/kenney/survival-kit/Models/GLB format/rock-a.glb,10812,UNREF,yes,UNREF,"reject: flat-shaded toy kits, off Style G",no (.gdignore)
assets/incoming/kenney/survival-kit/Models/GLB format/rock-b.glb,15184,UNREF,yes,UNREF,"reject: flat-shaded toy kits, off Style G",no (.gdignore)
assets/incoming/kenney/survival-kit/Models/GLB format/rock-c.glb,11692,UNREF,yes,UNREF,"reject: flat-shaded toy kits, off Style G",no (.gdignore)
assets/incoming/kenney/survival-kit/Models/GLB format/rock-flat-grass.glb,65376,UNREF,yes,UNREF,"reject: flat-shaded toy kits, off Style G",no (.gdignore)
assets/incoming/kenney/survival-kit/Models/GLB format/rock-flat.glb,24780,UNREF,yes,UNREF,"reject: flat-shaded toy kits, off Style G",no (.gdignore)
assets/incoming/kenney/survival-kit/Models/GLB format/rock-sand-a.glb,9636,UNREF,yes,UNREF,"reject: flat-shaded toy kits, off Style G",no (.gdignore)
assets/incoming/kenney/survival-kit/Models/GLB format/rock-sand-b.glb,17624,UNREF,yes,UNREF,"reject: flat-shaded toy kits, off Style G",no (.gdignore)
assets/incoming/kenney/survival-kit/Models/GLB format/rock-sand-c.glb,14084,UNREF,yes,UNREF,"reject: flat-shaded toy kits, off Style G",no (.gdignore)
assets/incoming/kenney/survival-kit/Models/GLB format/signpost-single.glb,4452,UNREF,yes,UNREF,"reject: flat-shaded toy kits, off Style G",no (.gdignore)
assets/incoming/kenney/survival-kit/Models/GLB format/structure-canvas.glb,11276,UNREF,yes,UNREF,"reject: flat-shaded toy kits, off Style G",no (.gdignore)
assets/incoming/kenney/survival-kit/Models/GLB format/structure-floor.glb,19236,UNREF,yes,UNREF,"reject: flat-shaded toy kits, off Style G",no (.gdignore)
assets/incoming/kenney/survival-kit/Models/GLB format/structure-metal-doorway.glb,18532,UNREF,yes,UNREF,"reject: flat-shaded toy kits, off Style G",no (.gdignore)
assets/incoming/kenney/survival-kit/Models/GLB format/structure-metal-floor.glb,33068,UNREF,yes,UNREF,"reject: flat-shaded toy kits, off Style G",no (.gdignore)
assets/incoming/kenney/survival-kit/Models/GLB format/structure-metal-roof.glb,40704,UNREF,yes,UNREF,"reject: flat-shaded toy kits, off Style G",no (.gdignore)
assets/incoming/kenney/survival-kit/Models/GLB format/structure-metal-wall.glb,10172,UNREF,yes,UNREF,"reject: flat-shaded toy kits, off Style G",no (.gdignore)
assets/incoming/kenney/survival-kit/Models/GLB format/structure-metal.glb,19088,UNREF,yes,UNREF,"reject: flat-shaded toy kits, off Style G",no (.gdignore)
assets/incoming/kenney/survival-kit/Models/GLB format/structure-roof.glb,21740,UNREF,yes,UNREF,"reject: flat-shaded toy kits, off Style G",no (.gdignore)
assets/incoming/kenney/survival-kit/Models/GLB format/tent-canvas-half.glb,15656,UNREF,yes,UNREF,"reject: flat-shaded toy kits, off Style G",no (.gdignore)
assets/incoming/kenney/survival-kit/Models/GLB format/tent-canvas.glb,16864,UNREF,yes,UNREF,"reject: flat-shaded toy kits, off Style G",no (.gdignore)
assets/incoming/kenney/survival-kit/Models/GLB format/tent.glb,14020,,,TOOLS-ONLY,"reject: flat-shaded toy kits, off Style G",no (.gdignore)
assets/incoming/kenney/survival-kit/Models/GLB format/tool-axe-upgraded.glb,13132,UNREF,yes,UNREF,"reject: flat-shaded toy kits, off Style G",no (.gdignore)
assets/incoming/kenney/survival-kit/Models/GLB format/tool-axe.glb,8612,UNREF,yes,UNREF,"reject: flat-shaded toy kits, off Style G",no (.gdignore)
assets/incoming/kenney/survival-kit/Models/GLB format/tool-hammer-upgraded.glb,8940,UNREF,yes,UNREF,"reject: flat-shaded toy kits, off Style G",no (.gdignore)
assets/incoming/kenney/survival-kit/Models/GLB format/tool-hammer.glb,6520,UNREF,yes,UNREF,"reject: flat-shaded toy kits, off Style G",no (.gdignore)
assets/incoming/kenney/survival-kit/Models/GLB format/tool-hoe-upgraded.glb,10740,UNREF,yes,UNREF,"reject: flat-shaded toy kits, off Style G",no (.gdignore)
assets/incoming/kenney/survival-kit/Models/GLB format/tool-hoe.glb,6628,UNREF,yes,UNREF,"reject: flat-shaded toy kits, off Style G",no (.gdignore)
assets/incoming/kenney/survival-kit/Models/GLB format/tool-pickaxe-upgraded.glb,11168,UNREF,yes,UNREF,"reject: flat-shaded toy kits, off Style G",no (.gdignore)
assets/incoming/kenney/survival-kit/Models/GLB format/tool-pickaxe.glb,8152,UNREF,yes,UNREF,"reject: flat-shaded toy kits, off Style G",no (.gdignore)
assets/incoming/kenney/survival-kit/Models/GLB format/tool-shovel-upgraded.glb,16400,UNREF,yes,UNREF,"reject: flat-shaded toy kits, off Style G",no (.gdignore)
assets/incoming/kenney/survival-kit/Models/GLB format/tool-shovel.glb,11656,UNREF,yes,UNREF,"reject: flat-shaded toy kits, off Style G",no (.gdignore)
assets/incoming/kenney/survival-kit/Models/GLB format/tree-autumn-tall.glb,19748,UNREF,yes,UNREF,"reject: flat-shaded toy kits, off Style G",no (.gdignore)
assets/incoming/kenney/survival-kit/Models/GLB format/tree-autumn-trunk.glb,6928,UNREF,yes,UNREF,"reject: flat-shaded toy kits, off Style G",no (.gdignore)
assets/incoming/kenney/survival-kit/Models/GLB format/tree-autumn.glb,19732,UNREF,yes,UNREF,"reject: flat-shaded toy kits, off Style G",no (.gdignore)
assets/incoming/kenney/survival-kit/Models/GLB format/tree-log-small.glb,9216,UNREF,yes,UNREF,"reject: flat-shaded toy kits, off Style G",no (.gdignore)
assets/incoming/kenney/survival-kit/Models/GLB format/tree-log.glb,9180,UNREF,yes,UNREF,"reject: flat-shaded toy kits, off Style G",no (.gdignore)
assets/incoming/kenney/survival-kit/Models/GLB format/tree-tall.glb,24672,UNREF,yes,UNREF,"reject: flat-shaded toy kits, off Style G",no (.gdignore)
assets/incoming/kenney/survival-kit/Models/GLB format/tree-trunk.glb,6920,UNREF,yes,UNREF,"reject: flat-shaded toy kits, off Style G",no (.gdignore)
assets/incoming/kenney/survival-kit/Models/GLB format/tree.glb,22184,,,TOOLS-ONLY,"reject: flat-shaded toy kits, off Style G",no (.gdignore)
assets/incoming/kenney/survival-kit/Models/GLB format/workbench-anvil.glb,30084,UNREF,yes,UNREF,"reject: flat-shaded toy kits, off Style G",no (.gdignore)
assets/incoming/kenney/survival-kit/Models/GLB format/workbench-grind.glb,24704,UNREF,yes,UNREF,"reject: flat-shaded toy kits, off Style G",no (.gdignore)
assets/incoming/kenney/watercraft-kit/Models/GLB format/arrow-standing.glb,4616,UNREF,yes,UNREF,"reject: flat-shaded toy kits, off Style G",no (.gdignore)
assets/incoming/kenney/watercraft-kit/Models/GLB format/boat-fan.glb,31172,UNREF,yes,UNREF,"reject: flat-shaded toy kits, off Style G",no (.gdignore)
assets/incoming/kenney/watercraft-kit/Models/GLB format/boat-fishing-small.glb,22948,UNREF,yes,UNREF,"reject: flat-shaded toy kits, off Style G",no (.gdignore)
assets/incoming/kenney/watercraft-kit/Models/GLB format/boat-house-a.glb,38416,UNREF,yes,UNREF,"reject: flat-shaded toy kits, off Style G",no (.gdignore)
assets/incoming/kenney/watercraft-kit/Models/GLB format/boat-house-b.glb,36316,UNREF,yes,UNREF,"reject: flat-shaded toy kits, off Style G",no (.gdignore)
assets/incoming/kenney/watercraft-kit/Models/GLB format/boat-house-c.glb,40780,UNREF,yes,UNREF,"reject: flat-shaded toy kits, off Style G",no (.gdignore)
assets/incoming/kenney/watercraft-kit/Models/GLB format/boat-house-d.glb,48676,UNREF,yes,UNREF,"reject: flat-shaded toy kits, off Style G",no (.gdignore)
assets/incoming/kenney/watercraft-kit/Models/GLB format/boat-row-large.glb,15988,UNREF,yes,UNREF,"reject: flat-shaded toy kits, off Style G",no (.gdignore)
assets/incoming/kenney/watercraft-kit/Models/GLB format/boat-row-small.glb,17636,UNREF,yes,UNREF,"reject: flat-shaded toy kits, off Style G",no (.gdignore)
assets/incoming/kenney/watercraft-kit/Models/GLB format/boat-sail-a.glb,35276,UNREF,yes,UNREF,"reject: flat-shaded toy kits, off Style G",no (.gdignore)
assets/incoming/kenney/watercraft-kit/Models/GLB format/boat-sail-b.glb,38156,UNREF,yes,UNREF,"reject: flat-shaded toy kits, off Style G",no (.gdignore)
assets/incoming/kenney/watercraft-kit/Models/GLB format/boat-speed-a.glb,16520,UNREF,yes,UNREF,"reject: flat-shaded toy kits, off Style G",no (.gdignore)
assets/incoming/kenney/watercraft-kit/Models/GLB format/boat-speed-b.glb,15800,UNREF,yes,UNREF,"reject: flat-shaded toy kits, off Style G",no (.gdignore)
assets/incoming/kenney/watercraft-kit/Models/GLB format/boat-speed-c.glb,16396,UNREF,yes,UNREF,"reject: flat-shaded toy kits, off Style G",no (.gdignore)
assets/incoming/kenney/watercraft-kit/Models/GLB format/boat-speed-d.glb,23536,UNREF,yes,UNREF,"reject: flat-shaded toy kits, off Style G",no (.gdignore)
assets/incoming/kenney/watercraft-kit/Models/GLB format/boat-speed-e.glb,25116,UNREF,yes,UNREF,"reject: flat-shaded toy kits, off Style G",no (.gdignore)
assets/incoming/kenney/watercraft-kit/Models/GLB format/boat-speed-f.glb,22284,UNREF,yes,UNREF,"reject: flat-shaded toy kits, off Style G",no (.gdignore)
assets/incoming/kenney/watercraft-kit/Models/GLB format/boat-speed-g.glb,14168,UNREF,yes,UNREF,"reject: flat-shaded toy kits, off Style G",no (.gdignore)
assets/incoming/kenney/watercraft-kit/Models/GLB format/boat-speed-h.glb,19816,UNREF,yes,UNREF,"reject: flat-shaded toy kits, off Style G",no (.gdignore)
assets/incoming/kenney/watercraft-kit/Models/GLB format/boat-speed-i.glb,14992,UNREF,yes,UNREF,"reject: flat-shaded toy kits, off Style G",no (.gdignore)
assets/incoming/kenney/watercraft-kit/Models/GLB format/boat-speed-j.glb,20572,UNREF,yes,UNREF,"reject: flat-shaded toy kits, off Style G",no (.gdignore)
assets/incoming/kenney/watercraft-kit/Models/GLB format/boat-tow-a.glb,50924,UNREF,yes,UNREF,"reject: flat-shaded toy kits, off Style G",no (.gdignore)
assets/incoming/kenney/watercraft-kit/Models/GLB format/boat-tow-b.glb,51476,UNREF,yes,UNREF,"reject: flat-shaded toy kits, off Style G",no (.gdignore)
assets/incoming/kenney/watercraft-kit/Models/GLB format/boat-tug-a.glb,41036,UNREF,yes,UNREF,"reject: flat-shaded toy kits, off Style G",no (.gdignore)
assets/incoming/kenney/watercraft-kit/Models/GLB format/boat-tug-b.glb,33524,UNREF,yes,UNREF,"reject: flat-shaded toy kits, off Style G",no (.gdignore)
assets/incoming/kenney/watercraft-kit/Models/GLB format/boat-tug-c.glb,18844,UNREF,yes,UNREF,"reject: flat-shaded toy kits, off Style G",no (.gdignore)
assets/incoming/kenney/watercraft-kit/Models/GLB format/buoy-flag.glb,21720,UNREF,yes,UNREF,"reject: flat-shaded toy kits, off Style G",no (.gdignore)
assets/incoming/kenney/watercraft-kit/Models/GLB format/buoy.glb,12112,UNREF,yes,TOOLS-ONLY,"reject: flat-shaded toy kits, off Style G",no (.gdignore)
assets/incoming/kenney/watercraft-kit/Models/GLB format/cargo-container-a.glb,16696,UNREF,yes,UNREF,"reject: flat-shaded toy kits, off Style G",no (.gdignore)
assets/incoming/kenney/watercraft-kit/Models/GLB format/cargo-container-b.glb,16696,UNREF,yes,UNREF,"reject: flat-shaded toy kits, off Style G",no (.gdignore)
assets/incoming/kenney/watercraft-kit/Models/GLB format/cargo-container-c.glb,16696,UNREF,yes,UNREF,"reject: flat-shaded toy kits, off Style G",no (.gdignore)
assets/incoming/kenney/watercraft-kit/Models/GLB format/cargo-pile-a.glb,18304,UNREF,yes,UNREF,"reject: flat-shaded toy kits, off Style G",no (.gdignore)
assets/incoming/kenney/watercraft-kit/Models/GLB format/cargo-pile-b.glb,34760,UNREF,yes,UNREF,"reject: flat-shaded toy kits, off Style G",no (.gdignore)
assets/incoming/kenney/watercraft-kit/Models/GLB format/gate-finish.glb,9140,UNREF,yes,UNREF,"reject: flat-shaded toy kits, off Style G",no (.gdignore)
assets/incoming/kenney/watercraft-kit/Models/GLB format/gate.glb,9888,,,TOOLS-ONLY,"reject: flat-shaded toy kits, off Style G",no (.gdignore)
assets/incoming/kenney/watercraft-kit/Models/GLB format/ramp-wide.glb,14824,UNREF,yes,UNREF,"reject: flat-shaded toy kits, off Style G",no (.gdignore)
assets/incoming/kenney/watercraft-kit/Models/GLB format/ramp.glb,14808,,,TOOLS-ONLY,"reject: flat-shaded toy kits, off Style G",no (.gdignore)
assets/incoming/kenney/watercraft-kit/Models/GLB format/ship-cargo-a.glb,98052,UNREF,yes,UNREF,"reject: flat-shaded toy kits, off Style G",no (.gdignore)
assets/incoming/kenney/watercraft-kit/Models/GLB format/ship-cargo-b.glb,79844,UNREF,yes,UNREF,"reject: flat-shaded toy kits, off Style G",no (.gdignore)
assets/incoming/kenney/watercraft-kit/Models/GLB format/ship-cargo-c.glb,31600,UNREF,yes,UNREF,"reject: flat-shaded toy kits, off Style G",no (.gdignore)
assets/incoming/kenney/watercraft-kit/Models/GLB format/ship-large.glb,155808,UNREF,yes,UNREF,"reject: flat-shaded toy kits, off Style G",no (.gdignore)
assets/incoming/kenney/watercraft-kit/Models/GLB format/ship-ocean-liner-small.glb,145708,UNREF,yes,UNREF,"reject: flat-shaded toy kits, off Style G",no (.gdignore)
assets/incoming/kenney/watercraft-kit/Models/GLB format/ship-ocean-liner.glb,228268,UNREF,yes,UNREF,"reject: flat-shaded toy kits, off Style G",no (.gdignore)
assets/incoming/kenney/watercraft-kit/Models/GLB format/ship-small-ghost.glb,155732,UNREF,yes,UNREF,"reject: flat-shaded toy kits, off Style G",no (.gdignore)
assets/incoming/kenney/watercraft-kit/Models/GLB format/ship-small.glb,144956,UNREF,yes,UNREF,"reject: flat-shaded toy kits, off Style G",no (.gdignore)
assets/incoming/meshy_free/banners/banner_spear_top_lod0.glb,310440,TOOLS-ONLY,yes,dynamic,placed now,yes
assets/incoming/meshy_free/banners/banner_spiked_base_lod0.glb,291620,TOOLS-ONLY,yes,dynamic,placed now,yes
assets/incoming/meshy_free/banners/banner_stand_chains_lod0.glb,295968,TOOLS-ONLY,yes,dynamic,placed now,yes
assets/incoming/meshy_free/banners/banner_stand_hanging_chains_lod0.glb,295532,TOOLS-ONLY,yes,dynamic,placed now,yes
assets/incoming/meshy_free/banners/banner_stand_iron_frame_lod0.glb,307228,TOOLS-ONLY,yes,dynamic,placed now,yes
assets/incoming/meshy_free/banners/banner_stand_spiked_base_lod0.glb,282944,TOOLS-ONLY,yes,dynamic,placed now,yes
assets/incoming/meshy_free/buildings/blacksmith_thatch_stone_lod0.glb,1074244,TOOLS-ONLY,yes,dynamic,placed now,yes
assets/incoming/meshy_free/buildings/blacksmith_thatch_stone_lod1.glb,325112,TOOLS-ONLY,yes,dynamic,placed now,yes
assets/incoming/meshy_free/buildings/blacksmith_timber_thatch_lod0.glb,1287604,TOOLS-ONLY,yes,dynamic,placed now,yes
assets/incoming/meshy_free/buildings/blacksmith_timber_thatch_lod1.glb,391168,TOOLS-ONLY,yes,dynamic,placed now,yes
assets/incoming/meshy_free/buildings/butcher_house_lod0.glb,1436152,TOOLS-ONLY,yes,dynamic,placed now,yes
assets/incoming/meshy_free/buildings/butcher_house_lod1.glb,436144,TOOLS-ONLY,yes,dynamic,placed now,yes
assets/incoming/meshy_free/buildings/house_cottage_chimney_lod0.glb,1199580,TOOLS-ONLY,yes,dynamic,placed now,yes
assets/incoming/meshy_free/buildings/house_cottage_chimney_lod1.glb,362908,TOOLS-ONLY,yes,dynamic,placed now,yes
assets/incoming/meshy_free/buildings/house_dark_roof_lod0.glb,1160264,TOOLS-ONLY,yes,dynamic,placed now,yes
assets/incoming/meshy_free/buildings/house_dark_roof_lod1.glb,353156,TOOLS-ONLY,yes,dynamic,placed now,yes
assets/incoming/meshy_free/buildings/house_ivy_damaged_lod0.glb,1501752,TOOLS-ONLY,yes,dynamic,placed now,yes
assets/incoming/meshy_free/buildings/house_ivy_damaged_lod1.glb,454484,TOOLS-ONLY,yes,dynamic,placed now,yes
assets/incoming/meshy_free/buildings/house_two_story_shingle_lod0.glb,1233192,TOOLS-ONLY,yes,dynamic,placed now,yes
assets/incoming/meshy_free/buildings/house_two_story_shingle_lod1.glb,372376,TOOLS-ONLY,yes,dynamic,placed now,yes
assets/incoming/meshy_free/buildings/house_two_story_tall_timber_lod0.glb,1240052,TOOLS-ONLY,yes,dynamic,placed now,yes
assets/incoming/meshy_free/buildings/house_two_story_tall_timber_lod1.glb,381268,TOOLS-ONLY,yes,dynamic,placed now,yes
assets/incoming/meshy_free/buildings/windmill_lod0.glb,1244260,,,TOOLS-ONLY,reject: exact duplicate of generated/region/farm/windmill (the placed windmill),"no (export filter, new)"
assets/incoming/meshy_free/buildings/windmill_lod1.glb,375588,,,TOOLS-ONLY,reject: exact duplicate of generated/region/farm/windmill (the placed windmill),"no (export filter, new)"
assets/incoming/meshy_free/castle/castle_sandstone_a_lod0.glb,1756424,TOOLS-ONLY,yes,dynamic,placed now,yes
assets/incoming/meshy_free/castle/castle_sandstone_a_lod1.glb,531612,TOOLS-ONLY,yes,dynamic,placed now,yes
assets/incoming/meshy_free/castle/castle_sandstone_b_lod0.glb,1799864,TOOLS-ONLY,yes,dynamic,placed now,yes
assets/incoming/meshy_free/castle/castle_sandstone_b_lod1.glb,545112,TOOLS-ONLY,yes,dynamic,placed now,yes
assets/incoming/meshy_free/castle/gate_dark_towers_lod0.glb,1413296,TOOLS-ONLY,yes,dynamic,placed now,yes
assets/incoming/meshy_free/castle/gate_dark_towers_lod1.glb,425508,TOOLS-ONLY,yes,dynamic,placed now,yes
assets/incoming/meshy_free/castle/gate_twin_towers_blue_lod0.glb,1458964,TOOLS-ONLY,yes,dynamic,placed now,yes
assets/incoming/meshy_free/castle/gate_twin_towers_blue_lod1.glb,438984,TOOLS-ONLY,yes,dynamic,placed now,yes
assets/incoming/meshy_free/castle/gate_wall_ivy_lod0.glb,1388416,TOOLS-ONLY,yes,dynamic,placed now,yes
assets/incoming/meshy_free/castle/gate_wall_ivy_lod1.glb,418832,TOOLS-ONLY,yes,dynamic,placed now,yes
assets/incoming/meshy_free/castle/keep_small_on_plinth_lod0.glb,1769956,TOOLS-ONLY,yes,dynamic,placed now,yes
assets/incoming/meshy_free/castle/keep_small_on_plinth_lod1.glb,534680,TOOLS-ONLY,yes,dynamic,placed now,yes
assets/incoming/meshy_free/castle/tower_octagon_wall_lod0.glb,987588,TOOLS-ONLY,yes,dynamic,placed now,yes
assets/incoming/meshy_free/castle/tower_octagon_wall_lod1.glb,298808,TOOLS-ONLY,yes,dynamic,placed now,yes
assets/incoming/meshy_free/castle/tower_pink_flag_lod0.glb,1022884,TOOLS-ONLY,yes,dynamic,placed now,yes
assets/incoming/meshy_free/castle/tower_pink_flag_lod1.glb,315404,TOOLS-ONLY,yes,dynamic,placed now,yes
assets/incoming/meshy_free/castle/wall_battlement_block_lod0.glb,618464,TOOLS-ONLY,yes,dynamic,placed now,yes
assets/incoming/meshy_free/churches/chapel_island_small_lod0.glb,978788,TOOLS-ONLY,yes,dynamic,placed now,yes
assets/incoming/meshy_free/churches/chapel_island_small_lod1.glb,297144,TOOLS-ONLY,yes,dynamic,placed now,yes
assets/incoming/meshy_free/churches/chapel_stone_small_lod0.glb,918052,TOOLS-ONLY,yes,dynamic,placed now,yes
assets/incoming/meshy_free/churches/chapel_stone_small_lod1.glb,277340,TOOLS-ONLY,yes,dynamic,placed now,yes
assets/incoming/meshy_free/churches/church_dark_small_lod0.glb,1030256,TOOLS-ONLY,yes,dynamic,placed now,yes
assets/incoming/meshy_free/churches/church_dark_small_lod1.glb,310392,TOOLS-ONLY,yes,dynamic,placed now,yes
assets/incoming/meshy_free/churches/church_gothic_red_lod0.glb,1346980,TOOLS-ONLY,yes,dynamic,placed now,yes
assets/incoming/meshy_free/churches/church_gothic_red_lod1.glb,407944,TOOLS-ONLY,yes,dynamic,placed now,yes
assets/incoming/meshy_free/churches/church_old_brick_lod0.glb,1113932,TOOLS-ONLY,yes,dynamic,placed now,yes
assets/incoming/meshy_free/churches/church_old_brick_lod1.glb,334760,TOOLS-ONLY,yes,dynamic,placed now,yes
assets/incoming/meshy_free/churches/church_spire_small_lod0.glb,1455968,TOOLS-ONLY,yes,dynamic,placed now,yes
assets/incoming/meshy_free/churches/church_spire_small_lod1.glb,442020,TOOLS-ONLY,yes,dynamic,placed now,yes
assets/incoming/meshy_free/churches/church_spire_tan_lod0.glb,1395912,TOOLS-ONLY,yes,dynamic,placed now,yes
assets/incoming/meshy_free/churches/church_spire_tan_lod1.glb,424060,TOOLS-ONLY,yes,dynamic,placed now,yes
assets/incoming/meshy_free/churches/church_stone_island_lod0.glb,1193604,TOOLS-ONLY,yes,dynamic,placed now,yes
assets/incoming/meshy_free/churches/church_stone_island_lod1.glb,359968,TOOLS-ONLY,yes,dynamic,placed now,yes
assets/incoming/meshy_free/churches/church_white_red_spire_lod0.glb,1432384,TOOLS-ONLY,yes,dynamic,placed now,yes
assets/incoming/meshy_free/churches/church_white_red_spire_lod1.glb,439036,TOOLS-ONLY,yes,dynamic,placed now,yes
assets/incoming/meshy_free/creatures/dragon_fire_small_lod0.glb,405000,TOOLS-ONLY,yes,dynamic,placed now,yes
assets/incoming/meshy_free/creatures/dragon_green_armored_lod0.glb,608428,TOOLS-ONLY,yes,dynamic,placed now,yes
assets/incoming/meshy_free/creatures/goblin_a_lod0.glb,525768,TOOLS-ONLY,yes,dynamic,placed now,yes
assets/incoming/meshy_free/creatures/goblin_armored_lod0.glb,536352,TOOLS-ONLY,yes,dynamic,placed now,yes
assets/incoming/meshy_free/creatures/goblin_b_lod0.glb,507768,TOOLS-ONLY,yes,dynamic,placed now,yes
assets/incoming/meshy_free/creatures/goblin_knife_lod0.glb,472012,TOOLS-ONLY,yes,dynamic,placed now,yes
assets/incoming/meshy_free/creatures/goblin_ragged_lod0.glb,468120,TOOLS-ONLY,yes,dynamic,placed now,yes
assets/incoming/meshy_free/creatures/spirit_fox_blue_lod0.glb,441096,TOOLS-ONLY,yes,dynamic,placed now,yes
assets/incoming/meshy_free/creatures/treant_forest_lod0.glb,622236,TOOLS-ONLY,yes,dynamic,placed now,yes
assets/incoming/meshy_free/creatures/wolf_brown_lod0.glb,380332,TOOLS-ONLY,yes,dynamic,placed now,yes
assets/incoming/meshy_free/creatures/wolf_ghost_lod0.glb,327412,TOOLS-ONLY,yes,dynamic,placed now,yes
assets/incoming/meshy_free/farm/chicken_coop_fenced_lod0.glb,753524,TOOLS-ONLY,yes,used,placed now,yes
assets/incoming/meshy_free/farm/chicken_hen_lod0.glb,173552,TOOLS-ONLY,yes,dynamic,placed now,yes
assets/incoming/meshy_free/farm/chicken_rooster_lod0.glb,202468,TOOLS-ONLY,yes,dynamic,placed now,yes
assets/incoming/meshy_free/farm/hay_bale_lowpoly_lod0.glb,204872,TOOLS-ONLY,yes,used,placed now,yes
assets/incoming/meshy_free/farm/hay_bale_rect_a_lod0.glb,201640,TOOLS-ONLY,yes,used,placed now,yes
assets/incoming/meshy_free/farm/hay_bale_round_lod0.glb,223552,TOOLS-ONLY,yes,used,placed now,yes
assets/incoming/meshy_free/farm/hay_bale_yellow_large_lod0.glb,218864,TOOLS-ONLY,yes,used,placed now,yes
assets/incoming/meshy_free/farm/rigged/chicken_hen_rigged.glb,313044,UNREF,yes,used,placed now,yes
assets/incoming/meshy_free/farm/rigged/chicken_rooster_rigged.glb,352692,UNREF,yes,used,placed now,yes
assets/incoming/meshy_free/farm/rigged/cow_brown_a_rigged.glb,524280,UNREF,yes,used,placed now,yes
assets/incoming/meshy_free/farm/rigged/cow_brown_b_rigged.glb,524956,UNREF,yes,used,placed now,yes
assets/incoming/meshy_free/farm/rigged/cow_spotted_rigged.glb,595388,UNREF,yes,used,placed now,yes
assets/incoming/meshy_free/farm/shed_plank_low_lod0.glb,593248,TOOLS-ONLY,yes,used,placed now,yes
assets/incoming/meshy_free/farm/shed_thatch_small_lod0.glb,604108,TOOLS-ONLY,yes,used,placed now,yes
assets/incoming/meshy_free/farm/shed_wood_shingle_lod0.glb,610196,TOOLS-ONLY,yes,used,placed now,yes
assets/incoming/meshy_free/fences/fence_board_gate_lod0.glb,296144,TOOLS-ONLY,yes,dynamic,placed now,yes
assets/incoming/meshy_free/fences/fence_broken_rail_lod0.glb,307296,TOOLS-ONLY,yes,used,placed now,yes
assets/incoming/meshy_free/fences/fence_gate_rail_lod0.glb,219552,TOOLS-ONLY,yes,dynamic,placed now,yes
assets/incoming/meshy_free/fences/fence_picket_low_lod0.glb,295440,TOOLS-ONLY,yes,used,placed now,yes
assets/incoming/meshy_free/fences/fence_picket_tall_lod0.glb,372136,TOOLS-ONLY,yes,used,placed now,yes
assets/incoming/meshy_free/fences/fence_plank_panel_lod0.glb,298928,TOOLS-ONLY,yes,used,placed now,yes
assets/incoming/meshy_free/fences/fence_rail_grass_a_lod0.glb,227636,TOOLS-ONLY,yes,used,placed now,yes
assets/incoming/meshy_free/fences/fence_rail_grass_b_lod0.glb,232872,TOOLS-ONLY,yes,used,placed now,yes
assets/incoming/meshy_free/fences/wall_stone_railing_lod0.glb,357136,TOOLS-ONLY,yes,used,placed now,yes
assets/incoming/meshy_free/flora/bouquet_wild_lod0.glb,321184,TOOLS-ONLY,yes,used,placed now,yes
assets/incoming/meshy_free/flora/bush_raspberry_lod0.glb,350784,TOOLS-ONLY,yes,used,placed now,yes
assets/incoming/meshy_free/flora/mushroom_glow_brown_lod0.glb,143784,TOOLS-ONLY,yes,used,placed now,yes
assets/incoming/meshy_free/furniture/chair_armchair_wood_lod0.glb,292356,TOOLS-ONLY,yes,dynamic,placed now,yes
assets/incoming/meshy_free/furniture/chair_gothic_tall_lod0.glb,342016,TOOLS-ONLY,yes,dynamic,placed now,yes
assets/incoming/meshy_free/furniture/chair_high_back_lod0.glb,289576,TOOLS-ONLY,yes,dynamic,placed now,yes
assets/incoming/meshy_free/furniture/chair_ornate_red_lod0.glb,346328,TOOLS-ONLY,yes,dynamic,placed now,yes
assets/incoming/meshy_free/furniture/chair_simple_a_lod0.glb,239568,TOOLS-ONLY,yes,used,placed now,yes
assets/incoming/meshy_free/furniture/chair_simple_b_lod0.glb,242092,TOOLS-ONLY,yes,used,placed now,yes
assets/incoming/meshy_free/furniture/lectern_desk_lod0.glb,299540,TOOLS-ONLY,yes,dynamic,placed now,yes
assets/incoming/meshy_free/furniture/table_barrel_top_lod0.glb,222036,TOOLS-ONLY,yes,used,placed now,yes
assets/incoming/meshy_free/furniture/table_tavern_thick_lod0.glb,243944,TOOLS-ONLY,yes,used,placed now,yes
assets/incoming/meshy_free/furniture/table_tavern_trestle_lod0.glb,247220,TOOLS-ONLY,yes,used,placed now,yes
assets/incoming/meshy_free/furniture/tavern_set_barrels_b_lod0.glb,593128,TOOLS-ONLY,yes,used,placed now,yes
assets/incoming/meshy_free/furniture/throne_carved_wood_lod0.glb,450532,TOOLS-ONLY,yes,dynamic,placed now,yes
assets/incoming/meshy_free/furniture/throne_dark_red_studded_lod0.glb,463024,TOOLS-ONLY,yes,dynamic,placed now,yes
assets/incoming/meshy_free/furniture/throne_gold_red_lod0.glb,533944,TOOLS-ONLY,yes,dynamic,placed now,yes
assets/incoming/meshy_free/furniture/throne_gothic_gold_lod0.glb,615644,TOOLS-ONLY,yes,dynamic,placed now,yes
assets/incoming/meshy_free/furniture/throne_leather_cushion_lod0.glb,312288,TOOLS-ONLY,yes,dynamic,placed now,yes
assets/incoming/meshy_free/furniture/throne_red_gothic_lod0.glb,445064,TOOLS-ONLY,yes,dynamic,placed now,yes
assets/incoming/meshy_free/interior/bed_canopy_red_lod0.glb,655924,TOOLS-ONLY,yes,dynamic,placed now,yes
assets/incoming/meshy_free/interior/bookshelf_glass_cabinet_lod0.glb,482592,TOOLS-ONLY,yes,dynamic,placed now,yes
assets/incoming/meshy_free/interior/bookshelf_tall_rustic_lod0.glb,592112,TOOLS-ONLY,yes,dynamic,placed now,yes
assets/incoming/meshy_free/interior/bookshelf_wide_low_lod0.glb,572556,TOOLS-ONLY,yes,dynamic,placed now,yes
assets/incoming/meshy_free/interior/tapestry_hunt_lod0.glb,320804,TOOLS-ONLY,yes,dynamic,placed now,yes
assets/incoming/meshy_free/interior/wall_shield_heater_lod0.glb,294832,TOOLS-ONLY,yes,dynamic,placed now,yes
assets/incoming/meshy_free/interior/wall_shield_iron_studded_lod0.glb,298032,TOOLS-ONLY,yes,dynamic,placed now,yes
assets/incoming/meshy_free/lighting/lamp_post_purple_bracket_lod0.glb,490532,TOOLS-ONLY,yes,dynamic,placed now,yes
assets/incoming/meshy_free/lighting/lamp_post_timber_cross_lod0.glb,356964,TOOLS-ONLY,yes,used,placed now,yes
assets/incoming/meshy_free/lighting/lantern_hanging_blue_lod0.glb,409748,TOOLS-ONLY,yes,dynamic,placed now,yes
assets/incoming/meshy_free/lighting/lantern_hanging_green_lod0.glb,197404,TOOLS-ONLY,yes,dynamic,placed now,yes
assets/incoming/meshy_free/lighting/lantern_post_purple_lod0.glb,304500,TOOLS-ONLY,yes,dynamic,placed now,yes
assets/incoming/meshy_free/lighting/lantern_wall_iron_lod0.glb,260328,TOOLS-ONLY,yes,dynamic,placed now,yes
assets/incoming/meshy_free/lighting/lantern_wall_scroll_lod0.glb,300384,TOOLS-ONLY,yes,used,placed now,yes
assets/incoming/meshy_free/lighting/sconce_torch_bracket_lod0.glb,192140,TOOLS-ONLY,yes,dynamic,placed now,yes
assets/incoming/meshy_free/lighting/sconce_torch_ornate_lod0.glb,269136,TOOLS-ONLY,yes,dynamic,placed now,yes
assets/incoming/meshy_free/lighting/sconce_wall_bowl_a_lod0.glb,229064,TOOLS-ONLY,yes,dynamic,placed now,yes
assets/incoming/meshy_free/lighting/sconce_wall_bowl_b_lod0.glb,222304,TOOLS-ONLY,yes,dynamic,placed now,yes
assets/incoming/meshy_free/lighting/street_lamp_twin_gold_lod0.glb,358872,TOOLS-ONLY,yes,used,placed now,yes
assets/incoming/meshy_free/lighting/street_lantern_gothic_lod0.glb,354740,TOOLS-ONLY,yes,used,placed now,yes
assets/incoming/meshy_free/lighting/street_lantern_whimsical_lod0.glb,334316,TOOLS-ONLY,yes,used,placed now,yes
assets/incoming/meshy_free/lighting/torch_dungeon_cage_lod0.glb,304328,TOOLS-ONLY,yes,dynamic,placed now,yes
assets/incoming/meshy_free/lighting/torch_hand_silver_lod0.glb,212056,TOOLS-ONLY,yes,dynamic,placed now,yes
assets/incoming/meshy_free/loot/coin_gold_big_lod0.glb,160808,TOOLS-ONLY,yes,used,placed now,yes
assets/incoming/meshy_free/loot/coin_silver_big_lod0.glb,156980,TOOLS-ONLY,yes,used,placed now,yes
assets/incoming/meshy_free/magic/crystal_blue_pedestal_lod0.glb,283500,TOOLS-ONLY,yes,dynamic,placed now,yes
assets/incoming/meshy_free/magic/crystal_cyan_pedestal_lod0.glb,264980,TOOLS-ONLY,yes,dynamic,placed now,yes
assets/incoming/meshy_free/magic/crystal_egg_purple_lod0.glb,245116,TOOLS-ONLY,yes,dynamic,placed now,yes
assets/incoming/meshy_free/magic/crystal_green_pedestal_a_lod0.glb,284088,TOOLS-ONLY,yes,dynamic,placed now,yes
assets/incoming/meshy_free/magic/crystal_green_pedestal_b_lod0.glb,270860,TOOLS-ONLY,yes,dynamic,placed now,yes
assets/incoming/meshy_free/magic/crystal_green_pedestal_c_lod0.glb,278656,TOOLS-ONLY,yes,dynamic,placed now,yes
assets/incoming/meshy_free/magic/orb_purple_roots_lod0.glb,314032,TOOLS-ONLY,yes,dynamic,placed now,yes
assets/incoming/meshy_free/magic/portal_blue_arch_lod0.glb,739816,TOOLS-ONLY,yes,used,placed now,yes
assets/incoming/meshy_free/magic/portal_elf_mound_lod0.glb,668640,TOOLS-ONLY,yes,dynamic,placed now,yes
assets/incoming/meshy_free/magic/portal_ice_arch_lod0.glb,605864,TOOLS-ONLY,yes,used,placed now,yes
assets/incoming/meshy_free/magic/portal_vine_arch_lod0.glb,790948,TOOLS-ONLY,yes,dynamic,placed now,yes
assets/incoming/meshy_free/market/shed_striped_awning_lod0.glb,717100,TOOLS-ONLY,yes,used,placed now,yes
assets/incoming/meshy_free/market/stall_meat_shingle_lod0.glb,745860,TOOLS-ONLY,yes,used,placed now,yes
assets/incoming/meshy_free/market/stall_open_roof_lod0.glb,619012,TOOLS-ONLY,yes,used,placed now,yes
assets/incoming/meshy_free/market/stall_potatoes_lod0.glb,726704,TOOLS-ONLY,yes,used,placed now,yes
assets/incoming/meshy_free/maybe/banners/banner_drow_purple_lod0.glb,281072,TOOLS-ONLY,yes,UNREF,reject: triage maybe: off-palette dark purple drow banner,"no (export filter, new)"
assets/incoming/meshy_free/maybe/buildings/hut_hunter_base_lod0.glb,862808,TOOLS-ONLY,yes,UNREF,reject: triage maybe: hut on a baked ground disc,"no (export filter, new)"
assets/incoming/meshy_free/maybe/buildings/hut_mossy_ruined_a_lod0.glb,1041624,TOOLS-ONLY,yes,dynamic,placed now,yes
assets/incoming/meshy_free/maybe/buildings/hut_mossy_ruined_a_lod1.glb,312940,TOOLS-ONLY,yes,dynamic,placed now,yes
assets/incoming/meshy_free/maybe/buildings/hut_mossy_ruined_b_lod0.glb,1144600,TOOLS-ONLY,yes,dynamic,placed now,yes
assets/incoming/meshy_free/maybe/buildings/hut_mossy_ruined_b_lod1.glb,344308,TOOLS-ONLY,yes,dynamic,placed now,yes
assets/incoming/meshy_free/maybe/buildings/village_block_a_lod0.glb,1787036,TOOLS-ONLY,yes,UNREF,"reject: triage maybe: diorama on a base disc / distant village scene, not a placeable building","no (export filter, new)"
assets/incoming/meshy_free/maybe/buildings/village_block_a_lod1.glb,541820,TOOLS-ONLY,yes,UNREF,"reject: triage maybe: diorama on a base disc / distant village scene, not a placeable building","no (export filter, new)"
assets/incoming/meshy_free/maybe/buildings/village_block_b_lod0.glb,1689752,TOOLS-ONLY,yes,UNREF,"reject: triage maybe: diorama on a base disc / distant village scene, not a placeable building","no (export filter, new)"
assets/incoming/meshy_free/maybe/buildings/village_block_b_lod1.glb,514920,TOOLS-ONLY,yes,UNREF,"reject: triage maybe: diorama on a base disc / distant village scene, not a placeable building","no (export filter, new)"
assets/incoming/meshy_free/maybe/buildings/village_block_c_lod0.glb,1753784,TOOLS-ONLY,yes,UNREF,"reject: triage maybe: diorama on a base disc / distant village scene, not a placeable building","no (export filter, new)"
assets/incoming/meshy_free/maybe/buildings/village_block_c_lod1.glb,533860,TOOLS-ONLY,yes,UNREF,"reject: triage maybe: diorama on a base disc / distant village scene, not a placeable building","no (export filter, new)"
assets/incoming/meshy_free/maybe/buildings/village_cluster_cobble_lod0.glb,1808164,TOOLS-ONLY,yes,UNREF,"reject: triage maybe: diorama on a base disc / distant village scene, not a placeable building","no (export filter, new)"
assets/incoming/meshy_free/maybe/buildings/village_cluster_cobble_lod1.glb,546048,TOOLS-ONLY,yes,UNREF,"reject: triage maybe: diorama on a base disc / distant village scene, not a placeable building","no (export filter, new)"
assets/incoming/meshy_free/maybe/buildings/village_path_scene_lod0.glb,1713296,TOOLS-ONLY,yes,UNREF,"reject: triage maybe: diorama on a base disc / distant village scene, not a placeable building","no (export filter, new)"
assets/incoming/meshy_free/maybe/buildings/village_path_scene_lod1.glb,518304,TOOLS-ONLY,yes,UNREF,"reject: triage maybe: diorama on a base disc / distant village scene, not a placeable building","no (export filter, new)"
assets/incoming/meshy_free/maybe/buildings/village_scene_small_houses_lod0.glb,1760776,TOOLS-ONLY,yes,UNREF,"reject: triage maybe: diorama on a base disc / distant village scene, not a placeable building","no (export filter, new)"
assets/incoming/meshy_free/maybe/buildings/village_scene_small_houses_lod1.glb,532552,TOOLS-ONLY,yes,UNREF,"reject: triage maybe: diorama on a base disc / distant village scene, not a placeable building","no (export filter, new)"
assets/incoming/meshy_free/maybe/camp/tent_white_thin_lod0.glb,357964,TOOLS-ONLY,yes,UNREF,reject: triage maybe: thin sparse geometry shreds at mobile budget,"no (export filter, new)"
assets/incoming/meshy_free/maybe/castle/arch_door_on_tile_lod0.glb,639384,TOOLS-ONLY,yes,UNREF,"reject: triage maybe: arch on a tile, prompt named a TV franchise","no (export filter, new)"
assets/incoming/meshy_free/maybe/creatures/brute_horned_a_lod0.glb,464960,TOOLS-ONLY,yes,UNREF,"reserve: triage maybe: Region 2: dark gritty brute, off-tone for Region 1 but usable as an enemy later","no (export filter, new)"
assets/incoming/meshy_free/maybe/creatures/brute_horned_b_lod0.glb,478792,TOOLS-ONLY,yes,UNREF,"reserve: triage maybe: Region 2: dark gritty brute, off-tone for Region 1 but usable as an enemy later","no (export filter, new)"
assets/incoming/meshy_free/maybe/creatures/brute_skull_shoulders_lod0.glb,518148,TOOLS-ONLY,yes,UNREF,"reserve: triage maybe: Region 2: dark gritty brute, off-tone for Region 1 but usable as an enemy later","no (export filter, new)"
assets/incoming/meshy_free/maybe/creatures/dragon_crystal_lying_lod0.glb,436236,TOOLS-ONLY,yes,UNREF,reserve: triage maybe: Region 2: crystal dragon (3D-print look),"no (export filter, new)"
assets/incoming/meshy_free/maybe/creatures/dragon_grey_small_lod0.glb,367184,TOOLS-ONLY,yes,UNREF,"reject: triage maybe: generic dragon, prompt named a TV franchise","no (export filter, new)"
assets/incoming/meshy_free/maybe/creatures/gargoyle_demonic_lod0.glb,354672,TOOLS-ONLY,yes,UNREF,reserve: triage maybe: Region 2: dark demonic gargoyle,"no (export filter, new)"
assets/incoming/meshy_free/maybe/creatures/gargoyle_winged_a_lod0.glb,414648,TOOLS-ONLY,yes,UNREF,reserve: triage maybe: Region 2: dark demonic gargoyle,"no (export filter, new)"
assets/incoming/meshy_free/maybe/creatures/gargoyle_winged_b_lod0.glb,386140,TOOLS-ONLY,yes,UNREF,reserve: triage maybe: Region 2: dark demonic gargoyle,"no (export filter, new)"
assets/incoming/meshy_free/maybe/creatures/hellhound_grey_lod0.glb,354984,TOOLS-ONLY,yes,UNREF,reserve: triage maybe: Region 2: dark / lava hellhound,"no (export filter, new)"
assets/incoming/meshy_free/maybe/creatures/hellhound_lava_lod0.glb,349592,TOOLS-ONLY,yes,UNREF,reserve: triage maybe: Region 2: dark / lava hellhound,"no (export filter, new)"
assets/incoming/meshy_free/maybe/creatures/skeleton_hooded_lod0.glb,643368,TOOLS-ONLY,yes,UNREF,reject: triage maybe: dark undead duplicate of the rigged KayKit skeletons now in the crypts,"no (export filter, new)"
assets/incoming/meshy_free/maybe/creatures/skeleton_warrior_a_lod0.glb,675372,TOOLS-ONLY,yes,UNREF,reject: triage maybe: dark undead duplicate of the rigged KayKit skeletons now in the crypts,"no (export filter, new)"
assets/incoming/meshy_free/maybe/creatures/skeleton_warrior_b_lod0.glb,526480,TOOLS-ONLY,yes,UNREF,reject: triage maybe: dark undead duplicate of the rigged KayKit skeletons now in the crypts,"no (export filter, new)"
assets/incoming/meshy_free/maybe/creatures/werewolf_statue_lod0.glb,436200,TOOLS-ONLY,yes,UNREF,reserve: triage maybe: Region 2: dark werewolf statue,"no (export filter, new)"
assets/incoming/meshy_free/maybe/creatures/wolf_realistic_sitting_lod0.glb,419560,TOOLS-ONLY,yes,UNREF,"reject: triage maybe: photoreal fur, sitting pose","no (export filter, new)"
assets/incoming/meshy_free/maybe/fences/fence_picket_thin_long_lod0.glb,340820,TOOLS-ONLY,yes,UNREF,reject: triage maybe: very thin pickets shred at the mobile budget,"no (export filter, new)"
assets/incoming/meshy_free/maybe/furniture/table_dining_walnut_lod0.glb,233220,TOOLS-ONLY,yes,UNREF,"reject: triage maybe: thin legs, plain: the tavern tables cover it","no (export filter, new)"
assets/incoming/meshy_free/maybe/interior/armour_knight_sword_static_lod0.glb,447984,TOOLS-ONLY,yes,UNREF,reject: triage maybe: realistic human-shaped armour; armour_stand_knight is the placed one,"no (export filter, new)"
assets/incoming/meshy_free/maybe/interior/bookshelf_nook_corner_lod0.glb,562256,TOOLS-ONLY,yes,dynamic,placed now,yes
assets/incoming/meshy_free/maybe/interior/wall_shield_tall_dark_lod0.glb,292772,TOOLS-ONLY,yes,UNREF,reject: triage maybe: dark door-like slab,"no (export filter, new)"
assets/incoming/meshy_free/maybe/interior/weapon_rack_round_shield_lod0.glb,534132,TOOLS-ONLY,yes,UNREF,reject: triage maybe: shield emblem reads as a skull,"no (export filter, new)"
assets/incoming/meshy_free/maybe/lighting/street_lamp_victorian_lod0.glb,342240,TOOLS-ONLY,yes,UNREF,"reject: triage maybe: Victorian gas lamp, wrong era","no (export filter, new)"
assets/incoming/meshy_free/maybe/magic/portal_heart_glow_lod0.glb,634724,TOOLS-ONLY,yes,UNREF,reject: triage maybe: niche glowing heart portal,"no (export filter, new)"
assets/incoming/meshy_free/maybe/magic/portal_victorian_scifi_lod0.glb,728680,TOOLS-ONLY,yes,UNREF,reject: triage maybe: Victorian sci-fi portal,"no (export filter, new)"
assets/incoming/meshy_free/maybe/magic/relic_crystal_ornament_lod0.glb,263124,TOOLS-ONLY,yes,UNREF,"reserve: triage maybe: Region 2: flat relic ornaments (brooch, ring, mirror, crystal) for a future relic-pickup pass","no (export filter, new)"
assets/incoming/meshy_free/maybe/magic/relic_purple_mirror_lod0.glb,324736,TOOLS-ONLY,yes,UNREF,"reserve: triage maybe: Region 2: flat relic ornaments (brooch, ring, mirror, crystal) for a future relic-pickup pass","no (export filter, new)"
assets/incoming/meshy_free/maybe/magic/relic_red_brooch_flat_lod0.glb,269228,TOOLS-ONLY,yes,UNREF,"reserve: triage maybe: Region 2: flat relic ornaments (brooch, ring, mirror, crystal) for a future relic-pickup pass","no (export filter, new)"
assets/incoming/meshy_free/maybe/magic/relic_red_gem_ring_lod0.glb,268108,TOOLS-ONLY,yes,UNREF,"reserve: triage maybe: Region 2: flat relic ornaments (brooch, ring, mirror, crystal) for a future relic-pickup pass","no (export filter, new)"
assets/incoming/meshy_free/maybe/magic/runestone_neon_lod0.glb,737840,TOOLS-ONLY,yes,UNREF,reject: triage maybe: neon sci-fi runestone,"no (export filter, new)"
assets/incoming/meshy_free/maybe/nature/tree_old_grass_disc_lod0.glb,633340,TOOLS-ONLY,yes,UNREF,reject: triage maybe: baked ground disc / sparse leaves,"no (export filter, new)"
assets/incoming/meshy_free/maybe/nature/tree_old_grass_disc_lod1.glb,249644,TOOLS-ONLY,yes,UNREF,reject: triage maybe: baked ground disc / sparse leaves,"no (export filter, new)"
assets/incoming/meshy_free/maybe/nature/tree_old_orange_disc_lod0.glb,475996,TOOLS-ONLY,yes,UNREF,reject: triage maybe: baked ground disc / sparse leaves,"no (export filter, new)"
assets/incoming/meshy_free/maybe/nature/tree_old_orange_disc_lod1.glb,179464,TOOLS-ONLY,yes,UNREF,reject: triage maybe: baked ground disc / sparse leaves,"no (export filter, new)"
assets/incoming/meshy_free/maybe/nature/tree_old_sparse_lod0.glb,612724,TOOLS-ONLY,yes,UNREF,reject: triage maybe: baked ground disc / sparse leaves,"no (export filter, new)"
assets/incoming/meshy_free/maybe/nature/tree_old_sparse_lod1.glb,231432,TOOLS-ONLY,yes,UNREF,reject: triage maybe: baked ground disc / sparse leaves,"no (export filter, new)"
assets/incoming/meshy_free/maybe/props/mace_iron_lod0.glb,207944,TOOLS-ONLY,yes,UNREF,reject: triage maybe: dark realistic metal; items/weapons covers maces,"no (export filter, new)"
assets/incoming/meshy_free/maybe/props/wheel_barrels_pile_lod0.glb,357600,TOOLS-ONLY,yes,UNREF,reject: triage maybe: junk pile,"no (export filter, new)"
assets/incoming/meshy_free/maybe/water/bridge_arch_long_rocks_lod0.glb,692064,TOOLS-ONLY,yes,UNREF,reserve: triage maybe: Region 2: very long thin bridge on a rock base,"no (export filter, new)"
assets/incoming/meshy_free/nature/tree_cartoon_green_a_lod0.glb,517268,TOOLS-ONLY,yes,dynamic,placed now,yes
assets/incoming/meshy_free/nature/tree_cartoon_green_a_lod1.glb,200584,TOOLS-ONLY,yes,dynamic,placed now,yes
assets/incoming/meshy_free/nature/tree_cartoon_green_b_lod0.glb,479172,TOOLS-ONLY,yes,dynamic,placed now,yes
assets/incoming/meshy_free/nature/tree_cartoon_green_b_lod1.glb,180024,TOOLS-ONLY,yes,dynamic,placed now,yes
assets/incoming/meshy_free/nature/tree_pine_lod0.glb,341512,TOOLS-ONLY,yes,dynamic,placed now,yes
assets/incoming/meshy_free/nature/tree_pine_lod1.glb,126800,TOOLS-ONLY,yes,dynamic,placed now,yes
assets/incoming/meshy_free/props/axe_long_handle_lod0.glb,179656,TOOLS-ONLY,yes,used,placed now,yes
assets/incoming/meshy_free/props/chest_blue_iron_lod0.glb,207472,TOOLS-ONLY,yes,used,placed now,yes
assets/incoming/meshy_free/props/chest_copper_lock_lod0.glb,217752,TOOLS-ONLY,yes,dynamic,placed now,yes
assets/incoming/meshy_free/props/chest_gold_lod0.glb,194832,TOOLS-ONLY,yes,used,placed now,yes
assets/incoming/meshy_free/props/chest_metal_wood_lod0.glb,212060,TOOLS-ONLY,yes,used,placed now,yes
assets/incoming/meshy_free/props/chest_orange_metal_lod0.glb,199828,TOOLS-ONLY,yes,used,placed now,yes
assets/incoming/meshy_free/props/chest_orange_riveted_lod0.glb,201076,TOOLS-ONLY,yes,dynamic,placed now,yes
assets/incoming/meshy_free/props/chest_pink_lod0.glb,221760,TOOLS-ONLY,yes,UNREF,reject: pink chest is off-palette for Style G,"no (export filter, new)"
assets/incoming/meshy_free/props/chest_red_black_lod0.glb,212200,TOOLS-ONLY,yes,used,placed now,yes
assets/incoming/meshy_free/props/chest_silver_lock_lod0.glb,212944,TOOLS-ONLY,yes,used,placed now,yes
assets/incoming/meshy_free/props/well_covered_planks_lod0.glb,614820,TOOLS-ONLY,yes,used,placed now,yes
assets/incoming/meshy_free/props/well_stone_roofed_lod0.glb,314352,TOOLS-ONLY,yes,used,placed now,yes
assets/incoming/meshy_free/props/well_stone_shingle_lod0.glb,317940,TOOLS-ONLY,yes,used,placed now,yes
assets/incoming/meshy_free/ruins/arch_dark_pedestal_lod0.glb,490592,TOOLS-ONLY,yes,dynamic,placed now,yes
assets/incoming/meshy_free/ruins/ruin_arch_side_lod0.glb,658764,TOOLS-ONLY,yes,dynamic,placed now,yes
assets/incoming/meshy_free/ruins/ruin_arch_wall_lod0.glb,668668,TOOLS-ONLY,yes,dynamic,placed now,yes
assets/incoming/meshy_free/ruins/ruin_pergola_lod0.glb,684032,TOOLS-ONLY,yes,dynamic,placed now,yes
assets/incoming/meshy_free/signs/sign_blank_bracket_lod0.glb,303796,TOOLS-ONLY,yes,dynamic,placed now,yes
assets/incoming/meshy_free/signs/sign_blank_rope_lod0.glb,200444,TOOLS-ONLY,yes,dynamic,placed now,yes
assets/incoming/meshy_free/signs/sign_shop_lion_lod0.glb,472140,TOOLS-ONLY,yes,used,placed now,yes
assets/incoming/meshy_free/water/boat_longship_sail_lod0.glb,586536,TOOLS-ONLY,yes,dynamic,placed now,yes
assets/incoming/meshy_free/water/boat_rowing_lod0.glb,455644,TOOLS-ONLY,yes,dynamic,placed now,yes
assets/incoming/meshy_free/water/bridge_arch_pale_lod0.glb,486536,TOOLS-ONLY,yes,UNREF,reserve: Region 2 footbridges: Region 1 has no 3-9 m water crossing (probe_world.gd --crossings finds 0; its five bridges span 16-27 m),"no (export filter, new)"
assets/incoming/meshy_free/water/bridge_garden_vines_lod0.glb,531404,TOOLS-ONLY,yes,UNREF,reserve: Region 2 footbridges: Region 1 has no 3-9 m water crossing (probe_world.gd --crossings finds 0; its five bridges span 16-27 m),"no (export filter, new)"
assets/incoming/meshy_free/water/bridge_mossy_small_lod0.glb,461128,TOOLS-ONLY,yes,UNREF,reserve: Region 2 footbridges: Region 1 has no 3-9 m water crossing (probe_world.gd --crossings finds 0; its five bridges span 16-27 m),"no (export filter, new)"
assets/incoming/meshy_free/water/bridge_old_stone_blue_lod0.glb,450884,TOOLS-ONLY,yes,UNREF,reserve: Region 2 footbridges: Region 1 has no 3-9 m water crossing (probe_world.gd --crossings finds 0; its five bridges span 16-27 m),"no (export filter, new)"
assets/incoming/meshy_free/water/bridge_serenity_steps_lod0.glb,786404,TOOLS-ONLY,yes,dynamic,placed now,yes
assets/incoming/meshy_free/water/bridge_stone_arched_rail_lod0.glb,700356,TOOLS-ONLY,yes,UNREF,reserve: Region 2 footbridges: Region 1 has no 3-9 m water crossing (probe_world.gd --crossings finds 0; its five bridges span 16-27 m),"no (export filter, new)"
assets/incoming/meshy_free/water/bridge_stone_dark_long_lod0.glb,546364,TOOLS-ONLY,yes,UNREF,reserve: Region 2 footbridges: Region 1 has no 3-9 m water crossing (probe_world.gd --crossings finds 0; its five bridges span 16-27 m),"no (export filter, new)"
assets/incoming/meshy_free/water/bridge_stone_passage_lod0.glb,589572,TOOLS-ONLY,yes,UNREF,reserve: Region 2 footbridges: Region 1 has no 3-9 m water crossing (probe_world.gd --crossings finds 0; its five bridges span 16-27 m),"no (export filter, new)"
assets/incoming/meshy_free/water/bridge_stone_rustic_a_lod0.glb,516920,TOOLS-ONLY,yes,UNREF,reserve: Region 2 footbridges: Region 1 has no 3-9 m water crossing (probe_world.gd --crossings finds 0; its five bridges span 16-27 m),"no (export filter, new)"
assets/incoming/meshy_free/water/bridge_stone_rustic_b_lod0.glb,567416,TOOLS-ONLY,yes,UNREF,reserve: Region 2 footbridges: Region 1 has no 3-9 m water crossing (probe_world.gd --crossings finds 0; its five bridges span 16-27 m),"no (export filter, new)"
assets/incoming/meshy_free/water/bridge_stone_rustic_c_lod0.glb,553996,TOOLS-ONLY,yes,UNREF,reserve: Region 2 footbridges: Region 1 has no 3-9 m water crossing (probe_world.gd --crossings finds 0; its five bridges span 16-27 m),"no (export filter, new)"
assets/incoming/meshy_free/water/bridge_stone_wood_deck_lod0.glb,560164,TOOLS-ONLY,yes,UNREF,reserve: Region 2 footbridges: Region 1 has no 3-9 m water crossing (probe_world.gd --crossings finds 0; its five bridges span 16-27 m),"no (export filter, new)"
assets/incoming/meshy_free/water/dock_circular_wood_lod0.glb,315808,TOOLS-ONLY,yes,dynamic,placed now,yes
assets/incoming/opengameart/cc-by/models/anglo-saxons-helmets-and-spears/helm1.glb,26600,UNREF,yes,UNREF,"reject: duplicates of Kenney equivalents, CC-BY credit burden",no (.gdignore)
assets/incoming/opengameart/cc-by/models/anglo-saxons-helmets-and-spears/helm1_parts/Plane.001.glb,6044,UNREF,yes,UNREF,"reject: duplicates of Kenney equivalents, CC-BY credit burden",no (.gdignore)
assets/incoming/opengameart/cc-by/models/anglo-saxons-helmets-and-spears/helm2.glb,28672,UNREF,yes,UNREF,"reject: duplicates of Kenney equivalents, CC-BY credit burden",no (.gdignore)
assets/incoming/opengameart/cc-by/models/anglo-saxons-helmets-and-spears/helm2_parts/Cube.glb,7116,TOOLS-ONLY,yes,UNREF,"reject: duplicates of Kenney equivalents, CC-BY credit burden",no (.gdignore)
assets/incoming/opengameart/cc-by/models/anglo-saxons-helmets-and-spears/helm2_parts/Sphere.001.glb,5308,UNREF,yes,UNREF,"reject: duplicates of Kenney equivalents, CC-BY credit burden",no (.gdignore)
assets/incoming/opengameart/cc-by/models/anglo-saxons-helmets-and-spears/helm2_parts/Sphere.002.glb,4452,UNREF,yes,UNREF,"reject: duplicates of Kenney equivalents, CC-BY credit burden",no (.gdignore)
assets/incoming/opengameart/cc-by/models/anglo-saxons-helmets-and-spears/helm3.glb,23472,UNREF,yes,UNREF,"reject: duplicates of Kenney equivalents, CC-BY credit burden",no (.gdignore)
assets/incoming/opengameart/cc-by/models/anglo-saxons-helmets-and-spears/helm3_parts/yebra.glb,23412,UNREF,yes,UNREF,"reject: duplicates of Kenney equivalents, CC-BY credit burden",no (.gdignore)
assets/incoming/opengameart/cc-by/models/anglo-saxons-helmets-and-spears/helm4.glb,26056,UNREF,yes,UNREF,"reject: duplicates of Kenney equivalents, CC-BY credit burden",no (.gdignore)
assets/incoming/opengameart/cc-by/models/anglo-saxons-helmets-and-spears/helm4_parts/yebra.glb,14512,UNREF,yes,UNREF,"reject: duplicates of Kenney equivalents, CC-BY credit burden",no (.gdignore)
assets/incoming/opengameart/cc-by/models/anglo-saxons-helmets-and-spears/helm5.glb,25764,UNREF,yes,UNREF,"reject: duplicates of Kenney equivalents, CC-BY credit burden",no (.gdignore)
assets/incoming/opengameart/cc-by/models/anglo-saxons-helmets-and-spears/helm5_parts/yebra.glb,14512,UNREF,yes,UNREF,"reject: duplicates of Kenney equivalents, CC-BY credit burden",no (.gdignore)
assets/incoming/opengameart/cc-by/models/anglo-saxons-helmets-and-spears/helm6.glb,24856,UNREF,yes,UNREF,"reject: duplicates of Kenney equivalents, CC-BY credit burden",no (.gdignore)
assets/incoming/opengameart/cc-by/models/anglo-saxons-helmets-and-spears/helm6_parts/yebra.glb,14512,UNREF,yes,UNREF,"reject: duplicates of Kenney equivalents, CC-BY credit burden",no (.gdignore)
assets/incoming/opengameart/cc-by/models/anglo-saxons-helmets-and-spears/wlocznia1.glb,3460,UNREF,yes,UNREF,"reject: duplicates of Kenney equivalents, CC-BY credit burden",no (.gdignore)
assets/incoming/opengameart/cc-by/models/anglo-saxons-helmets-and-spears/wlocznia1_parts/Cylinder.glb,3420,TOOLS-ONLY,yes,UNREF,"reject: duplicates of Kenney equivalents, CC-BY credit burden",no (.gdignore)
assets/incoming/opengameart/cc-by/models/anglo-saxons-helmets-and-spears/wlocznia2.glb,4012,UNREF,yes,UNREF,"reject: duplicates of Kenney equivalents, CC-BY credit burden",no (.gdignore)
assets/incoming/opengameart/cc-by/models/anglo-saxons-helmets-and-spears/wlocznia2_parts/Cylinder.001.glb,3956,UNREF,yes,UNREF,"reject: duplicates of Kenney equivalents, CC-BY credit burden",no (.gdignore)
assets/incoming/opengameart/cc-by/models/anglo-saxons-helmets-and-spears/wlocznia3.glb,4172,UNREF,yes,UNREF,"reject: duplicates of Kenney equivalents, CC-BY credit burden",no (.gdignore)
assets/incoming/opengameart/cc-by/models/anglo-saxons-helmets-and-spears/wlocznia3_parts/Cylinder.002.glb,4136,UNREF,yes,UNREF,"reject: duplicates of Kenney equivalents, CC-BY credit burden",no (.gdignore)
assets/incoming/opengameart/cc-by/models/blender-horse-rig-alex/alex.2.5.2.glb,780628,UNREF,yes,UNREF,"reject: duplicates of Kenney equivalents, CC-BY credit burden",no (.gdignore)
assets/incoming/opengameart/cc-by/models/horse-lowpoly/caballo_lowpoly/CABALLO_low_poly.glb,41104,UNREF,yes,UNREF,"reject: duplicates of Kenney equivalents, CC-BY credit burden",no (.gdignore)
assets/incoming/opengameart/cc-by/models/low-poly-crossbow/lowpoly_crossbow_2_0.glb,27400,UNREF,yes,UNREF,"reject: duplicates of Kenney equivalents, CC-BY credit burden",no (.gdignore)
assets/incoming/opengameart/cc-by/models/saddle-with-bedroll/saddle_1.glb,422724,UNREF,yes,UNREF,"reject: duplicates of Kenney equivalents, CC-BY credit burden",no (.gdignore)
assets/incoming/opengameart/models/animated-longbow/bow.glb,12172,,,TOOLS-ONLY,reject: unit and prop packs that duplicate Quaternius / Creatus props; off-style freeciv toons,no (.gdignore)
assets/incoming/opengameart/models/archery-set/archerySetOGA.glb,445076,UNREF,yes,UNREF,reject: unit and prop packs that duplicate Quaternius / Creatus props; off-style freeciv toons,no (.gdignore)
assets/incoming/opengameart/models/archery-set/archerySetOGA_parts/Circle.001.glb,23072,UNREF,yes,UNREF,reject: unit and prop packs that duplicate Quaternius / Creatus props; off-style freeciv toons,no (.gdignore)
assets/incoming/opengameart/models/archery-set/archerySetOGA_parts/Circle.003.glb,3360,UNREF,yes,UNREF,reject: unit and prop packs that duplicate Quaternius / Creatus props; off-style freeciv toons,no (.gdignore)
assets/incoming/opengameart/models/archery-set/archerySetOGA_parts/Circle.004.glb,4756,UNREF,yes,UNREF,reject: unit and prop packs that duplicate Quaternius / Creatus props; off-style freeciv toons,no (.gdignore)
assets/incoming/opengameart/models/archery-set/archerySetOGA_parts/Circle.005.glb,4756,UNREF,yes,UNREF,reject: unit and prop packs that duplicate Quaternius / Creatus props; off-style freeciv toons,no (.gdignore)
assets/incoming/opengameart/models/archery-set/archerySetOGA_parts/Circle.006.glb,4756,UNREF,yes,UNREF,reject: unit and prop packs that duplicate Quaternius / Creatus props; off-style freeciv toons,no (.gdignore)
assets/incoming/opengameart/models/archery-set/archerySetOGA_parts/Circle.007.glb,4756,UNREF,yes,UNREF,reject: unit and prop packs that duplicate Quaternius / Creatus props; off-style freeciv toons,no (.gdignore)
assets/incoming/opengameart/models/archery-set/archerySetOGA_parts/Circle.008.glb,4752,UNREF,yes,UNREF,reject: unit and prop packs that duplicate Quaternius / Creatus props; off-style freeciv toons,no (.gdignore)
assets/incoming/opengameart/models/archery-set/archerySetOGA_parts/Circle.009.glb,4756,UNREF,yes,UNREF,reject: unit and prop packs that duplicate Quaternius / Creatus props; off-style freeciv toons,no (.gdignore)
assets/incoming/opengameart/models/archery-set/archerySetOGA_parts/Circle.010.glb,4756,UNREF,yes,UNREF,reject: unit and prop packs that duplicate Quaternius / Creatus props; off-style freeciv toons,no (.gdignore)
assets/incoming/opengameart/models/archery-set/archerySetOGA_parts/Circle.011.glb,4756,UNREF,yes,UNREF,reject: unit and prop packs that duplicate Quaternius / Creatus props; off-style freeciv toons,no (.gdignore)
assets/incoming/opengameart/models/archery-set/archerySetOGA_parts/Circle.012.glb,4752,UNREF,yes,UNREF,reject: unit and prop packs that duplicate Quaternius / Creatus props; off-style freeciv toons,no (.gdignore)
assets/incoming/opengameart/models/archery-set/archerySetOGA_parts/Circle.014.glb,4752,UNREF,yes,UNREF,reject: unit and prop packs that duplicate Quaternius / Creatus props; off-style freeciv toons,no (.gdignore)
assets/incoming/opengameart/models/archery-set/archerySetOGA_parts/Plane.000.glb,1180,UNREF,yes,UNREF,reject: unit and prop packs that duplicate Quaternius / Creatus props; off-style freeciv toons,no (.gdignore)
assets/incoming/opengameart/models/archery-set/archerySetOGA_parts/Plane.001.glb,1180,UNREF,yes,UNREF,reject: unit and prop packs that duplicate Quaternius / Creatus props; off-style freeciv toons,no (.gdignore)
assets/incoming/opengameart/models/archery-set/archerySetOGA_parts/aim.glb,347576,,,TOOLS-ONLY,reject: unit and prop packs that duplicate Quaternius / Creatus props; off-style freeciv toons,no (.gdignore)
assets/incoming/opengameart/models/archery-set/archerySetOGA_parts/bow.glb,13020,,,TOOLS-ONLY,reject: unit and prop packs that duplicate Quaternius / Creatus props; off-style freeciv toons,no (.gdignore)
assets/incoming/opengameart/models/battering-ram-0/battering_ram.glb,345412,UNREF,yes,UNREF,reject: unit and prop packs that duplicate Quaternius / Creatus props; off-style freeciv toons,no (.gdignore)
assets/incoming/opengameart/models/blender-models-for-freeciv-units/cimpletoon/archer7.glb,644380,UNREF,yes,UNREF,reject: unit and prop packs that duplicate Quaternius / Creatus props; off-style freeciv toons,no (.gdignore)
assets/incoming/opengameart/models/blender-models-for-freeciv-units/cimpletoon/barbarian_leader01.glb,435808,UNREF,yes,UNREF,reject: unit and prop packs that duplicate Quaternius / Creatus props; off-style freeciv toons,no (.gdignore)
assets/incoming/opengameart/models/blender-models-for-freeciv-units/cimpletoon/caravan02.glb,164632,UNREF,yes,UNREF,reject: unit and prop packs that duplicate Quaternius / Creatus props; off-style freeciv toons,no (.gdignore)
assets/incoming/opengameart/models/blender-models-for-freeciv-units/cimpletoon/caravel07.glb,930352,UNREF,yes,UNREF,reject: unit and prop packs that duplicate Quaternius / Creatus props; off-style freeciv toons,no (.gdignore)
assets/incoming/opengameart/models/blender-models-for-freeciv-units/cimpletoon/chariot3.glb,1000724,UNREF,yes,UNREF,reject: unit and prop packs that duplicate Quaternius / Creatus props; off-style freeciv toons,no (.gdignore)
assets/incoming/opengameart/models/blender-models-for-freeciv-units/cimpletoon/explorer01.glb,504784,UNREF,yes,UNREF,reject: unit and prop packs that duplicate Quaternius / Creatus props; off-style freeciv toons,no (.gdignore)
assets/incoming/opengameart/models/blender-models-for-freeciv-units/cimpletoon/galleon01.glb,1748648,UNREF,yes,UNREF,reject: unit and prop packs that duplicate Quaternius / Creatus props; off-style freeciv toons,no (.gdignore)
assets/incoming/opengameart/models/blender-models-for-freeciv-units/cimpletoon/horseman02.glb,523664,UNREF,yes,UNREF,reject: unit and prop packs that duplicate Quaternius / Creatus props; off-style freeciv toons,no (.gdignore)
assets/incoming/opengameart/models/blender-models-for-freeciv-units/cimpletoon/knight03.glb,592752,UNREF,yes,UNREF,reject: unit and prop packs that duplicate Quaternius / Creatus props; off-style freeciv toons,no (.gdignore)
assets/incoming/opengameart/models/blender-models-for-freeciv-units/cimpletoon/leader01.glb,525648,UNREF,yes,UNREF,reject: unit and prop packs that duplicate Quaternius / Creatus props; off-style freeciv toons,no (.gdignore)
assets/incoming/opengameart/models/blender-models-for-freeciv-units/cimpletoon/legion4.glb,658676,UNREF,yes,UNREF,reject: unit and prop packs that duplicate Quaternius / Creatus props; off-style freeciv toons,no (.gdignore)
assets/incoming/opengameart/models/blender-models-for-freeciv-units/cimpletoon/phalanx6.glb,637328,UNREF,yes,UNREF,reject: unit and prop packs that duplicate Quaternius / Creatus props; off-style freeciv toons,no (.gdignore)
assets/incoming/opengameart/models/blender-models-for-freeciv-units/cimpletoon/pikeman2.glb,501060,UNREF,yes,UNREF,reject: unit and prop packs that duplicate Quaternius / Creatus props; off-style freeciv toons,no (.gdignore)
assets/incoming/opengameart/models/blender-models-for-freeciv-units/cimpletoon/settler3.glb,937116,UNREF,yes,UNREF,reject: unit and prop packs that duplicate Quaternius / Creatus props; off-style freeciv toons,no (.gdignore)
assets/incoming/opengameart/models/blender-models-for-freeciv-units/cimpletoon/trimere02.glb,1247680,UNREF,yes,UNREF,reject: unit and prop packs that duplicate Quaternius / Creatus props; off-style freeciv toons,no (.gdignore)
assets/incoming/opengameart/models/blender-models-for-freeciv-units/cimpletoon/warrior2.glb,434196,UNREF,yes,UNREF,reject: unit and prop packs that duplicate Quaternius / Creatus props; off-style freeciv toons,no (.gdignore)
assets/incoming/opengameart/models/cart-xterryx/cart_model.glb,54764,UNREF,yes,UNREF,reject: unit and prop packs that duplicate Quaternius / Creatus props; off-style freeciv toons,no (.gdignore)
assets/incoming/opengameart/models/chicken-animated/chickenV2.glb,5999344,UNREF,yes,UNREF,reject: unit and prop packs that duplicate Quaternius / Creatus props; off-style freeciv toons,no (.gdignore)
assets/incoming/opengameart/models/dog-low-poly-rigged/Dog (Jack russel)  Release.glb,290212,UNREF,yes,UNREF,reject: unit and prop packs that duplicate Quaternius / Creatus props; off-style freeciv toons,no (.gdignore)
assets/incoming/opengameart/models/high-poly-church-bell/church_bell.glb,322584,TOOLS-ONLY,yes,UNREF,reject: unit and prop packs that duplicate Quaternius / Creatus props; off-style freeciv toons,no (.gdignore)
assets/incoming/opengameart/models/high-poly-church-bell/church_bell1.glb,1475832,UNREF,yes,UNREF,reject: unit and prop packs that duplicate Quaternius / Creatus props; off-style freeciv toons,no (.gdignore)
assets/incoming/opengameart/models/horse-drawn-carriage/WOZ_0.glb,133840,UNREF,yes,UNREF,reject: unit and prop packs that duplicate Quaternius / Creatus props; off-style freeciv toons,no (.gdignore)
assets/incoming/opengameart/models/knight-statue/knight_statue.glb,424976,UNREF,yes,UNREF,reject: unit and prop packs that duplicate Quaternius / Creatus props; off-style freeciv toons,no (.gdignore)
assets/incoming/opengameart/models/knight-statue/knight_statue_sitting.glb,536916,UNREF,yes,UNREF,reject: unit and prop packs that duplicate Quaternius / Creatus props; off-style freeciv toons,no (.gdignore)
assets/incoming/opengameart/models/medieval-church/75990_Church1Upload_blend/Church1Upload.glb,4755484,UNREF,yes,UNREF,reject: unit and prop packs that duplicate Quaternius / Creatus props; off-style freeciv toons,no (.gdignore)
assets/incoming/opengameart/models/medieval-props-2-hreikin/Props2.glb,1187840,UNREF,yes,UNREF,reject: unit and prop packs that duplicate Quaternius / Creatus props; off-style freeciv toons,no (.gdignore)
assets/incoming/opengameart/models/medieval-props-2-hreikin/Props2_parts/WheelBarrow.glb,24384,,,UNREF,reject: unit and prop packs that duplicate Quaternius / Creatus props; off-style freeciv toons,no (.gdignore)
assets/incoming/opengameart/models/medieval-props-2-hreikin/Props2_parts/WoodenTower.glb,39440,UNREF,yes,UNREF,reject: unit and prop packs that duplicate Quaternius / Creatus props; off-style freeciv toons,no (.gdignore)
assets/incoming/opengameart/models/medieval-props-pack-system-g6/medieval_props_pack/medieval_props_pack.glb,4775584,UNREF,yes,UNREF,reject: unit and prop packs that duplicate Quaternius / Creatus props; off-style freeciv toons,no (.gdignore)
assets/incoming/opengameart/models/medieval-props-pack-system-g6/medieval_props_pack/medieval_props_pack_parts/barrel_2.glb,217700,UNREF,yes,UNREF,reject: unit and prop packs that duplicate Quaternius / Creatus props; off-style freeciv toons,no (.gdignore)
assets/incoming/opengameart/models/medieval-props-pack-system-g6/medieval_props_pack/medieval_props_pack_parts/basket_2.glb,141728,UNREF,yes,UNREF,reject: unit and prop packs that duplicate Quaternius / Creatus props; off-style freeciv toons,no (.gdignore)
assets/incoming/opengameart/models/medieval-props-pack-system-g6/medieval_props_pack/medieval_props_pack_parts/bed_wood.glb,407368,UNREF,yes,UNREF,reject: unit and prop packs that duplicate Quaternius / Creatus props; off-style freeciv toons,no (.gdignore)
assets/incoming/opengameart/models/medieval-props-pack-system-g6/medieval_props_pack/medieval_props_pack_parts/bench_wood.glb,103872,UNREF,yes,UNREF,reject: unit and prop packs that duplicate Quaternius / Creatus props; off-style freeciv toons,no (.gdignore)
assets/incoming/opengameart/models/medieval-props-pack-system-g6/medieval_props_pack/medieval_props_pack_parts/bookshelf_wood.glb,272660,UNREF,yes,UNREF,reject: unit and prop packs that duplicate Quaternius / Creatus props; off-style freeciv toons,no (.gdignore)
assets/incoming/opengameart/models/medieval-props-pack-system-g6/medieval_props_pack/medieval_props_pack_parts/brazier_stone.glb,352012,UNREF,yes,UNREF,reject: unit and prop packs that duplicate Quaternius / Creatus props; off-style freeciv toons,no (.gdignore)
assets/incoming/opengameart/models/medieval-props-pack-system-g6/medieval_props_pack/medieval_props_pack_parts/cabinet_wood_small.glb,170460,UNREF,yes,UNREF,reject: unit and prop packs that duplicate Quaternius / Creatus props; off-style freeciv toons,no (.gdignore)
assets/incoming/opengameart/models/medieval-props-pack-system-g6/medieval_props_pack/medieval_props_pack_parts/cart.glb,428332,,,TOOLS-ONLY,reject: unit and prop packs that duplicate Quaternius / Creatus props; off-style freeciv toons,no (.gdignore)
assets/incoming/opengameart/models/medieval-props-pack-system-g6/medieval_props_pack/medieval_props_pack_parts/chest_1.glb,268216,UNREF,yes,UNREF,reject: unit and prop packs that duplicate Quaternius / Creatus props; off-style freeciv toons,no (.gdignore)
assets/incoming/opengameart/models/medieval-props-pack-system-g6/medieval_props_pack/medieval_props_pack_parts/hay_bundle.glb,150040,UNREF,yes,UNREF,reject: unit and prop packs that duplicate Quaternius / Creatus props; off-style freeciv toons,no (.gdignore)
assets/incoming/opengameart/models/medieval-props-pack-system-g6/medieval_props_pack/medieval_props_pack_parts/hitching_post.glb,406124,UNREF,yes,UNREF,reject: unit and prop packs that duplicate Quaternius / Creatus props; off-style freeciv toons,no (.gdignore)
assets/incoming/opengameart/models/medieval-props-pack-system-g6/medieval_props_pack/medieval_props_pack_parts/sawbuck.glb,184908,UNREF,yes,UNREF,reject: unit and prop packs that duplicate Quaternius / Creatus props; off-style freeciv toons,no (.gdignore)
assets/incoming/opengameart/models/medieval-props-pack-system-g6/medieval_props_pack/medieval_props_pack_parts/trough_wood.glb,485928,UNREF,yes,UNREF,reject: unit and prop packs that duplicate Quaternius / Creatus props; off-style freeciv toons,no (.gdignore)
assets/incoming/opengameart/models/medieval-props-pack-system-g6/medieval_props_pack/medieval_props_pack_parts/vfx_projectile_arrow_rain.glb,78764,UNREF,yes,UNREF,reject: unit and prop packs that duplicate Quaternius / Creatus props; off-style freeciv toons,no (.gdignore)
assets/incoming/opengameart/models/medieval-props-pack-system-g6/medieval_props_pack/medieval_props_pack_parts/wooden_log.glb,161956,UNREF,yes,UNREF,reject: unit and prop packs that duplicate Quaternius / Creatus props; off-style freeciv toons,no (.gdignore)
assets/incoming/opengameart/models/medieval-props-pack-system-g6/medieval_props_pack/medieval_props_pack_parts/wooden_log_2.glb,98108,UNREF,yes,UNREF,reject: unit and prop packs that duplicate Quaternius / Creatus props; off-style freeciv toons,no (.gdignore)
assets/incoming/opengameart/models/medieval-weapon-pack/medieval_weapon_pack/medieval_weapon_pack.glb,2768768,UNREF,yes,UNREF,reject: unit and prop packs that duplicate Quaternius / Creatus props; off-style freeciv toons,no (.gdignore)
assets/incoming/opengameart/models/medieval-weapon-pack/medieval_weapon_pack/medieval_weapon_pack_parts/bow_1.glb,254024,UNREF,yes,UNREF,reject: unit and prop packs that duplicate Quaternius / Creatus props; off-style freeciv toons,no (.gdignore)
assets/incoming/opengameart/models/medieval-weapon-pack/medieval_weapon_pack/medieval_weapon_pack_parts/crossbow_1.glb,234132,UNREF,yes,UNREF,reject: unit and prop packs that duplicate Quaternius / Creatus props; off-style freeciv toons,no (.gdignore)
assets/incoming/opengameart/models/medieval-weapon-pack/medieval_weapon_pack/medieval_weapon_pack_parts/dagger_1.glb,205320,UNREF,yes,UNREF,reject: unit and prop packs that duplicate Quaternius / Creatus props; off-style freeciv toons,no (.gdignore)
assets/incoming/opengameart/models/medieval-weapon-pack/medieval_weapon_pack/medieval_weapon_pack_parts/grimoire_1.glb,311684,UNREF,yes,UNREF,reject: unit and prop packs that duplicate Quaternius / Creatus props; off-style freeciv toons,no (.gdignore)
assets/incoming/opengameart/models/medieval-weapon-pack/medieval_weapon_pack/medieval_weapon_pack_parts/one_handed_axe_1.glb,214240,UNREF,yes,UNREF,reject: unit and prop packs that duplicate Quaternius / Creatus props; off-style freeciv toons,no (.gdignore)
assets/incoming/opengameart/models/medieval-weapon-pack/medieval_weapon_pack/medieval_weapon_pack_parts/one_handed_mace_1.glb,184020,UNREF,yes,UNREF,reject: unit and prop packs that duplicate Quaternius / Creatus props; off-style freeciv toons,no (.gdignore)
assets/incoming/opengameart/models/medieval-weapon-pack/medieval_weapon_pack/medieval_weapon_pack_parts/one_handed_sword_1.glb,188796,UNREF,yes,UNREF,reject: unit and prop packs that duplicate Quaternius / Creatus props; off-style freeciv toons,no (.gdignore)
assets/incoming/opengameart/models/medieval-weapon-pack/medieval_weapon_pack/medieval_weapon_pack_parts/quiver_arrow_1.glb,169320,UNREF,yes,UNREF,reject: unit and prop packs that duplicate Quaternius / Creatus props; off-style freeciv toons,no (.gdignore)
assets/incoming/opengameart/models/medieval-weapon-pack/medieval_weapon_pack/medieval_weapon_pack_parts/shield_1.glb,171832,UNREF,yes,UNREF,reject: unit and prop packs that duplicate Quaternius / Creatus props; off-style freeciv toons,no (.gdignore)
assets/incoming/opengameart/models/medieval-weapon-pack/medieval_weapon_pack/medieval_weapon_pack_parts/staff_1.glb,134132,UNREF,yes,UNREF,reject: unit and prop packs that duplicate Quaternius / Creatus props; off-style freeciv toons,no (.gdignore)
assets/incoming/opengameart/models/medieval-weapon-pack/medieval_weapon_pack/medieval_weapon_pack_parts/two_handed_axe_1.glb,233192,UNREF,yes,UNREF,reject: unit and prop packs that duplicate Quaternius / Creatus props; off-style freeciv toons,no (.gdignore)
assets/incoming/opengameart/models/medieval-weapon-pack/medieval_weapon_pack/medieval_weapon_pack_parts/two_handed_mace_1.glb,178156,UNREF,yes,UNREF,reject: unit and prop packs that duplicate Quaternius / Creatus props; off-style freeciv toons,no (.gdignore)
assets/incoming/opengameart/models/medieval-weapon-pack/medieval_weapon_pack/medieval_weapon_pack_parts/two_handed_sword_1.glb,209916,UNREF,yes,UNREF,reject: unit and prop packs that duplicate Quaternius / Creatus props; off-style freeciv toons,no (.gdignore)
assets/incoming/opengameart/models/medieval-weapon-pack/medieval_weapon_pack/medieval_weapon_pack_parts/wand_1.glb,83852,UNREF,yes,UNREF,reject: unit and prop packs that duplicate Quaternius / Creatus props; off-style freeciv toons,no (.gdignore)
assets/incoming/opengameart/models/merchant-tent-v3/merchant_tent3.glb,453956,UNREF,yes,UNREF,reject: unit and prop packs that duplicate Quaternius / Creatus props; off-style freeciv toons,no (.gdignore)
assets/incoming/opengameart/models/modular-wooden-docks/Glb/WoodenDockSet.glb,1364604,UNREF,yes,UNREF,reserve: modular dock KIT sheet (308 parts in one file) needs a builder; both copies are identical,no (.gdignore)
assets/incoming/opengameart/models/modular-wooden-docks/LoafbrrAssets/WoodenDockSet/Glb/WoodenDockSet.glb,1364604,UNREF,yes,UNREF,reserve: modular dock KIT sheet (308 parts in one file) needs a builder; both copies are identical,no (.gdignore)
assets/incoming/opengameart/models/old-windmill/windmill1.glb,320616,UNREF,yes,UNREF,reject: unit and prop packs that duplicate Quaternius / Creatus props; off-style freeciv toons,no (.gdignore)
assets/incoming/opengameart/models/painted-wench-tavern-hreikin/ThePaintedWench_02Upload.glb,1827056,UNREF,yes,UNREF,reject: unit and prop packs that duplicate Quaternius / Creatus props; off-style freeciv toons,no (.gdignore)
assets/incoming/opengameart/models/rigged-horse/riggedHorse.glb,519396,UNREF,yes,UNREF,reject: unit and prop packs that duplicate Quaternius / Creatus props; off-style freeciv toons,no (.gdignore)
assets/incoming/opengameart/models/wooden-bridge-0/bridge_mesh.glb,76764,UNREF,yes,UNREF,reject: unit and prop packs that duplicate Quaternius / Creatus props; off-style freeciv toons,no (.gdignore)
assets/incoming/polyhaven/models/Barrel_02/Barrel_02_1k.gltf,2639,UNREF,no (export exclude),UNREF,,no (export filter)
assets/incoming/polyhaven/models/WoodenTable_03/WoodenTable_03_1k.gltf,9950,UNREF,no (export exclude),UNREF,,no (export filter)
assets/incoming/polyhaven/models/carved_wooden_plate/carved_wooden_plate_1k.gltf,2836,UNREF,no (export exclude),UNREF,,no (export filter)
assets/incoming/polyhaven/models/ceramic_pot/ceramic_pot_1k.gltf,2990,UNREF,no (export exclude),UNREF,,no (export filter)
assets/incoming/polyhaven/models/dandelion_01/dandelion_01_1k.gltf,8915,UNREF,no (export exclude),UNREF,,no (export filter)
assets/incoming/polyhaven/models/dead_tree_trunk/dead_tree_trunk_1k.gltf,2812,UNREF,no (export exclude),UNREF,,no (export filter)
assets/incoming/polyhaven/models/fern_02/fern_02_1k.gltf,6899,UNREF,no (export exclude),UNREF,,no (export filter)
assets/incoming/polyhaven/models/folding_wooden_stool/folding_wooden_stool_1k.gltf,2842,UNREF,no (export exclude),UNREF,,no (export filter)
assets/incoming/polyhaven/models/food_apple_01/food_apple_01_1k.gltf,2705,UNREF,no (export exclude),UNREF,,no (export filter)
assets/incoming/polyhaven/models/gothic_statue/gothic_statue_1k.gltf,2900,UNREF,no (export exclude),UNREF,,no (export filter)
assets/incoming/polyhaven/models/grass_bermuda_01/grass_bermuda_01_1k.gltf,32912,UNREF,no (export exclude),UNREF,,no (export filter)
assets/incoming/polyhaven/models/grass_medium_01/grass_medium_01_1k.gltf,27110,UNREF,no (export exclude),UNREF,,no (export filter)
assets/incoming/polyhaven/models/grass_medium_02/grass_medium_02_1k.gltf,8864,UNREF,no (export exclude),UNREF,,no (export filter)
assets/incoming/polyhaven/models/hatchet/hatchet_1k.gltf,2718,UNREF,no (export exclude),UNREF,,no (export filter)
assets/incoming/polyhaven/models/horse_statue_01/horse_statue_01_1k.gltf,5858,UNREF,no (export exclude),UNREF,,no (export filter)
assets/incoming/polyhaven/models/jug_01/jug_01_1k.gltf,2612,UNREF,no (export exclude),UNREF,,no (export filter)
assets/incoming/polyhaven/models/kite_shield/kite_shield_1k.gltf,6826,UNREF,no (export exclude),UNREF,,no (export filter)
assets/incoming/polyhaven/models/lantern_chandelier_01/lantern_chandelier_01_1k.gltf,7774,UNREF,no (export exclude),UNREF,,no (export filter)
assets/incoming/polyhaven/models/large_castle_door/large_castle_door_1k.gltf,6111,UNREF,no (export exclude),UNREF,,no (export filter)
assets/incoming/polyhaven/models/large_iron_gate/large_iron_gate_1k.gltf,7101,UNREF,no (export exclude),UNREF,,no (export filter)
assets/incoming/polyhaven/models/modular_wooden_pier/modular_wooden_pier_1k.gltf,21127,UNREF,no (export exclude),UNREF,,no (export filter)
assets/incoming/polyhaven/models/moss_01/moss_01_1k.gltf,18481,UNREF,no (export exclude),UNREF,,no (export filter)
assets/incoming/polyhaven/models/nettle_plant/nettle_plant_1k.gltf,10450,UNREF,no (export exclude),UNREF,,no (export filter)
assets/incoming/polyhaven/models/ornate_medieval_dagger/ornate_medieval_dagger_1k.gltf,4405,UNREF,no (export exclude),UNREF,,no (export filter)
assets/incoming/polyhaven/models/ornate_medieval_mace/ornate_medieval_mace_1k.gltf,2849,UNREF,no (export exclude),UNREF,,no (export filter)
assets/incoming/polyhaven/models/painted_wooden_bench/painted_wooden_bench_1k.gltf,2835,UNREF,no (export exclude),UNREF,,no (export filter)
assets/incoming/polyhaven/models/rock_moss_set_01/rock_moss_set_01_1k.gltf,9987,UNREF,no (export exclude),UNREF,,no (export filter)
assets/incoming/polyhaven/models/rock_moss_set_02/rock_moss_set_02_1k.gltf,11608,UNREF,no (export exclude),UNREF,,no (export filter)
assets/incoming/polyhaven/models/root_cluster_01/root_cluster_01_1k.gltf,2827,UNREF,no (export exclude),UNREF,,no (export filter)
assets/incoming/polyhaven/models/round_wooden_table_01/round_wooden_table_01_1k.gltf,4089,UNREF,no (export exclude),UNREF,,no (export filter)
assets/incoming/polyhaven/models/rusted_spade_01/rusted_spade_01_1k.gltf,2799,UNREF,no (export exclude),UNREF,,no (export filter)
assets/incoming/polyhaven/models/shrub_01/shrub_01_1k.gltf,2895,UNREF,no (export exclude),UNREF,,no (export filter)
assets/incoming/polyhaven/models/shrub_02/shrub_02_1k.gltf,8083,UNREF,no (export exclude),UNREF,,no (export filter)
assets/incoming/polyhaven/models/shrub_03/shrub_03_1k.gltf,7296,UNREF,no (export exclude),UNREF,,no (export filter)
assets/incoming/polyhaven/models/shrub_04/shrub_04_1k.gltf,2882,UNREF,no (export exclude),UNREF,,no (export filter)
assets/incoming/polyhaven/models/sledgehammer_01/sledgehammer_01_1k.gltf,2796,UNREF,no (export exclude),UNREF,,no (export filter)
assets/incoming/polyhaven/models/spinning_wheel_01/spinning_wheel_01_1k.gltf,2737,UNREF,no (export exclude),UNREF,,no (export filter)
assets/incoming/polyhaven/models/stone_fire_pit/stone_fire_pit_1k.gltf,2792,UNREF,no (export exclude),UNREF,,no (export filter)
assets/incoming/polyhaven/models/treasure_chest/treasure_chest_1k.gltf,8584,UNREF,no (export exclude),UNREF,,no (export filter)
assets/incoming/polyhaven/models/tree_stump_01/tree_stump_01_1k.gltf,2793,UNREF,no (export exclude),UNREF,,no (export filter)
assets/incoming/polyhaven/models/tree_stump_02/tree_stump_02_1k.gltf,2802,UNREF,no (export exclude),UNREF,,no (export filter)
assets/incoming/polyhaven/models/wicker_basket_01/wicker_basket_01_1k.gltf,2792,UNREF,no (export exclude),UNREF,,no (export filter)
assets/incoming/polyhaven/models/wicker_basket_02/wicker_basket_02_1k.gltf,4497,UNREF,no (export exclude),UNREF,,no (export filter)
assets/incoming/polyhaven/models/wine_barrel_01/wine_barrel_01_1k.gltf,6673,UNREF,no (export exclude),UNREF,,no (export filter)
assets/incoming/polyhaven/models/wooden_axe/wooden_axe_1k.gltf,2744,UNREF,no (export exclude),UNREF,,no (export filter)
assets/incoming/polyhaven/models/wooden_axe_02/wooden_axe_02_1k.gltf,2774,UNREF,no (export exclude),UNREF,,no (export filter)
assets/incoming/polyhaven/models/wooden_axe_03/wooden_axe_03_1k.gltf,2766,UNREF,no (export exclude),UNREF,,no (export filter)
assets/incoming/polyhaven/models/wooden_barrels_01/wooden_barrels_01_1k.gltf,31017,UNREF,no (export exclude),UNREF,,no (export filter)
assets/incoming/polyhaven/models/wooden_bowl_01/wooden_bowl_01_1k.gltf,2811,UNREF,no (export exclude),UNREF,,no (export filter)
assets/incoming/polyhaven/models/wooden_bowl_02/wooden_bowl_02_1k.gltf,2800,UNREF,no (export exclude),UNREF,,no (export filter)
assets/incoming/polyhaven/models/wooden_broom/wooden_broom_1k.gltf,7588,UNREF,no (export exclude),UNREF,,no (export filter)
assets/incoming/polyhaven/models/wooden_bucket_01/wooden_bucket_01_1k.gltf,4248,UNREF,no (export exclude),UNREF,,no (export filter)
assets/incoming/polyhaven/models/wooden_bucket_02/wooden_bucket_02_1k.gltf,5625,UNREF,no (export exclude),UNREF,,no (export filter)
assets/incoming/polyhaven/models/wooden_candlestick/wooden_candlestick_1k.gltf,2799,UNREF,no (export exclude),UNREF,,no (export filter)
assets/incoming/polyhaven/models/wooden_crate_01/wooden_crate_01_1k.gltf,5612,UNREF,no (export exclude),UNREF,,no (export filter)
assets/incoming/polyhaven/models/wooden_crate_02/wooden_crate_02_1k.gltf,4150,UNREF,no (export exclude),UNREF,,no (export filter)
assets/incoming/polyhaven/models/wooden_hammer_01/wooden_hammer_01_1k.gltf,2709,UNREF,no (export exclude),UNREF,,no (export filter)
assets/incoming/polyhaven/models/wooden_ladder/wooden_ladder_1k.gltf,4390,UNREF,no (export exclude),UNREF,,no (export filter)
assets/incoming/polyhaven/models/wooden_lantern_01/wooden_lantern_01_1k.gltf,9540,UNREF,no (export exclude),UNREF,,no (export filter)
assets/incoming/polyhaven/models/wooden_spoon/wooden_spoon_1k.gltf,2773,UNREF,no (export exclude),UNREF,,no (export filter)
assets/incoming/polyhaven/models/wooden_stool_01/wooden_stool_01_1k.gltf,2715,UNREF,no (export exclude),UNREF,,no (export filter)
assets/incoming/polyhaven/models/wooden_stool_02/wooden_stool_02_1k.gltf,4077,UNREF,no (export exclude),UNREF,,no (export filter)
assets/incoming/polypizza/cc-by/A_Simple_Bow_Liam_Hardy_6xa4lt.glb,104936,UNREF,yes,UNREF,reject: CC-BY credit burden and no use; CC0 copies duplicate placed props,no (.gdignore)
assets/incoming/polypizza/cc-by/Arrow2_Bharadwaj_B_ebdNfN.glb,47956,UNREF,yes,UNREF,reject: CC-BY credit burden and no use; CC0 copies duplicate placed props,no (.gdignore)
assets/incoming/polypizza/cc-by/Arrow_Justin_Randall_cire5-.glb,137644,UNREF,yes,UNREF,reject: CC-BY credit burden and no use; CC0 copies duplicate placed props,no (.gdignore)
assets/incoming/polypizza/cc-by/Arrow_Max_Level_1TUCDm.glb,2392,UNREF,yes,UNREF,reject: CC-BY credit burden and no use; CC0 copies duplicate placed props,no (.gdignore)
assets/incoming/polypizza/cc-by/Arrow_Patrick_Coffey_8xde5I.glb,7048,UNREF,yes,UNREF,reject: CC-BY credit burden and no use; CC0 copies duplicate placed props,no (.gdignore)
assets/incoming/polypizza/cc-by/Arrow_Poly_by_Google_6pMBOm.glb,6244,UNREF,yes,UNREF,reject: CC-BY credit burden and no use; CC0 copies duplicate placed props,no (.gdignore)
assets/incoming/polypizza/cc-by/Arrow_Vanessa_Cao_bC3Fok.glb,3596,UNREF,yes,UNREF,reject: CC-BY credit burden and no use; CC0 copies duplicate placed props,no (.gdignore)
assets/incoming/polypizza/cc-by/Arrow_apelab_5Qfnyb.glb,3496,UNREF,yes,UNREF,reject: CC-BY credit burden and no use; CC0 copies duplicate placed props,no (.gdignore)
assets/incoming/polypizza/cc-by/Bow_Rick_Moran_7cftLh.glb,21796,UNREF,yes,UNREF,reject: CC-BY credit burden and no use; CC0 copies duplicate placed props,no (.gdignore)
assets/incoming/polypizza/cc-by/Bow_Zsky_XkJVO6.glb,26672,UNREF,yes,UNREF,reject: CC-BY credit burden and no use; CC0 copies duplicate placed props,no (.gdignore)
assets/incoming/polypizza/cc-by/Bow_and_arrow_Poly_by_Google_cX-rDj.glb,20312,UNREF,yes,UNREF,reject: CC-BY credit burden and no use; CC0 copies duplicate placed props,no (.gdignore)
assets/incoming/polypizza/cc-by/Cart_Pixel_dBoWGN.glb,201540,UNREF,yes,UNREF,reject: CC-BY credit burden and no use; CC0 copies duplicate placed props,no (.gdignore)
assets/incoming/polypizza/cc-by/Catapult_Poly_by_Google_7P_ZOj.glb,138484,UNREF,yes,UNREF,reject: CC-BY credit burden and no use; CC0 copies duplicate placed props,no (.gdignore)
assets/incoming/polypizza/cc-by/Catapult_Poly_by_Google_9ahVI0.glb,2189364,UNREF,yes,UNREF,reject: CC-BY credit burden and no use; CC0 copies duplicate placed props,no (.gdignore)
assets/incoming/polypizza/cc-by/Chick_Poly_by_Google_7-uNQC.glb,19620,UNREF,yes,UNREF,reject: CC-BY credit burden and no use; CC0 copies duplicate placed props,no (.gdignore)
assets/incoming/polypizza/cc-by/Chicken_jeremy_1YE8U3.glb,51732,UNREF,yes,UNREF,reject: CC-BY credit burden and no use; CC0 copies duplicate placed props,no (.gdignore)
assets/incoming/polypizza/cc-by/Flag_Arif_hCznL0.glb,149288,UNREF,yes,UNREF,reject: CC-BY credit burden and no use; CC0 copies duplicate placed props,no (.gdignore)
assets/incoming/polypizza/cc-by/Flag_J_Toastie_kKyGHO.glb,20128,UNREF,yes,UNREF,reject: CC-BY credit burden and no use; CC0 copies duplicate placed props,no (.gdignore)
assets/incoming/polypizza/cc-by/Giant_Crossbow_Aim_Tribolet_5XoZ_5.glb,184532,UNREF,yes,UNREF,reject: CC-BY credit burden and no use; CC0 copies duplicate placed props,no (.gdignore)
assets/incoming/polypizza/cc-by/Helmet_CreativeTechLab_uSCGe4.glb,26096,UNREF,yes,UNREF,reject: CC-BY credit burden and no use; CC0 copies duplicate placed props,no (.gdignore)
assets/incoming/polypizza/cc-by/Hen_Poly_by_Google_8Unya0.glb,36236,UNREF,yes,UNREF,reject: CC-BY credit burden and no use; CC0 copies duplicate placed props,no (.gdignore)
assets/incoming/polypizza/cc-by/Horse_Poly_by_Google_2csviM.glb,51096,UNREF,yes,UNREF,reject: CC-BY credit burden and no use; CC0 copies duplicate placed props,no (.gdignore)
assets/incoming/polypizza/cc-by/Horse_Poly_by_Google_5ocnVS.glb,1037352,UNREF,yes,UNREF,reject: CC-BY credit burden and no use; CC0 copies duplicate placed props,no (.gdignore)
assets/incoming/polypizza/cc-by/Horse_Poly_by_Google_f0_m8h.glb,850752,UNREF,yes,UNREF,reject: CC-BY credit burden and no use; CC0 copies duplicate placed props,no (.gdignore)
assets/incoming/polypizza/cc-by/Horse_b48xU1.glb,153828,UNREF,yes,UNREF,reject: CC-BY credit burden and no use; CC0 copies duplicate placed props,no (.gdignore)
assets/incoming/polypizza/cc-by/Horse_jeremy_2lIMvz.glb,75260,UNREF,yes,UNREF,reject: CC-BY credit burden and no use; CC0 copies duplicate placed props,no (.gdignore)
assets/incoming/polypizza/cc-by/Pig_Poly_by_Google_6XC3Xs.glb,39880,UNREF,yes,UNREF,reject: CC-BY credit burden and no use; CC0 copies duplicate placed props,no (.gdignore)
assets/incoming/polypizza/cc-by/Pig_Poly_by_Google_brcb6x.glb,2940980,UNREF,yes,UNREF,reject: CC-BY credit burden and no use; CC0 copies duplicate placed props,no (.gdignore)
assets/incoming/polypizza/cc-by/Pig_jeremy_bbPhEB.glb,33856,UNREF,yes,UNREF,reject: CC-BY credit burden and no use; CC0 copies duplicate placed props,no (.gdignore)
assets/incoming/polypizza/cc-by/Rooster_Poly_by_Google_6NTegs.glb,1242880,UNREF,yes,UNREF,reject: CC-BY credit burden and no use; CC0 copies duplicate placed props,no (.gdignore)
assets/incoming/polypizza/cc-by/Saddle_Poly_by_Google_dSMm_V.glb,1643740,UNREF,yes,UNREF,reject: CC-BY credit burden and no use; CC0 copies duplicate placed props,no (.gdignore)
assets/incoming/polypizza/cc-by/Shield_J_Toastie_eEkc80.glb,12916,UNREF,yes,UNREF,reject: CC-BY credit burden and no use; CC0 copies duplicate placed props,no (.gdignore)
assets/incoming/polypizza/cc-by/Small_Round_Shield_Thardoc_nolastname_3FINhn.glb,181940,UNREF,yes,UNREF,reject: CC-BY credit burden and no use; CC0 copies duplicate placed props,no (.gdignore)
assets/incoming/polypizza/cc-by/Tent_J_Toastie_0LnXUw.glb,16264,UNREF,yes,UNREF,reject: CC-BY credit burden and no use; CC0 copies duplicate placed props,no (.gdignore)
assets/incoming/polypizza/cc-by/Tent_Jarlan_Perez_2tvQrM.glb,24372,UNREF,yes,UNREF,reject: CC-BY credit burden and no use; CC0 copies duplicate placed props,no (.gdignore)
assets/incoming/polypizza/cc-by/Tent_Poly_by_Google_6oXDU8.glb,19260,UNREF,yes,UNREF,reject: CC-BY credit burden and no use; CC0 copies duplicate placed props,no (.gdignore)
assets/incoming/polypizza/cc-by/Tent_Poly_by_Google_9Ob6OO.glb,27692,UNREF,yes,UNREF,reject: CC-BY credit burden and no use; CC0 copies duplicate placed props,no (.gdignore)
assets/incoming/polypizza/cc-by/Viking_Helmet_Michael_Fuchs_apPuLb.glb,190448,UNREF,yes,UNREF,reject: CC-BY credit burden and no use; CC0 copies duplicate placed props,no (.gdignore)
assets/incoming/polypizza/cc-by/Wagon_Poly_by_Google_136bU5.glb,281108,UNREF,yes,UNREF,reject: CC-BY credit burden and no use; CC0 copies duplicate placed props,no (.gdignore)
assets/incoming/polypizza/cc-by/Wagon_Poly_by_Google_8HnKzY.glb,75336,UNREF,yes,UNREF,reject: CC-BY credit burden and no use; CC0 copies duplicate placed props,no (.gdignore)
assets/incoming/polypizza/cc-by/Wagon_Poly_by_Google_9J0ma6.glb,440752,UNREF,yes,UNREF,reject: CC-BY credit burden and no use; CC0 copies duplicate placed props,no (.gdignore)
assets/incoming/polypizza/cc-by/carriage_Jie_gu_6qE9Dr.glb,906648,UNREF,yes,UNREF,reject: CC-BY credit burden and no use; CC0 copies duplicate placed props,no (.gdignore)
assets/incoming/polypizza/cc-by/chicken_Maf_j_Alvarez_87XZ2k.glb,34168,UNREF,yes,UNREF,reject: CC-BY credit burden and no use; CC0 copies duplicate placed props,no (.gdignore)
assets/incoming/polypizza/cc-by/shield_abdallah_hegazy_0ssZec.glb,10164,UNREF,yes,UNREF,reject: CC-BY credit burden and no use; CC0 copies duplicate placed props,no (.gdignore)
assets/incoming/polypizza/cc-by/wagon_konta_johanna_7PGwjk.glb,165712,UNREF,yes,UNREF,reject: CC-BY credit burden and no use; CC0 copies duplicate placed props,no (.gdignore)
assets/incoming/polypizza/cc0/Arrow_Quaternius_Rt48KE.glb,16836,UNREF,yes,UNREF,reject: CC-BY credit burden and no use; CC0 copies duplicate placed props,no (.gdignore)
assets/incoming/polypizza/cc0/Banner_Quaternius_Kd94xl.glb,5580,UNREF,yes,UNREF,reject: CC-BY credit burden and no use; CC0 copies duplicate placed props,no (.gdignore)
assets/incoming/polypizza/cc0/Banner_Quaternius_svYG8K.glb,34888,UNREF,yes,UNREF,reject: CC-BY credit burden and no use; CC0 copies duplicate placed props,no (.gdignore)
assets/incoming/polypizza/cc0/Bow_CreativeTrio_H6vbuP.glb,75044,UNREF,yes,UNREF,reject: CC-BY credit burden and no use; CC0 copies duplicate placed props,no (.gdignore)
assets/incoming/polypizza/cc0/Broken_Cart_Quaternius_NBDHe8.glb,57952,UNREF,yes,UNREF,reject: CC-BY credit burden and no use; CC0 copies duplicate placed props,no (.gdignore)
assets/incoming/polypizza/cc0/Cart_Quaternius_l7bDe7.glb,108660,UNREF,yes,UNREF,reject: CC-BY credit burden and no use; CC0 copies duplicate placed props,no (.gdignore)
assets/incoming/polypizza/cc0/Chicken_Quaternius_Z3RCoC.glb,172692,UNREF,yes,UNREF,reject: CC-BY credit burden and no use; CC0 copies duplicate placed props,no (.gdignore)
assets/incoming/polypizza/cc0/Chicken_Quaternius_ineV9p.glb,140112,UNREF,yes,UNREF,reject: CC-BY credit burden and no use; CC0 copies duplicate placed props,no (.gdignore)
assets/incoming/polypizza/cc0/Crossbow_CreativeTrio_kHb0kA.glb,153756,UNREF,yes,UNREF,reject: CC-BY credit burden and no use; CC0 copies duplicate placed props,no (.gdignore)
assets/incoming/polypizza/cc0/Flag_Quaternius_FuOkF3.glb,14396,UNREF,yes,UNREF,reject: CC-BY credit burden and no use; CC0 copies duplicate placed props,no (.gdignore)
assets/incoming/polypizza/cc0/Horse_Quaternius_F8HAAc.glb,294524,UNREF,yes,UNREF,reject: CC-BY credit burden and no use; CC0 copies duplicate placed props,no (.gdignore)
assets/incoming/polypizza/cc0/Horse_Quaternius_qvTrSG.glb,1108124,UNREF,yes,UNREF,reject: CC-BY credit burden and no use; CC0 copies duplicate placed props,no (.gdignore)
assets/incoming/polypizza/cc0/Market_Scene_Quaternius_LkNRqx.glb,1199612,UNREF,yes,UNREF,reject: CC-BY credit burden and no use; CC0 copies duplicate placed props,no (.gdignore)
assets/incoming/polypizza/cc0/Market_Stalls_Quaternius_OLd8vu.glb,585880,UNREF,yes,UNREF,reject: CC-BY credit burden and no use; CC0 copies duplicate placed props,no (.gdignore)
assets/incoming/polypizza/cc0/Market_Stalls_Quaternius_PUZZ5F.glb,249412,UNREF,yes,UNREF,reject: CC-BY credit burden and no use; CC0 copies duplicate placed props,no (.gdignore)
assets/incoming/polypizza/cc0/Market_Stalls_Quaternius_jSqGy8.glb,142592,UNREF,yes,UNREF,reject: CC-BY credit burden and no use; CC0 copies duplicate placed props,no (.gdignore)
assets/incoming/polypizza/cc0/Market_Stand_Quaternius_DGIM5H.glb,84992,UNREF,yes,UNREF,reject: CC-BY credit burden and no use; CC0 copies duplicate placed props,no (.gdignore)
assets/incoming/polypizza/cc0/Market_Stand_Quaternius_hts7l0.glb,63640,UNREF,yes,UNREF,reject: CC-BY credit burden and no use; CC0 copies duplicate placed props,no (.gdignore)
assets/incoming/polypizza/cc0/Pig_Quaternius_TNvG3Q.glb,159724,UNREF,yes,UNREF,reject: CC-BY credit burden and no use; CC0 copies duplicate placed props,no (.gdignore)
assets/incoming/polypizza/cc0/Pig_Quaternius_u35l6u.glb,300940,UNREF,yes,UNREF,reject: CC-BY credit burden and no use; CC0 copies duplicate placed props,no (.gdignore)
assets/incoming/polypizza/cc0/Shield_Celtic_Golden_Quaternius_neNWPt.glb,47584,UNREF,yes,UNREF,reject: CC-BY credit burden and no use; CC0 copies duplicate placed props,no (.gdignore)
assets/incoming/polypizza/cc0/Shield_Quaternius_srN1KG.glb,63424,UNREF,yes,UNREF,reject: CC-BY credit burden and no use; CC0 copies duplicate placed props,no (.gdignore)
assets/incoming/polypizza/cc0/Shield_Quaternius_xoHSnO.glb,97820,UNREF,yes,UNREF,reject: CC-BY credit burden and no use; CC0 copies duplicate placed props,no (.gdignore)
assets/incoming/polypizza/cc0/Shield_Round_Quaternius_UKXj8q.glb,69492,UNREF,yes,UNREF,reject: CC-BY credit burden and no use; CC0 copies duplicate placed props,no (.gdignore)
assets/incoming/polypizza/cc0/Shield_Round_Quaternius_lWajrV.glb,60448,UNREF,yes,UNREF,reject: CC-BY credit burden and no use; CC0 copies duplicate placed props,no (.gdignore)
assets/incoming/polypizza/cc0/Tent_Kenney_LrTs3h.glb,21464,UNREF,yes,UNREF,reject: CC-BY credit burden and no use; CC0 copies duplicate placed props,no (.gdignore)
assets/incoming/polypizza/cc0/Tent_Quaternius_5Q7qIr.glb,45036,UNREF,yes,UNREF,reject: CC-BY credit burden and no use; CC0 copies duplicate placed props,no (.gdignore)
assets/incoming/polypizza/cc0/Village_Market_Quaternius_0TsHLx.glb,385312,UNREF,yes,UNREF,reject: CC-BY credit burden and no use; CC0 copies duplicate placed props,no (.gdignore)
assets/incoming/polypizza/cc0/Wall_Flag_Quaternius_TWDvd4.glb,12812,UNREF,yes,UNREF,reject: CC-BY credit burden and no use; CC0 copies duplicate placed props,no (.gdignore)
assets/incoming/polypizza/cc0/White_Horse_Quaternius_bEdE4r.glb,1109444,UNREF,yes,UNREF,reject: CC-BY credit burden and no use; CC0 copies duplicate placed props,no (.gdignore)
assets/incoming/polypizza/cc0/Wooden_Bow_Quaternius_QnpqjL.glb,39108,UNREF,yes,UNREF,reject: CC-BY credit burden and no use; CC0 copies duplicate placed props,no (.gdignore)
assets/incoming/quaternius/fantasy-props-megakit/Exports/glTF/Anvil_Log.gltf,5580,UNREF,yes,UNREF,,yes
assets/incoming/quaternius/fantasy-props-megakit/Exports/glTF/Bag.gltf,4318,,,UNREF,,yes
assets/incoming/quaternius/fantasy-props-megakit/Exports/glTF/Banner_1.gltf,6789,UNREF,yes,UNREF,,yes
assets/incoming/quaternius/fantasy-props-megakit/Exports/glTF/Banner_1_Cloth.gltf,4670,UNREF,yes,UNREF,,yes
assets/incoming/quaternius/fantasy-props-megakit/Exports/glTF/Banner_2.gltf,6788,UNREF,yes,UNREF,,yes
assets/incoming/quaternius/fantasy-props-megakit/Exports/glTF/Banner_2_Cloth.gltf,4671,UNREF,yes,UNREF,,yes
assets/incoming/quaternius/fantasy-props-megakit/Exports/glTF/Barrel_Holder.gltf,4347,UNREF,yes,UNREF,,yes
assets/incoming/quaternius/fantasy-props-megakit/Exports/glTF/Bed_Twin1.gltf,6217,UNREF,yes,UNREF,,yes
assets/incoming/quaternius/fantasy-props-megakit/Exports/glTF/Bed_Twin2.gltf,6217,UNREF,yes,UNREF,,yes
assets/incoming/quaternius/fantasy-props-megakit/Exports/glTF/BookGroup_Medium_1.gltf,2429,UNREF,yes,UNREF,,yes
assets/incoming/quaternius/fantasy-props-megakit/Exports/glTF/BookGroup_Medium_2.gltf,2431,UNREF,yes,UNREF,,yes
assets/incoming/quaternius/fantasy-props-megakit/Exports/glTF/BookGroup_Medium_3.gltf,2432,UNREF,yes,UNREF,,yes
assets/incoming/quaternius/fantasy-props-megakit/Exports/glTF/BookGroup_Small_3.gltf,2424,UNREF,yes,UNREF,,yes
assets/incoming/quaternius/fantasy-props-megakit/Exports/glTF/BookStand.gltf,2223,UNREF,yes,UNREF,,yes
assets/incoming/quaternius/fantasy-props-megakit/Exports/glTF/Book_5.gltf,2403,UNREF,yes,UNREF,,yes
assets/incoming/quaternius/fantasy-props-megakit/Exports/glTF/Book_7.gltf,4290,UNREF,yes,UNREF,,yes
assets/incoming/quaternius/fantasy-props-megakit/Exports/glTF/Book_Simplified_Single.gltf,2428,UNREF,yes,UNREF,,yes
assets/incoming/quaternius/fantasy-props-megakit/Exports/glTF/Bookcase_2.gltf,4329,UNREF,yes,UNREF,,yes
assets/incoming/quaternius/fantasy-props-megakit/Exports/glTF/Cabinet.gltf,4324,UNREF,yes,UNREF,,yes
assets/incoming/quaternius/fantasy-props-megakit/Exports/glTF/CandleStick_Stand.gltf,4347,UNREF,yes,UNREF,,yes
assets/incoming/quaternius/fantasy-props-megakit/Exports/glTF/CandleStick_Triple.gltf,3900,UNREF,yes,UNREF,,yes
assets/incoming/quaternius/fantasy-props-megakit/Exports/glTF/Chain_Coil.gltf,2424,UNREF,yes,UNREF,,yes
assets/incoming/quaternius/fantasy-props-megakit/Exports/glTF/Chair_1.gltf,4312,UNREF,yes,UNREF,,yes
assets/incoming/quaternius/fantasy-props-megakit/Exports/glTF/Chest_Wood.gltf,21402,,,UNREF,,yes
assets/incoming/quaternius/fantasy-props-megakit/Exports/glTF/Coin.gltf,2408,,,UNREF,,yes
assets/incoming/quaternius/fantasy-props-megakit/Exports/glTF/Coin_Pile.gltf,2424,UNREF,yes,UNREF,,yes
assets/incoming/quaternius/fantasy-props-megakit/Exports/glTF/Coin_Pile_2.gltf,2429,UNREF,yes,UNREF,,yes
assets/incoming/quaternius/fantasy-props-megakit/Exports/glTF/Crate_Metal.gltf,4335,UNREF,yes,UNREF,,yes
assets/incoming/quaternius/fantasy-props-megakit/Exports/glTF/Dummy.gltf,5570,UNREF,yes,TOOLS-ONLY,,yes
assets/incoming/quaternius/fantasy-props-megakit/Exports/glTF/Key_Gold.gltf,2424,UNREF,yes,UNREF,,yes
assets/incoming/quaternius/fantasy-props-megakit/Exports/glTF/Key_Metal.gltf,2197,UNREF,yes,UNREF,,yes
assets/incoming/quaternius/fantasy-props-megakit/Exports/glTF/Mug.gltf,3881,,,UNREF,,yes
assets/incoming/quaternius/fantasy-props-megakit/Exports/glTF/Nightstand_Shelf.gltf,2447,UNREF,yes,UNREF,,yes
assets/incoming/quaternius/fantasy-props-megakit/Exports/glTF/Pot_1_Lid.gltf,2196,UNREF,yes,UNREF,,yes
assets/incoming/quaternius/fantasy-props-megakit/Exports/glTF/Rope_2.gltf,2223,UNREF,yes,UNREF,,yes
assets/incoming/quaternius/fantasy-props-megakit/Exports/glTF/Rope_3.gltf,2225,UNREF,yes,UNREF,,yes
assets/incoming/quaternius/fantasy-props-megakit/Exports/glTF/Scroll_2.gltf,3968,UNREF,yes,UNREF,,yes
assets/incoming/quaternius/fantasy-props-megakit/Exports/glTF/Shelf_Arch.gltf,4332,UNREF,yes,UNREF,,yes
assets/incoming/quaternius/fantasy-props-megakit/Exports/glTF/Shelf_Simple.gltf,2224,UNREF,yes,UNREF,,yes
assets/incoming/quaternius/fantasy-props-megakit/Exports/glTF/Shelf_Small_Bottles.gltf,6266,UNREF,yes,UNREF,,yes
assets/incoming/quaternius/fantasy-props-megakit/Exports/glTF/SmallBottle.gltf,2392,UNREF,yes,UNREF,,yes
assets/incoming/quaternius/fantasy-props-megakit/Exports/glTF/Stall_Cart_Empty.gltf,6857,UNREF,yes,UNREF,,yes
assets/incoming/quaternius/fantasy-props-megakit/Exports/glTF/Stall_Empty.gltf,6804,UNREF,yes,UNREF,,yes
assets/incoming/quaternius/fantasy-props-megakit/Exports/glTF/Table_Fork.gltf,2189,UNREF,yes,UNREF,,yes
assets/incoming/quaternius/fantasy-props-megakit/Exports/glTF/Table_Knife.gltf,2186,TOOLS-ONLY,yes,TOOLS-ONLY,,yes
assets/incoming/quaternius/fantasy-props-megakit/Exports/glTF/Table_Large.gltf,4316,UNREF,yes,UNREF,,yes
assets/incoming/quaternius/fantasy-props-megakit/Exports/glTF/Table_Spoon.gltf,2191,UNREF,yes,UNREF,,yes
assets/incoming/quaternius/fantasy-props-megakit/Exports/glTF/Vase_Rubble_Medium.gltf,2453,UNREF,yes,UNREF,,yes
assets/incoming/quaternius/fantasy-props-megakit/Exports/glTF/WeaponStand.gltf,3903,UNREF,yes,UNREF,,yes
assets/incoming/quaternius/fantasy-props-megakit/Exports/glTF/Workbench_Drawers.gltf,4313,UNREF,yes,UNREF,,yes
assets/incoming/quaternius/medieval-village-megakit/glTF/Balcony_Cross_Corner.gltf,2231,UNREF,yes,UNREF,"reserve: Region 2: modular wall / roof / door kit, needs a house assembler",no (.gdignore)
assets/incoming/quaternius/medieval-village-megakit/glTF/Balcony_Cross_Straight.gltf,2230,UNREF,yes,UNREF,"reserve: Region 2: modular wall / roof / door kit, needs a house assembler",no (.gdignore)
assets/incoming/quaternius/medieval-village-megakit/glTF/Balcony_Simple_Corner.gltf,2244,UNREF,yes,UNREF,"reserve: Region 2: modular wall / roof / door kit, needs a house assembler",no (.gdignore)
assets/incoming/quaternius/medieval-village-megakit/glTF/Balcony_Simple_Straight.gltf,2227,UNREF,yes,UNREF,"reserve: Region 2: modular wall / roof / door kit, needs a house assembler",no (.gdignore)
assets/incoming/quaternius/medieval-village-megakit/glTF/Corner_ExteriorWide_Brick.gltf,2227,UNREF,yes,UNREF,"reserve: Region 2: modular wall / roof / door kit, needs a house assembler",no (.gdignore)
assets/incoming/quaternius/medieval-village-megakit/glTF/Corner_ExteriorWide_Wood.gltf,2233,UNREF,yes,UNREF,"reserve: Region 2: modular wall / roof / door kit, needs a house assembler",no (.gdignore)
assets/incoming/quaternius/medieval-village-megakit/glTF/Corner_Exterior_Brick.gltf,2225,UNREF,yes,UNREF,"reserve: Region 2: modular wall / roof / door kit, needs a house assembler",no (.gdignore)
assets/incoming/quaternius/medieval-village-megakit/glTF/Corner_Exterior_TopDown.gltf,2225,UNREF,yes,UNREF,"reserve: Region 2: modular wall / roof / door kit, needs a house assembler",no (.gdignore)
assets/incoming/quaternius/medieval-village-megakit/glTF/Corner_Exterior_TopOnly.gltf,2225,UNREF,yes,UNREF,"reserve: Region 2: modular wall / roof / door kit, needs a house assembler",no (.gdignore)
assets/incoming/quaternius/medieval-village-megakit/glTF/Corner_Exterior_Wood.gltf,2221,UNREF,yes,UNREF,"reserve: Region 2: modular wall / roof / door kit, needs a house assembler",no (.gdignore)
assets/incoming/quaternius/medieval-village-megakit/glTF/Corner_Interior_Big.gltf,2222,UNREF,yes,UNREF,"reserve: Region 2: modular wall / roof / door kit, needs a house assembler",no (.gdignore)
assets/incoming/quaternius/medieval-village-megakit/glTF/Corner_Interior_Small.gltf,2223,UNREF,yes,UNREF,"reserve: Region 2: modular wall / roof / door kit, needs a house assembler",no (.gdignore)
assets/incoming/quaternius/medieval-village-megakit/glTF/DoorFrame_Flat_Brick.gltf,2222,UNREF,yes,UNREF,"reserve: Region 2: modular wall / roof / door kit, needs a house assembler",no (.gdignore)
assets/incoming/quaternius/medieval-village-megakit/glTF/DoorFrame_Flat_WoodDark.gltf,2235,UNREF,yes,UNREF,"reserve: Region 2: modular wall / roof / door kit, needs a house assembler",no (.gdignore)
assets/incoming/quaternius/medieval-village-megakit/glTF/DoorFrame_Round_Brick.gltf,2223,UNREF,yes,UNREF,"reserve: Region 2: modular wall / roof / door kit, needs a house assembler",no (.gdignore)
assets/incoming/quaternius/medieval-village-megakit/glTF/DoorFrame_Round_WoodDark.gltf,2235,UNREF,yes,UNREF,"reserve: Region 2: modular wall / roof / door kit, needs a house assembler",no (.gdignore)
assets/incoming/quaternius/medieval-village-megakit/glTF/Door_1_Flat.gltf,3895,UNREF,yes,UNREF,"reserve: Region 2: modular wall / roof / door kit, needs a house assembler",no (.gdignore)
assets/incoming/quaternius/medieval-village-megakit/glTF/Door_1_Round.gltf,3901,UNREF,yes,UNREF,"reserve: Region 2: modular wall / roof / door kit, needs a house assembler",no (.gdignore)
assets/incoming/quaternius/medieval-village-megakit/glTF/Door_2_Flat.gltf,4148,UNREF,yes,UNREF,"reserve: Region 2: modular wall / roof / door kit, needs a house assembler",no (.gdignore)
assets/incoming/quaternius/medieval-village-megakit/glTF/Door_2_Round.gltf,4149,UNREF,yes,UNREF,"reserve: Region 2: modular wall / roof / door kit, needs a house assembler",no (.gdignore)
assets/incoming/quaternius/medieval-village-megakit/glTF/Door_4_Flat.gltf,4134,UNREF,yes,UNREF,"reserve: Region 2: modular wall / roof / door kit, needs a house assembler",no (.gdignore)
assets/incoming/quaternius/medieval-village-megakit/glTF/Door_4_Round.gltf,4140,UNREF,yes,UNREF,"reserve: Region 2: modular wall / roof / door kit, needs a house assembler",no (.gdignore)
assets/incoming/quaternius/medieval-village-megakit/glTF/Door_8_Flat.gltf,4131,UNREF,yes,UNREF,"reserve: Region 2: modular wall / roof / door kit, needs a house assembler",no (.gdignore)
assets/incoming/quaternius/medieval-village-megakit/glTF/Door_8_Round.gltf,4138,UNREF,yes,UNREF,"reserve: Region 2: modular wall / roof / door kit, needs a house assembler",no (.gdignore)
assets/incoming/quaternius/medieval-village-megakit/glTF/Floor_Brick.gltf,2105,UNREF,yes,UNREF,"reserve: Region 2: modular wall / roof / door kit, needs a house assembler",no (.gdignore)
assets/incoming/quaternius/medieval-village-megakit/glTF/Floor_RedBrick.gltf,2120,UNREF,yes,UNREF,"reserve: Region 2: modular wall / roof / door kit, needs a house assembler",no (.gdignore)
assets/incoming/quaternius/medieval-village-megakit/glTF/Floor_UnevenBrick.gltf,2159,UNREF,yes,UNREF,"reserve: Region 2: modular wall / roof / door kit, needs a house assembler",no (.gdignore)
assets/incoming/quaternius/medieval-village-megakit/glTF/Floor_WoodDark.gltf,2143,UNREF,yes,UNREF,"reserve: Region 2: modular wall / roof / door kit, needs a house assembler",no (.gdignore)
assets/incoming/quaternius/medieval-village-megakit/glTF/Floor_WoodDark_Half1.gltf,2155,UNREF,yes,UNREF,"reserve: Region 2: modular wall / roof / door kit, needs a house assembler",no (.gdignore)
assets/incoming/quaternius/medieval-village-megakit/glTF/Floor_WoodDark_Half2.gltf,2154,UNREF,yes,UNREF,"reserve: Region 2: modular wall / roof / door kit, needs a house assembler",no (.gdignore)
assets/incoming/quaternius/medieval-village-megakit/glTF/Floor_WoodDark_Half3.gltf,2174,UNREF,yes,UNREF,"reserve: Region 2: modular wall / roof / door kit, needs a house assembler",no (.gdignore)
assets/incoming/quaternius/medieval-village-megakit/glTF/Floor_WoodDark_OverhangCorner.gltf,2210,UNREF,yes,UNREF,"reserve: Region 2: modular wall / roof / door kit, needs a house assembler",no (.gdignore)
assets/incoming/quaternius/medieval-village-megakit/glTF/Floor_WoodDark_OverhangCorner2.gltf,2198,UNREF,yes,UNREF,"reserve: Region 2: modular wall / roof / door kit, needs a house assembler",no (.gdignore)
assets/incoming/quaternius/medieval-village-megakit/glTF/Floor_WoodLight.gltf,2145,UNREF,yes,UNREF,"reserve: Region 2: modular wall / roof / door kit, needs a house assembler",no (.gdignore)
assets/incoming/quaternius/medieval-village-megakit/glTF/Floor_WoodLight_OverhangCorner.gltf,2212,UNREF,yes,UNREF,"reserve: Region 2: modular wall / roof / door kit, needs a house assembler",no (.gdignore)
assets/incoming/quaternius/medieval-village-megakit/glTF/Floor_WoodLight_OverhangCorner2.gltf,2200,UNREF,yes,UNREF,"reserve: Region 2: modular wall / roof / door kit, needs a house assembler",no (.gdignore)
assets/incoming/quaternius/medieval-village-megakit/glTF/HoleCover_90Angle.gltf,2211,UNREF,yes,UNREF,"reserve: Region 2: modular wall / roof / door kit, needs a house assembler",no (.gdignore)
assets/incoming/quaternius/medieval-village-megakit/glTF/HoleCover_90Half.gltf,2215,UNREF,yes,UNREF,"reserve: Region 2: modular wall / roof / door kit, needs a house assembler",no (.gdignore)
assets/incoming/quaternius/medieval-village-megakit/glTF/HoleCover_90Stairs.gltf,2212,UNREF,yes,UNREF,"reserve: Region 2: modular wall / roof / door kit, needs a house assembler",no (.gdignore)
assets/incoming/quaternius/medieval-village-megakit/glTF/HoleCover_Straight.gltf,2195,UNREF,yes,UNREF,"reserve: Region 2: modular wall / roof / door kit, needs a house assembler",no (.gdignore)
assets/incoming/quaternius/medieval-village-megakit/glTF/HoleCover_StraightHalf.gltf,2189,UNREF,yes,UNREF,"reserve: Region 2: modular wall / roof / door kit, needs a house assembler",no (.gdignore)
assets/incoming/quaternius/medieval-village-megakit/glTF/Overhang_Plaster_Corner.gltf,3793,UNREF,yes,UNREF,"reserve: Region 2: modular wall / roof / door kit, needs a house assembler",no (.gdignore)
assets/incoming/quaternius/medieval-village-megakit/glTF/Overhang_Plaster_Corner_Front.gltf,3797,UNREF,yes,UNREF,"reserve: Region 2: modular wall / roof / door kit, needs a house assembler",no (.gdignore)
assets/incoming/quaternius/medieval-village-megakit/glTF/Overhang_Plaster_Long.gltf,4155,UNREF,yes,UNREF,"reserve: Region 2: modular wall / roof / door kit, needs a house assembler",no (.gdignore)
assets/incoming/quaternius/medieval-village-megakit/glTF/Overhang_Plaster_Short.gltf,4191,UNREF,yes,UNREF,"reserve: Region 2: modular wall / roof / door kit, needs a house assembler",no (.gdignore)
assets/incoming/quaternius/medieval-village-megakit/glTF/Overhang_RoofIncline_Plaster.gltf,3786,UNREF,yes,UNREF,"reserve: Region 2: modular wall / roof / door kit, needs a house assembler",no (.gdignore)
assets/incoming/quaternius/medieval-village-megakit/glTF/Overhang_RoofIncline_UnevenBricks.gltf,3860,UNREF,yes,UNREF,"reserve: Region 2: modular wall / roof / door kit, needs a house assembler",no (.gdignore)
assets/incoming/quaternius/medieval-village-megakit/glTF/Overhang_Roof_Plaster.gltf,3736,UNREF,yes,UNREF,"reserve: Region 2: modular wall / roof / door kit, needs a house assembler",no (.gdignore)
assets/incoming/quaternius/medieval-village-megakit/glTF/Overhang_Roof_UnevenBricks.gltf,3810,UNREF,yes,UNREF,"reserve: Region 2: modular wall / roof / door kit, needs a house assembler",no (.gdignore)
assets/incoming/quaternius/medieval-village-megakit/glTF/Overhang_Side_Plaster_Long_L.gltf,4246,UNREF,yes,UNREF,"reserve: Region 2: modular wall / roof / door kit, needs a house assembler",no (.gdignore)
assets/incoming/quaternius/medieval-village-megakit/glTF/Overhang_Side_Plaster_Long_R.gltf,4243,UNREF,yes,UNREF,"reserve: Region 2: modular wall / roof / door kit, needs a house assembler",no (.gdignore)
assets/incoming/quaternius/medieval-village-megakit/glTF/Overhang_Side_Plaster_Short_L.gltf,4266,UNREF,yes,UNREF,"reserve: Region 2: modular wall / roof / door kit, needs a house assembler",no (.gdignore)
assets/incoming/quaternius/medieval-village-megakit/glTF/Overhang_Side_Plaster_Short_R.gltf,4263,UNREF,yes,UNREF,"reserve: Region 2: modular wall / roof / door kit, needs a house assembler",no (.gdignore)
assets/incoming/quaternius/medieval-village-megakit/glTF/Overhang_Side_UnevenBrick_Long_L.gltf,6133,UNREF,yes,UNREF,"reserve: Region 2: modular wall / roof / door kit, needs a house assembler",no (.gdignore)
assets/incoming/quaternius/medieval-village-megakit/glTF/Overhang_Side_UnevenBrick_Long_R.gltf,6126,UNREF,yes,UNREF,"reserve: Region 2: modular wall / roof / door kit, needs a house assembler",no (.gdignore)
assets/incoming/quaternius/medieval-village-megakit/glTF/Overhang_Side_UnevenBrick_Short_L.gltf,6168,UNREF,yes,UNREF,"reserve: Region 2: modular wall / roof / door kit, needs a house assembler",no (.gdignore)
assets/incoming/quaternius/medieval-village-megakit/glTF/Overhang_Side_UnevenBrick_Short_R.gltf,6163,UNREF,yes,UNREF,"reserve: Region 2: modular wall / roof / door kit, needs a house assembler",no (.gdignore)
assets/incoming/quaternius/medieval-village-megakit/glTF/Overhang_UnevenBrick_Corner.gltf,5455,UNREF,yes,UNREF,"reserve: Region 2: modular wall / roof / door kit, needs a house assembler",no (.gdignore)
assets/incoming/quaternius/medieval-village-megakit/glTF/Overhang_UnevenBrick_Corner_Front.gltf,5478,UNREF,yes,UNREF,"reserve: Region 2: modular wall / roof / door kit, needs a house assembler",no (.gdignore)
assets/incoming/quaternius/medieval-village-megakit/glTF/Overhang_UnevenBrick_Long.gltf,5995,UNREF,yes,UNREF,"reserve: Region 2: modular wall / roof / door kit, needs a house assembler",no (.gdignore)
assets/incoming/quaternius/medieval-village-megakit/glTF/Overhang_UnevenBrick_Short.gltf,6033,UNREF,yes,UNREF,"reserve: Region 2: modular wall / roof / door kit, needs a house assembler",no (.gdignore)
assets/incoming/quaternius/medieval-village-megakit/glTF/Prop_Brick1.gltf,2184,UNREF,yes,UNREF,"reserve: Region 2: modular wall / roof / door kit, needs a house assembler",no (.gdignore)
assets/incoming/quaternius/medieval-village-megakit/glTF/Prop_Brick2.gltf,2185,UNREF,yes,UNREF,"reserve: Region 2: modular wall / roof / door kit, needs a house assembler",no (.gdignore)
assets/incoming/quaternius/medieval-village-megakit/glTF/Prop_Brick3.gltf,2189,UNREF,yes,UNREF,"reserve: Region 2: modular wall / roof / door kit, needs a house assembler",no (.gdignore)
assets/incoming/quaternius/medieval-village-megakit/glTF/Prop_Brick4.gltf,2187,UNREF,yes,UNREF,"reserve: Region 2: modular wall / roof / door kit, needs a house assembler",no (.gdignore)
assets/incoming/quaternius/medieval-village-megakit/glTF/Prop_Chimney.gltf,3843,UNREF,yes,UNREF,"reserve: Region 2: modular wall / roof / door kit, needs a house assembler",no (.gdignore)
assets/incoming/quaternius/medieval-village-megakit/glTF/Prop_Chimney2.gltf,2233,UNREF,yes,UNREF,"reserve: Region 2: modular wall / roof / door kit, needs a house assembler",no (.gdignore)
assets/incoming/quaternius/medieval-village-megakit/glTF/Prop_Crate.gltf,2211,UNREF,yes,UNREF,"reserve: Region 2: modular wall / roof / door kit, needs a house assembler",no (.gdignore)
assets/incoming/quaternius/medieval-village-megakit/glTF/Prop_ExteriorBorder_Corner.gltf,2201,UNREF,yes,UNREF,"reserve: Region 2: modular wall / roof / door kit, needs a house assembler",no (.gdignore)
assets/incoming/quaternius/medieval-village-megakit/glTF/Prop_ExteriorBorder_Straight1.gltf,2180,UNREF,yes,UNREF,"reserve: Region 2: modular wall / roof / door kit, needs a house assembler",no (.gdignore)
assets/incoming/quaternius/medieval-village-megakit/glTF/Prop_ExteriorBorder_Straight2.gltf,2180,UNREF,yes,UNREF,"reserve: Region 2: modular wall / roof / door kit, needs a house assembler",no (.gdignore)
assets/incoming/quaternius/medieval-village-megakit/glTF/Prop_MetalFence_Ornament.gltf,2083,UNREF,yes,UNREF,"reserve: Region 2: modular wall / roof / door kit, needs a house assembler",no (.gdignore)
assets/incoming/quaternius/medieval-village-megakit/glTF/Prop_MetalFence_Simple.gltf,2077,UNREF,yes,UNREF,"reserve: Region 2: modular wall / roof / door kit, needs a house assembler",no (.gdignore)
assets/incoming/quaternius/medieval-village-megakit/glTF/Prop_Support.gltf,2202,UNREF,yes,UNREF,"reserve: Region 2: modular wall / roof / door kit, needs a house assembler",no (.gdignore)
assets/incoming/quaternius/medieval-village-megakit/glTF/Prop_Vine1.gltf,1979,UNREF,yes,UNREF,"reserve: Region 2: modular wall / roof / door kit, needs a house assembler",no (.gdignore)
assets/incoming/quaternius/medieval-village-megakit/glTF/Prop_Vine2.gltf,1978,UNREF,yes,UNREF,"reserve: Region 2: modular wall / roof / door kit, needs a house assembler",no (.gdignore)
assets/incoming/quaternius/medieval-village-megakit/glTF/Prop_Vine4.gltf,1974,UNREF,yes,UNREF,"reserve: Region 2: modular wall / roof / door kit, needs a house assembler",no (.gdignore)
assets/incoming/quaternius/medieval-village-megakit/glTF/Prop_Vine5.gltf,1978,UNREF,yes,UNREF,"reserve: Region 2: modular wall / roof / door kit, needs a house assembler",no (.gdignore)
assets/incoming/quaternius/medieval-village-megakit/glTF/Prop_Vine6.gltf,1978,UNREF,yes,UNREF,"reserve: Region 2: modular wall / roof / door kit, needs a house assembler",no (.gdignore)
assets/incoming/quaternius/medieval-village-megakit/glTF/Prop_Vine9.gltf,1972,UNREF,yes,UNREF,"reserve: Region 2: modular wall / roof / door kit, needs a house assembler",no (.gdignore)
assets/incoming/quaternius/medieval-village-megakit/glTF/Prop_Wagon.gltf,2422,UNREF,yes,UNREF,"reserve: Region 2: modular wall / roof / door kit, needs a house assembler",no (.gdignore)
assets/incoming/quaternius/medieval-village-megakit/glTF/Prop_WoodenFence_Extension1.gltf,2236,UNREF,yes,UNREF,"reserve: Region 2: modular wall / roof / door kit, needs a house assembler",no (.gdignore)
assets/incoming/quaternius/medieval-village-megakit/glTF/Prop_WoodenFence_Extension2.gltf,2236,UNREF,yes,UNREF,"reserve: Region 2: modular wall / roof / door kit, needs a house assembler",no (.gdignore)
assets/incoming/quaternius/medieval-village-megakit/glTF/Prop_WoodenFence_Single.gltf,2230,UNREF,yes,UNREF,"reserve: Region 2: modular wall / roof / door kit, needs a house assembler",no (.gdignore)
assets/incoming/quaternius/medieval-village-megakit/glTF/Roof_2x4_RoundTile.gltf,4324,UNREF,yes,UNREF,"reserve: Region 2: modular wall / roof / door kit, needs a house assembler",no (.gdignore)
assets/incoming/quaternius/medieval-village-megakit/glTF/Roof_Dormer_RoundTile.gltf,7682,UNREF,yes,UNREF,"reserve: Region 2: modular wall / roof / door kit, needs a house assembler",no (.gdignore)
assets/incoming/quaternius/medieval-village-megakit/glTF/Roof_FrontSupports.gltf,2225,UNREF,yes,UNREF,"reserve: Region 2: modular wall / roof / door kit, needs a house assembler",no (.gdignore)
assets/incoming/quaternius/medieval-village-megakit/glTF/Roof_Front_Brick2.gltf,3865,UNREF,yes,UNREF,"reserve: Region 2: modular wall / roof / door kit, needs a house assembler",no (.gdignore)
assets/incoming/quaternius/medieval-village-megakit/glTF/Roof_Front_Brick4.gltf,3868,UNREF,yes,UNREF,"reserve: Region 2: modular wall / roof / door kit, needs a house assembler",no (.gdignore)
assets/incoming/quaternius/medieval-village-megakit/glTF/Roof_Front_Brick4_Half_L.gltf,3883,UNREF,yes,UNREF,"reserve: Region 2: modular wall / roof / door kit, needs a house assembler",no (.gdignore)
assets/incoming/quaternius/medieval-village-megakit/glTF/Roof_Front_Brick4_Half_R.gltf,3883,UNREF,yes,UNREF,"reserve: Region 2: modular wall / roof / door kit, needs a house assembler",no (.gdignore)
assets/incoming/quaternius/medieval-village-megakit/glTF/Roof_Front_Brick6.gltf,3869,UNREF,yes,UNREF,"reserve: Region 2: modular wall / roof / door kit, needs a house assembler",no (.gdignore)
assets/incoming/quaternius/medieval-village-megakit/glTF/Roof_Front_Brick6_Half_L.gltf,3887,UNREF,yes,UNREF,"reserve: Region 2: modular wall / roof / door kit, needs a house assembler",no (.gdignore)
assets/incoming/quaternius/medieval-village-megakit/glTF/Roof_Front_Brick6_Half_R.gltf,3887,UNREF,yes,UNREF,"reserve: Region 2: modular wall / roof / door kit, needs a house assembler",no (.gdignore)
assets/incoming/quaternius/medieval-village-megakit/glTF/Roof_Front_Brick8.gltf,3870,UNREF,yes,UNREF,"reserve: Region 2: modular wall / roof / door kit, needs a house assembler",no (.gdignore)
assets/incoming/quaternius/medieval-village-megakit/glTF/Roof_Front_Brick8_Half_L.gltf,3889,UNREF,yes,UNREF,"reserve: Region 2: modular wall / roof / door kit, needs a house assembler",no (.gdignore)
assets/incoming/quaternius/medieval-village-megakit/glTF/Roof_Front_Brick8_Half_R.gltf,3890,UNREF,yes,UNREF,"reserve: Region 2: modular wall / roof / door kit, needs a house assembler",no (.gdignore)
assets/incoming/quaternius/medieval-village-megakit/glTF/Roof_Log.gltf,2197,UNREF,yes,UNREF,"reserve: Region 2: modular wall / roof / door kit, needs a house assembler",no (.gdignore)
assets/incoming/quaternius/medieval-village-megakit/glTF/Roof_Modular_RoundTiles.gltf,2441,UNREF,yes,UNREF,"reserve: Region 2: modular wall / roof / door kit, needs a house assembler",no (.gdignore)
assets/incoming/quaternius/medieval-village-megakit/glTF/Roof_RoundTile_2x1.gltf,4329,UNREF,yes,UNREF,"reserve: Region 2: modular wall / roof / door kit, needs a house assembler",no (.gdignore)
assets/incoming/quaternius/medieval-village-megakit/glTF/Roof_RoundTile_2x1_Long.gltf,4333,UNREF,yes,UNREF,"reserve: Region 2: modular wall / roof / door kit, needs a house assembler",no (.gdignore)
assets/incoming/quaternius/medieval-village-megakit/glTF/Roof_RoundTiles_4x4.gltf,4337,UNREF,yes,UNREF,"reserve: Region 2: modular wall / roof / door kit, needs a house assembler",no (.gdignore)
assets/incoming/quaternius/medieval-village-megakit/glTF/Roof_RoundTiles_4x6.gltf,4341,UNREF,yes,UNREF,"reserve: Region 2: modular wall / roof / door kit, needs a house assembler",no (.gdignore)
assets/incoming/quaternius/medieval-village-megakit/glTF/Roof_RoundTiles_4x8.gltf,4343,UNREF,yes,UNREF,"reserve: Region 2: modular wall / roof / door kit, needs a house assembler",no (.gdignore)
assets/incoming/quaternius/medieval-village-megakit/glTF/Roof_RoundTiles_6x10.gltf,4344,UNREF,yes,UNREF,"reserve: Region 2: modular wall / roof / door kit, needs a house assembler",no (.gdignore)
assets/incoming/quaternius/medieval-village-megakit/glTF/Roof_RoundTiles_6x12.gltf,4345,UNREF,yes,UNREF,"reserve: Region 2: modular wall / roof / door kit, needs a house assembler",no (.gdignore)
assets/incoming/quaternius/medieval-village-megakit/glTF/Roof_RoundTiles_6x14.gltf,4342,UNREF,yes,UNREF,"reserve: Region 2: modular wall / roof / door kit, needs a house assembler",no (.gdignore)
assets/incoming/quaternius/medieval-village-megakit/glTF/Roof_RoundTiles_6x4.gltf,4340,UNREF,yes,UNREF,"reserve: Region 2: modular wall / roof / door kit, needs a house assembler",no (.gdignore)
assets/incoming/quaternius/medieval-village-megakit/glTF/Roof_RoundTiles_6x6.gltf,4343,UNREF,yes,UNREF,"reserve: Region 2: modular wall / roof / door kit, needs a house assembler",no (.gdignore)
assets/incoming/quaternius/medieval-village-megakit/glTF/Roof_RoundTiles_6x8.gltf,4342,UNREF,yes,UNREF,"reserve: Region 2: modular wall / roof / door kit, needs a house assembler",no (.gdignore)
assets/incoming/quaternius/medieval-village-megakit/glTF/Roof_RoundTiles_8x10.gltf,4344,UNREF,yes,UNREF,"reserve: Region 2: modular wall / roof / door kit, needs a house assembler",no (.gdignore)
assets/incoming/quaternius/medieval-village-megakit/glTF/Roof_RoundTiles_8x12.gltf,4346,UNREF,yes,UNREF,"reserve: Region 2: modular wall / roof / door kit, needs a house assembler",no (.gdignore)
assets/incoming/quaternius/medieval-village-megakit/glTF/Roof_RoundTiles_8x14.gltf,4456,UNREF,yes,UNREF,"reserve: Region 2: modular wall / roof / door kit, needs a house assembler",no (.gdignore)
assets/incoming/quaternius/medieval-village-megakit/glTF/Roof_RoundTiles_8x8.gltf,4342,UNREF,yes,UNREF,"reserve: Region 2: modular wall / roof / door kit, needs a house assembler",no (.gdignore)
assets/incoming/quaternius/medieval-village-megakit/glTF/Roof_Support2.gltf,2216,UNREF,yes,UNREF,"reserve: Region 2: modular wall / roof / door kit, needs a house assembler",no (.gdignore)
assets/incoming/quaternius/medieval-village-megakit/glTF/Roof_Tower_RoundTiles.gltf,7933,UNREF,yes,UNREF,"reserve: Region 2: modular wall / roof / door kit, needs a house assembler",no (.gdignore)
assets/incoming/quaternius/medieval-village-megakit/glTF/Roof_Wooden_2x1.gltf,3985,UNREF,yes,UNREF,"reserve: Region 2: modular wall / roof / door kit, needs a house assembler",no (.gdignore)
assets/incoming/quaternius/medieval-village-megakit/glTF/Roof_Wooden_2x1_Center.gltf,3937,UNREF,yes,UNREF,"reserve: Region 2: modular wall / roof / door kit, needs a house assembler",no (.gdignore)
assets/incoming/quaternius/medieval-village-megakit/glTF/Roof_Wooden_2x1_Center_Mirror.gltf,3951,UNREF,yes,UNREF,"reserve: Region 2: modular wall / roof / door kit, needs a house assembler",no (.gdignore)
assets/incoming/quaternius/medieval-village-megakit/glTF/Roof_Wooden_2x1_Corner.gltf,3975,UNREF,yes,UNREF,"reserve: Region 2: modular wall / roof / door kit, needs a house assembler",no (.gdignore)
assets/incoming/quaternius/medieval-village-megakit/glTF/Roof_Wooden_2x1_L.gltf,3969,UNREF,yes,UNREF,"reserve: Region 2: modular wall / roof / door kit, needs a house assembler",no (.gdignore)
assets/incoming/quaternius/medieval-village-megakit/glTF/Roof_Wooden_2x1_Middle.gltf,2367,UNREF,yes,UNREF,"reserve: Region 2: modular wall / roof / door kit, needs a house assembler",no (.gdignore)
assets/incoming/quaternius/medieval-village-megakit/glTF/Roof_Wooden_2x1_R.gltf,3969,UNREF,yes,UNREF,"reserve: Region 2: modular wall / roof / door kit, needs a house assembler",no (.gdignore)
assets/incoming/quaternius/medieval-village-megakit/glTF/Stair_Interior_Rails.gltf,2240,UNREF,yes,UNREF,"reserve: Region 2: modular wall / roof / door kit, needs a house assembler",no (.gdignore)
assets/incoming/quaternius/medieval-village-megakit/glTF/Stair_Interior_Simple.gltf,2231,UNREF,yes,UNREF,"reserve: Region 2: modular wall / roof / door kit, needs a house assembler",no (.gdignore)
assets/incoming/quaternius/medieval-village-megakit/glTF/Stair_Interior_Solid.gltf,2232,UNREF,yes,UNREF,"reserve: Region 2: modular wall / roof / door kit, needs a house assembler",no (.gdignore)
assets/incoming/quaternius/medieval-village-megakit/glTF/Stair_Interior_SolidExtended.gltf,2248,UNREF,yes,UNREF,"reserve: Region 2: modular wall / roof / door kit, needs a house assembler",no (.gdignore)
assets/incoming/quaternius/medieval-village-megakit/glTF/Stairs_Exterior_NoFirstStep.gltf,3826,UNREF,yes,UNREF,"reserve: Region 2: modular wall / roof / door kit, needs a house assembler",no (.gdignore)
assets/incoming/quaternius/medieval-village-megakit/glTF/Stairs_Exterior_Platform.gltf,3792,UNREF,yes,UNREF,"reserve: Region 2: modular wall / roof / door kit, needs a house assembler",no (.gdignore)
assets/incoming/quaternius/medieval-village-megakit/glTF/Stairs_Exterior_Platform45.gltf,3801,UNREF,yes,UNREF,"reserve: Region 2: modular wall / roof / door kit, needs a house assembler",no (.gdignore)
assets/incoming/quaternius/medieval-village-megakit/glTF/Stairs_Exterior_Platform45Clean.gltf,3810,UNREF,yes,UNREF,"reserve: Region 2: modular wall / roof / door kit, needs a house assembler",no (.gdignore)
assets/incoming/quaternius/medieval-village-megakit/glTF/Stairs_Exterior_PlatformU.gltf,3816,UNREF,yes,UNREF,"reserve: Region 2: modular wall / roof / door kit, needs a house assembler",no (.gdignore)
assets/incoming/quaternius/medieval-village-megakit/glTF/Stairs_Exterior_SidePlatform.gltf,3804,UNREF,yes,UNREF,"reserve: Region 2: modular wall / roof / door kit, needs a house assembler",no (.gdignore)
assets/incoming/quaternius/medieval-village-megakit/glTF/Stairs_Exterior_Sides.gltf,2147,UNREF,yes,UNREF,"reserve: Region 2: modular wall / roof / door kit, needs a house assembler",no (.gdignore)
assets/incoming/quaternius/medieval-village-megakit/glTF/Stairs_Exterior_Sides45.gltf,2188,UNREF,yes,UNREF,"reserve: Region 2: modular wall / roof / door kit, needs a house assembler",no (.gdignore)
assets/incoming/quaternius/medieval-village-megakit/glTF/Stairs_Exterior_SidesU.gltf,2171,UNREF,yes,UNREF,"reserve: Region 2: modular wall / roof / door kit, needs a house assembler",no (.gdignore)
assets/incoming/quaternius/medieval-village-megakit/glTF/Stairs_Exterior_SingleSide.gltf,2136,UNREF,yes,UNREF,"reserve: Region 2: modular wall / roof / door kit, needs a house assembler",no (.gdignore)
assets/incoming/quaternius/medieval-village-megakit/glTF/Stairs_Exterior_SingleSideThick.gltf,2148,UNREF,yes,UNREF,"reserve: Region 2: modular wall / roof / door kit, needs a house assembler",no (.gdignore)
assets/incoming/quaternius/medieval-village-megakit/glTF/Stairs_Exterior_Straight.gltf,3820,UNREF,yes,UNREF,"reserve: Region 2: modular wall / roof / door kit, needs a house assembler",no (.gdignore)
assets/incoming/quaternius/medieval-village-megakit/glTF/Stairs_Exterior_Straight_Center.gltf,2189,UNREF,yes,UNREF,"reserve: Region 2: modular wall / roof / door kit, needs a house assembler",no (.gdignore)
assets/incoming/quaternius/medieval-village-megakit/glTF/Stairs_Exterior_Straight_L.gltf,3825,UNREF,yes,UNREF,"reserve: Region 2: modular wall / roof / door kit, needs a house assembler",no (.gdignore)
assets/incoming/quaternius/medieval-village-megakit/glTF/Stairs_Exterior_Straight_R.gltf,3823,UNREF,yes,UNREF,"reserve: Region 2: modular wall / roof / door kit, needs a house assembler",no (.gdignore)
assets/incoming/quaternius/medieval-village-megakit/glTF/Wall_Arch.gltf,2163,UNREF,yes,UNREF,"reserve: Region 2: modular wall / roof / door kit, needs a house assembler",no (.gdignore)
assets/incoming/quaternius/medieval-village-megakit/glTF/Wall_BottomCover.gltf,2197,UNREF,yes,UNREF,"reserve: Region 2: modular wall / roof / door kit, needs a house assembler",no (.gdignore)
assets/incoming/quaternius/medieval-village-megakit/glTF/Wall_Plaster_Door_Flat.gltf,5942,UNREF,yes,UNREF,"reserve: Region 2: modular wall / roof / door kit, needs a house assembler",no (.gdignore)
assets/incoming/quaternius/medieval-village-megakit/glTF/Wall_Plaster_Door_Round.gltf,5946,UNREF,yes,UNREF,"reserve: Region 2: modular wall / roof / door kit, needs a house assembler",no (.gdignore)
assets/incoming/quaternius/medieval-village-megakit/glTF/Wall_Plaster_Door_RoundInset.gltf,5986,UNREF,yes,UNREF,"reserve: Region 2: modular wall / roof / door kit, needs a house assembler",no (.gdignore)
assets/incoming/quaternius/medieval-village-megakit/glTF/Wall_Plaster_Straight.gltf,4169,UNREF,yes,UNREF,"reserve: Region 2: modular wall / roof / door kit, needs a house assembler",no (.gdignore)
assets/incoming/quaternius/medieval-village-megakit/glTF/Wall_Plaster_Straight_Base.gltf,5948,UNREF,yes,UNREF,"reserve: Region 2: modular wall / roof / door kit, needs a house assembler",no (.gdignore)
assets/incoming/quaternius/medieval-village-megakit/glTF/Wall_Plaster_Straight_L.gltf,5962,UNREF,yes,UNREF,"reserve: Region 2: modular wall / roof / door kit, needs a house assembler",no (.gdignore)
assets/incoming/quaternius/medieval-village-megakit/glTF/Wall_Plaster_Straight_R.gltf,5945,UNREF,yes,UNREF,"reserve: Region 2: modular wall / roof / door kit, needs a house assembler",no (.gdignore)
assets/incoming/quaternius/medieval-village-megakit/glTF/Wall_Plaster_Window_Thin_Round.gltf,5986,UNREF,yes,UNREF,"reserve: Region 2: modular wall / roof / door kit, needs a house assembler",no (.gdignore)
assets/incoming/quaternius/medieval-village-megakit/glTF/Wall_Plaster_Window_Wide_Flat.gltf,5964,UNREF,yes,UNREF,"reserve: Region 2: modular wall / roof / door kit, needs a house assembler",no (.gdignore)
assets/incoming/quaternius/medieval-village-megakit/glTF/Wall_Plaster_Window_Wide_Flat2.gltf,4192,UNREF,yes,UNREF,"reserve: Region 2: modular wall / roof / door kit, needs a house assembler",no (.gdignore)
assets/incoming/quaternius/medieval-village-megakit/glTF/Wall_Plaster_Window_Wide_Round.gltf,5967,UNREF,yes,UNREF,"reserve: Region 2: modular wall / roof / door kit, needs a house assembler",no (.gdignore)
assets/incoming/quaternius/medieval-village-megakit/glTF/Wall_Plaster_WoodGrid.gltf,4201,UNREF,yes,UNREF,"reserve: Region 2: modular wall / roof / door kit, needs a house assembler",no (.gdignore)
assets/incoming/quaternius/medieval-village-megakit/glTF/Wall_UnevenBrick_Door_Flat.gltf,5406,UNREF,yes,UNREF,"reserve: Region 2: modular wall / roof / door kit, needs a house assembler",no (.gdignore)
assets/incoming/quaternius/medieval-village-megakit/glTF/Wall_UnevenBrick_Door_Round.gltf,5413,UNREF,yes,UNREF,"reserve: Region 2: modular wall / roof / door kit, needs a house assembler",no (.gdignore)
assets/incoming/quaternius/medieval-village-megakit/glTF/Wall_UnevenBrick_Straight.gltf,5392,UNREF,yes,UNREF,"reserve: Region 2: modular wall / roof / door kit, needs a house assembler",no (.gdignore)
assets/incoming/quaternius/medieval-village-megakit/glTF/Wall_UnevenBrick_Window_Thin_Round.gltf,6009,UNREF,yes,UNREF,"reserve: Region 2: modular wall / roof / door kit, needs a house assembler",no (.gdignore)
assets/incoming/quaternius/medieval-village-megakit/glTF/Wall_UnevenBrick_Window_Wide_Flat.gltf,6004,UNREF,yes,UNREF,"reserve: Region 2: modular wall / roof / door kit, needs a house assembler",no (.gdignore)
assets/incoming/quaternius/medieval-village-megakit/glTF/Wall_UnevenBrick_Window_Wide_Round.gltf,6008,UNREF,yes,UNREF,"reserve: Region 2: modular wall / roof / door kit, needs a house assembler",no (.gdignore)
assets/incoming/quaternius/medieval-village-megakit/glTF/WindowShutters_Thin_Flat_Closed.gltf,2443,UNREF,yes,UNREF,"reserve: Region 2: modular wall / roof / door kit, needs a house assembler",no (.gdignore)
assets/incoming/quaternius/medieval-village-megakit/glTF/WindowShutters_Thin_Flat_Open.gltf,2442,UNREF,yes,UNREF,"reserve: Region 2: modular wall / roof / door kit, needs a house assembler",no (.gdignore)
assets/incoming/quaternius/medieval-village-megakit/glTF/WindowShutters_Thin_Round_Closed.gltf,2446,UNREF,yes,UNREF,"reserve: Region 2: modular wall / roof / door kit, needs a house assembler",no (.gdignore)
assets/incoming/quaternius/medieval-village-megakit/glTF/WindowShutters_Thin_Round_Open.gltf,2445,UNREF,yes,UNREF,"reserve: Region 2: modular wall / roof / door kit, needs a house assembler",no (.gdignore)
assets/incoming/quaternius/medieval-village-megakit/glTF/WindowShutters_Wide_Flat_Closed.gltf,2444,UNREF,yes,UNREF,"reserve: Region 2: modular wall / roof / door kit, needs a house assembler",no (.gdignore)
assets/incoming/quaternius/medieval-village-megakit/glTF/WindowShutters_Wide_Flat_Open.gltf,2441,UNREF,yes,UNREF,"reserve: Region 2: modular wall / roof / door kit, needs a house assembler",no (.gdignore)
assets/incoming/quaternius/medieval-village-megakit/glTF/WindowShutters_Wide_Round_Closed.gltf,2448,UNREF,yes,UNREF,"reserve: Region 2: modular wall / roof / door kit, needs a house assembler",no (.gdignore)
assets/incoming/quaternius/medieval-village-megakit/glTF/WindowShutters_Wide_Round_Open.gltf,2442,UNREF,yes,UNREF,"reserve: Region 2: modular wall / roof / door kit, needs a house assembler",no (.gdignore)
assets/incoming/quaternius/medieval-village-megakit/glTF/Window_Roof_Thin.gltf,3967,UNREF,yes,UNREF,"reserve: Region 2: modular wall / roof / door kit, needs a house assembler",no (.gdignore)
assets/incoming/quaternius/medieval-village-megakit/glTF/Window_Roof_Wide.gltf,3971,UNREF,yes,UNREF,"reserve: Region 2: modular wall / roof / door kit, needs a house assembler",no (.gdignore)
assets/incoming/quaternius/medieval-village-megakit/glTF/Window_Thin_Flat1.gltf,3514,UNREF,yes,UNREF,"reserve: Region 2: modular wall / roof / door kit, needs a house assembler",no (.gdignore)
assets/incoming/quaternius/medieval-village-megakit/glTF/Window_Thin_Round1.gltf,3925,UNREF,yes,UNREF,"reserve: Region 2: modular wall / roof / door kit, needs a house assembler",no (.gdignore)
assets/incoming/quaternius/medieval-village-megakit/glTF/Window_Wide_Flat1.gltf,3516,UNREF,yes,UNREF,"reserve: Region 2: modular wall / roof / door kit, needs a house assembler",no (.gdignore)
assets/incoming/quaternius/medieval-village-megakit/glTF/Window_Wide_Round1.gltf,3919,UNREF,yes,UNREF,"reserve: Region 2: modular wall / roof / door kit, needs a house assembler",no (.gdignore)
assets/incoming/quaternius/modular-character-outfits-fantasy/Exports/glTF (Godot-Unreal)/Modular Parts/Female_Peasant_Arms.gltf,23970,UNREF,yes,UNREF,,yes
assets/incoming/quaternius/modular-character-outfits-fantasy/Exports/glTF (Godot-Unreal)/Modular Parts/Female_Peasant_Body.gltf,88739,UNREF,yes,UNREF,,yes
assets/incoming/quaternius/modular-character-outfits-fantasy/Exports/glTF (Godot-Unreal)/Modular Parts/Female_Peasant_Feet.gltf,24397,UNREF,yes,UNREF,,yes
assets/incoming/quaternius/modular-character-outfits-fantasy/Exports/glTF (Godot-Unreal)/Modular Parts/Female_Peasant_Legs.gltf,23962,UNREF,yes,UNREF,,yes
assets/incoming/quaternius/modular-character-outfits-fantasy/Exports/glTF (Godot-Unreal)/Modular Parts/Female_Ranger_Acc_Pauldrons.gltf,24621,UNREF,yes,UNREF,,yes
assets/incoming/quaternius/modular-character-outfits-fantasy/Exports/glTF (Godot-Unreal)/Modular Parts/Female_Ranger_Arms.gltf,29655,UNREF,yes,UNREF,,yes
assets/incoming/quaternius/modular-character-outfits-fantasy/Exports/glTF (Godot-Unreal)/Modular Parts/Female_Ranger_Body.gltf,29451,UNREF,yes,UNREF,,yes
assets/incoming/quaternius/modular-character-outfits-fantasy/Exports/glTF (Godot-Unreal)/Modular Parts/Female_Ranger_Feet.gltf,24625,UNREF,yes,UNREF,,yes
assets/incoming/quaternius/modular-character-outfits-fantasy/Exports/glTF (Godot-Unreal)/Modular Parts/Female_Ranger_Head_Hood.gltf,24614,UNREF,yes,UNREF,,yes
assets/incoming/quaternius/modular-character-outfits-fantasy/Exports/glTF (Godot-Unreal)/Modular Parts/Female_Ranger_Legs.gltf,24978,UNREF,yes,UNREF,,yes
assets/incoming/quaternius/modular-character-outfits-fantasy/Exports/glTF (Godot-Unreal)/Modular Parts/Male_Peasant_Arms.gltf,26703,UNREF,yes,UNREF,,yes
assets/incoming/quaternius/modular-character-outfits-fantasy/Exports/glTF (Godot-Unreal)/Modular Parts/Male_Peasant_Body.gltf,23738,UNREF,yes,UNREF,,yes
assets/incoming/quaternius/modular-character-outfits-fantasy/Exports/glTF (Godot-Unreal)/Modular Parts/Male_Peasant_Feet.gltf,23740,UNREF,yes,UNREF,,yes
assets/incoming/quaternius/modular-character-outfits-fantasy/Exports/glTF (Godot-Unreal)/Modular Parts/Male_Peasant_Legs.gltf,23721,UNREF,yes,UNREF,,yes
assets/incoming/quaternius/modular-character-outfits-fantasy/Exports/glTF (Godot-Unreal)/Modular Parts/Male_Ranger_Acc_Pauldron.gltf,23314,UNREF,yes,UNREF,,yes
assets/incoming/quaternius/modular-character-outfits-fantasy/Exports/glTF (Godot-Unreal)/Modular Parts/Male_Ranger_Arms.gltf,26704,UNREF,yes,UNREF,,yes
assets/incoming/quaternius/modular-character-outfits-fantasy/Exports/glTF (Godot-Unreal)/Modular Parts/Male_Ranger_Body.gltf,26865,UNREF,yes,UNREF,,yes
assets/incoming/quaternius/modular-character-outfits-fantasy/Exports/glTF (Godot-Unreal)/Modular Parts/Male_Ranger_Feet_Boots.gltf,23762,UNREF,yes,UNREF,,yes
assets/incoming/quaternius/modular-character-outfits-fantasy/Exports/glTF (Godot-Unreal)/Modular Parts/Male_Ranger_Head_Hood.gltf,23737,UNREF,yes,UNREF,,yes
assets/incoming/quaternius/modular-character-outfits-fantasy/Exports/glTF (Godot-Unreal)/Modular Parts/Male_Ranger_Legs.gltf,23712,UNREF,yes,UNREF,,yes
assets/incoming/quaternius/modular-character-outfits-fantasy/Exports/glTF (Godot-Unreal)/Outfits/Female_Ranger.gltf,45461,UNREF,yes,UNREF,,yes
assets/incoming/quaternius/pirate-kit/glTF/Characters_Anne.gltf,1552200,UNREF,yes,UNREF,"reserve: Region 2 coast / pirates: flat-shaded kit with characters, ships and a shark",no (.gdignore)
assets/incoming/quaternius/pirate-kit/glTF/Characters_Captain_Barbarossa.gltf,1335348,UNREF,yes,UNREF,"reserve: Region 2 coast / pirates: flat-shaded kit with characters, ships and a shark",no (.gdignore)
assets/incoming/quaternius/pirate-kit/glTF/Characters_Henry.gltf,1491195,UNREF,yes,UNREF,"reserve: Region 2 coast / pirates: flat-shaded kit with characters, ships and a shark",no (.gdignore)
assets/incoming/quaternius/pirate-kit/glTF/Characters_Mako.gltf,1800069,UNREF,yes,UNREF,"reserve: Region 2 coast / pirates: flat-shaded kit with characters, ships and a shark",no (.gdignore)
assets/incoming/quaternius/pirate-kit/glTF/Characters_Shark.gltf,701731,UNREF,yes,UNREF,"reserve: Region 2 coast / pirates: flat-shaded kit with characters, ships and a shark",no (.gdignore)
assets/incoming/quaternius/pirate-kit/glTF/Characters_Sharky.gltf,1625097,UNREF,yes,UNREF,"reserve: Region 2 coast / pirates: flat-shaded kit with characters, ships and a shark",no (.gdignore)
assets/incoming/quaternius/pirate-kit/glTF/Characters_Skeleton.gltf,1731410,UNREF,yes,UNREF,"reserve: Region 2 coast / pirates: flat-shaded kit with characters, ships and a shark",no (.gdignore)
assets/incoming/quaternius/pirate-kit/glTF/Characters_Skeleton_Headless.gltf,1571261,UNREF,yes,UNREF,"reserve: Region 2 coast / pirates: flat-shaded kit with characters, ships and a shark",no (.gdignore)
assets/incoming/quaternius/pirate-kit/glTF/Characters_Tentacle.gltf,460501,UNREF,yes,UNREF,"reserve: Region 2 coast / pirates: flat-shaded kit with characters, ships and a shark",no (.gdignore)
assets/incoming/quaternius/pirate-kit/glTF/Enemy_Tentacle.gltf,192936,UNREF,yes,UNREF,"reserve: Region 2 coast / pirates: flat-shaded kit with characters, ships and a shark",no (.gdignore)
assets/incoming/quaternius/pirate-kit/glTF/Environment_Cliff1.gltf,270947,UNREF,yes,UNREF,"reserve: Region 2 coast / pirates: flat-shaded kit with characters, ships and a shark",no (.gdignore)
assets/incoming/quaternius/pirate-kit/glTF/Environment_Cliff2.gltf,603616,UNREF,yes,UNREF,"reserve: Region 2 coast / pirates: flat-shaded kit with characters, ships and a shark",no (.gdignore)
assets/incoming/quaternius/pirate-kit/glTF/Environment_Cliff3.gltf,624711,UNREF,yes,UNREF,"reserve: Region 2 coast / pirates: flat-shaded kit with characters, ships and a shark",no (.gdignore)
assets/incoming/quaternius/pirate-kit/glTF/Environment_Cliff4.gltf,743217,UNREF,yes,UNREF,"reserve: Region 2 coast / pirates: flat-shaded kit with characters, ships and a shark",no (.gdignore)
assets/incoming/quaternius/pirate-kit/glTF/Environment_Dock.gltf,119792,UNREF,yes,UNREF,"reserve: Region 2 coast / pirates: flat-shaded kit with characters, ships and a shark",no (.gdignore)
assets/incoming/quaternius/pirate-kit/glTF/Environment_Dock_Broken.gltf,134208,UNREF,yes,UNREF,"reserve: Region 2 coast / pirates: flat-shaded kit with characters, ships and a shark",no (.gdignore)
assets/incoming/quaternius/pirate-kit/glTF/Environment_Dock_Pole.gltf,25593,UNREF,yes,UNREF,"reserve: Region 2 coast / pirates: flat-shaded kit with characters, ships and a shark",no (.gdignore)
assets/incoming/quaternius/pirate-kit/glTF/Environment_House1.gltf,913785,UNREF,yes,UNREF,"reserve: Region 2 coast / pirates: flat-shaded kit with characters, ships and a shark",no (.gdignore)
assets/incoming/quaternius/pirate-kit/glTF/Environment_House2.gltf,360338,UNREF,yes,UNREF,"reserve: Region 2 coast / pirates: flat-shaded kit with characters, ships and a shark",no (.gdignore)
assets/incoming/quaternius/pirate-kit/glTF/Environment_House3.gltf,798598,UNREF,yes,UNREF,"reserve: Region 2 coast / pirates: flat-shaded kit with characters, ships and a shark",no (.gdignore)
assets/incoming/quaternius/pirate-kit/glTF/Environment_LargeBones.gltf,100976,UNREF,yes,UNREF,"reserve: Region 2 coast / pirates: flat-shaded kit with characters, ships and a shark",no (.gdignore)
assets/incoming/quaternius/pirate-kit/glTF/Environment_PalmTree_1.gltf,147125,UNREF,yes,UNREF,"reserve: Region 2 coast / pirates: flat-shaded kit with characters, ships and a shark",no (.gdignore)
assets/incoming/quaternius/pirate-kit/glTF/Environment_PalmTree_2.gltf,141647,UNREF,yes,UNREF,"reserve: Region 2 coast / pirates: flat-shaded kit with characters, ships and a shark",no (.gdignore)
assets/incoming/quaternius/pirate-kit/glTF/Environment_PalmTree_3.gltf,149860,UNREF,yes,UNREF,"reserve: Region 2 coast / pirates: flat-shaded kit with characters, ships and a shark",no (.gdignore)
assets/incoming/quaternius/pirate-kit/glTF/Environment_Rock_1.gltf,30464,UNREF,yes,UNREF,"reserve: Region 2 coast / pirates: flat-shaded kit with characters, ships and a shark",no (.gdignore)
assets/incoming/quaternius/pirate-kit/glTF/Environment_Rock_2.gltf,97520,UNREF,yes,UNREF,"reserve: Region 2 coast / pirates: flat-shaded kit with characters, ships and a shark",no (.gdignore)
assets/incoming/quaternius/pirate-kit/glTF/Environment_Rock_3.gltf,28922,UNREF,yes,UNREF,"reserve: Region 2 coast / pirates: flat-shaded kit with characters, ships and a shark",no (.gdignore)
assets/incoming/quaternius/pirate-kit/glTF/Environment_Rock_4.gltf,29138,UNREF,yes,UNREF,"reserve: Region 2 coast / pirates: flat-shaded kit with characters, ships and a shark",no (.gdignore)
assets/incoming/quaternius/pirate-kit/glTF/Environment_Rock_5.gltf,29679,UNREF,yes,UNREF,"reserve: Region 2 coast / pirates: flat-shaded kit with characters, ships and a shark",no (.gdignore)
assets/incoming/quaternius/pirate-kit/glTF/Environment_Sawmill.gltf,48299,UNREF,yes,UNREF,"reserve: Region 2 coast / pirates: flat-shaded kit with characters, ships and a shark",no (.gdignore)
assets/incoming/quaternius/pirate-kit/glTF/Environment_Skulls.gltf,116980,UNREF,yes,UNREF,"reserve: Region 2 coast / pirates: flat-shaded kit with characters, ships and a shark",no (.gdignore)
assets/incoming/quaternius/pirate-kit/glTF/Prop_Anchor.gltf,43082,UNREF,yes,UNREF,"reserve: Region 2 coast / pirates: flat-shaded kit with characters, ships and a shark",no (.gdignore)
assets/incoming/quaternius/pirate-kit/glTF/Prop_Barrel.gltf,45196,UNREF,yes,UNREF,"reserve: Region 2 coast / pirates: flat-shaded kit with characters, ships and a shark",no (.gdignore)
assets/incoming/quaternius/pirate-kit/glTF/Prop_Bomb.gltf,31449,UNREF,yes,UNREF,"reserve: Region 2 coast / pirates: flat-shaded kit with characters, ships and a shark",no (.gdignore)
assets/incoming/quaternius/pirate-kit/glTF/Prop_Bottle_1.gltf,26008,UNREF,yes,UNREF,"reserve: Region 2 coast / pirates: flat-shaded kit with characters, ships and a shark",no (.gdignore)
assets/incoming/quaternius/pirate-kit/glTF/Prop_Bottle_2.gltf,26008,UNREF,yes,UNREF,"reserve: Region 2 coast / pirates: flat-shaded kit with characters, ships and a shark",no (.gdignore)
assets/incoming/quaternius/pirate-kit/glTF/Prop_Bucket.gltf,41601,UNREF,yes,UNREF,"reserve: Region 2 coast / pirates: flat-shaded kit with characters, ships and a shark",no (.gdignore)
assets/incoming/quaternius/pirate-kit/glTF/Prop_Bucket_Fishes.gltf,217814,UNREF,yes,UNREF,"reserve: Region 2 coast / pirates: flat-shaded kit with characters, ships and a shark",no (.gdignore)
assets/incoming/quaternius/pirate-kit/glTF/Prop_Cannon.gltf,123358,UNREF,yes,UNREF,"reserve: Region 2 coast / pirates: flat-shaded kit with characters, ships and a shark",no (.gdignore)
assets/incoming/quaternius/pirate-kit/glTF/Prop_CannonBall.gltf,28656,UNREF,yes,UNREF,"reserve: Region 2 coast / pirates: flat-shaded kit with characters, ships and a shark",no (.gdignore)
assets/incoming/quaternius/pirate-kit/glTF/Prop_Chest_Closed.gltf,144572,UNREF,yes,UNREF,"reserve: Region 2 coast / pirates: flat-shaded kit with characters, ships and a shark",no (.gdignore)
assets/incoming/quaternius/pirate-kit/glTF/Prop_Chest_Gold.gltf,402736,UNREF,yes,UNREF,"reserve: Region 2 coast / pirates: flat-shaded kit with characters, ships and a shark",no (.gdignore)
assets/incoming/quaternius/pirate-kit/glTF/Prop_Coins.gltf,113623,UNREF,yes,UNREF,"reserve: Region 2 coast / pirates: flat-shaded kit with characters, ships and a shark",no (.gdignore)
assets/incoming/quaternius/pirate-kit/glTF/Prop_Fish_Mackerel.gltf,61094,UNREF,yes,UNREF,"reserve: Region 2 coast / pirates: flat-shaded kit with characters, ships and a shark",no (.gdignore)
assets/incoming/quaternius/pirate-kit/glTF/Prop_Fish_Tuna.gltf,71652,UNREF,yes,UNREF,"reserve: Region 2 coast / pirates: flat-shaded kit with characters, ships and a shark",no (.gdignore)
assets/incoming/quaternius/pirate-kit/glTF/Prop_GoldBag.gltf,212776,UNREF,yes,UNREF,"reserve: Region 2 coast / pirates: flat-shaded kit with characters, ships and a shark",no (.gdignore)
assets/incoming/quaternius/pirate-kit/glTF/Prop_Skull.gltf,41597,UNREF,yes,UNREF,"reserve: Region 2 coast / pirates: flat-shaded kit with characters, ships and a shark",no (.gdignore)
assets/incoming/quaternius/pirate-kit/glTF/Ship_Large.gltf,1238178,UNREF,yes,UNREF,"reserve: Region 2 coast / pirates: flat-shaded kit with characters, ships and a shark",no (.gdignore)
assets/incoming/quaternius/pirate-kit/glTF/Ship_Small.gltf,317113,UNREF,yes,UNREF,"reserve: Region 2 coast / pirates: flat-shaded kit with characters, ships and a shark",no (.gdignore)
assets/incoming/quaternius/pirate-kit/glTF/UI_ChickenLeg.gltf,28690,UNREF,yes,UNREF,"reserve: Region 2 coast / pirates: flat-shaded kit with characters, ships and a shark",no (.gdignore)
assets/incoming/quaternius/pirate-kit/glTF/UI_Gem_Blue.gltf,11745,UNREF,yes,UNREF,"reserve: Region 2 coast / pirates: flat-shaded kit with characters, ships and a shark",no (.gdignore)
assets/incoming/quaternius/pirate-kit/glTF/UI_Gem_Green.gltf,12572,UNREF,yes,UNREF,"reserve: Region 2 coast / pirates: flat-shaded kit with characters, ships and a shark",no (.gdignore)
assets/incoming/quaternius/pirate-kit/glTF/UI_Gem_Pink.gltf,11056,UNREF,yes,UNREF,"reserve: Region 2 coast / pirates: flat-shaded kit with characters, ships and a shark",no (.gdignore)
assets/incoming/quaternius/pirate-kit/glTF/UI_Gold.gltf,52784,UNREF,yes,UNREF,"reserve: Region 2 coast / pirates: flat-shaded kit with characters, ships and a shark",no (.gdignore)
assets/incoming/quaternius/pirate-kit/glTF/UI_Paper.gltf,23047,UNREF,yes,UNREF,"reserve: Region 2 coast / pirates: flat-shaded kit with characters, ships and a shark",no (.gdignore)
assets/incoming/quaternius/pirate-kit/glTF/UI_Red_Dash.gltf,10989,UNREF,yes,UNREF,"reserve: Region 2 coast / pirates: flat-shaded kit with characters, ships and a shark",no (.gdignore)
assets/incoming/quaternius/pirate-kit/glTF/UI_Red_X.gltf,25220,UNREF,yes,UNREF,"reserve: Region 2 coast / pirates: flat-shaded kit with characters, ships and a shark",no (.gdignore)
assets/incoming/quaternius/pirate-kit/glTF/UI_Rocks.gltf,31599,UNREF,yes,UNREF,"reserve: Region 2 coast / pirates: flat-shaded kit with characters, ships and a shark",no (.gdignore)
assets/incoming/quaternius/pirate-kit/glTF/UI_Swords.gltf,43457,UNREF,yes,UNREF,"reserve: Region 2 coast / pirates: flat-shaded kit with characters, ships and a shark",no (.gdignore)
assets/incoming/quaternius/pirate-kit/glTF/UI_Wheat.gltf,36377,UNREF,yes,UNREF,"reserve: Region 2 coast / pirates: flat-shaded kit with characters, ships and a shark",no (.gdignore)
assets/incoming/quaternius/pirate-kit/glTF/UI_Wood.gltf,26026,UNREF,yes,UNREF,"reserve: Region 2 coast / pirates: flat-shaded kit with characters, ships and a shark",no (.gdignore)
assets/incoming/quaternius/pirate-kit/glTF/Weapon_Axe.gltf,58689,UNREF,yes,UNREF,"reserve: Region 2 coast / pirates: flat-shaded kit with characters, ships and a shark",no (.gdignore)
assets/incoming/quaternius/pirate-kit/glTF/Weapon_AxeRifle.gltf,69993,UNREF,yes,UNREF,"reserve: Region 2 coast / pirates: flat-shaded kit with characters, ships and a shark",no (.gdignore)
assets/incoming/quaternius/pirate-kit/glTF/Weapon_Cutlass.gltf,35603,UNREF,yes,UNREF,"reserve: Region 2 coast / pirates: flat-shaded kit with characters, ships and a shark",no (.gdignore)
assets/incoming/quaternius/pirate-kit/glTF/Weapon_Dagger.gltf,31875,UNREF,yes,UNREF,"reserve: Region 2 coast / pirates: flat-shaded kit with characters, ships and a shark",no (.gdignore)
assets/incoming/quaternius/pirate-kit/glTF/Weapon_DoubleAxe.gltf,72226,UNREF,yes,UNREF,"reserve: Region 2 coast / pirates: flat-shaded kit with characters, ships and a shark",no (.gdignore)
assets/incoming/quaternius/pirate-kit/glTF/Weapon_DoubleShotgun.gltf,90240,UNREF,yes,UNREF,"reserve: Region 2 coast / pirates: flat-shaded kit with characters, ships and a shark",no (.gdignore)
assets/incoming/quaternius/pirate-kit/glTF/Weapon_Lute.gltf,47376,UNREF,yes,UNREF,"reserve: Region 2 coast / pirates: flat-shaded kit with characters, ships and a shark",no (.gdignore)
assets/incoming/quaternius/pirate-kit/glTF/Weapon_Pistol.gltf,71671,UNREF,yes,UNREF,"reserve: Region 2 coast / pirates: flat-shaded kit with characters, ships and a shark",no (.gdignore)
assets/incoming/quaternius/pirate-kit/glTF/Weapon_Rifle.gltf,77782,UNREF,yes,UNREF,"reserve: Region 2 coast / pirates: flat-shaded kit with characters, ships and a shark",no (.gdignore)
assets/incoming/quaternius/pirate-kit/glTF/Weapon_Sword_1.gltf,37477,UNREF,yes,UNREF,"reserve: Region 2 coast / pirates: flat-shaded kit with characters, ships and a shark",no (.gdignore)
assets/incoming/quaternius/pirate-kit/glTF/Weapon_Sword_2.gltf,27979,UNREF,yes,UNREF,"reserve: Region 2 coast / pirates: flat-shaded kit with characters, ships and a shark",no (.gdignore)
assets/incoming/quaternius/rpg-characters/glTF/Monk.gltf,2655048,,,UNREF,reject: duplicate rogue (same role as the KayKit and Meshy ones),no (.gdignore)
assets/incoming/quaternius/stylized-nature-megakit/glTF/Clover_1.gltf,2074,UNREF,yes,UNREF,,yes
assets/incoming/quaternius/stylized-nature-megakit/glTF/Clover_2.gltf,2077,UNREF,yes,UNREF,,yes
assets/incoming/quaternius/stylized-nature-megakit/glTF/DeadTree_1.gltf,2206,UNREF,yes,UNREF,,yes
assets/incoming/quaternius/stylized-nature-megakit/glTF/DeadTree_3.gltf,2211,UNREF,yes,UNREF,,yes
assets/incoming/quaternius/stylized-nature-megakit/glTF/DeadTree_4.gltf,2211,UNREF,yes,UNREF,,yes
assets/incoming/quaternius/stylized-nature-megakit/glTF/DeadTree_5.gltf,2211,UNREF,yes,UNREF,,yes
assets/incoming/quaternius/stylized-nature-megakit/glTF/Flower_3_Single.gltf,3632,UNREF,yes,UNREF,,yes
assets/incoming/quaternius/stylized-nature-megakit/glTF/Flower_4_Single.gltf,3631,UNREF,yes,UNREF,,yes
assets/incoming/quaternius/stylized-nature-megakit/glTF/Grass_Common_Short.gltf,2023,UNREF,yes,UNREF,,yes
assets/incoming/quaternius/stylized-nature-megakit/glTF/Grass_Common_Tall.gltf,2025,UNREF,yes,UNREF,,yes
assets/incoming/quaternius/stylized-nature-megakit/glTF/Grass_Wispy_Short.gltf,2025,UNREF,yes,UNREF,,yes
assets/incoming/quaternius/stylized-nature-megakit/glTF/Grass_Wispy_Tall.gltf,2023,UNREF,yes,UNREF,,yes
assets/incoming/quaternius/stylized-nature-megakit/glTF/Pebble_Round_1.gltf,1850,UNREF,yes,UNREF,,yes
assets/incoming/quaternius/stylized-nature-megakit/glTF/Pebble_Round_2.gltf,1848,UNREF,yes,UNREF,,yes
assets/incoming/quaternius/stylized-nature-megakit/glTF/Pebble_Round_3.gltf,1848,UNREF,yes,UNREF,,yes
assets/incoming/quaternius/stylized-nature-megakit/glTF/Pebble_Round_4.gltf,1841,UNREF,yes,UNREF,,yes
assets/incoming/quaternius/stylized-nature-megakit/glTF/Pebble_Round_5.gltf,1846,UNREF,yes,UNREF,,yes
assets/incoming/quaternius/stylized-nature-megakit/glTF/Pebble_Square_1.gltf,1850,UNREF,yes,UNREF,,yes
assets/incoming/quaternius/stylized-nature-megakit/glTF/Pebble_Square_2.gltf,1847,UNREF,yes,UNREF,,yes
assets/incoming/quaternius/stylized-nature-megakit/glTF/Pebble_Square_3.gltf,1847,UNREF,yes,UNREF,,yes
assets/incoming/quaternius/stylized-nature-megakit/glTF/Pebble_Square_4.gltf,1846,UNREF,yes,UNREF,,yes
assets/incoming/quaternius/stylized-nature-megakit/glTF/Pebble_Square_5.gltf,1849,UNREF,yes,UNREF,,yes
assets/incoming/quaternius/stylized-nature-megakit/glTF/Pebble_Square_6.gltf,1850,UNREF,yes,UNREF,,yes
assets/incoming/quaternius/stylized-nature-megakit/glTF/Petal_1.gltf,1845,UNREF,yes,UNREF,,yes
assets/incoming/quaternius/stylized-nature-megakit/glTF/Petal_2.gltf,1825,UNREF,yes,UNREF,,yes
assets/incoming/quaternius/stylized-nature-megakit/glTF/Petal_3.gltf,1849,UNREF,yes,UNREF,,yes
assets/incoming/quaternius/stylized-nature-megakit/glTF/Petal_4.gltf,1848,UNREF,yes,UNREF,,yes
assets/incoming/quaternius/stylized-nature-megakit/glTF/Petal_5.gltf,1844,UNREF,yes,UNREF,,yes
assets/incoming/quaternius/stylized-nature-megakit/glTF/Plant_1.gltf,2057,UNREF,yes,UNREF,,yes
assets/incoming/quaternius/stylized-nature-megakit/glTF/Plant_7.gltf,1844,UNREF,yes,UNREF,,yes
assets/incoming/quaternius/stylized-nature-megakit/glTF/Plant_7_Big.gltf,1857,UNREF,yes,UNREF,,yes
assets/incoming/quaternius/stylized-nature-megakit/glTF/RockPath_Round_Small_1.gltf,1871,UNREF,yes,UNREF,,yes
assets/incoming/quaternius/stylized-nature-megakit/glTF/RockPath_Round_Small_2.gltf,1873,UNREF,yes,UNREF,,yes
assets/incoming/quaternius/stylized-nature-megakit/glTF/RockPath_Round_Small_3.gltf,1872,UNREF,yes,UNREF,,yes
assets/incoming/quaternius/stylized-nature-megakit/glTF/RockPath_Round_Thin.gltf,1868,UNREF,yes,UNREF,,yes
assets/incoming/quaternius/stylized-nature-megakit/glTF/RockPath_Round_Wide.gltf,1868,UNREF,yes,UNREF,,yes
assets/incoming/quaternius/stylized-nature-megakit/glTF/RockPath_Square_Small_1.gltf,1874,UNREF,yes,UNREF,,yes
assets/incoming/quaternius/stylized-nature-megakit/glTF/RockPath_Square_Small_2.gltf,1873,UNREF,yes,UNREF,,yes
assets/incoming/quaternius/stylized-nature-megakit/glTF/RockPath_Square_Small_3.gltf,1873,UNREF,yes,UNREF,,yes
assets/incoming/quaternius/stylized-nature-megakit/glTF/RockPath_Square_Thin.gltf,1871,UNREF,yes,UNREF,,yes
assets/incoming/quaternius/stylized-nature-megakit/glTF/RockPath_Square_Wide.gltf,1872,UNREF,yes,UNREF,,yes
assets/incoming/quaternius/stylized-nature-megakit/glTF/TwistedTree_2.gltf,3815,UNREF,yes,UNREF,,yes
assets/incoming/quaternius/stylized-nature-megakit/glTF/TwistedTree_4.gltf,3817,UNREF,yes,UNREF,,yes
assets/incoming/quaternius/stylized-nature-megakit/glTF/TwistedTree_5.gltf,3822,UNREF,yes,UNREF,,yes
assets/incoming/quaternius/ultimate-animated-animals/glTF/Alpaca.gltf,1435679,,,UNREF,reject: unconverted source copies of animals the game loads as converted atlas GLBs (ShibaInu: no use),"no (export filter, new)"
assets/incoming/quaternius/ultimate-animated-animals/glTF/Bull.gltf,3110158,,,UNREF,reject: unconverted source copies of animals the game loads as converted atlas GLBs (ShibaInu: no use),"no (export filter, new)"
assets/incoming/quaternius/ultimate-animated-animals/glTF/Cow.gltf,3114187,,,UNREF,reject: unconverted source copies of animals the game loads as converted atlas GLBs (ShibaInu: no use),"no (export filter, new)"
assets/incoming/quaternius/ultimate-animated-animals/glTF/Deer.gltf,3288813,,,UNREF,reject: unconverted source copies of animals the game loads as converted atlas GLBs (ShibaInu: no use),"no (export filter, new)"
assets/incoming/quaternius/ultimate-animated-animals/glTF/Fox.gltf,3163174,,,UNREF,reject: unconverted source copies of animals the game loads as converted atlas GLBs (ShibaInu: no use),"no (export filter, new)"
assets/incoming/quaternius/ultimate-animated-animals/glTF/Horse_White.gltf,3607730,UNREF,yes,used,placed now,yes
assets/incoming/quaternius/ultimate-animated-animals/glTF/Husky.gltf,3059335,UNREF,yes,used,placed now,yes
assets/incoming/quaternius/ultimate-animated-animals/glTF/ShibaInu.gltf,2894445,UNREF,yes,UNREF,reject: unconverted source copies of animals the game loads as converted atlas GLBs (ShibaInu: no use),"no (export filter, new)"
assets/incoming/quaternius/ultimate-animated-animals/glTF/Stag.gltf,3224724,,,TOOLS-ONLY,reject: unconverted source copies of animals the game loads as converted atlas GLBs (ShibaInu: no use),"no (export filter, new)"
assets/incoming/quaternius/ultimate-animated-character/glTF/BaseCharacter.gltf,1607960,UNREF,yes,UNREF,reject: legacy villager designs replaced by the modular UAL characters (Goblin_Male stays: dynamic hit),"no (export filter, new)"
assets/incoming/quaternius/ultimate-animated-character/glTF/BlueSoldier_Female.gltf,2106807,UNREF,yes,UNREF,reject: legacy villager designs replaced by the modular UAL characters (Goblin_Male stays: dynamic hit),"no (export filter, new)"
assets/incoming/quaternius/ultimate-animated-character/glTF/BlueSoldier_Male.gltf,1829453,UNREF,yes,UNREF,reject: legacy villager designs replaced by the modular UAL characters (Goblin_Male stays: dynamic hit),"no (export filter, new)"
assets/incoming/quaternius/ultimate-animated-character/glTF/Casual2_Female.gltf,2067565,UNREF,yes,UNREF,reject: legacy villager designs replaced by the modular UAL characters (Goblin_Male stays: dynamic hit),"no (export filter, new)"
assets/incoming/quaternius/ultimate-animated-character/glTF/Casual2_Male.gltf,1822291,UNREF,yes,UNREF,reject: legacy villager designs replaced by the modular UAL characters (Goblin_Male stays: dynamic hit),"no (export filter, new)"
assets/incoming/quaternius/ultimate-animated-character/glTF/Casual3_Female.gltf,2179187,UNREF,yes,UNREF,reject: legacy villager designs replaced by the modular UAL characters (Goblin_Male stays: dynamic hit),"no (export filter, new)"
assets/incoming/quaternius/ultimate-animated-character/glTF/Casual3_Male.gltf,1936073,UNREF,yes,UNREF,reject: legacy villager designs replaced by the modular UAL characters (Goblin_Male stays: dynamic hit),"no (export filter, new)"
assets/incoming/quaternius/ultimate-animated-character/glTF/Casual_Bald.gltf,1688080,UNREF,yes,UNREF,reject: legacy villager designs replaced by the modular UAL characters (Goblin_Male stays: dynamic hit),"no (export filter, new)"
assets/incoming/quaternius/ultimate-animated-character/glTF/Casual_Female.gltf,2058883,UNREF,yes,UNREF,reject: legacy villager designs replaced by the modular UAL characters (Goblin_Male stays: dynamic hit),"no (export filter, new)"
assets/incoming/quaternius/ultimate-animated-character/glTF/Casual_Male.gltf,2048792,UNREF,yes,UNREF,reject: legacy villager designs replaced by the modular UAL characters (Goblin_Male stays: dynamic hit),"no (export filter, new)"
assets/incoming/quaternius/ultimate-animated-character/glTF/Chef_Female.gltf,2209767,UNREF,yes,UNREF,reject: legacy villager designs replaced by the modular UAL characters (Goblin_Male stays: dynamic hit),"no (export filter, new)"
assets/incoming/quaternius/ultimate-animated-character/glTF/Chef_Hat.gltf,1837083,UNREF,yes,UNREF,reject: legacy villager designs replaced by the modular UAL characters (Goblin_Male stays: dynamic hit),"no (export filter, new)"
assets/incoming/quaternius/ultimate-animated-character/glTF/Cow.gltf,1823141,,,UNREF,reject: legacy villager designs replaced by the modular UAL characters (Goblin_Male stays: dynamic hit),"no (export filter, new)"
assets/incoming/quaternius/ultimate-animated-character/glTF/Cowboy_Female.gltf,2094188,UNREF,yes,UNREF,reject: legacy villager designs replaced by the modular UAL characters (Goblin_Male stays: dynamic hit),"no (export filter, new)"
assets/incoming/quaternius/ultimate-animated-character/glTF/Cowboy_Hair.gltf,2062028,UNREF,yes,UNREF,reject: legacy villager designs replaced by the modular UAL characters (Goblin_Male stays: dynamic hit),"no (export filter, new)"
assets/incoming/quaternius/ultimate-animated-character/glTF/Cowboy_Male.gltf,1841931,UNREF,yes,UNREF,reject: legacy villager designs replaced by the modular UAL characters (Goblin_Male stays: dynamic hit),"no (export filter, new)"
assets/incoming/quaternius/ultimate-animated-character/glTF/Doctor_Female_Old.gltf,2072083,UNREF,yes,UNREF,reject: legacy villager designs replaced by the modular UAL characters (Goblin_Male stays: dynamic hit),"no (export filter, new)"
assets/incoming/quaternius/ultimate-animated-character/glTF/Doctor_Female_Young.gltf,2189649,UNREF,yes,UNREF,reject: legacy villager designs replaced by the modular UAL characters (Goblin_Male stays: dynamic hit),"no (export filter, new)"
assets/incoming/quaternius/ultimate-animated-character/glTF/Doctor_Male_Old.gltf,1946576,UNREF,yes,UNREF,reject: legacy villager designs replaced by the modular UAL characters (Goblin_Male stays: dynamic hit),"no (export filter, new)"
assets/incoming/quaternius/ultimate-animated-character/glTF/Doctor_Male_Young.gltf,2049445,UNREF,yes,UNREF,reject: legacy villager designs replaced by the modular UAL characters (Goblin_Male stays: dynamic hit),"no (export filter, new)"
assets/incoming/quaternius/ultimate-animated-character/glTF/Elf.gltf,1800904,UNREF,yes,UNREF,reject: legacy villager designs replaced by the modular UAL characters (Goblin_Male stays: dynamic hit),"no (export filter, new)"
assets/incoming/quaternius/ultimate-animated-character/glTF/Goblin_Female.gltf,2092543,TOOLS-ONLY,yes,UNREF,reject: legacy villager designs replaced by the modular UAL characters (Goblin_Male stays: dynamic hit),"no (export filter, new)"
assets/incoming/quaternius/ultimate-animated-character/glTF/Kimono_Female.gltf,2236089,UNREF,yes,UNREF,reject: legacy villager designs replaced by the modular UAL characters (Goblin_Male stays: dynamic hit),"no (export filter, new)"
assets/incoming/quaternius/ultimate-animated-character/glTF/Kimono_Male.gltf,1766875,UNREF,yes,UNREF,reject: legacy villager designs replaced by the modular UAL characters (Goblin_Male stays: dynamic hit),"no (export filter, new)"
assets/incoming/quaternius/ultimate-animated-character/glTF/Knight_Golden_Female.gltf,2073087,UNREF,yes,UNREF,reject: legacy villager designs replaced by the modular UAL characters (Goblin_Male stays: dynamic hit),"no (export filter, new)"
assets/incoming/quaternius/ultimate-animated-character/glTF/Knight_Golden_Male.gltf,1848993,UNREF,yes,UNREF,reject: legacy villager designs replaced by the modular UAL characters (Goblin_Male stays: dynamic hit),"no (export filter, new)"
assets/incoming/quaternius/ultimate-animated-character/glTF/Ninja_Female.gltf,2120878,UNREF,yes,UNREF,reject: legacy villager designs replaced by the modular UAL characters (Goblin_Male stays: dynamic hit),"no (export filter, new)"
assets/incoming/quaternius/ultimate-animated-character/glTF/Ninja_Male.gltf,1808187,UNREF,yes,UNREF,reject: legacy villager designs replaced by the modular UAL characters (Goblin_Male stays: dynamic hit),"no (export filter, new)"
assets/incoming/quaternius/ultimate-animated-character/glTF/Ninja_Male_Hair.gltf,2182785,UNREF,yes,UNREF,reject: legacy villager designs replaced by the modular UAL characters (Goblin_Male stays: dynamic hit),"no (export filter, new)"
assets/incoming/quaternius/ultimate-animated-character/glTF/Ninja_Sand.gltf,1808181,UNREF,yes,UNREF,reject: legacy villager designs replaced by the modular UAL characters (Goblin_Male stays: dynamic hit),"no (export filter, new)"
assets/incoming/quaternius/ultimate-animated-character/glTF/Ninja_Sand_Female.gltf,2120875,UNREF,yes,UNREF,reject: legacy villager designs replaced by the modular UAL characters (Goblin_Male stays: dynamic hit),"no (export filter, new)"
assets/incoming/quaternius/ultimate-animated-character/glTF/OldClassy_Male.gltf,1992147,UNREF,yes,UNREF,reject: legacy villager designs replaced by the modular UAL characters (Goblin_Male stays: dynamic hit),"no (export filter, new)"
assets/incoming/quaternius/ultimate-animated-character/glTF/Pirate_Female.gltf,2284873,UNREF,yes,UNREF,reject: legacy villager designs replaced by the modular UAL characters (Goblin_Male stays: dynamic hit),"no (export filter, new)"
assets/incoming/quaternius/ultimate-animated-character/glTF/Pirate_Male.gltf,1801347,UNREF,yes,UNREF,reject: legacy villager designs replaced by the modular UAL characters (Goblin_Male stays: dynamic hit),"no (export filter, new)"
assets/incoming/quaternius/ultimate-animated-character/glTF/Pug.gltf,1794411,UNREF,yes,UNREF,reject: legacy villager designs replaced by the modular UAL characters (Goblin_Male stays: dynamic hit),"no (export filter, new)"
assets/incoming/quaternius/ultimate-animated-character/glTF/Soldier_Female.gltf,2106935,UNREF,yes,UNREF,reject: legacy villager designs replaced by the modular UAL characters (Goblin_Male stays: dynamic hit),"no (export filter, new)"
assets/incoming/quaternius/ultimate-animated-character/glTF/Soldier_Male.gltf,1829457,UNREF,yes,UNREF,reject: legacy villager designs replaced by the modular UAL characters (Goblin_Male stays: dynamic hit),"no (export filter, new)"
assets/incoming/quaternius/ultimate-animated-character/glTF/Suit_Female.gltf,2076878,UNREF,yes,UNREF,reject: legacy villager designs replaced by the modular UAL characters (Goblin_Male stays: dynamic hit),"no (export filter, new)"
assets/incoming/quaternius/ultimate-animated-character/glTF/Suit_Male.gltf,1987422,UNREF,yes,UNREF,reject: legacy villager designs replaced by the modular UAL characters (Goblin_Male stays: dynamic hit),"no (export filter, new)"
assets/incoming/quaternius/ultimate-animated-character/glTF/VikingHelmet.gltf,2114337,UNREF,yes,UNREF,reject: legacy villager designs replaced by the modular UAL characters (Goblin_Male stays: dynamic hit),"no (export filter, new)"
assets/incoming/quaternius/ultimate-animated-character/glTF/Viking_Male.gltf,2075413,UNREF,yes,UNREF,reject: legacy villager designs replaced by the modular UAL characters (Goblin_Male stays: dynamic hit),"no (export filter, new)"
assets/incoming/quaternius/ultimate-animated-character/glTF/Worker_Female.gltf,2020830,UNREF,yes,UNREF,reject: legacy villager designs replaced by the modular UAL characters (Goblin_Male stays: dynamic hit),"no (export filter, new)"
assets/incoming/quaternius/ultimate-animated-character/glTF/Zombie_Female.gltf,2357807,UNREF,yes,UNREF,reject: legacy villager designs replaced by the modular UAL characters (Goblin_Male stays: dynamic hit),"no (export filter, new)"
assets/incoming/quaternius/ultimate-animated-character/glTF/Zombie_Male.gltf,1965645,UNREF,yes,UNREF,reject: legacy villager designs replaced by the modular UAL characters (Goblin_Male stays: dynamic hit),"no (export filter, new)"
assets/incoming/quaternius/ultimate-fantasy-rts/glTF/Archery_FirstAge_Level1.gltf,336803,UNREF,yes,UNREF,"reject: RTS units and buildings, off-style (the war map uses 2D tokens)","no (export filter, new)"
assets/incoming/quaternius/ultimate-fantasy-rts/glTF/Archery_FirstAge_Level2.gltf,429697,UNREF,yes,UNREF,"reject: RTS units and buildings, off-style (the war map uses 2D tokens)","no (export filter, new)"
assets/incoming/quaternius/ultimate-fantasy-rts/glTF/Archery_FirstAge_Level3.gltf,535212,UNREF,yes,UNREF,"reject: RTS units and buildings, off-style (the war map uses 2D tokens)","no (export filter, new)"
assets/incoming/quaternius/ultimate-fantasy-rts/glTF/Archery_SecondAge_Level1.gltf,512349,UNREF,yes,UNREF,"reject: RTS units and buildings, off-style (the war map uses 2D tokens)","no (export filter, new)"
assets/incoming/quaternius/ultimate-fantasy-rts/glTF/Archery_SecondAge_Level2.gltf,594859,UNREF,yes,UNREF,"reject: RTS units and buildings, off-style (the war map uses 2D tokens)","no (export filter, new)"
assets/incoming/quaternius/ultimate-fantasy-rts/glTF/Archery_SecondAge_Level3.gltf,839513,UNREF,yes,UNREF,"reject: RTS units and buildings, off-style (the war map uses 2D tokens)","no (export filter, new)"
assets/incoming/quaternius/ultimate-fantasy-rts/glTF/Barracks_FirstAge_Level1.gltf,107856,UNREF,yes,UNREF,"reject: RTS units and buildings, off-style (the war map uses 2D tokens)","no (export filter, new)"
assets/incoming/quaternius/ultimate-fantasy-rts/glTF/Barracks_FirstAge_Level2.gltf,186323,UNREF,yes,UNREF,"reject: RTS units and buildings, off-style (the war map uses 2D tokens)","no (export filter, new)"
assets/incoming/quaternius/ultimate-fantasy-rts/glTF/Barracks_FirstAge_Level3.gltf,367936,UNREF,yes,UNREF,"reject: RTS units and buildings, off-style (the war map uses 2D tokens)","no (export filter, new)"
assets/incoming/quaternius/ultimate-fantasy-rts/glTF/Barracks_SecondAge_Level1.gltf,306649,UNREF,yes,UNREF,"reject: RTS units and buildings, off-style (the war map uses 2D tokens)","no (export filter, new)"
assets/incoming/quaternius/ultimate-fantasy-rts/glTF/Barracks_SecondAge_Level2.gltf,655342,UNREF,yes,UNREF,"reject: RTS units and buildings, off-style (the war map uses 2D tokens)","no (export filter, new)"
assets/incoming/quaternius/ultimate-fantasy-rts/glTF/Barracks_SecondAge_Level3.gltf,786768,UNREF,yes,UNREF,"reject: RTS units and buildings, off-style (the war map uses 2D tokens)","no (export filter, new)"
assets/incoming/quaternius/ultimate-fantasy-rts/glTF/Crate_Big_Stack2.gltf,37369,UNREF,yes,UNREF,"reject: RTS units and buildings, off-style (the war map uses 2D tokens)",yes
assets/incoming/quaternius/ultimate-fantasy-rts/glTF/Crate_Stack1.gltf,37369,UNREF,yes,UNREF,"reject: RTS units and buildings, off-style (the war map uses 2D tokens)",yes
assets/incoming/quaternius/ultimate-fantasy-rts/glTF/Crate_Stack2.gltf,37368,UNREF,yes,UNREF,"reject: RTS units and buildings, off-style (the war map uses 2D tokens)",yes
assets/incoming/quaternius/ultimate-fantasy-rts/glTF/Dock_FirstAge.gltf,25164,UNREF,yes,UNREF,"reject: RTS units and buildings, off-style (the war map uses 2D tokens)",yes
assets/incoming/quaternius/ultimate-fantasy-rts/glTF/Farm_Dirt_Level1.gltf,24017,UNREF,yes,UNREF,"reject: RTS units and buildings, off-style (the war map uses 2D tokens)",yes
assets/incoming/quaternius/ultimate-fantasy-rts/glTF/Farm_Dirt_Level2.gltf,165969,UNREF,yes,UNREF,"reject: RTS units and buildings, off-style (the war map uses 2D tokens)","no (export filter, new)"
assets/incoming/quaternius/ultimate-fantasy-rts/glTF/Farm_Dirt_Level3.gltf,2637559,UNREF,yes,UNREF,"reject: RTS units and buildings, off-style (the war map uses 2D tokens)","no (export filter, new)"
assets/incoming/quaternius/ultimate-fantasy-rts/glTF/Farm_FirstAge_Level1.gltf,11063,UNREF,yes,UNREF,"reject: RTS units and buildings, off-style (the war map uses 2D tokens)",yes
assets/incoming/quaternius/ultimate-fantasy-rts/glTF/Farm_FirstAge_Level1_Wheat.gltf,485655,UNREF,yes,UNREF,"reject: RTS units and buildings, off-style (the war map uses 2D tokens)","no (export filter, new)"
assets/incoming/quaternius/ultimate-fantasy-rts/glTF/Farm_FirstAge_Level2.gltf,19702,UNREF,yes,UNREF,"reject: RTS units and buildings, off-style (the war map uses 2D tokens)",yes
assets/incoming/quaternius/ultimate-fantasy-rts/glTF/Farm_FirstAge_Level2_Wheat.gltf,990402,UNREF,yes,UNREF,"reject: RTS units and buildings, off-style (the war map uses 2D tokens)","no (export filter, new)"
assets/incoming/quaternius/ultimate-fantasy-rts/glTF/Farm_FirstAge_Level3.gltf,24021,UNREF,yes,UNREF,"reject: RTS units and buildings, off-style (the war map uses 2D tokens)",yes
assets/incoming/quaternius/ultimate-fantasy-rts/glTF/Farm_FirstAge_Level3_Wheat.gltf,1245202,UNREF,yes,UNREF,"reject: RTS units and buildings, off-style (the war map uses 2D tokens)","no (export filter, new)"
assets/incoming/quaternius/ultimate-fantasy-rts/glTF/Farm_SecondAge_Level1.gltf,172557,UNREF,yes,UNREF,"reject: RTS units and buildings, off-style (the war map uses 2D tokens)","no (export filter, new)"
assets/incoming/quaternius/ultimate-fantasy-rts/glTF/Farm_SecondAge_Level1_Wheat.gltf,365613,UNREF,yes,UNREF,"reject: RTS units and buildings, off-style (the war map uses 2D tokens)","no (export filter, new)"
assets/incoming/quaternius/ultimate-fantasy-rts/glTF/Farm_SecondAge_Level2.gltf,193471,UNREF,yes,UNREF,"reject: RTS units and buildings, off-style (the war map uses 2D tokens)","no (export filter, new)"
assets/incoming/quaternius/ultimate-fantasy-rts/glTF/Farm_SecondAge_Level2_Wheat.gltf,541582,UNREF,yes,UNREF,"reject: RTS units and buildings, off-style (the war map uses 2D tokens)","no (export filter, new)"
assets/incoming/quaternius/ultimate-fantasy-rts/glTF/Farm_SecondAge_Level3.gltf,311869,UNREF,yes,UNREF,"reject: RTS units and buildings, off-style (the war map uses 2D tokens)","no (export filter, new)"
assets/incoming/quaternius/ultimate-fantasy-rts/glTF/Farm_SecondAge_Level3_Wheat.gltf,710058,UNREF,yes,UNREF,"reject: RTS units and buildings, off-style (the war map uses 2D tokens)","no (export filter, new)"
assets/incoming/quaternius/ultimate-fantasy-rts/glTF/Houses_FirstAge_1_Level1.gltf,32724,UNREF,yes,UNREF,"reject: RTS units and buildings, off-style (the war map uses 2D tokens)",yes
assets/incoming/quaternius/ultimate-fantasy-rts/glTF/Houses_FirstAge_1_Level2.gltf,49081,UNREF,yes,UNREF,"reject: RTS units and buildings, off-style (the war map uses 2D tokens)",yes
assets/incoming/quaternius/ultimate-fantasy-rts/glTF/Houses_FirstAge_1_Level3.gltf,77593,UNREF,yes,UNREF,"reject: RTS units and buildings, off-style (the war map uses 2D tokens)","no (export filter, new)"
assets/incoming/quaternius/ultimate-fantasy-rts/glTF/Houses_FirstAge_2_Level1.gltf,60378,UNREF,yes,UNREF,"reject: RTS units and buildings, off-style (the war map uses 2D tokens)","no (export filter, new)"
assets/incoming/quaternius/ultimate-fantasy-rts/glTF/Houses_FirstAge_2_Level2.gltf,79473,UNREF,yes,UNREF,"reject: RTS units and buildings, off-style (the war map uses 2D tokens)","no (export filter, new)"
assets/incoming/quaternius/ultimate-fantasy-rts/glTF/Houses_FirstAge_2_Level3.gltf,128532,UNREF,yes,UNREF,"reject: RTS units and buildings, off-style (the war map uses 2D tokens)","no (export filter, new)"
assets/incoming/quaternius/ultimate-fantasy-rts/glTF/Houses_FirstAge_3_Level1.gltf,23673,UNREF,yes,UNREF,"reject: RTS units and buildings, off-style (the war map uses 2D tokens)",yes
assets/incoming/quaternius/ultimate-fantasy-rts/glTF/Houses_FirstAge_3_Level2.gltf,49179,UNREF,yes,UNREF,"reject: RTS units and buildings, off-style (the war map uses 2D tokens)",yes
assets/incoming/quaternius/ultimate-fantasy-rts/glTF/Houses_FirstAge_3_Level3.gltf,124075,UNREF,yes,UNREF,"reject: RTS units and buildings, off-style (the war map uses 2D tokens)","no (export filter, new)"
assets/incoming/quaternius/ultimate-fantasy-rts/glTF/Houses_SecondAge_1_Level1.gltf,145717,UNREF,yes,UNREF,"reject: RTS units and buildings, off-style (the war map uses 2D tokens)","no (export filter, new)"
assets/incoming/quaternius/ultimate-fantasy-rts/glTF/Houses_SecondAge_1_Level2.gltf,210869,UNREF,yes,UNREF,"reject: RTS units and buildings, off-style (the war map uses 2D tokens)","no (export filter, new)"
assets/incoming/quaternius/ultimate-fantasy-rts/glTF/Houses_SecondAge_1_Level3.gltf,206024,UNREF,yes,UNREF,"reject: RTS units and buildings, off-style (the war map uses 2D tokens)","no (export filter, new)"
assets/incoming/quaternius/ultimate-fantasy-rts/glTF/Houses_SecondAge_2_Level1.gltf,104014,UNREF,yes,UNREF,"reject: RTS units and buildings, off-style (the war map uses 2D tokens)","no (export filter, new)"
assets/incoming/quaternius/ultimate-fantasy-rts/glTF/Houses_SecondAge_2_Level2.gltf,242585,UNREF,yes,UNREF,"reject: RTS units and buildings, off-style (the war map uses 2D tokens)","no (export filter, new)"
assets/incoming/quaternius/ultimate-fantasy-rts/glTF/Houses_SecondAge_2_Level3.gltf,352099,UNREF,yes,UNREF,"reject: RTS units and buildings, off-style (the war map uses 2D tokens)","no (export filter, new)"
assets/incoming/quaternius/ultimate-fantasy-rts/glTF/Houses_SecondAge_3_Level1.gltf,67213,UNREF,yes,UNREF,"reject: RTS units and buildings, off-style (the war map uses 2D tokens)","no (export filter, new)"
assets/incoming/quaternius/ultimate-fantasy-rts/glTF/Houses_SecondAge_3_Level2.gltf,152388,UNREF,yes,UNREF,"reject: RTS units and buildings, off-style (the war map uses 2D tokens)","no (export filter, new)"
assets/incoming/quaternius/ultimate-fantasy-rts/glTF/Houses_SecondAge_3_Level3.gltf,220435,UNREF,yes,UNREF,"reject: RTS units and buildings, off-style (the war map uses 2D tokens)","no (export filter, new)"
assets/incoming/quaternius/ultimate-fantasy-rts/glTF/Logs.gltf,37454,,,TOOLS-ONLY,"reject: RTS units and buildings, off-style (the war map uses 2D tokens)",yes
assets/incoming/quaternius/ultimate-fantasy-rts/glTF/Market_FirstAge_Level1.gltf,191538,UNREF,yes,UNREF,"reject: RTS units and buildings, off-style (the war map uses 2D tokens)","no (export filter, new)"
assets/incoming/quaternius/ultimate-fantasy-rts/glTF/Market_FirstAge_Level2.gltf,334655,UNREF,yes,UNREF,"reject: RTS units and buildings, off-style (the war map uses 2D tokens)","no (export filter, new)"
assets/incoming/quaternius/ultimate-fantasy-rts/glTF/Market_FirstAge_Level3.gltf,515796,UNREF,yes,UNREF,"reject: RTS units and buildings, off-style (the war map uses 2D tokens)","no (export filter, new)"
assets/incoming/quaternius/ultimate-fantasy-rts/glTF/Market_SecondAge_Level1.gltf,462724,UNREF,yes,UNREF,"reject: RTS units and buildings, off-style (the war map uses 2D tokens)","no (export filter, new)"
assets/incoming/quaternius/ultimate-fantasy-rts/glTF/Market_SecondAge_Level2.gltf,784809,UNREF,yes,UNREF,"reject: RTS units and buildings, off-style (the war map uses 2D tokens)","no (export filter, new)"
assets/incoming/quaternius/ultimate-fantasy-rts/glTF/Market_SecondAge_Level3.gltf,1321371,UNREF,yes,UNREF,"reject: RTS units and buildings, off-style (the war map uses 2D tokens)","no (export filter, new)"
assets/incoming/quaternius/ultimate-fantasy-rts/glTF/Mine.gltf,190856,,,TOOLS-ONLY,"reject: RTS units and buildings, off-style (the war map uses 2D tokens)","no (export filter, new)"
assets/incoming/quaternius/ultimate-fantasy-rts/glTF/MountainLarge_Single.gltf,63627,UNREF,yes,UNREF,"reject: RTS units and buildings, off-style (the war map uses 2D tokens)","no (export filter, new)"
assets/incoming/quaternius/ultimate-fantasy-rts/glTF/Mountain_Group_1.gltf,206700,UNREF,yes,UNREF,"reject: RTS units and buildings, off-style (the war map uses 2D tokens)","no (export filter, new)"
assets/incoming/quaternius/ultimate-fantasy-rts/glTF/Mountain_Group_2.gltf,78706,UNREF,yes,UNREF,"reject: RTS units and buildings, off-style (the war map uses 2D tokens)","no (export filter, new)"
assets/incoming/quaternius/ultimate-fantasy-rts/glTF/Mountain_Single.gltf,23608,UNREF,yes,UNREF,"reject: RTS units and buildings, off-style (the war map uses 2D tokens)",yes
assets/incoming/quaternius/ultimate-fantasy-rts/glTF/Port_FirstAge_Level1.gltf,293882,UNREF,yes,UNREF,"reject: RTS units and buildings, off-style (the war map uses 2D tokens)","no (export filter, new)"
assets/incoming/quaternius/ultimate-fantasy-rts/glTF/Port_FirstAge_Level2.gltf,401405,UNREF,yes,UNREF,"reject: RTS units and buildings, off-style (the war map uses 2D tokens)","no (export filter, new)"
assets/incoming/quaternius/ultimate-fantasy-rts/glTF/Port_FirstAge_Level3.gltf,292839,UNREF,yes,UNREF,"reject: RTS units and buildings, off-style (the war map uses 2D tokens)","no (export filter, new)"
assets/incoming/quaternius/ultimate-fantasy-rts/glTF/Port_SecondAge_Level1.gltf,551060,UNREF,yes,UNREF,"reject: RTS units and buildings, off-style (the war map uses 2D tokens)","no (export filter, new)"
assets/incoming/quaternius/ultimate-fantasy-rts/glTF/Port_SecondAge_Level2.gltf,634358,UNREF,yes,UNREF,"reject: RTS units and buildings, off-style (the war map uses 2D tokens)","no (export filter, new)"
assets/incoming/quaternius/ultimate-fantasy-rts/glTF/Port_SecondAge_Level3.gltf,719218,UNREF,yes,UNREF,"reject: RTS units and buildings, off-style (the war map uses 2D tokens)","no (export filter, new)"
assets/incoming/quaternius/ultimate-fantasy-rts/glTF/Resource_Gold_1.gltf,66406,UNREF,yes,UNREF,"reject: RTS units and buildings, off-style (the war map uses 2D tokens)","no (export filter, new)"
assets/incoming/quaternius/ultimate-fantasy-rts/glTF/Resource_Gold_2.gltf,68640,UNREF,yes,UNREF,"reject: RTS units and buildings, off-style (the war map uses 2D tokens)","no (export filter, new)"
assets/incoming/quaternius/ultimate-fantasy-rts/glTF/Resource_Gold_3.gltf,60280,UNREF,yes,UNREF,"reject: RTS units and buildings, off-style (the war map uses 2D tokens)","no (export filter, new)"
assets/incoming/quaternius/ultimate-fantasy-rts/glTF/Resource_PineTree.gltf,16537,UNREF,yes,UNREF,"reject: RTS units and buildings, off-style (the war map uses 2D tokens)",yes
assets/incoming/quaternius/ultimate-fantasy-rts/glTF/Resource_PineTree_Group.gltf,133261,UNREF,yes,UNREF,"reject: RTS units and buildings, off-style (the war map uses 2D tokens)","no (export filter, new)"
assets/incoming/quaternius/ultimate-fantasy-rts/glTF/Resource_PineTree_Group_Cut.gltf,41985,UNREF,yes,UNREF,"reject: RTS units and buildings, off-style (the war map uses 2D tokens)",yes
assets/incoming/quaternius/ultimate-fantasy-rts/glTF/Resource_Rock_1.gltf,41053,UNREF,yes,UNREF,"reject: RTS units and buildings, off-style (the war map uses 2D tokens)",yes
assets/incoming/quaternius/ultimate-fantasy-rts/glTF/Resource_Rock_2.gltf,37975,UNREF,yes,UNREF,"reject: RTS units and buildings, off-style (the war map uses 2D tokens)",yes
assets/incoming/quaternius/ultimate-fantasy-rts/glTF/Resource_Rock_3.gltf,28317,UNREF,yes,UNREF,"reject: RTS units and buildings, off-style (the war map uses 2D tokens)",yes
assets/incoming/quaternius/ultimate-fantasy-rts/glTF/Resource_Tree1.gltf,18032,UNREF,yes,UNREF,"reject: RTS units and buildings, off-style (the war map uses 2D tokens)",yes
assets/incoming/quaternius/ultimate-fantasy-rts/glTF/Resource_Tree2.gltf,13736,UNREF,yes,UNREF,"reject: RTS units and buildings, off-style (the war map uses 2D tokens)",yes
assets/incoming/quaternius/ultimate-fantasy-rts/glTF/Resource_Tree_Group.gltf,123646,UNREF,yes,UNREF,"reject: RTS units and buildings, off-style (the war map uses 2D tokens)","no (export filter, new)"
assets/incoming/quaternius/ultimate-fantasy-rts/glTF/Resource_Tree_Group_Cut.gltf,34048,UNREF,yes,UNREF,"reject: RTS units and buildings, off-style (the war map uses 2D tokens)",yes
assets/incoming/quaternius/ultimate-fantasy-rts/glTF/Rock.gltf,12363,,,TOOLS-ONLY,"reject: RTS units and buildings, off-style (the war map uses 2D tokens)",yes
assets/incoming/quaternius/ultimate-fantasy-rts/glTF/Rock_Group.gltf,54634,UNREF,yes,UNREF,"reject: RTS units and buildings, off-style (the war map uses 2D tokens)","no (export filter, new)"
assets/incoming/quaternius/ultimate-fantasy-rts/glTF/Storage_FirstAge_Leve3.gltf,477834,UNREF,yes,UNREF,"reject: RTS units and buildings, off-style (the war map uses 2D tokens)","no (export filter, new)"
assets/incoming/quaternius/ultimate-fantasy-rts/glTF/Storage_FirstAge_Level1.gltf,267400,UNREF,yes,UNREF,"reject: RTS units and buildings, off-style (the war map uses 2D tokens)","no (export filter, new)"
assets/incoming/quaternius/ultimate-fantasy-rts/glTF/Storage_FirstAge_Level2.gltf,342120,UNREF,yes,UNREF,"reject: RTS units and buildings, off-style (the war map uses 2D tokens)","no (export filter, new)"
assets/incoming/quaternius/ultimate-fantasy-rts/glTF/Storage_SecondAge_Level1.gltf,687873,UNREF,yes,UNREF,"reject: RTS units and buildings, off-style (the war map uses 2D tokens)","no (export filter, new)"
assets/incoming/quaternius/ultimate-fantasy-rts/glTF/Storage_SecondAge_Level2.gltf,737684,UNREF,yes,UNREF,"reject: RTS units and buildings, off-style (the war map uses 2D tokens)","no (export filter, new)"
assets/incoming/quaternius/ultimate-fantasy-rts/glTF/Storage_SecondAge_Level3.gltf,708787,UNREF,yes,UNREF,"reject: RTS units and buildings, off-style (the war map uses 2D tokens)","no (export filter, new)"
assets/incoming/quaternius/ultimate-fantasy-rts/glTF/Temple_FirstAge_Level1.gltf,371539,UNREF,yes,UNREF,"reject: RTS units and buildings, off-style (the war map uses 2D tokens)","no (export filter, new)"
assets/incoming/quaternius/ultimate-fantasy-rts/glTF/Temple_FirstAge_Level2.gltf,455362,UNREF,yes,UNREF,"reject: RTS units and buildings, off-style (the war map uses 2D tokens)","no (export filter, new)"
assets/incoming/quaternius/ultimate-fantasy-rts/glTF/Temple_FirstAge_Level3.gltf,846578,UNREF,yes,UNREF,"reject: RTS units and buildings, off-style (the war map uses 2D tokens)","no (export filter, new)"
assets/incoming/quaternius/ultimate-fantasy-rts/glTF/Temple_SecondAge_Level1.gltf,36372,UNREF,yes,UNREF,"reject: RTS units and buildings, off-style (the war map uses 2D tokens)",yes
assets/incoming/quaternius/ultimate-fantasy-rts/glTF/Temple_SecondAge_Level2.gltf,168851,UNREF,yes,UNREF,"reject: RTS units and buildings, off-style (the war map uses 2D tokens)","no (export filter, new)"
assets/incoming/quaternius/ultimate-fantasy-rts/glTF/Temple_SecondAge_Level3.gltf,391069,UNREF,yes,UNREF,"reject: RTS units and buildings, off-style (the war map uses 2D tokens)","no (export filter, new)"
assets/incoming/quaternius/ultimate-fantasy-rts/glTF/TowerHouse_FirstAge.gltf,161651,UNREF,yes,UNREF,"reject: RTS units and buildings, off-style (the war map uses 2D tokens)","no (export filter, new)"
assets/incoming/quaternius/ultimate-fantasy-rts/glTF/TowerHouse_SecondAge.gltf,310805,UNREF,yes,UNREF,"reject: RTS units and buildings, off-style (the war map uses 2D tokens)","no (export filter, new)"
assets/incoming/quaternius/ultimate-fantasy-rts/glTF/TownCenter_FirstAge_Level1.gltf,66568,UNREF,yes,UNREF,"reject: RTS units and buildings, off-style (the war map uses 2D tokens)","no (export filter, new)"
assets/incoming/quaternius/ultimate-fantasy-rts/glTF/TownCenter_FirstAge_Level2.gltf,214011,UNREF,yes,UNREF,"reject: RTS units and buildings, off-style (the war map uses 2D tokens)","no (export filter, new)"
assets/incoming/quaternius/ultimate-fantasy-rts/glTF/TownCenter_FirstAge_Level3.gltf,321458,UNREF,yes,UNREF,"reject: RTS units and buildings, off-style (the war map uses 2D tokens)","no (export filter, new)"
assets/incoming/quaternius/ultimate-fantasy-rts/glTF/TownCenter_SecondAge_Level1.gltf,234182,UNREF,yes,UNREF,"reject: RTS units and buildings, off-style (the war map uses 2D tokens)","no (export filter, new)"
assets/incoming/quaternius/ultimate-fantasy-rts/glTF/TownCenter_SecondAge_Level2.gltf,379563,UNREF,yes,UNREF,"reject: RTS units and buildings, off-style (the war map uses 2D tokens)","no (export filter, new)"
assets/incoming/quaternius/ultimate-fantasy-rts/glTF/TownCenter_SecondAge_Level3.gltf,532793,UNREF,yes,UNREF,"reject: RTS units and buildings, off-style (the war map uses 2D tokens)","no (export filter, new)"
assets/incoming/quaternius/ultimate-fantasy-rts/glTF/WallTowers_DoorClosed_FirstAge.gltf,121860,UNREF,yes,UNREF,"reject: RTS units and buildings, off-style (the war map uses 2D tokens)","no (export filter, new)"
assets/incoming/quaternius/ultimate-fantasy-rts/glTF/WallTowers_DoorClosed_SecondAge.gltf,200928,UNREF,yes,UNREF,"reject: RTS units and buildings, off-style (the war map uses 2D tokens)","no (export filter, new)"
assets/incoming/quaternius/ultimate-fantasy-rts/glTF/WallTowers_Door_FirstAge.gltf,111774,UNREF,yes,UNREF,"reject: RTS units and buildings, off-style (the war map uses 2D tokens)","no (export filter, new)"
assets/incoming/quaternius/ultimate-fantasy-rts/glTF/WallTowers_Door_SecondAge.gltf,181866,UNREF,yes,UNREF,"reject: RTS units and buildings, off-style (the war map uses 2D tokens)","no (export filter, new)"
assets/incoming/quaternius/ultimate-fantasy-rts/glTF/WallTowers_FirstAge.gltf,82773,UNREF,yes,UNREF,"reject: RTS units and buildings, off-style (the war map uses 2D tokens)","no (export filter, new)"
assets/incoming/quaternius/ultimate-fantasy-rts/glTF/WallTowers_SecondAge.gltf,170756,UNREF,yes,UNREF,"reject: RTS units and buildings, off-style (the war map uses 2D tokens)","no (export filter, new)"
assets/incoming/quaternius/ultimate-fantasy-rts/glTF/Wall_FirstAge.gltf,25295,UNREF,yes,UNREF,"reject: RTS units and buildings, off-style (the war map uses 2D tokens)",yes
assets/incoming/quaternius/ultimate-fantasy-rts/glTF/Wall_SecondAge.gltf,24946,UNREF,yes,UNREF,"reject: RTS units and buildings, off-style (the war map uses 2D tokens)",yes
assets/incoming/quaternius/ultimate-fantasy-rts/glTF/WatchTower_FirstAge_Level1.gltf,52593,UNREF,yes,UNREF,"reject: RTS units and buildings, off-style (the war map uses 2D tokens)","no (export filter, new)"
assets/incoming/quaternius/ultimate-fantasy-rts/glTF/WatchTower_FirstAge_Level2.gltf,71852,UNREF,yes,UNREF,"reject: RTS units and buildings, off-style (the war map uses 2D tokens)","no (export filter, new)"
assets/incoming/quaternius/ultimate-fantasy-rts/glTF/WatchTower_FirstAge_Level3.gltf,130098,UNREF,yes,UNREF,"reject: RTS units and buildings, off-style (the war map uses 2D tokens)","no (export filter, new)"
assets/incoming/quaternius/ultimate-fantasy-rts/glTF/WatchTower_SecondAge_Level1.gltf,291886,UNREF,yes,UNREF,"reject: RTS units and buildings, off-style (the war map uses 2D tokens)","no (export filter, new)"
assets/incoming/quaternius/ultimate-fantasy-rts/glTF/WatchTower_SecondAge_Level2.gltf,276170,UNREF,yes,UNREF,"reject: RTS units and buildings, off-style (the war map uses 2D tokens)","no (export filter, new)"
assets/incoming/quaternius/ultimate-fantasy-rts/glTF/Windmill_FirstAge.gltf,183663,UNREF,yes,UNREF,"reject: RTS units and buildings, off-style (the war map uses 2D tokens)","no (export filter, new)"
assets/incoming/quaternius/ultimate-fantasy-rts/glTF/Windmill_SecondAge.gltf,170665,UNREF,yes,UNREF,"reject: RTS units and buildings, off-style (the war map uses 2D tokens)","no (export filter, new)"
assets/incoming/quaternius/ultimate-fantasy-rts/glTF/WonderWalls_FirstAge.gltf,315457,UNREF,yes,UNREF,"reject: RTS units and buildings, off-style (the war map uses 2D tokens)","no (export filter, new)"
assets/incoming/quaternius/ultimate-fantasy-rts/glTF/WonderWalls_SecondAge.gltf,643290,UNREF,yes,UNREF,"reject: RTS units and buildings, off-style (the war map uses 2D tokens)","no (export filter, new)"
assets/incoming/quaternius/ultimate-fantasy-rts/glTF/Wonder_FirstAge_Level1.gltf,328790,UNREF,yes,UNREF,"reject: RTS units and buildings, off-style (the war map uses 2D tokens)","no (export filter, new)"
assets/incoming/quaternius/ultimate-fantasy-rts/glTF/Wonder_FirstAge_Level2.gltf,637139,UNREF,yes,UNREF,"reject: RTS units and buildings, off-style (the war map uses 2D tokens)","no (export filter, new)"
assets/incoming/quaternius/ultimate-fantasy-rts/glTF/Wonder_FirstAge_Level3.gltf,845651,UNREF,yes,UNREF,"reject: RTS units and buildings, off-style (the war map uses 2D tokens)","no (export filter, new)"
assets/incoming/quaternius/ultimate-fantasy-rts/glTF/Wonder_SecondAge_Level1.gltf,58522,UNREF,yes,UNREF,"reject: RTS units and buildings, off-style (the war map uses 2D tokens)","no (export filter, new)"
assets/incoming/quaternius/ultimate-fantasy-rts/glTF/Wonder_SecondAge_Level2.gltf,734083,UNREF,yes,UNREF,"reject: RTS units and buildings, off-style (the war map uses 2D tokens)","no (export filter, new)"
assets/incoming/quaternius/ultimate-fantasy-rts/glTF/Wonder_SecondAge_Level3.gltf,798211,UNREF,yes,UNREF,"reject: RTS units and buildings, off-style (the war map uses 2D tokens)","no (export filter, new)"
assets/incoming/quaternius/ultimate-modular-men/Individual Characters/glTF/Beach.gltf,3166143,UNREF,yes,UNREF,reject: replaced by modular-character-outfits-fantasy plus Universal Base Characters,no (.gdignore)
assets/incoming/quaternius/ultimate-modular-men/Individual Characters/glTF/Casual_2.gltf,3058092,UNREF,yes,UNREF,reject: replaced by modular-character-outfits-fantasy plus Universal Base Characters,no (.gdignore)
assets/incoming/quaternius/ultimate-modular-men/Individual Characters/glTF/Casual_Hoodie.gltf,3104001,UNREF,yes,UNREF,reject: replaced by modular-character-outfits-fantasy plus Universal Base Characters,no (.gdignore)
assets/incoming/quaternius/ultimate-modular-men/Individual Characters/glTF/King.gltf,3790158,,,UNREF,reject: replaced by modular-character-outfits-fantasy plus Universal Base Characters,no (.gdignore)
assets/incoming/quaternius/ultimate-modular-men/Individual Characters/glTF/Punk.gltf,3003321,UNREF,yes,UNREF,reject: replaced by modular-character-outfits-fantasy plus Universal Base Characters,no (.gdignore)
assets/incoming/quaternius/ultimate-modular-men/Individual Characters/glTF/Spacesuit.gltf,3715406,UNREF,yes,UNREF,reject: replaced by modular-character-outfits-fantasy plus Universal Base Characters,no (.gdignore)
assets/incoming/quaternius/ultimate-modular-men/Individual Characters/glTF/Suit.gltf,3315342,UNREF,yes,UNREF,reject: replaced by modular-character-outfits-fantasy plus Universal Base Characters,no (.gdignore)
assets/incoming/quaternius/ultimate-modular-men/Individual Characters/glTF/Swat.gltf,3368868,UNREF,yes,UNREF,reject: replaced by modular-character-outfits-fantasy plus Universal Base Characters,no (.gdignore)
assets/incoming/quaternius/ultimate-modular-women/Individual Characters/glTF/Casual.gltf,3131788,,,UNREF,reject: replaced by modular-character-outfits-fantasy plus Universal Base Characters,no (.gdignore)
assets/incoming/quaternius/ultimate-modular-women/Individual Characters/glTF/Punk.gltf,3063914,UNREF,yes,UNREF,reject: replaced by modular-character-outfits-fantasy plus Universal Base Characters,no (.gdignore)
assets/incoming/quaternius/ultimate-modular-women/Individual Characters/glTF/SciFi.gltf,3309414,UNREF,yes,UNREF,reject: replaced by modular-character-outfits-fantasy plus Universal Base Characters,no (.gdignore)
assets/incoming/quaternius/ultimate-modular-women/Individual Characters/glTF/Suit.gltf,3142156,UNREF,yes,UNREF,reject: replaced by modular-character-outfits-fantasy plus Universal Base Characters,no (.gdignore)
assets/incoming/quaternius/ultimate-monsters/Big_glTF/MushroomKing.gltf,1219690,TOOLS-ONLY,yes,used,placed now,no (.gdignore)
assets/incoming/quaternius/ultimate-monsters/Flying_glTF/Ghost_Skull.gltf,682385,TOOLS-ONLY,yes,used,placed now,no (.gdignore)
assets/incoming/quaternius/universal-animation-library-2/Female Mannequin/Unreal-Godot/Mannequin_F.glb,1442824,UNREF,no (export exclude),UNREF,reject: mannequin reference (already in the export filter),no (export filter)
assets/incoming/quaternius/universal-animation-library-2/Unreal-Godot/UAL2_Standard_RM.glb,8095936,UNREF,yes,UNREF,reject: root-motion variant of UAL2,"no (export filter, new)"
assets/incoming/quaternius/universal-animation-library/Unreal-Godot/UAL1_Standard_RM.glb,7620504,UNREF,yes,UNREF,reject: root-motion variant of UAL1 (the code strips root motion itself),"no (export filter, new)"
assets/incoming/quaternius/universal-base-characters/Hairstyles/Origin at 0/glTF (Godot)/Hair_Buns.gltf,2243,UNREF,no (export exclude),UNREF,,no (export filter)
assets/incoming/quaternius/universal-base-characters/Hairstyles/Origin at 0/glTF (Godot)/Hair_BuzzedFemale.gltf,2191,UNREF,no (export exclude),UNREF,,no (export filter)
assets/incoming/quaternius/universal-base-characters/Hairstyles/Rigged to Head Bone/glTF (Godot -Unreal)/Hair_Buns.gltf,23807,UNREF,yes,UNREF,,yes
assets/incoming/quaternius/universal-base-characters/Hairstyles/Rigged to Head Bone/glTF (Godot -Unreal)/Hair_BuzzedFemale.gltf,23779,UNREF,yes,UNREF,,yes
assets/incoming/styloo/the-company/glb/dragonexport.glb,3865056,UNREF,yes,UNREF,"reserve: Region 2: named adventurer NPC models, no guild-hall use planned",no (.gdignore)
assets/incoming/styloo/the-company/glb/elfexport.glb,5238692,UNREF,yes,UNREF,"reserve: Region 2: named adventurer NPC models, no guild-hall use planned",no (.gdignore)
assets/incoming/styloo/the-company/glb/plants/plant_001.glb,1516,UNREF,yes,UNREF,"reserve: Region 2: named adventurer NPC models, no guild-hall use planned",no (.gdignore)
assets/incoming/styloo/the-company/glb/plants/plant_002.glb,1416,UNREF,yes,UNREF,"reserve: Region 2: named adventurer NPC models, no guild-hall use planned",no (.gdignore)
assets/incoming/styloo/the-company/glb/plants/plant_003.glb,1332,UNREF,yes,UNREF,"reserve: Region 2: named adventurer NPC models, no guild-hall use planned",no (.gdignore)
assets/incoming/styloo/the-company/glb/plants/plant_004.glb,1408,UNREF,yes,UNREF,"reserve: Region 2: named adventurer NPC models, no guild-hall use planned",no (.gdignore)
assets/incoming/styloo/the-company/glb/plants/plant_005.glb,1492,UNREF,yes,UNREF,"reserve: Region 2: named adventurer NPC models, no guild-hall use planned",no (.gdignore)
assets/incoming/styloo/the-company/glb/plants/plant_006.glb,1520,UNREF,yes,UNREF,"reserve: Region 2: named adventurer NPC models, no guild-hall use planned",no (.gdignore)
assets/incoming/styloo/the-company/glb/plants/plant_007.glb,1496,UNREF,yes,UNREF,"reserve: Region 2: named adventurer NPC models, no guild-hall use planned",no (.gdignore)
assets/incoming/styloo/the-company/glb/plants/plant_008.glb,1412,UNREF,yes,UNREF,"reserve: Region 2: named adventurer NPC models, no guild-hall use planned",no (.gdignore)
assets/incoming/styloo/the-company/glb/plants/plant_009.glb,1408,UNREF,yes,UNREF,"reserve: Region 2: named adventurer NPC models, no guild-hall use planned",no (.gdignore)
assets/incoming/styloo/the-company/glb/plants/plant_010.glb,1412,UNREF,yes,UNREF,"reserve: Region 2: named adventurer NPC models, no guild-hall use planned",no (.gdignore)
assets/incoming/styloo/the-company/glb/plants/plant_011.glb,1456,UNREF,yes,UNREF,"reserve: Region 2: named adventurer NPC models, no guild-hall use planned",no (.gdignore)
assets/incoming/styloo/the-company/glb/plants/plant_012.glb,1524,UNREF,yes,UNREF,"reserve: Region 2: named adventurer NPC models, no guild-hall use planned",no (.gdignore)
assets/incoming/styloo/the-company/glb/plants/plant_013.glb,1412,UNREF,yes,UNREF,"reserve: Region 2: named adventurer NPC models, no guild-hall use planned",no (.gdignore)
assets/incoming/styloo/the-company/glb/plants/plant_014.glb,1412,UNREF,yes,UNREF,"reserve: Region 2: named adventurer NPC models, no guild-hall use planned",no (.gdignore)
assets/incoming/styloo/the-company/glb/plants/plant_015.glb,1604,UNREF,yes,UNREF,"reserve: Region 2: named adventurer NPC models, no guild-hall use planned",no (.gdignore)
assets/incoming/styloo/the-company/glb/plants/plant_016.glb,1228,UNREF,yes,UNREF,"reserve: Region 2: named adventurer NPC models, no guild-hall use planned",no (.gdignore)
assets/incoming/styloo/the-company/glb/plants/plant_017.glb,1456,UNREF,yes,UNREF,"reserve: Region 2: named adventurer NPC models, no guild-hall use planned",no (.gdignore)
assets/incoming/styloo/the-company/glb/plants/plant_018.glb,1604,UNREF,yes,UNREF,"reserve: Region 2: named adventurer NPC models, no guild-hall use planned",no (.gdignore)
assets/incoming/styloo/the-company/glb/plants/plant_019.glb,1324,UNREF,yes,UNREF,"reserve: Region 2: named adventurer NPC models, no guild-hall use planned",no (.gdignore)
assets/incoming/styloo/the-company/glb/plants/plant_020.glb,1324,UNREF,yes,UNREF,"reserve: Region 2: named adventurer NPC models, no guild-hall use planned",no (.gdignore)
assets/items/armor/backpack.glb,140088,UNREF,yes,UNREF,,yes
assets/items/armor/bracer_fur.glb,78260,UNREF,yes,UNREF,,yes
assets/items/armor/chest_golden.glb,57324,UNREF,yes,UNREF,,yes
assets/items/armor/fauld_leather.glb,38484,UNREF,yes,UNREF,,yes
assets/items/armor/gauntlet_spiked.glb,50000,UNREF,yes,UNREF,,yes
assets/items/armor/greave_b.glb,47256,UNREF,yes,UNREF,,yes
assets/items/armor/greave_c.glb,35180,UNREF,yes,UNREF,,yes
assets/items/armor/greave_d.glb,34412,UNREF,yes,UNREF,,yes
assets/items/armor/greave_straps.glb,135484,UNREF,yes,UNREF,,yes
assets/items/armor/helm_crest_roman.glb,72420,UNREF,yes,UNREF,,yes
assets/items/armor/helm_knight1.glb,50416,UNREF,yes,UNREF,,yes
assets/items/armor/helm_knight2.glb,42872,UNREF,yes,UNREF,,yes
assets/items/armor/helm_knight3.glb,60240,UNREF,yes,UNREF,,yes
assets/items/armor/pauldron_a.glb,9460,UNREF,yes,UNREF,,yes
assets/items/armor/pauldron_round.glb,29400,UNREF,yes,UNREF,,yes
assets/items/armor/shield_heater.glb,23812,UNREF,yes,UNREF,,yes
assets/items/armor/shield_spiked.glb,39216,UNREF,yes,UNREF,,yes
assets/items/armor/vambrace.glb,23652,UNREF,yes,UNREF,,yes
assets/items/weapons/arrow_A.gltf,3031,UNREF,yes,UNREF,,yes
assets/items/weapons/arrow_B.gltf,3039,UNREF,yes,UNREF,,yes
assets/items/weapons/hammer_B.gltf,3043,UNREF,yes,UNREF,,yes
assets/items/weapons/shield_A.gltf,3042,UNREF,yes,UNREF,,yes
assets/items/weapons/shield_C.gltf,3040,UNREF,yes,UNREF,,yes
assets/kaykit/characters/Mage.glb,3589240,,,TOOLS-ONLY,,yes
assets/kaykit/medieval/building_barracks_blue.gltf,3078,UNREF,yes,UNREF,,yes
assets/kaykit/medieval/building_blacksmith_blue.gltf,3103,UNREF,yes,UNREF,,yes
assets/kaykit/medieval/building_castle_blue.gltf,3072,UNREF,yes,UNREF,,yes
assets/kaykit/medieval/building_church_blue.gltf,3089,UNREF,yes,UNREF,,yes
assets/kaykit/medieval/building_church_red.gltf,3086,UNREF,yes,UNREF,,yes
assets/kaykit/medieval/building_grain.gltf,3041,UNREF,yes,UNREF,,yes
assets/kaykit/medieval/building_home_A_blue.gltf,3090,UNREF,yes,UNREF,,yes
assets/kaykit/medieval/building_home_A_green.gltf,3093,UNREF,yes,UNREF,,yes
assets/kaykit/medieval/building_home_A_red.gltf,3087,UNREF,yes,UNREF,,yes
assets/kaykit/medieval/building_home_A_yellow.gltf,3096,UNREF,yes,UNREF,,yes
assets/kaykit/medieval/building_home_B_blue.gltf,3090,UNREF,yes,UNREF,,yes
assets/kaykit/medieval/building_home_B_green.gltf,3093,UNREF,yes,UNREF,,yes
assets/kaykit/medieval/building_home_B_red.gltf,3087,UNREF,yes,UNREF,,yes
assets/kaykit/medieval/building_home_B_yellow.gltf,3096,UNREF,yes,UNREF,,yes
assets/kaykit/medieval/building_lumbermill_red.gltf,7351,UNREF,yes,UNREF,,yes
assets/kaykit/medieval/building_market_red.gltf,3088,UNREF,yes,UNREF,,yes
assets/kaykit/medieval/building_market_yellow.gltf,3097,UNREF,yes,UNREF,,yes
assets/kaykit/medieval/building_stage_A.gltf,3077,UNREF,yes,UNREF,,yes
assets/kaykit/medieval/building_tavern_green.gltf,3096,UNREF,yes,UNREF,,yes
assets/kaykit/medieval/building_tavern_red.gltf,3090,UNREF,yes,UNREF,,yes
assets/kaykit/medieval/building_tower_A_blue.gltf,5047,UNREF,yes,UNREF,,yes
assets/kaykit/medieval/building_tower_B_blue.gltf,5048,UNREF,yes,UNREF,,yes
assets/kaykit/medieval/building_well_red.gltf,3080,UNREF,yes,UNREF,,yes
assets/kaykit/medieval/building_windmill_yellow.gltf,7342,UNREF,yes,UNREF,,yes
assets/kaykit/medieval/cloud_big.gltf,3043,UNREF,yes,UNREF,,yes
assets/kaykit/medieval/cloud_small.gltf,3049,UNREF,yes,UNREF,,yes
assets/kaykit/medieval/crate_A_big.gltf,3055,UNREF,yes,UNREF,,yes
assets/kaykit/medieval/fence_wood_straight.gltf,3061,UNREF,yes,UNREF,,yes
assets/kaykit/medieval/flag_blue.gltf,3023,UNREF,yes,UNREF,,yes
assets/kaykit/medieval/flag_red.gltf,3020,UNREF,yes,UNREF,,yes
assets/kaykit/medieval/rock_single_A.gltf,3031,UNREF,yes,UNREF,,yes
assets/kaykit/medieval/rock_single_C.gltf,3052,UNREF,yes,UNREF,,yes
assets/kaykit/medieval/rock_single_E.gltf,3057,UNREF,yes,UNREF,,yes
assets/kaykit/medieval/sack.gltf,3031,,,TOOLS-ONLY,,yes
assets/kaykit/medieval/tent.gltf,3008,,,TOOLS-ONLY,,yes
assets/kaykit/medieval/tree_single_A.gltf,3053,UNREF,yes,UNREF,,yes
assets/kaykit/medieval/tree_single_B.gltf,3056,UNREF,yes,UNREF,,yes
assets/kaykit/medieval/trees_A_large.gltf,3066,UNREF,yes,UNREF,,yes
assets/kaykit/medieval/trees_A_medium.gltf,3066,UNREF,yes,UNREF,,yes
assets/kaykit/medieval/trees_B_large.gltf,3067,UNREF,yes,UNREF,,yes
assets/kaykit/medieval/trees_B_medium.gltf,3066,UNREF,yes,UNREF,,yes
assets/kaykit/medieval/wall_corner_A_outside.gltf,3063,UNREF,yes,UNREF,,yes
assets/kaykit/medieval/wall_straight.gltf,3009,UNREF,yes,UNREF,,yes
assets/kaykit/medieval/wall_straight_gate.gltf,7198,UNREF,yes,UNREF,,yes
assets/kaykit/weapons/axe_1handed.gltf,3087,UNREF,yes,UNREF,,yes
assets/kaykit/weapons/shield_badge_color.gltf,3092,UNREF,yes,UNREF,,yes
assets/kaykit/weapons/shield_round.gltf,3083,UNREF,yes,UNREF,,yes
assets/kaykit/weapons/shield_round_barbarian.gltf,3112,UNREF,yes,UNREF,,yes
assets/market_goods/source/fantasy-props-megakit/glTF/Bag.gltf,4318,,,UNREF,,no (.gdignore)
assets/market_goods/source/fantasy-props-megakit/glTF/Mug.gltf,3881,,,UNREF,,no (.gdignore)
