frame,scenario,sf,px,pz,yaw,tip_x,tip_y,tip_z,tip_speed,upper_clip,upper_active,full_active,swing,swing_elapsed,swing_id,time_scale,cam_fov,cam_h,cam_v,enemy,e_state,e_winding,e_busy,e_clip,e_clip_pos,e_dist,player_hp,flinch
97,boot,97,187.425,69.799,180.0,188.592,14.953,69.804,0.00,1H_Melee_Attack_Chop,0,0,-0.700,0.700,0,1.000,65.00,0.000,0.000,,,0.000,0.000,,0.000,-1.00,120,-0.700
98,boot,98,187.425,69.799,180.0,188.592,14.655,69.803,8.92,1H_Melee_Attack_Chop,0,0,-0.733,0.733,0,1.000,65.00,0.000,0.000,,,0.000,0.000,,0.000,-1.00,120,-0.733
99,boot,99,187.425,69.799,180.0,188.593,14.655,69.804,0.03,1H_Melee_Attack_Chop,0,0,-0.767,0.767,0,1.000,65.00,0.000,0.000,,,0.000,0.000,,0.000,-1.00,120,-0.767
100,boot,100,187.425,69.799,180.0,188.593,14.656,69.803,0.04,1H_Melee_Attack_Chop,0,0,-0.800,0.800,0,1.000,65.00,0.000,0.000,,,0.000,0.000,,0.000,-1.00,120,-0.800
101,boot,101,187.425,69.799,180.0,188.594,14.657,69.804,0.07,1H_Melee_Attack_Chop,0,0,-0.833,0.833,0,1.000,65.00,0.000,0.000,,,0.000,0.000,,0.000,-1.00,120,-0.833
102,boot,102,187.425,69.799,180.0,188.595,14.660,69.805,0.09,1H_Melee_Attack_Chop,0,0,-0.867,0.867,0,1.000,65.00,0.000,0.000,,,0.000,0.000,,0.000,-1.00,120,-0.867
103,boot,103,187.425,69.799,180.0,188.596,14.959,69.806,8.98,1H_Melee_Attack_Chop,0,0,-0.900,0.900,0,1.000,65.00,0.000,0.000,,,0.000,0.000,,0.000,-1.00,120,-0.900
104,boot,104,187.425,69.799,180.0,188.598,14.667,69.807,8.77,1H_Melee_Attack_Chop,0,0,-0.933,0.933,0,1.000,65.00,0.000,0.000,,,0.000,0.000,,0.000,-1.00,120,-0.933
105,boot,105,187.425,69.799,180.0,188.599,14.672,69.809,0.15,1H_Melee_Attack_Chop,0,0,-0.967,0.967,0,1.000,65.00,0.000,0.000,,,0.000,0.000,,0.000,-1.00,120,-0.967
106,boot,106,187.425,69.799,180.0,188.600,14.676,69.810,0.15,1H_Melee_Attack_Chop,0,0,-1.000,1.000,0,1.000,65.00,0.000,0.000,,,0.000,0.000,,0.000,-1.00,120,-1.000
107,boot,107,187.425,69.799,180.0,188.601,14.681,69.812,0.15,1H_Melee_Attack_Chop,0,0,-1.033,1.033,0,1.000,65.00,0.000,0.000,,,0.000,0.000,,0.000,-1.00,120,-1.033
108,boot,108,187.425,69.799,180.0,188.602,14.686,69.813,0.15,1H_Melee_Attack_Chop,0,0,-1.067,1.067,0,1.000,65.00,0.000,0.000,,,0.000,0.000,,0.000,-1.00,120,-1.067
109,boot,109,187.425,69.799,180.0,188.603,14.690,69.815,0.15,1H_Melee_Attack_Chop,0,0,-1.100,1.100,0,1.000,65.00,0.000,0.000,,,0.000,0.000,,0.000,-1.00,120,-1.100
110,boot,110,187.425,69.799,180.0,188.604,14.695,69.817,0.16,1H_Melee_Attack_Chop,0,0,-1.133,1.133,0,1.000,65.00,0.000,0.000,,,0.000,0.000,,0.000,-1.00,120,-1.133
111,boot,111,187.425,69.799,180.0,188.605,14.700,69.818,0.15,1H_Melee_Attack_Chop,0,0,-1.167,1.167,0,1.000,65.00,0.000,0.000,,,0.000,0.000,,0.000,-1.00,120,-1.167
112,boot,112,187.425,69.799,180.0,188.605,14.704,69.820,0.14,1H_Melee_Attack_Chop,0,0,-1.200,1.200,0,1.000,65.00,0.000,0.000,,,0.000,0.000,,0.000,-1.00,120,-1.200
113,boot,113,187.425,69.799,180.0,188.606,14.708,69.821,0.12,1H_Melee_Attack_Chop,0,0,-1.233,1.233,0,1.000,65.00,0.000,0.000,,,0.000,0.000,,0.000,-1.00,120,-1.233
114,boot,114,187.425,69.799,180.0,188.606,14.711,69.822,0.10,1H_Melee_Attack_Chop,0,0,-1.267,1.267,0,1.000,65.00,0.000,0.000,,,0.000,0.000,,0.000,-1.00,120,-1.267
115,boot,115,187.425,69.799,180.0,188.606,14.713,69.823,0.05,1H_Melee_Attack_Chop,0,0,-1.300,1.300,0,1.000,65.00,0.000,0.000,,,0.000,0.000,,0.000,-1.00,120,-1.300
116,boot,116,187.425,69.799,180.0,188.606,14.714,69.824,0.04,1H_Melee_Attack_Chop,0,0,-1.333,1.333,0,1.000,65.00,0.000,0.000,,,0.000,0.000,,0.000,-1.00,120,-1.333
117,boot,117,187.425,69.799,180.0,188.606,14.715,69.825,0.06,1H_Melee_Attack_Chop,0,0,-1.367,1.367,0,1.000,65.00,0.000,0.000,,,0.000,0.000,,0.000,-1.00,120,-1.367
118,boot,118,187.425,69.799,180.0,188.606,14.717,69.826,0.05,1H_Melee_Attack_Chop,0,0,-1.400,1.400,0,1.000,65.00,0.000,0.000,,,0.000,0.000,,0.000,-1.00,120,-1.400
119,boot,119,187.425,69.799,180.0,188.605,14.716,69.825,0.04,1H_Melee_Attack_Chop,0,0,-1.433,1.433,0,1.000,65.00,0.000,0.000,,,0.000,0.000,,0.000,-1.00,120,-1.433
120,boot,120,187.425,69.799,180.0,188.605,14.714,69.824,0.07,1H_Melee_Attack_Chop,0,0,-1.467,1.467,0,1.000,65.00,0.000,0.000,,,0.000,0.000,,0.000,-1.00,120,-1.467
121,boot,121,187.425,69.799,180.0,188.604,14.711,69.822,0.12,1H_Melee_Attack_Chop,0,0,-1.500,1.500,0,1.000,65.00,0.000,0.000,,,0.000,0.000,,0.000,-1.00,120,-1.500
122,boot,122,187.425,69.799,180.0,188.603,14.707,69.820,0.12,1H_Melee_Attack_Chop,0,0,-1.533,1.533,0,1.000,65.00,0.000,0.000,,,0.000,0.000,,0.000,-1.00,120,-1.533
123,boot,123,187.425,69.799,180.0,188.602,14.703,69.819,0.13,1H_Melee_Attack_Chop,0,0,-1.567,1.567,0,1.000,65.00,0.000,0.000,,,0.000,0.000,,0.000,-1.00,120,-1.567
124,boot,124,187.425,69.799,180.0,188.601,14.698,69.818,0.15,1H_Melee_Attack_Chop,0,0,-1.600,1.600,0,1.000,65.00,0.000,0.000,,,0.000,0.000,,0.000,-1.00,120,-1.600
125,boot,125,187.425,69.799,180.0,188.599,14.693,69.816,0.16,1H_Melee_Attack_Chop,0,0,-1.633,1.633,0,1.000,65.00,0.000,0.000,,,0.000,0.000,,0.000,-1.00,120,-1.633
126,boot,126,187.425,69.799,180.0,188.598,14.689,69.814,0.16,1H_Melee_Attack_Chop,0,0,-1.667,1.667,0,1.000,65.00,0.000,0.000,,,0.000,0.000,,0.000,-1.00,120,-1.667
127,boot,127,187.425,69.799,180.0,188.597,14.684,69.812,0.16,1H_Melee_Attack_Chop,0,0,-1.700,1.700,0,1.000,65.00,0.000,0.000,,,0.000,0.000,,0.000,-1.00,120,-1.700
128,boot,128,187.425,69.799,180.0,188.596,14.678,69.810,0.17,1H_Melee_Attack_Chop,0,0,-1.733,1.733,0,1.000,65.00,0.000,0.000,,,0.000,0.000,,0.000,-1.00,120,-1.733
129,boot,129,187.425,69.799,180.0,188.595,14.673,69.809,0.17,1H_Melee_Attack_Chop,0,0,-1.767,1.767,0,1.000,65.00,0.000,0.000,,,0.000,0.000,,0.000,-1.00,120,-1.767
130,boot,130,187.425,69.799,180.0,188.594,14.668,69.807,0.16,1H_Melee_Attack_Chop,0,0,-1.800,1.800,0,1.000,65.00,0.000,0.000,,,0.000,0.000,,0.000,-1.00,120,-1.800
131,boot,131,187.425,69.799,180.0,188.593,14.664,69.806,0.14,1H_Melee_Attack_Chop,0,0,-1.833,1.833,0,1.000,65.00,0.000,0.000,,,0.000,0.000,,0.000,-1.00,120,-1.833
132,boot,132,187.425,69.799,180.0,188.592,14.660,69.805,0.12,1H_Melee_Attack_Chop,0,0,-1.867,1.867,0,1.000,65.00,0.000,0.000,,,0.000,0.000,,0.000,-1.00,120,-1.867
133,boot,133,187.425,69.799,180.0,188.592,14.657,69.804,0.10,1H_Melee_Attack_Chop,0,0,-1.900,1.900,0,1.000,65.00,0.000,0.000,,,0.000,0.000,,0.000,-1.00,120,-1.900
134,boot,134,187.425,69.799,180.0,188.591,14.655,69.804,0.05,1H_Melee_Attack_Chop,0,0,-1.933,1.933,0,1.000,65.00,0.000,0.000,,,0.000,0.000,,0.000,-1.00,120,-1.933
135,boot,135,187.425,69.799,180.0,188.591,14.654,69.803,0.03,1H_Melee_Attack_Chop,0,0,-1.967,1.967,0,1.000,65.00,0.000,0.000,,,0.000,0.000,,0.000,-1.00,120,-1.967
136,boot,136,187.425,69.799,180.0,188.591,14.654,69.804,0.03,1H_Melee_Attack_Chop,0,0,-2.000,2.000,0,1.000,65.00,0.000,0.000,,,0.000,0.000,,0.000,-1.00,120,-2.000
137,boot,137,187.425,69.799,180.0,188.590,14.653,69.803,0.04,1H_Melee_Attack_Chop,0,0,-2.033,2.033,0,1.000,65.00,0.000,0.000,,,0.000,0.000,,0.000,-1.00,120,-2.033
138,boot,138,187.425,69.799,180.0,188.591,14.655,69.804,0.05,1H_Melee_Attack_Chop,0,0,-2.067,2.067,0,1.000,65.00,0.000,0.000,,,0.000,0.000,,0.000,-1.00,120,-2.067
139,boot,139,187.425,69.799,180.0,188.591,14.657,69.805,0.07,1H_Melee_Attack_Chop,0,0,-2.100,2.100,0,1.000,65.00,0.000,0.000,,,0.000,0.000,,0.000,-1.00,120,-2.100
140,boot,140,187.425,69.799,180.0,188.591,14.659,69.806,0.08,1H_Melee_Attack_Chop,0,0,-2.133,2.133,0,1.000,65.00,0.000,0.000,,,0.000,0.000,,0.000,-1.00,120,-2.133
141,boot,141,187.425,69.799,180.0,188.592,14.663,69.807,0.12,1H_Melee_Attack_Chop,0,0,-2.167,2.167,0,1.000,65.00,0.000,0.000,,,0.000,0.000,,0.000,-1.00,120,-2.167
142,boot,142,187.425,69.799,180.0,188.593,14.667,69.809,0.14,1H_Melee_Attack_Chop,0,0,-2.200,2.200,0,1.000,65.00,0.000,0.000,,,0.000,0.000,,0.000,-1.00,120,-2.200
143,boot,143,187.425,69.799,197.2,188.544,14.969,69.464,13.80,1H_Melee_Attack_Chop,0,0,-2.233,2.233,0,1.000,65.00,0.000,0.000,,,0.000,0.000,,0.000,-1.00,120,-2.233
144,boot,144,187.425,69.799,197.2,188.545,14.677,69.465,8.76,1H_Melee_Attack_Chop,0,0,-2.267,2.267,0,1.000,65.00,0.000,0.000,,,0.000,0.000,,0.000,-1.00,120,-2.267
145,boot,145,187.425,69.799,197.2,188.522,14.745,69.294,5.59,1H_Melee_Attack_Chop,0,0,-2.300,2.300,0,1.000,65.00,0.000,0.000,,,0.000,0.000,,0.000,-1.00,120,-2.300
146,boot,146,187.425,69.799,197.2,188.493,14.765,69.215,2.58,1H_Melee_Attack_Chop,0,0,-2.333,2.333,0,1.000,65.00,0.000,0.000,,,0.000,0.000,,0.000,-1.00,120,-2.333
147,boot,147,187.425,69.799,197.2,188.514,14.762,69.266,1.64,1H_Melee_Attack_Chop,0,0,-2.367,2.367,0,1.000,65.00,0.000,0.000,,,0.000,0.000,,0.000,-1.00,120,-2.367
148,boot,148,187.425,69.799,197.2,188.540,14.748,69.350,2.69,1H_Melee_Attack_Chop,0,0,-2.400,2.400,0,1.000,65.00,0.000,0.000,,,0.000,0.000,,0.000,-1.00,120,-2.400
149,boot,149,187.425,69.799,197.2,188.551,14.730,69.418,2.12,1H_Melee_Attack_Chop,0,0,-2.433,2.433,0,1.000,65.00,0.000,0.000,,,0.000,0.000,,0.000,-1.00,120,-2.433
150,boot,150,187.425,69.799,197.2,188.553,14.717,69.455,1.19,1H_Melee_Attack_Chop,0,0,-2.467,2.467,0,1.000,65.00,0.000,0.000,,,0.000,0.000,,0.000,-1.00,120,-2.467
151,boot,151,187.425,69.799,197.2,188.552,14.712,69.471,0.50,1H_Melee_Attack_Chop,0,0,-2.500,2.500,0,1.000,65.00,0.000,0.000,,,0.000,0.000,,0.000,-1.00,120,-2.500
152,boot,152,187.425,69.799,197.2,188.553,14.713,69.474,0.11,1H_Melee_Attack_Chop,0,0,-2.533,2.533,0,1.000,65.00,0.000,0.000,,,0.000,0.000,,0.000,-1.00,120,-2.533
153,boot,153,187.425,69.799,197.2,188.553,14.713,69.475,0.04,1H_Melee_Attack_Chop,0,0,-2.567,2.567,0,1.000,65.00,0.000,0.000,,,0.000,0.000,,0.000,-1.00,120,-2.567
154,boot,154,187.425,69.799,197.2,188.553,14.714,69.476,0.03,1H_Melee_Attack_Chop,0,0,-2.600,2.600,0,1.000,65.00,0.000,0.000,,,0.000,0.000,,0.000,-1.00,120,-2.600
155,boot,155,187.425,69.799,197.2,188.553,14.715,69.477,0.03,1H_Melee_Attack_Chop,0,0,-2.633,2.633,0,1.000,65.00,0.000,0.000,,,0.000,0.000,,0.000,-1.00,120,-2.633
156,boot,156,187.425,69.799,197.2,188.553,14.715,69.478,0.03,1H_Melee_Attack_Chop,0,0,-2.667,2.667,0,1.000,65.00,0.000,0.000,,,0.000,0.000,,0.000,-1.00,120,-2.667
157,boot,157,187.425,69.799,197.2,188.553,14.713,69.477,0.07,1H_Melee_Attack_Chop,0,0,-2.700,2.700,0,1.000,65.00,0.000,0.000,,,0.000,0.000,,0.000,-1.00,120,-2.700
158,boot,158,187.425,69.799,197.2,188.552,14.710,69.476,0.09,1H_Melee_Attack_Chop,0,0,-2.733,2.733,0,1.000,65.00,0.000,0.000,,,0.000,0.000,,0.000,-1.00,120,-2.733
159,boot,159,187.425,69.799,197.2,188.550,14.707,69.474,0.13,1H_Melee_Attack_Chop,0,0,-2.767,2.767,0,1.000,65.00,0.000,0.000,,,0.000,0.000,,0.000,-1.00,120,-2.767
160,boot,160,187.425,69.799,197.2,188.549,14.703,69.473,0.13,1H_Melee_Attack_Chop,0,0,-2.800,2.800,0,1.000,65.00,0.000,0.000,,,0.000,0.000,,0.000,-1.00,120,-2.800
161,boot,161,187.425,69.799,197.2,188.548,14.698,69.472,0.13,1H_Melee_Attack_Chop,0,0,-2.833,2.833,0,1.000,65.00,0.000,0.000,,,0.000,0.000,,0.000,-1.00,120,-2.833
162,boot,162,187.425,69.799,197.2,188.547,14.694,69.471,0.15,1H_Melee_Attack_Chop,0,0,-2.867,2.867,0,1.000,65.00,0.000,0.000,,,0.000,0.000,,0.000,-1.00,120,-2.867
163,c01_combo_4hit_idle,1,187.425,69.799,274.5,187.349,14.689,68.633,43.88,1H_Melee_Attack_Chop,0,0,-2.900,2.900,0,1.000,65.00,0.000,0.000,,,0.000,0.000,,0.000,-1.00,120,-2.900
164,c01_combo_4hit_idle,2,187.425,69.799,274.5,187.347,14.684,68.633,0.15,1H_Melee_Attack_Chop,0,0,-2.933,2.933,0,1.000,65.00,0.000,0.000,,,0.000,0.000,,0.000,-1.00,120,-2.933
165,c01_combo_4hit_idle,3,187.425,69.799,274.5,187.345,14.680,68.634,0.15,1H_Melee_Attack_Chop,0,0,-2.967,2.967,0,1.000,65.00,0.000,0.000,,,0.000,0.000,,0.000,-1.00,120,-2.967
166,c01_combo_4hit_idle,4,187.425,69.799,274.5,187.343,14.674,68.635,0.16,1H_Melee_Attack_Chop,0,0,-3.000,3.000,0,1.000,65.00,0.000,0.000,,,0.000,0.000,,0.000,-1.00,120,-3.000
167,c01_combo_4hit_idle,5,187.425,69.799,274.5,187.342,14.670,68.635,0.15,1H_Melee_Attack_Chop,0,0,-3.033,3.033,0,1.000,65.00,0.000,0.000,,,0.000,0.000,,0.000,-1.00,120,-3.033
168,c01_combo_4hit_idle,6,187.425,69.799,274.5,187.341,14.665,68.636,0.14,1H_Melee_Attack_Chop,0,0,-3.067,3.067,0,1.000,65.00,0.000,0.000,,,0.000,0.000,,0.000,-1.00,120,-3.067
169,c01_combo_4hit_idle,7,187.425,69.799,274.5,187.339,14.662,68.636,0.11,1H_Melee_Attack_Chop,0,0,-3.100,3.100,0,1.000,65.00,0.000,0.000,,,0.000,0.000,,0.000,-1.00,120,-3.100
170,c01_combo_4hit_idle,8,187.425,69.799,274.5,187.338,14.658,68.636,0.11,1H_Melee_Attack_Chop,0,0,-3.133,3.133,0,1.000,65.00,0.000,0.000,,,0.000,0.000,,0.000,-1.00,120,-3.133
171,c01_combo_4hit_idle,9,187.425,69.799,274.5,187.338,14.657,68.636,0.06,1H_Melee_Attack_Chop,0,0,-3.167,3.167,0,1.000,65.00,0.000,0.000,,,0.000,0.000,,0.000,-1.00,120,-3.167
172,c01_combo_4hit_idle,10,187.329,69.807,274.5,187.242,14.659,68.643,2.88,1H_Melee_Attack_Chop,0,0,0.387,0.033,1,1.000,65.00,0.000,0.000,,,0.000,0.000,,0.000,-1.00,120,-3.200
173,c01_combo_4hit_idle,11,187.247,69.813,274.5,187.078,14.702,68.710,5.46,1H_Melee_Attack_Chop,1,0,0.353,0.067,1,1.000,65.00,0.000,0.000,,,0.000,0.000,,0.000,-1.00,120,-3.233
174,c01_combo_4hit_idle,12,187.179,69.819,274.5,187.092,14.762,68.689,1.95,1H_Melee_Attack_Chop,1,0,0.320,0.100,1,1.000,65.00,0.000,0.000,,,0.000,0.000,,0.000,-1.00,120,-3.267
175,c01_combo_4hit_idle,13,187.123,69.824,274.5,187.619,14.584,68.811,17.09,1H_Melee_Attack_Chop,1,0,0.287,0.133,1,1.000,65.00,0.000,0.000,,,0.000,0.000,,0.000,-1.00,120,-3.300
176,c01_combo_4hit_idle,14,187.081,69.827,274.5,187.826,14.403,70.010,36.88,1H_Melee_Attack_Chop,1,0,0.253,0.167,1,1.000,65.00,0.000,0.000,,,0.000,0.000,,0.000,-1.00,120,-3.333
177,c01_combo_4hit_idle,15,187.052,69.829,274.5,186.709,13.960,69.526,38.88,1H_Melee_Attack_Chop,1,0,0.220,0.200,1,1.000,65.00,0.000,0.000,,,0.000,0.000,,0.000,-1.00,120,-3.367
178,c01_combo_4hit_idle,16,187.036,69.831,274.5,186.271,14.609,68.803,31.95,1H_Melee_Attack_Chop,1,0,0.187,0.233,1,1.000,65.00,0.000,0.000,,,0.000,0.000,,0.000,-1.00,120,-3.400
179,c01_combo_4hit_idle,17,187.033,69.831,274.5,186.472,14.916,68.634,12.11,1H_Melee_Attack_Chop,1,0,0.153,0.267,1,1.000,65.00,0.000,0.000,,,0.000,0.000,,0.000,-1.00,120,-3.433
180,c01_combo_4hit_idle,18,187.033,69.831,274.5,186.642,14.823,68.612,5.86,1H_Melee_Attack_Chop,1,0,0.120,0.300,1,1.000,65.00,0.000,0.000,,,0.000,0.000,,0.000,-1.00,120,-3.467
181,c01_combo_4hit_idle,19,187.033,69.831,274.5,186.851,14.765,68.611,6.51,1H_Melee_Attack_Chop,0,0,0.087,0.333,1,1.000,65.00,0.000,0.000,,,0.000,0.000,,0.000,-1.00,120,-3.500
182,c01_combo_4hit_idle,20,187.033,69.831,274.5,186.961,14.684,68.661,4.37,1H_Melee_Attack_Chop,0,0,0.053,0.367,1,1.000,65.00,0.000,0.000,,,0.000,0.000,,0.000,-1.00,120,-3.533
183,c01_combo_4hit_idle,21,187.033,69.831,274.5,186.955,14.696,68.657,0.43,1H_Melee_Attack_Chop,0,0,0.020,0.400,1,1.000,65.00,0.000,0.000,,,0.000,0.000,,0.000,-1.00,120,-3.567
184,c01_combo_4hit_idle,22,187.033,69.831,274.5,186.956,14.701,68.655,0.16,1H_Melee_Attack_Chop,0,0,-0.013,0.433,1,1.000,65.00,0.000,0.000,,,0.000,0.000,,0.000,-1.00,120,-3.600
185,c01_combo_4hit_idle,23,186.937,69.839,274.5,186.862,14.709,68.662,2.83,1H_Melee_Attack_Slice_Diagonal,0,0,0.387,0.033,2,1.000,65.00,0.000,0.000,,,0.000,0.000,,0.000,-1.00,120,-3.633
186,c01_combo_4hit_idle,24,186.855,69.845,274.5,186.810,14.645,68.702,2.73,1H_Melee_Attack_Slice_Diagonal,1,0,0.353,0.067,2,1.000,65.00,0.000,0.000,,,0.000,0.000,,0.000,-1.00,120,-3.667
187,c01_combo_4hit_idle,25,186.787,69.851,274.5,186.645,14.676,68.688,5.07,1H_Melee_Attack_Slice_Diagonal,1,0,0.320,0.100,2,1.000,65.00,0.000,0.000,,,0.000,0.000,,0.000,-1.00,120,-3.700
188,c01_combo_4hit_idle,26,186.731,69.855,274.5,185.732,15.220,68.983,33.07,1H_Melee_Attack_Slice_Diagonal,1,0,0.287,0.133,2,1.000,65.00,0.000,0.000,,,0.000,0.000,,0.000,-1.00,120,-3.733
189,c01_combo_4hit_idle,27,186.689,69.859,274.5,185.744,15.585,70.045,33.71,1H_Melee_Attack_Slice_Diagonal,1,0,0.253,0.167,2,1.000,65.00,0.000,0.000,,,0.000,0.000,,0.000,-1.00,120,-3.767
190,c01_combo_4hit_idle,28,186.660,69.861,274.5,186.166,15.808,70.007,14.36,1H_Melee_Attack_Slice_Diagonal,1,0,0.220,0.200,2,1.000,65.00,0.000,0.000,,,0.000,0.000,,0.000,-1.00,120,-3.800
191,c01_combo_4hit_idle,29,186.644,69.862,274.5,186.629,15.899,69.108,30.47,1H_Melee_Attack_Slice_Diagonal,1,0,0.187,0.233,2,1.000,65.00,0.000,0.000,,,0.000,0.000,,0.000,-1.00,120,-3.833
192,c01_combo_4hit_idle,30,186.641,69.863,274.5,187.042,15.660,68.941,15.16,1H_Melee_Attack_Slice_Diagonal,1,0,0.153,0.267,2,1.000,65.00,0.000,0.000,,,0.000,0.000,,0.000,-1.00,120,-3.867
193,c01_combo_4hit_idle,31,186.641,69.863,274.5,187.041,15.446,68.775,8.14,1H_Melee_Attack_Slice_Diagonal,1,0,0.120,0.300,2,1.000,65.00,0.000,0.000,,,0.000,0.000,,0.000,-1.00,120,-3.900
194,c01_combo_4hit_idle,32,186.641,69.863,274.5,187.081,15.179,68.675,8.64,1H_Melee_Attack_Slice_Diagonal,1,0,0.087,0.333,2,1.000,65.00,0.000,0.000,,,0.000,0.000,,0.000,-1.00,120,-3.933
195,c01_combo_4hit_idle,33,186.641,69.863,274.5,186.942,14.943,68.624,8.34,1H_Melee_Attack_Slice_Diagonal,1,0,0.053,0.367,2,1.000,65.00,0.000,0.000,,,0.000,0.000,,0.000,-1.00,120,-3.967
196,c01_combo_4hit_idle,34,186.641,69.863,274.5,186.687,14.774,68.651,9.20,1H_Melee_Attack_Slice_Diagonal,0,0,0.020,0.400,2,1.000,65.00,0.000,0.000,,,0.000,0.000,,0.000,-1.00,120,-4.000
197,c01_combo_4hit_idle,35,186.641,69.863,274.5,186.569,14.729,68.687,3.96,1H_Melee_Attack_Slice_Diagonal,0,0,-0.013,0.433,2,1.000,65.00,0.000,0.000,,,0.000,0.000,,0.000,-1.00,120,-4.033
198,c01_combo_4hit_idle,36,186.545,69.870,274.5,186.472,14.727,68.696,2.91,1H_Melee_Attack_Slice_Horizontal,0,0,0.467,0.033,3,1.000,65.00,0.000,0.000,,,0.000,0.000,,0.000,-1.00,120,-4.067
199,c01_combo_4hit_idle,37,186.463,69.877,274.5,185.953,14.826,68.758,15.98,1H_Melee_Attack_Slice_Horizontal,1,0,0.433,0.067,3,1.000,65.00,0.000,0.000,,,0.000,0.000,,0.000,-1.00,120,-4.100
200,c01_combo_4hit_idle,38,186.395,69.883,274.5,185.779,14.880,68.800,5.61,1H_Melee_Attack_Slice_Horizontal,1,0,0.400,0.100,3,1.000,65.00,0.000,0.000,,,0.000,0.000,,0.000,-1.00,120,-4.133
201,c01_combo_4hit_idle,39,186.339,69.887,274.5,185.937,14.839,68.641,6.83,1H_Melee_Attack_Slice_Horizontal,1,0,0.367,0.133,3,1.000,65.00,0.000,0.000,,,0.000,0.000,,0.000,-1.00,120,-4.167
202,c01_combo_4hit_idle,40,186.297,69.891,274.5,186.870,14.688,68.955,29.88,1H_Melee_Attack_Slice_Horizontal,1,0,0.333,0.167,3,1.000,65.00,0.000,0.000,,,0.000,0.000,,0.000,-1.00,120,-4.200
203,c01_combo_4hit_idle,41,186.268,69.893,274.5,186.659,14.271,69.253,16.62,1H_Melee_Attack_Slice_Horizontal,1,0,0.300,0.200,3,1.000,65.00,0.000,0.000,,,0.000,0.000,,0.000,-1.00,120,-4.233
204,c01_combo_4hit_idle,42,186.252,69.894,274.5,186.695,14.374,69.131,4.92,1H_Melee_Attack_Slice_Horizontal,1,0,0.267,0.233,3,1.000,65.00,0.000,0.000,,,0.000,0.000,,0.000,-1.00,120,-4.267
205,c01_combo_4hit_idle,43,186.249,69.895,274.5,186.772,14.582,68.960,8.40,1H_Melee_Attack_Slice_Horizontal,1,0,0.233,0.267,3,1.000,65.00,0.000,0.000,,,0.000,0.000,,0.000,-1.00,120,-4.300
206,c01_combo_4hit_idle,44,186.249,69.895,274.5,186.834,14.715,68.893,4.84,1H_Melee_Attack_Slice_Horizontal,1,0,0.200,0.300,3,1.000,65.00,0.000,0.000,,,0.000,0.000,,0.000,-1.00,120,-4.333
207,c01_combo_4hit_idle,45,186.249,69.895,274.5,186.897,14.567,69.122,8.37,1H_Melee_Attack_Slice_Horizontal,1,0,0.167,0.333,3,1.000,65.00,0.000,0.000,,,0.000,0.000,,0.000,-1.00,120,-4.367
208,c01_combo_4hit_idle,46,186.249,69.895,274.5,185.803,14.301,68.953,34.14,1H_Melee_Attack_Slice_Horizontal,1,0,0.133,0.367,3,1.000,65.00,0.000,0.000,,,0.000,0.000,,0.000,-1.00,120,-4.400
209,c01_combo_4hit_idle,47,186.249,69.895,274.5,185.475,14.078,69.556,21.66,1H_Melee_Attack_Slice_Horizontal,1,0,0.100,0.400,3,1.000,65.00,0.000,0.000,,,0.000,0.000,,0.000,-1.00,120,-4.433
210,c01_combo_4hit_idle,48,186.249,69.895,274.5,185.319,14.333,69.577,9.00,1H_Melee_Attack_Slice_Horizontal,1,0,0.067,0.433,3,1.000,65.00,0.000,0.000,,,0.000,0.000,,0.000,-1.00,120,-4.467
211,c01_combo_4hit_idle,49,186.153,69.902,274.5,185.240,14.403,69.547,3.27,1H_Melee_Attack_Stab,1,0,0.567,0.033,4,1.000,65.00,0.000,0.000,,,0.000,0.000,,0.000,-1.00,120,-4.500
212,c01_combo_4hit_idle,50,186.071,69.909,274.5,186.269,15.342,68.915,45.89,1H_Melee_Attack_Stab,1,0,0.533,0.067,4,1.000,65.00,0.000,0.000,,,0.000,0.000,,0.000,-1.00,120,-4.533
213,c01_combo_4hit_idle,51,186.002,69.915,274.5,186.202,15.454,68.973,4.26,1H_Melee_Attack_Stab,1,0,0.500,0.100,4,1.000,65.00,0.000,0.000,,,0.000,0.000,,0.000,-1.00,120,-4.567
214,c01_combo_4hit_idle,52,185.944,69.919,274.5,186.152,15.660,69.116,7.69,1H_Melee_Attack_Stab,1,0,0.467,0.133,4,1.000,65.00,0.000,0.000,,,0.000,0.000,,0.000,-1.00,120,-4.600
215,c01_combo_4hit_idle,53,185.899,69.923,274.5,186.000,15.869,69.274,9.08,1H_Melee_Attack_Stab,1,0,0.433,0.167,4,1.000,65.00,0.000,0.000,,,0.000,0.000,,0.000,-1.00,120,-4.633
216,c01_combo_4hit_idle,54,185.867,69.925,274.5,185.828,16.020,69.453,8.72,1H_Melee_Attack_Stab,1,0,0.400,0.200,4,1.000,65.00,0.000,0.000,,,0.000,0.000,,0.000,-1.00,120,-4.667
217,c01_combo_4hit_idle,55,185.849,69.927,274.5,185.912,16.080,69.570,4.69,1H_Melee_Attack_Stab,1,0,0.367,0.233,4,1.000,65.00,0.000,0.000,,,0.000,0.000,,0.000,-1.00,120,-4.700
218,c01_combo_4hit_idle,56,185.844,69.927,274.5,186.197,16.039,69.842,11.89,1H_Melee_Attack_Stab,1,0,0.333,0.267,4,1.000,65.00,0.000,0.000,,,0.000,0.000,,0.000,-1.00,120,-4.733
219,c01_combo_4hit_idle,57,185.844,69.927,274.5,186.304,15.553,70.432,23.13,1H_Melee_Attack_Stab,1,0,0.300,0.300,4,1.000,65.00,0.000,0.000,,,0.000,0.000,,0.000,-1.00,120,-4.767
220,c01_combo_4hit_idle,58,185.844,69.927,274.5,186.582,14.966,69.857,26.02,1H_Melee_Attack_Stab,1,0,0.267,0.333,4,1.000,65.00,0.000,0.000,,,0.000,0.000,,0.000,-1.00,120,-4.800
221,c01_combo_4hit_idle,59,185.844,69.927,274.5,185.869,14.628,68.838,38.69,1H_Melee_Attack_Stab,1,0,0.233,0.367,4,1.000,65.00,0.000,0.000,,,0.000,0.000,,0.000,-1.00,120,-4.833
222,c01_combo_4hit_idle,60,185.844,69.927,274.5,185.245,14.375,68.985,20.67,1H_Melee_Attack_Stab,1,0,0.200,0.400,4,1.000,65.00,0.000,0.000,,,0.000,0.000,,0.000,-1.00,120,-4.867
223,c01_combo_4hit_idle,61,185.844,69.927,274.5,185.004,14.180,69.257,12.37,1H_Melee_Attack_Stab,1,0,0.167,0.433,4,1.000,65.00,0.000,0.000,,,0.000,0.000,,0.000,-1.00,120,-4.900
224,c01_combo_4hit_idle,62,185.844,69.927,274.5,184.960,14.219,69.279,1.87,1H_Melee_Attack_Stab,1,0,0.133,0.467,4,1.000,65.00,0.000,0.000,,,0.000,0.000,,0.000,-1.00,120,-4.933
225,c01_combo_4hit_idle,63,185.844,69.927,274.5,184.931,14.285,69.260,2.25,1H_Melee_Attack_Stab,1,0,0.100,0.500,4,1.000,65.00,0.000,0.000,,,0.000,0.000,,0.000,-1.00,120,-4.967
226,c01_combo_4hit_idle,64,185.844,69.927,274.5,184.919,14.363,69.219,2.67,1H_Melee_Attack_Stab,1,0,0.067,0.533,4,1.000,65.00,0.000,0.000,,,0.000,0.000,,0.000,-1.00,120,-5.000
227,c01_combo_4hit_idle,65,185.844,69.927,274.5,184.925,14.437,69.168,2.71,1H_Melee_Attack_Stab,1,0,0.033,0.567,4,1.000,65.00,0.000,0.000,,,0.000,0.000,,0.000,-1.00,120,-5.033
228,c01_combo_4hit_idle,66,185.844,69.927,274.5,184.961,14.479,69.108,2.43,1H_Melee_Attack_Stab,1,0,-0.000,0.600,4,1.000,65.00,0.000,0.000,,,0.000,0.000,,0.000,-1.00,120,-5.067
229,c01_combo_4hit_idle,67,185.844,69.927,274.5,185.041,14.500,69.014,3.76,1H_Melee_Attack_Stab,1,0,-0.033,0.633,4,1.000,65.00,0.000,0.000,,,0.000,0.000,,0.000,-1.00,120,-5.100
230,c01_combo_4hit_idle,68,185.844,69.927,274.5,185.276,14.647,68.816,10.21,1H_Melee_Attack_Stab,1,0,-0.067,0.667,4,1.000,65.00,0.000,0.000,,,0.000,0.000,,0.000,-1.00,120,-5.133
231,c01_combo_4hit_idle,69,185.844,69.927,274.5,185.632,15.084,68.742,17.06,1H_Melee_Attack_Stab,1,0,-0.100,0.700,4,1.000,65.00,0.000,0.000,,,0.000,0.000,,0.000,-1.00,120,-5.167
232,c01_combo_4hit_idle,70,185.844,69.927,274.5,185.577,15.519,68.939,14.40,1H_Melee_Attack_Stab,1,0,-0.133,0.733,4,1.000,65.00,0.000,0.000,,,0.000,0.000,,0.000,-1.00,120,-5.200
233,c01_combo_4hit_idle,71,185.844,69.927,274.5,185.214,15.465,69.002,11.16,1H_Melee_Attack_Stab,1,0,-0.167,0.767,4,1.000,65.00,0.000,0.000,,,0.000,0.000,,0.000,-1.00,120,-5.233
234,c01_combo_4hit_idle,72,185.844,69.927,274.5,185.141,15.186,68.899,9.18,1H_Melee_Attack_Stab,1,0,-0.200,0.800,4,1.000,65.00,0.000,0.000,,,0.000,0.000,,0.000,-1.00,120,-5.267
235,c01_combo_4hit_idle,73,185.844,69.927,274.5,185.357,15.018,68.760,9.21,1H_Melee_Attack_Stab,1,0,-0.233,0.833,4,1.000,65.00,0.000,0.000,,,0.000,0.000,,0.000,-1.00,120,-5.300
236,c01_combo_4hit_idle,74,185.844,69.927,274.5,185.685,15.047,68.699,10.04,1H_Melee_Attack_Stab,1,0,-0.267,0.867,4,1.000,65.00,0.000,0.000,,,0.000,0.000,,0.000,-1.00,120,-5.333
237,c01_combo_4hit_idle,75,185.844,69.927,274.5,186.001,15.181,68.752,10.40,1H_Melee_Attack_Stab,1,0,-0.300,0.900,4,1.000,65.00,0.000,0.000,,,0.000,0.000,,0.000,-1.00,120,-5.367
238,c01_combo_4hit_idle,76,185.844,69.927,274.5,186.186,15.281,68.842,6.88,1H_Melee_Attack_Stab,1,0,-0.333,0.933,4,1.000,65.00,0.000,0.000,,,0.000,0.000,,0.000,-1.00,120,-5.400
239,c01_combo_4hit_idle,77,185.844,69.927,274.5,186.283,15.326,68.910,3.77,1H_Melee_Attack_Stab,1,0,-0.367,0.967,4,1.000,65.00,0.000,0.000,,,0.000,0.000,,0.000,-1.00,120,-5.433
240,c01_combo_4hit_idle,78,185.844,69.927,274.5,186.343,15.340,68.956,2.32,1H_Melee_Attack_Stab,1,0,-0.400,1.000,4,1.000,65.00,0.000,0.000,,,0.000,0.000,,0.000,-1.00,120,-5.467
241,c01_combo_4hit_idle,79,185.844,69.927,274.5,186.375,15.249,68.932,2.98,1H_Melee_Attack_Stab,1,0,-0.433,1.033,4,1.000,65.00,0.000,0.000,,,0.000,0.000,,0.000,-1.00,120,-5.500
242,c01_combo_4hit_idle,80,185.844,69.927,274.5,186.338,15.081,68.856,5.64,1H_Melee_Attack_Stab,1,0,-0.467,1.067,4,1.000,65.00,0.000,0.000,,,0.000,0.000,,0.000,-1.00,120,-5.533
243,c01_combo_4hit_idle,81,185.844,69.927,274.5,186.235,14.929,68.791,5.84,1H_Melee_Attack_Stab,1,0,-0.500,1.100,4,1.000,65.00,0.000,0.000,,,0.000,0.000,,0.000,-1.00,120,-5.567
244,c01_combo_4hit_idle,82,185.844,69.927,274.5,186.089,14.809,68.751,5.79,1H_Melee_Attack_Stab,1,0,-0.533,1.133,4,1.000,65.00,0.000,0.000,,,0.000,0.000,,0.000,-1.00,120,-5.600
245,c01_combo_4hit_idle,83,185.844,69.927,274.5,185.918,14.726,68.744,5.73,1H_Melee_Attack_Stab,0,0,-0.567,1.167,4,1.000,65.00,0.000,0.000,,,0.000,0.000,,0.000,-1.00,120,-5.633
246,c01_combo_4hit_idle,84,185.844,69.927,274.5,185.757,14.685,68.764,5.00,1H_Melee_Attack_Stab,0,0,-0.600,1.200,4,1.000,65.00,0.000,0.000,,,0.000,0.000,,0.000,-1.00,120,-5.667
247,c01_combo_4hit_idle,85,185.844,69.927,274.5,185.757,14.685,68.764,0.03,1H_Melee_Attack_Stab,0,0,-0.633,1.233,4,1.000,65.00,0.000,0.000,,,0.000,0.000,,0.000,-1.00,120,-5.700
248,c01_combo_4hit_idle,86,185.844,69.927,274.5,185.756,14.684,68.763,0.03,1H_Melee_Attack_Stab,0,0,-0.667,1.267,4,1.000,65.00,0.000,0.000,,,0.000,0.000,,0.000,-1.00,120,-5.733
249,c01_combo_4hit_idle,87,185.844,69.927,274.5,185.757,14.684,68.763,0.03,1H_Melee_Attack_Stab,0,0,-0.700,1.300,4,1.000,65.00,0.000,0.000,,,0.000,0.000,,0.000,-1.00,120,-5.767
250,c01_combo_4hit_idle,88,185.844,69.927,274.5,185.756,14.684,68.762,0.04,1H_Melee_Attack_Stab,0,0,-0.733,1.333,4,1.000,65.00,0.000,0.000,,,0.000,0.000,,0.000,-1.00,120,-5.800
251,c01_combo_4hit_idle,89,185.844,69.927,274.5,185.757,14.686,68.761,0.07,1H_Melee_Attack_Stab,0,0,-0.767,1.367,4,1.000,65.00,0.000,0.000,,,0.000,0.000,,0.000,-1.00,120,-5.833
252,c01_combo_4hit_idle,90,185.844,69.927,274.5,185.758,14.689,68.760,0.09,1H_Melee_Attack_Stab,0,0,-0.800,1.400,4,1.000,65.00,0.000,0.000,,,0.000,0.000,,0.000,-1.00,120,-5.867
253,c01_combo_4hit_idle,91,185.844,69.927,274.5,185.759,14.691,68.759,0.09,1H_Melee_Attack_Stab,0,0,-0.833,1.433,4,1.000,65.00,0.000,0.000,,,0.000,0.000,,0.000,-1.00,120,-5.900
254,c01_combo_4hit_idle,92,185.844,69.927,274.5,185.760,14.696,68.758,0.14,1H_Melee_Attack_Stab,0,0,-0.867,1.467,4,1.000,65.00,0.000,0.000,,,0.000,0.000,,0.000,-1.00,120,-5.933
255,c01_combo_4hit_idle,93,185.844,69.927,274.5,185.761,14.700,68.756,0.15,1H_Melee_Attack_Stab,0,0,-0.900,1.500,4,1.000,65.00,0.000,0.000,,,0.000,0.000,,0.000,-1.00,120,-5.967
256,c01_combo_4hit_idle,94,185.844,69.927,274.5,185.762,14.705,68.755,0.15,1H_Melee_Attack_Stab,0,0,-0.933,1.533,4,1.000,65.00,0.000,0.000,,,0.000,0.000,,0.000,-1.00,120,-6.000
257,c01_combo_4hit_idle,95,185.844,69.927,274.5,185.764,14.710,68.754,0.15,1H_Melee_Attack_Stab,0,0,-0.967,1.567,4,1.000,65.00,0.000,0.000,,,0.000,0.000,,0.000,-1.00,120,-6.033
258,c01_combo_4hit_idle,96,185.844,69.927,274.5,185.765,14.714,68.753,0.15,1H_Melee_Attack_Stab,0,0,-1.000,1.600,4,1.000,65.00,0.000,0.000,,,0.000,0.000,,0.000,-1.00,120,-6.067
259,c01_combo_4hit_idle,97,185.844,69.927,274.5,185.767,14.719,68.752,0.15,1H_Melee_Attack_Stab,0,0,-1.033,1.633,4,1.000,65.00,0.000,0.000,,,0.000,0.000,,0.000,-1.00,120,-6.100
260,c01_combo_4hit_idle,98,185.844,69.927,274.5,185.769,14.724,68.751,0.16,1H_Melee_Attack_Stab,0,0,-1.067,1.667,4,1.000,65.00,0.000,0.000,,,0.000,0.000,,0.000,-1.00,120,-6.133
261,c01_combo_4hit_idle,99,185.844,69.927,274.5,185.770,14.729,68.750,0.15,1H_Melee_Attack_Stab,0,0,-1.100,1.700,4,1.000,65.00,0.000,0.000,,,0.000,0.000,,0.000,-1.00,120,-6.167
262,c01_combo_4hit_idle,100,185.844,69.927,274.5,185.771,14.733,68.749,0.14,1H_Melee_Attack_Stab,0,0,-1.133,1.733,4,1.000,65.00,0.000,0.000,,,0.000,0.000,,0.000,-1.00,120,-6.200
263,gap,1,187.425,69.799,180.0,188.606,15.005,69.821,91.28,1H_Melee_Attack_Stab,0,0,-1.167,1.767,4,1.000,65.00,0.000,0.000,,,0.000,0.000,,0.000,-1.00,120,-6.233
264,gap,2,187.425,69.799,180.0,188.606,14.711,69.822,8.80,1H_Melee_Attack_Stab,0,0,-1.200,1.800,4,1.000,65.00,0.000,0.000,,,0.000,0.000,,0.000,-1.00,120,-6.267
265,gap,3,187.425,69.799,180.0,188.606,14.713,69.823,0.05,1H_Melee_Attack_Stab,0,0,-1.233,1.833,4,1.000,65.00,0.000,0.000,,,0.000,0.000,,0.000,-1.00,120,-6.300
266,gap,4,187.425,69.799,180.0,188.606,14.714,69.824,0.04,1H_Melee_Attack_Stab,0,0,-1.267,1.867,4,1.000,65.00,0.000,0.000,,,0.000,0.000,,0.000,-1.00,120,-6.333
267,gap,5,187.425,69.799,180.0,188.606,14.715,69.825,0.06,1H_Melee_Attack_Stab,0,0,-1.300,1.900,4,1.000,65.00,0.000,0.000,,,0.000,0.000,,0.000,-1.00,120,-6.367
268,gap,6,187.425,69.799,180.0,188.606,14.717,69.826,0.05,1H_Melee_Attack_Stab,0,0,-1.333,1.933,4,1.000,65.00,0.000,0.000,,,0.000,0.000,,0.000,-1.00,120,-6.400
269,gap,7,187.425,69.799,180.0,188.605,14.716,69.825,0.04,1H_Melee_Attack_Stab,0,0,-1.367,1.967,4,1.000,65.00,0.000,0.000,,,0.000,0.000,,0.000,-1.00,120,-6.433
270,gap,8,187.425,69.799,180.0,188.605,14.714,69.824,0.07,1H_Melee_Attack_Stab,0,0,-1.400,2.000,4,1.000,65.00,0.000,0.000,,,0.000,0.000,,0.000,-1.00,120,-6.467
271,gap,9,187.425,69.799,180.0,188.604,14.711,69.822,0.12,1H_Melee_Attack_Stab,0,0,-1.433,2.033,4,1.000,65.00,0.000,0.000,,,0.000,0.000,,0.000,-1.00,120,-6.500
272,gap,10,187.425,69.799,180.0,188.603,14.707,69.820,0.12,1H_Melee_Attack_Stab,0,0,-1.467,2.067,4,1.000,65.00,0.000,0.000,,,0.000,0.000,,0.000,-1.00,120,-6.533
273,gap,11,187.425,69.799,180.0,188.602,14.703,69.819,0.13,1H_Melee_Attack_Stab,0,0,-1.500,2.100,4,1.000,65.00,0.000,0.000,,,0.000,0.000,,0.000,-1.00,120,-6.567
274,gap,12,187.425,69.799,180.0,188.601,14.698,69.818,0.15,1H_Melee_Attack_Stab,0,0,-1.533,2.133,4,1.000,65.00,0.000,0.000,,,0.000,0.000,,0.000,-1.00,120,-6.600
275,gap,13,187.425,69.799,180.0,188.599,14.693,69.816,0.16,1H_Melee_Attack_Stab,0,0,-1.567,2.167,4,1.000,65.00,0.000,0.000,,,0.000,0.000,,0.000,-1.00,120,-6.633
276,gap,14,187.425,69.799,180.0,188.598,14.689,69.814,0.16,1H_Melee_Attack_Stab,0,0,-1.600,2.200,4,1.000,65.00,0.000,0.000,,,0.000,0.000,,0.000,-1.00,120,-6.667
277,gap,15,187.425,69.799,180.0,188.597,14.684,69.812,0.16,1H_Melee_Attack_Stab,0,0,-1.633,2.233,4,1.000,65.00,0.000,0.000,,,0.000,0.000,,0.000,-1.00,120,-6.700
278,gap,16,187.425,69.799,180.0,188.596,14.678,69.810,0.17,1H_Melee_Attack_Stab,0,0,-1.667,2.267,4,1.000,65.00,0.000,0.000,,,0.000,0.000,,0.000,-1.00,120,-6.733
279,gap,17,187.425,69.799,180.0,188.595,14.673,69.809,0.17,1H_Melee_Attack_Stab,0,0,-1.700,2.300,4,1.000,65.00,0.000,0.000,,,0.000,0.000,,0.000,-1.00,120,-6.767
280,gap,18,187.425,69.799,180.0,188.594,14.668,69.807,0.16,1H_Melee_Attack_Stab,0,0,-1.733,2.333,4,1.000,65.00,0.000,0.000,,,0.000,0.000,,0.000,-1.00,120,-6.800
281,gap,19,187.425,69.799,180.0,188.593,14.664,69.806,0.14,1H_Melee_Attack_Stab,0,0,-1.767,2.367,4,1.000,65.00,0.000,0.000,,,0.000,0.000,,0.000,-1.00,120,-6.833
282,gap,20,187.425,69.799,180.0,188.592,14.660,69.805,0.12,1H_Melee_Attack_Stab,0,0,-1.800,2.400,4,1.000,65.00,0.000,0.000,,,0.000,0.000,,0.000,-1.00,120,-6.867
283,gap,21,187.425,69.799,180.0,188.592,14.657,69.804,0.10,1H_Melee_Attack_Stab,0,0,-1.833,2.433,4,1.000,65.00,0.000,0.000,@CharacterBody3D@8750,0,0.000,0.000,,0.000,2.60,120,-6.900
284,gap,22,187.425,69.799,180.0,188.591,14.655,69.804,0.05,1H_Melee_Attack_Stab,0,0,-1.867,2.467,4,1.000,65.00,0.000,0.000,@CharacterBody3D@8750,2,0.000,-0.033,walk,0.000,2.58,120,-6.933
285,gap,23,187.425,69.799,180.0,188.591,14.654,69.803,0.03,1H_Melee_Attack_Stab,0,0,-1.900,2.500,4,1.000,65.00,0.000,0.000,@CharacterBody3D@8750,2,0.000,-0.067,walk,0.000,2.54,120,-6.967
286,gap,24,187.425,69.799,180.0,188.591,14.654,69.804,0.03,1H_Melee_Attack_Stab,0,0,-1.933,2.533,4,1.000,65.00,0.000,0.000,@CharacterBody3D@8750,2,0.000,-0.100,walk,0.026,2.48,120,-7.000
287,gap,25,187.425,69.799,180.0,188.590,14.653,69.803,0.04,1H_Melee_Attack_Stab,0,0,-1.967,2.567,4,1.000,65.00,0.000,0.000,@CharacterBody3D@8750,2,0.000,-0.133,walk,0.061,2.41,120,-7.033
288,gap,26,187.425,69.799,180.0,188.591,14.655,69.804,0.05,1H_Melee_Attack_Stab,0,0,-2.000,2.600,4,1.000,65.00,0.000,0.000,@CharacterBody3D@8750,2,0.000,-0.167,walk,0.103,2.32,120,-7.067
289,gap,27,187.425,69.799,180.0,188.591,14.657,69.805,0.07,1H_Melee_Attack_Stab,0,0,-2.033,2.633,4,1.000,65.00,0.000,0.000,@CharacterBody3D@8750,2,0.000,-0.200,walk,0.152,2.23,120,-7.100
290,gap,28,187.425,69.799,180.0,188.591,14.659,69.806,0.08,1H_Melee_Attack_Stab,0,0,-2.067,2.667,4,1.000,65.00,0.000,0.000,@CharacterBody3D@8750,2,0.000,-0.233,walk,0.205,2.13,120,-7.133
291,gap,29,187.425,69.799,180.0,188.592,14.663,69.807,0.12,1H_Melee_Attack_Stab,0,0,-2.100,2.700,4,1.000,65.00,0.000,0.000,@CharacterBody3D@8750,2,0.000,-0.267,run,0.000,2.02,120,-7.167
292,gap,30,187.425,69.799,180.0,188.593,14.667,69.809,0.14,1H_Melee_Attack_Stab,0,0,-2.133,2.733,4,1.000,65.00,0.000,0.000,@CharacterBody3D@8750,2,0.850,1.450,attack,0.000,1.91,120,-7.200
293,gap,31,187.425,69.799,180.0,188.593,14.672,69.810,0.15,1H_Melee_Attack_Stab,0,0,-2.167,2.767,4,1.000,65.00,0.000,0.000,@CharacterBody3D@8750,2,0.817,1.417,attack,0.000,1.83,120,-7.233
294,gap,32,187.425,69.799,180.0,188.594,14.677,69.812,0.15,1H_Melee_Attack_Stab,0,0,-2.200,2.800,4,1.000,65.00,0.000,0.000,@CharacterBody3D@8750,2,0.783,1.383,attack,0.044,1.76,120,-7.267
295,gap,33,187.425,69.799,180.0,188.595,14.681,69.813,0.15,1H_Melee_Attack_Stab,0,0,-2.233,2.833,4,1.000,65.00,0.000,0.000,@CharacterBody3D@8750,2,0.750,1.350,attack,0.087,1.70,120,-7.300
296,gap,34,187.425,69.799,180.0,188.595,14.686,69.815,0.15,1H_Melee_Attack_Stab,0,0,-2.267,2.867,4,1.000,65.00,0.000,0.000,@CharacterBody3D@8750,2,0.717,1.317,attack,0.131,1.65,120,-7.333
297,gap,35,187.425,69.799,180.0,188.596,14.691,69.816,0.17,1H_Melee_Attack_Stab,0,0,-2.300,2.900,4,1.000,65.00,0.000,0.000,@CharacterBody3D@8750,2,0.683,1.283,attack,0.174,1.62,120,-7.367
298,gap,36,187.425,69.799,180.0,188.597,14.697,69.818,0.16,1H_Melee_Attack_Stab,0,0,-2.333,2.933,4,1.000,65.00,0.000,0.000,@CharacterBody3D@8750,2,0.650,1.250,attack,0.218,1.58,120,-7.400
299,gap,37,187.425,69.799,180.0,188.597,14.701,69.819,0.15,1H_Melee_Attack_Stab,0,0,-2.367,2.967,4,1.000,65.00,0.000,0.000,@CharacterBody3D@8750,2,0.617,1.217,attack,0.261,1.56,120,-7.433
300,gap,38,187.425,69.799,180.0,188.598,14.706,69.821,0.14,1H_Melee_Attack_Stab,0,0,-2.400,3.000,4,1.000,65.00,0.000,0.000,@CharacterBody3D@8750,2,0.583,1.183,attack,0.305,1.54,120,-7.467
301,gap,39,187.425,69.799,180.0,188.598,14.710,69.822,0.12,1H_Melee_Attack_Stab,0,0,-2.433,3.033,4,1.000,65.00,0.000,0.000,@CharacterBody3D@8750,2,0.550,1.150,attack,0.348,1.52,120,-7.500
302,gap,40,187.425,69.799,180.0,188.598,14.713,69.822,0.08,1H_Melee_Attack_Stab,0,0,-2.467,3.067,4,1.000,65.00,0.000,0.000,@CharacterBody3D@8750,2,0.517,1.117,attack,0.392,1.50,120,-7.533
303,c02_combo_on_orc,1,187.425,69.799,256.8,187.717,14.713,68.662,43.70,1H_Melee_Attack_Stab,0,0,-2.500,3.100,4,1.000,65.00,0.000,0.000,@CharacterBody3D@8750,2,0.483,1.083,attack,0.435,1.49,120,-7.567
304,c02_combo_on_orc,2,187.426,69.734,179.4,188.598,14.718,69.770,42.47,1H_Melee_Attack_Chop,0,0,0.387,0.033,5,1.000,65.00,0.000,0.000,@CharacterBody3D@8750,2,0.450,1.050,attack,0.479,1.41,120,-7.600
305,c02_combo_on_orc,3,187.426,69.682,179.4,188.535,14.605,69.780,3.89,1H_Melee_Attack_Chop,1,0,0.353,0.067,5,1.000,65.00,0.000,0.000,@CharacterBody3D@8750,2,0.417,1.017,attack,0.522,1.35,120,-7.633
306,c02_combo_on_orc,4,187.427,69.643,179.4,188.550,14.623,69.741,1.37,1H_Melee_Attack_Chop,1,0,0.320,0.100,5,1.000,65.00,0.000,0.000,@CharacterBody3D@8750,2,0.383,0.983,attack,0.566,1.30,120,-7.667
307,c02_combo_on_orc,5,187.427,69.617,179.4,188.366,14.528,70.241,16.23,1H_Melee_Attack_Chop,1,0,0.287,0.133,5,1.000,65.00,0.000,0.000,@CharacterBody3D@8750,2,0.350,0.950,attack,0.609,1.27,120,-7.700
308,c02_combo_on_orc,6,187.427,69.605,179.4,187.173,14.411,70.315,36.02,1H_Melee_Attack_Chop,1,0,0.253,0.167,5,1.000,65.00,0.000,0.000,@CharacterBody3D@8750,2,0.317,0.917,attack,0.653,1.25,120,-7.733
309,c02_combo_on_orc,7,187.427,69.605,179.4,187.794,13.960,69.286,38.50,1H_Melee_Attack_Chop,1,0,0.252,0.168,5,0.050,65.00,0.000,0.000,@CharacterBody3D@8750,2,0.000,0.298,hit,0.000,1.24,120,-7.735
310,c02_combo_on_orc,8,187.427,69.605,179.4,188.135,14.139,69.907,21.92,1H_Melee_Attack_Chop,1,0,0.250,0.170,5,0.050,65.00,0.000,0.000,@CharacterBody3D@8750,2,0.000,0.297,hit,0.000,1.24,120,-7.737
311,c02_combo_on_orc,9,187.427,69.604,179.4,188.188,14.151,69.860,2.17,1H_Melee_Attack_Chop,1,0,0.217,0.203,5,1.000,65.00,0.000,0.000,@CharacterBody3D@8750,2,0.000,0.263,hit,0.002,1.23,120,-7.770
312,c02_combo_on_orc,10,187.427,69.604,179.4,188.624,14.780,69.013,34.25,1H_Melee_Attack_Chop,1,0,0.183,0.237,5,1.000,65.00,0.000,0.000,@CharacterBody3D@8750,2,0.000,0.230,hit,0.035,1.23,120,-7.803
313,c02_combo_on_orc,11,187.427,69.604,179.4,188.728,15.078,69.260,12.02,1H_Melee_Attack_Chop,1,0,0.150,0.270,5,1.000,65.00,0.000,0.000,@CharacterBody3D@8750,2,0.000,0.197,hit,0.068,1.22,120,-7.837
314,c02_combo_on_orc,12,187.427,69.604,179.4,188.720,14.964,69.368,4.72,1H_Melee_Attack_Chop,1,0,0.117,0.303,5,1.000,65.00,0.000,0.000,@CharacterBody3D@8750,2,0.000,0.163,hit,0.102,1.22,120,-7.870
315,c02_combo_on_orc,13,187.427,69.604,179.4,188.661,14.805,69.542,7.28,1H_Melee_Attack_Chop,0,0,0.083,0.337,5,1.000,65.00,0.000,0.000,@CharacterBody3D@8750,2,0.000,0.130,hit,0.135,1.22,120,-7.903
316,c02_combo_on_orc,14,187.427,69.604,179.4,188.595,14.694,69.630,4.70,1H_Melee_Attack_Chop,0,0,0.050,0.370,5,1.000,65.00,0.000,0.000,@CharacterBody3D@8750,2,0.000,0.097,hit,0.168,1.22,120,-7.937
317,c02_combo_on_orc,15,187.427,69.604,179.4,188.595,14.689,69.628,0.15,1H_Melee_Attack_Chop,0,0,0.017,0.403,5,1.000,65.00,0.000,0.000,@CharacterBody3D@8750,2,0.000,0.063,hit,0.202,1.22,120,-7.970
318,c02_combo_on_orc,16,187.427,69.604,178.1,188.593,14.684,69.654,0.79,1H_Melee_Attack_Slice_Diagonal,0,0,0.387,0.033,6,1.000,65.00,0.000,0.000,@CharacterBody3D@8750,2,0.000,0.030,hit,0.235,1.21,120,-8.003
319,c02_combo_on_orc,17,187.427,69.604,178.1,188.593,14.679,69.653,0.15,1H_Melee_Attack_Slice_Diagonal,1,0,0.353,0.067,6,1.000,65.00,0.000,0.000,@CharacterBody3D@8750,2,0.000,-0.003,walk,0.000,1.22,120,-8.037
320,c02_combo_on_orc,18,187.427,69.604,178.1,188.593,14.675,69.651,0.14,1H_Melee_Attack_Slice_Diagonal,1,0,0.320,0.100,6,1.000,65.00,0.000,0.000,@CharacterBody3D@8750,2,0.000,-0.037,walk,0.000,1.23,120,-8.070
321,c02_combo_on_orc,19,187.427,69.604,178.1,188.496,15.298,68.935,28.62,1H_Melee_Attack_Slice_Diagonal,1,0,0.287,0.133,6,1.000,65.00,0.000,0.000,@CharacterBody3D@8750,2,0.000,-0.070,walk,0.020,1.27,120,-8.103
322,c02_combo_on_orc,20,187.427,69.604,178.1,187.457,15.613,68.755,33.01,1H_Melee_Attack_Slice_Diagonal,1,0,0.253,0.167,6,1.000,65.00,0.000,0.000,@CharacterBody3D@8750,2,0.000,-0.103,walk,0.045,1.31,120,-8.137
323,c02_combo_on_orc,21,187.427,69.604,178.1,187.407,15.800,69.217,15.05,1H_Melee_Attack_Slice_Diagonal,1,0,0.252,0.168,6,0.050,65.00,0.000,0.000,@CharacterBody3D@8750,2,0.000,0.298,hit,0.000,1.31,120,-8.138
324,c02_combo_on_orc,22,187.427,69.604,178.1,187.426,15.815,69.245,1.09,1H_Melee_Attack_Slice_Diagonal,1,0,0.250,0.170,6,0.050,65.00,0.000,0.000,@CharacterBody3D@8750,2,0.000,0.297,hit,0.000,1.31,120,-8.140
325,c02_combo_on_orc,23,187.427,69.604,178.1,187.444,15.830,69.267,0.98,1H_Melee_Attack_Slice_Diagonal,1,0,0.217,0.203,6,1.000,65.00,0.000,0.000,@CharacterBody3D@8750,2,0.000,0.263,hit,0.002,1.35,120,-8.173
326,c02_combo_on_orc,24,187.427,69.604,178.1,188.117,15.798,70.063,31.26,1H_Melee_Attack_Slice_Diagonal,1,0,0.183,0.237,6,1.000,65.00,0.000,0.000,@CharacterBody3D@8750,2,0.000,0.230,hit,0.035,1.38,120,-8.207
327,c02_combo_on_orc,25,187.427,69.604,178.1,188.164,15.562,70.390,12.17,1H_Melee_Attack_Slice_Diagonal,1,0,0.150,0.270,6,1.000,65.00,0.000,0.000,@CharacterBody3D@8750,2,0.000,0.197,hit,0.068,1.40,120,-8.240
328,c02_combo_on_orc,26,187.427,69.604,178.1,188.352,15.345,70.393,8.63,1H_Melee_Attack_Slice_Diagonal,1,0,0.117,0.303,6,1.000,65.00,0.000,0.000,@CharacterBody3D@8750,2,0.000,0.163,hit,0.102,1.42,120,-8.273
329,c02_combo_on_orc,27,187.427,69.604,178.1,188.531,15.094,70.252,10.17,1H_Melee_Attack_Slice_Diagonal,1,0,0.083,0.337,6,1.000,65.00,0.000,0.000,@CharacterBody3D@8750,2,0.000,0.130,hit,0.135,1.44,120,-8.307
330,c02_combo_on_orc,28,187.427,69.604,178.1,188.621,14.867,70.017,10.15,1H_Melee_Attack_Slice_Diagonal,1,0,0.050,0.370,6,1.000,65.00,0.000,0.000,@CharacterBody3D@8750,2,0.000,0.097,hit,0.168,1.45,120,-8.340
331,c02_combo_on_orc,29,187.427,69.604,178.1,188.616,14.705,69.741,9.62,1H_Melee_Attack_Slice_Diagonal,0,0,0.017,0.403,6,1.000,65.00,0.000,0.000,@CharacterBody3D@8750,2,0.000,0.063,hit,0.202,1.46,120,-8.373
332,c02_combo_on_orc,30,187.430,69.544,177.0,188.600,14.676,69.612,3.98,1H_Melee_Attack_Slice_Horizontal,0,0,0.467,0.033,7,1.000,65.00,0.000,0.000,@CharacterBody3D@8750,2,0.000,0.030,hit,0.235,1.41,120,-8.407
333,c02_combo_on_orc,31,187.433,69.497,177.0,188.601,14.800,69.120,15.21,1H_Melee_Attack_Slice_Horizontal,1,0,0.433,0.067,7,1.000,65.00,0.000,0.000,@CharacterBody3D@8750,2,0.000,-0.003,walk,0.000,1.37,120,-8.440
334,c02_combo_on_orc,32,187.435,69.463,177.0,188.592,14.814,69.041,2.43,1H_Melee_Attack_Slice_Horizontal,1,0,0.400,0.100,7,1.000,65.00,0.000,0.000,@CharacterBody3D@8750,2,0.000,-0.037,walk,0.000,1.36,120,-8.473
335,c02_combo_on_orc,33,187.436,69.443,177.0,188.720,14.799,69.289,8.38,1H_Melee_Attack_Slice_Horizontal,1,0,0.367,0.133,7,1.000,65.00,0.000,0.000,@CharacterBody3D@8750,2,0.000,-0.070,walk,0.020,1.39,120,-8.507
336,c02_combo_on_orc,34,187.436,69.436,177.0,188.265,14.678,70.143,29.24,1H_Melee_Attack_Slice_Horizontal,1,0,0.333,0.167,7,1.000,65.00,0.000,0.000,@CharacterBody3D@8750,2,0.000,-0.103,walk,0.047,1.43,120,-8.540
337,c02_combo_on_orc,35,187.436,69.436,177.0,188.027,14.267,69.906,15.94,1H_Melee_Attack_Slice_Horizontal,1,0,0.300,0.200,7,1.000,65.00,0.000,0.000,@CharacterBody3D@8750,2,0.000,-0.137,walk,0.081,1.49,120,-8.573
338,c02_combo_on_orc,36,187.436,69.436,177.0,188.049,14.336,70.083,5.77,1H_Melee_Attack_Slice_Horizontal,1,0,0.267,0.233,7,1.000,65.00,0.000,0.000,@CharacterBody3D@8750,2,0.000,-0.170,walk,0.119,1.56,120,-8.607
339,c02_combo_on_orc,37,187.436,69.436,177.0,188.125,14.506,70.292,8.38,1H_Melee_Attack_Slice_Horizontal,1,0,0.233,0.267,7,1.000,65.00,0.000,0.000,@CharacterBody3D@8750,2,0.000,-0.203,walk,0.162,1.63,120,-8.640
340,c02_combo_on_orc,38,187.436,69.436,177.0,188.162,14.627,70.394,4.87,1H_Melee_Attack_Slice_Horizontal,1,0,0.200,0.300,7,1.000,65.00,0.000,0.000,@CharacterBody3D@8750,2,0.000,-0.237,walk,0.208,1.71,120,-8.673
341,c02_combo_on_orc,39,187.436,69.436,177.0,188.050,14.526,70.257,6.13,1H_Melee_Attack_Slice_Horizontal,1,0,0.198,0.302,7,0.050,65.00,0.000,0.000,@CharacterBody3D@8750,2,0.000,0.298,hit,0.000,1.71,120,-8.675
342,c02_combo_on_orc,40,187.436,69.436,177.0,188.060,14.527,70.231,0.83,1H_Melee_Attack_Slice_Horizontal,1,0,0.197,0.303,7,0.050,65.00,0.000,0.000,@CharacterBody3D@8750,2,0.000,0.297,hit,0.000,1.71,120,-8.677
343,c02_combo_on_orc,41,187.436,69.436,177.0,188.069,14.530,70.205,0.84,1H_Melee_Attack_Slice_Horizontal,1,0,0.163,0.337,7,1.000,65.00,0.000,0.000,@CharacterBody3D@8750,2,0.000,0.263,hit,0.002,1.73,120,-8.710
344,c02_combo_on_orc,42,187.436,69.436,177.0,188.379,14.276,68.937,39.90,1H_Melee_Attack_Slice_Horizontal,1,0,0.130,0.370,7,1.000,65.00,0.000,0.000,@CharacterBody3D@8750,2,0.000,0.230,hit,0.035,1.69,120,-8.743
345,c02_combo_on_orc,43,187.436,69.436,177.0,187.880,14.117,68.682,17.48,1H_Melee_Attack_Slice_Horizontal,1,0,0.097,0.403,7,1.000,65.00,0.000,0.000,@CharacterBody3D@8750,2,0.000,0.197,hit,0.068,1.67,120,-8.777
346,c02_combo_on_orc,44,187.441,69.343,177.2,187.886,14.374,68.452,10.36,1H_Melee_Attack_Stab,1,0,0.567,0.033,8,1.000,65.00,0.000,0.000,@CharacterBody3D@8750,2,0.000,0.163,hit,0.102,1.55,120,-8.810
347,c02_combo_on_orc,45,187.445,69.262,177.2,188.409,15.326,69.581,47.02,1H_Melee_Attack_Stab,1,0,0.533,0.067,8,1.000,65.00,0.000,0.000,@CharacterBody3D@8750,2,0.000,0.130,hit,0.135,1.45,120,-8.843
348,c02_combo_on_orc,46,187.448,69.195,177.2,188.360,15.431,69.511,4.05,1H_Melee_Attack_Stab,1,0,0.500,0.100,8,1.000,65.00,0.000,0.000,@CharacterBody3D@8750,2,0.000,0.097,hit,0.168,1.37,120,-8.877
349,c02_combo_on_orc,47,187.451,69.142,177.2,188.224,15.642,69.448,7.78,1H_Melee_Attack_Stab,1,0,0.467,0.133,8,1.000,65.00,0.000,0.000,@CharacterBody3D@8750,2,0.000,0.063,hit,0.202,1.30,120,-8.910
350,c02_combo_on_orc,48,187.453,69.101,177.2,188.083,15.859,69.283,9.20,1H_Melee_Attack_Stab,1,0,0.433,0.167,8,1.000,65.00,0.000,0.000,@CharacterBody3D@8750,2,0.000,0.030,hit,0.235,1.24,120,-8.943
351,c02_combo_on_orc,49,187.454,69.074,177.2,187.924,16.020,69.096,8.81,1H_Melee_Attack_Stab,1,0,0.400,0.200,8,1.000,65.00,0.000,0.000,@CharacterBody3D@8750,2,0.000,-0.003,walk,0.000,1.20,120,-8.977
352,c02_combo_on_orc,50,187.455,69.060,177.2,187.794,16.088,69.169,4.92,1H_Melee_Attack_Stab,1,0,0.367,0.233,8,1.000,65.00,0.000,0.000,@CharacterBody3D@8750,2,0.000,-0.037,walk,0.000,1.18,120,-9.010
353,c02_combo_on_orc,51,187.455,69.058,177.2,187.486,16.051,69.418,11.93,1H_Melee_Attack_Stab,1,0,0.333,0.267,8,1.000,65.00,0.000,0.000,@CharacterBody3D@8750,2,0.000,-0.070,walk,0.020,1.17,120,-9.043
354,c02_combo_on_orc,52,187.455,69.058,177.2,186.884,15.551,69.454,23.52,1H_Melee_Attack_Stab,1,0,0.300,0.300,8,1.000,65.00,0.000,0.000,@CharacterBody3D@8750,2,0.000,-0.103,idle,0.000,1.16,120,-9.077
355,c02_combo_on_orc,53,187.455,69.058,177.2,187.415,14.957,69.812,26.20,1H_Melee_Attack_Stab,1,0,0.298,0.302,8,0.050,65.00,0.000,0.000,@CharacterBody3D@8750,2,0.000,2.198,idle,0.000,1.17,120,-9.078
356,c02_combo_on_orc,54,187.455,69.058,177.2,187.511,14.956,69.838,2.97,1H_Melee_Attack_Stab,1,0,0.297,0.303,8,0.050,65.00,0.000,0.000,@CharacterBody3D@8750,2,0.000,2.197,idle,0.000,1.19,120,-9.080
357,c02_combo_on_orc,55,187.455,69.058,177.2,187.609,14.949,69.854,3.01,1H_Melee_Attack_Stab,1,0,0.295,0.305,8,0.050,65.00,0.000,0.000,@CharacterBody3D@8750,2,0.000,2.195,idle,0.000,1.20,120,-9.082
358,c02_combo_on_orc,56,187.455,69.058,177.2,187.710,14.939,69.858,3.05,1H_Melee_Attack_Stab,1,0,0.262,0.338,8,1.000,65.00,0.000,0.000,@CharacterBody3D@8750,2,0.000,2.162,idle,0.000,1.24,120,-9.115
359,c02_combo_on_orc,57,187.455,69.058,177.2,188.550,14.595,69.155,34.45,1H_Melee_Attack_Stab,1,0,0.228,0.372,8,1.000,65.00,0.000,0.000,@CharacterBody3D@8750,2,0.000,2.128,idle,0.000,1.27,120,-9.148
360,c02_combo_on_orc,58,187.455,69.058,177.2,188.439,14.348,68.519,20.72,1H_Melee_Attack_Stab,1,0,0.195,0.405,8,1.000,65.00,0.000,0.000,@CharacterBody3D@8750,2,0.000,2.095,idle,0.000,1.29,120,-9.182
361,c02_combo_on_orc,59,187.455,69.058,177.2,188.228,14.186,68.302,10.30,1H_Melee_Attack_Stab,1,0,0.162,0.438,8,1.000,65.00,0.000,0.000,@CharacterBody3D@8750,2,0.000,2.062,idle,0.000,1.32,120,-9.215
362,c02_combo_on_orc,60,187.455,69.058,177.2,188.216,14.222,68.261,1.69,1H_Melee_Attack_Stab,1,0,0.128,0.472,8,1.000,65.00,0.000,0.000,@CharacterBody3D@8750,2,0.000,2.028,idle,0.000,1.34,120,-9.248
363,c02_combo_on_orc,61,187.455,69.058,177.2,188.244,14.287,68.239,2.19,1H_Melee_Attack_Stab,1,0,0.095,0.505,8,1.000,65.00,0.000,0.000,@CharacterBody3D@8750,2,0.000,1.995,idle,0.000,1.36,120,-9.282
364,c02_combo_on_orc,62,187.455,69.058,177.2,188.286,14.359,68.235,2.53,1H_Melee_Attack_Stab,1,0,0.062,0.538,8,1.000,65.00,0.000,0.000,@CharacterBody3D@8750,2,0.000,1.962,idle,0.000,1.38,120,-9.315
365,c02_combo_on_orc,63,187.455,69.058,177.2,188.337,14.422,68.254,2.49,1H_Melee_Attack_Stab,1,0,0.028,0.572,8,1.000,65.00,0.000,0.000,@CharacterBody3D@8750,2,0.000,1.928,idle,0.000,1.40,120,-9.348
366,c02_combo_on_orc,64,187.455,69.058,177.2,188.393,14.456,68.300,2.39,1H_Melee_Attack_Stab,1,0,-0.005,0.605,8,1.000,65.00,0.000,0.000,@CharacterBody3D@8750,2,0.000,1.895,idle,0.000,1.42,120,-9.382
367,c02_combo_on_orc,65,187.455,69.058,177.2,188.481,14.479,68.401,4.10,1H_Melee_Attack_Stab,1,0,-0.038,0.638,8,1.000,65.00,0.000,0.000,@CharacterBody3D@8750,2,0.000,1.862,idle,0.000,1.43,120,-9.415
368,c02_combo_on_orc,66,187.455,69.058,177.2,188.658,14.679,68.697,11.94,1H_Melee_Attack_Stab,1,0,-0.072,0.672,8,1.000,65.00,0.000,0.000,@CharacterBody3D@8750,2,0.000,1.828,idle,0.000,1.44,120,-9.448
369,c02_combo_on_orc,67,187.455,69.058,177.2,188.638,15.153,69.025,17.31,1H_Melee_Attack_Stab,1,0,-0.105,0.705,8,1.000,65.00,0.000,0.000,@CharacterBody3D@8750,2,0.000,1.795,idle,0.000,1.44,120,-9.482
370,c02_combo_on_orc,68,187.455,69.058,177.2,188.474,15.519,68.838,13.27,1H_Melee_Attack_Stab,1,0,-0.138,0.738,8,1.000,65.00,0.000,0.000,@CharacterBody3D@8750,2,0.000,1.762,idle,0.000,1.45,120,-9.515
371,c02_combo_on_orc,69,187.455,69.058,177.2,188.472,15.407,68.501,10.64,1H_Melee_Attack_Stab,1,0,-0.172,0.772,8,1.000,65.00,0.000,0.000,@CharacterBody3D@8750,2,0.000,1.728,idle,0.000,1.45,120,-9.548
372,c02_combo_on_orc,70,187.455,69.058,177.2,188.588,15.124,68.498,9.18,1H_Melee_Attack_Stab,1,0,-0.205,0.805,8,1.000,65.00,0.000,0.000,@CharacterBody3D@8750,2,0.000,1.695,idle,0.000,1.45,120,-9.582
373,c02_combo_on_orc,71,187.455,69.058,177.2,188.688,15.003,68.764,9.28,1H_Melee_Attack_Stab,1,0,-0.238,0.838,8,1.000,65.00,0.000,0.000,@CharacterBody3D@8750,2,0.000,1.662,idle,0.000,1.45,120,-9.615
374,c02_combo_on_orc,72,187.455,69.058,177.2,188.689,15.061,69.100,10.22,1H_Melee_Attack_Stab,1,0,-0.272,0.872,8,1.000,65.00,0.000,0.000,@CharacterBody3D@8750,2,0.000,1.628,idle,0.000,1.46,120,-9.648
375,c02_combo_on_orc,73,187.455,69.058,177.2,188.587,15.204,69.385,10.04,1H_Melee_Attack_Stab,1,0,-0.305,0.905,8,1.000,65.00,0.000,0.000,@CharacterBody3D@8750,2,0.000,1.595,idle,0.000,1.46,120,-9.682
376,c02_combo_on_orc,74,187.455,69.058,177.2,188.476,15.301,69.544,6.50,1H_Melee_Attack_Stab,1,0,-0.338,0.938,8,1.000,65.00,0.000,0.000,@CharacterBody3D@8750,2,0.000,1.562,idle,0.000,1.46,120,-9.715
377,c02_combo_on_orc,75,187.455,69.058,177.2,188.399,15.343,69.627,3.64,1H_Melee_Attack_Stab,1,0,-0.372,0.972,8,1.000,65.00,0.000,0.000,@CharacterBody3D@8750,2,0.000,1.528,idle,0.000,1.46,120,-9.748
378,c02_combo_on_orc,76,187.455,69.058,177.2,188.349,15.352,69.679,2.18,1H_Melee_Attack_Stab,1,0,-0.405,1.005,8,1.000,65.00,0.000,0.000,@CharacterBody3D@8750,2,0.000,1.495,idle,0.000,1.46,120,-9.782
379,c02_combo_on_orc,77,187.455,69.058,177.2,188.386,15.242,69.708,3.61,1H_Melee_Attack_Stab,1,0,-0.438,1.038,8,1.000,65.00,0.000,0.000,@CharacterBody3D@8750,2,0.000,1.462,idle,0.000,1.46,120,-9.815
380,c02_combo_on_orc,78,187.455,69.058,177.2,188.469,15.084,69.669,5.47,1H_Melee_Attack_Stab,1,0,-0.472,1.072,8,1.000,65.00,0.000,0.000,@CharacterBody3D@8750,2,0.000,1.428,idle,0.000,1.46,120,-9.848
381,c02_combo_on_orc,79,187.455,69.058,177.2,188.544,14.946,69.570,5.56,1H_Melee_Attack_Stab,1,0,-0.505,1.105,8,1.000,65.00,0.000,0.000,@CharacterBody3D@8750,2,0.000,1.395,idle,0.000,1.46,120,-9.882
382,c02_combo_on_orc,80,187.455,69.058,177.2,188.599,14.842,69.431,5.48,1H_Melee_Attack_Stab,1,0,-0.538,1.138,8,1.000,65.00,0.000,0.000,@CharacterBody3D@8750,2,0.000,1.362,idle,0.000,1.46,120,-9.915
383,c02_combo_on_orc,81,187.455,69.058,177.2,188.626,14.772,69.266,5.42,1H_Melee_Attack_Stab,0,0,-0.572,1.172,8,1.000,65.00,0.000,0.000,@CharacterBody3D@8750,2,0.000,1.328,idle,0.000,1.46,120,-9.948
384,c02_combo_on_orc,82,187.455,69.058,177.2,188.626,14.745,69.138,3.94,1H_Melee_Attack_Stab,0,0,-0.605,1.205,8,1.000,65.00,0.000,0.000,@CharacterBody3D@8750,2,0.000,1.295,idle,0.000,1.46,120,-9.982
385,c02_combo_on_orc,83,187.455,69.058,177.2,188.626,14.748,69.139,0.12,1H_Melee_Attack_Stab,0,0,-0.638,1.238,8,1.000,65.00,0.000,0.000,@CharacterBody3D@8750,2,0.000,1.262,idle,0.000,1.46,120,-10.015
386,c02_combo_on_orc,84,187.455,69.058,177.2,188.626,14.750,69.139,0.05,1H_Melee_Attack_Stab,0,0,-0.672,1.272,8,1.000,65.00,0.000,0.000,@CharacterBody3D@8750,2,0.000,1.228,idle,0.000,1.46,120,-10.048
387,c02_combo_on_orc,85,187.455,69.058,177.2,188.626,14.751,69.140,0.04,1H_Melee_Attack_Stab,0,0,-0.705,1.305,8,1.000,65.00,0.000,0.000,@CharacterBody3D@8750,2,0.000,1.195,creature/stand_up,0.000,2.99,120,-10.082
388,c02_combo_on_orc,86,187.455,69.058,177.2,188.626,14.752,69.141,0.03,1H_Melee_Attack_Stab,0,0,-0.738,1.338,8,1.000,65.00,0.000,0.000,@CharacterBody3D@8750,2,0.000,1.162,creature/stand_up,0.000,2.99,120,-10.115
389,c02_combo_on_orc,87,187.455,69.058,177.2,188.626,14.752,69.141,0.03,1H_Melee_Attack_Stab,0,0,-0.772,1.372,8,1.000,65.00,0.000,0.000,@CharacterBody3D@8750,2,0.000,1.128,creature/stand_up,0.033,2.99,120,-10.148
390,c02_combo_on_orc,88,187.455,69.058,177.2,188.625,14.751,69.141,0.03,1H_Melee_Attack_Stab,0,0,-0.805,1.405,8,1.000,65.00,0.000,0.000,@CharacterBody3D@8750,2,0.000,1.095,creature/stand_up,0.067,2.99,120,-10.182
391,c02_combo_on_orc,89,187.455,69.058,177.2,188.625,14.748,69.140,0.08,1H_Melee_Attack_Stab,0,0,-0.838,1.438,8,1.000,65.00,0.000,0.000,@CharacterBody3D@8750,2,0.000,1.062,creature/stand_up,0.100,2.99,120,-10.215
392,c02_combo_on_orc,90,187.455,69.058,177.2,188.624,14.745,69.139,0.10,1H_Melee_Attack_Stab,0,0,-0.872,1.472,8,1.000,65.00,0.000,0.000,@CharacterBody3D@8750,2,0.000,1.028,creature/stand_up,0.133,2.99,120,-10.248
393,c02_combo_on_orc,91,187.455,69.058,177.2,188.624,14.742,69.137,0.12,1H_Melee_Attack_Stab,0,0,-0.905,1.505,8,1.000,65.00,0.000,0.000,@CharacterBody3D@8750,2,0.000,0.995,creature/stand_up,0.167,2.99,120,-10.282
394,c02_combo_on_orc,92,187.455,69.058,177.2,188.623,14.738,69.136,0.13,1H_Melee_Attack_Stab,0,0,-0.938,1.538,8,1.000,65.00,0.000,0.000,@CharacterBody3D@8750,2,0.000,0.962,creature/stand_up,0.200,2.99,120,-10.315
395,c02_combo_on_orc,93,187.455,69.058,177.2,188.623,14.733,69.134,0.14,1H_Melee_Attack_Stab,0,0,-0.972,1.572,8,1.000,65.00,0.000,0.000,@CharacterBody3D@8750,2,0.000,0.928,creature/stand_up,0.233,2.99,120,-10.348
396,c02_combo_on_orc,94,187.455,69.058,177.2,188.622,14.729,69.133,0.15,1H_Melee_Attack_Stab,0,0,-1.005,1.605,8,1.000,65.00,0.000,0.000,@CharacterBody3D@8750,2,0.000,0.895,creature/stand_up,0.267,2.99,120,-10.382
397,c02_combo_on_orc,95,187.455,69.058,177.2,188.622,14.724,69.131,0.15,1H_Melee_Attack_Stab,0,0,-1.038,1.638,8,1.000,65.00,0.000,0.000,@CharacterBody3D@8750,2,0.000,0.862,creature/stand_up,0.300,2.99,120,-10.415
398,c02_combo_on_orc,96,187.455,69.058,177.2,188.621,14.719,69.129,0.15,1H_Melee_Attack_Stab,0,0,-1.072,1.672,8,1.000,65.00,0.000,0.000,@CharacterBody3D@8750,2,0.000,0.828,creature/stand_up,0.333,2.99,120,-10.448
399,c02_combo_on_orc,97,187.455,69.058,177.2,188.621,14.714,69.127,0.16,1H_Melee_Attack_Stab,0,0,-1.105,1.705,8,1.000,65.00,0.000,0.000,@CharacterBody3D@8750,2,0.000,0.795,creature/stand_up,0.367,2.99,120,-10.482
400,c02_combo_on_orc,98,187.455,69.058,177.2,188.620,14.709,69.125,0.16,1H_Melee_Attack_Stab,0,0,-1.138,1.738,8,1.000,65.00,0.000,0.000,@CharacterBody3D@8750,2,0.000,0.762,creature/stand_up,0.400,2.99,120,-10.515
401,c02_combo_on_orc,99,187.455,69.058,177.2,188.620,14.705,69.124,0.15,1H_Melee_Attack_Stab,0,0,-1.172,1.772,8,1.000,65.00,0.000,0.000,@CharacterBody3D@8750,2,0.000,0.728,creature/stand_up,0.433,2.99,120,-10.548
402,c02_combo_on_orc,100,187.455,69.058,177.2,188.620,14.701,69.123,0.13,1H_Melee_Attack_Stab,0,0,-1.205,1.805,8,1.000,65.00,0.000,0.000,@CharacterBody3D@8750,2,0.000,0.695,creature/stand_up,0.467,2.99,120,-10.582
403,c02_combo_on_orc,101,187.455,69.058,177.2,188.620,14.697,69.122,0.11,1H_Melee_Attack_Stab,0,0,-1.238,1.838,8,1.000,65.00,0.000,0.000,@CharacterBody3D@8750,2,0.000,0.662,creature/stand_up,0.500,2.99,120,-10.615
404,gap,1,187.455,69.058,177.2,188.620,14.694,69.121,0.08,1H_Melee_Attack_Stab,0,0,-1.272,1.872,8,1.000,65.00,0.000,0.000,,,0.000,0.000,,0.000,-1.00,120,-10.648
405,gap,2,187.455,69.058,177.2,188.620,14.693,69.120,0.04,1H_Melee_Attack_Stab,0,0,-1.305,1.905,8,1.000,65.00,0.000,0.000,,,0.000,0.000,,0.000,-1.00,120,-10.682
406,gap,3,187.455,69.058,177.2,188.621,14.693,69.120,0.03,1H_Melee_Attack_Stab,0,0,-1.338,1.938,8,1.000,65.00,0.000,0.000,,,0.000,0.000,,0.000,-1.00,120,-10.715
407,gap,4,187.425,69.799,180.0,188.592,14.952,69.804,21.96,1H_Melee_Attack_Stab,0,0,-1.372,1.972,8,1.000,65.00,0.000,0.000,,,0.000,0.000,,0.000,-1.00,120,-10.748
408,gap,5,187.425,69.799,180.0,188.593,14.655,69.804,8.89,1H_Melee_Attack_Stab,0,0,-1.405,2.005,8,1.000,65.00,0.000,0.000,,,0.000,0.000,,0.000,-1.00,120,-10.782
409,gap,6,187.425,69.799,180.0,188.594,14.656,69.804,0.04,1H_Melee_Attack_Stab,0,0,-1.438,2.038,8,1.000,65.00,0.000,0.000,,,0.000,0.000,,0.000,-1.00,120,-10.815
410,gap,7,187.425,69.799,180.0,188.595,14.659,69.805,0.08,1H_Melee_Attack_Stab,0,0,-1.472,2.072,8,1.000,65.00,0.000,0.000,,,0.000,0.000,,0.000,-1.00,120,-10.848
411,gap,8,187.425,69.799,180.0,188.596,14.661,69.806,0.09,1H_Melee_Attack_Stab,0,0,-1.505,2.105,8,1.000,65.00,0.000,0.000,,,0.000,0.000,,0.000,-1.00,120,-10.882
412,gap,9,187.425,69.799,180.0,188.597,14.665,69.807,0.11,1H_Melee_Attack_Stab,0,0,-1.538,2.138,8,1.000,65.00,0.000,0.000,,,0.000,0.000,,0.000,-1.00,120,-10.915
413,gap,10,187.425,69.799,180.0,188.598,14.669,69.808,0.14,1H_Melee_Attack_Stab,0,0,-1.572,2.172,8,1.000,65.00,0.000,0.000,,,0.000,0.000,,0.000,-1.00,120,-10.948
414,gap,11,187.425,69.799,180.0,188.599,14.674,69.809,0.15,1H_Melee_Attack_Stab,0,0,-1.605,2.205,8,1.000,65.00,0.000,0.000,,,0.000,0.000,,0.000,-1.00,120,-10.982
415,gap,12,187.425,69.799,180.0,188.600,14.678,69.811,0.15,1H_Melee_Attack_Stab,0,0,-1.638,2.238,8,1.000,65.00,0.000,0.000,,,0.000,0.000,,0.000,-1.00,120,-11.015
416,gap,13,187.425,69.799,180.0,188.601,14.683,69.812,0.15,1H_Melee_Attack_Stab,0,0,-1.672,2.272,8,1.000,65.00,0.000,0.000,,,0.000,0.000,,0.000,-1.00,120,-11.048
417,gap,14,187.425,69.799,180.0,188.602,14.688,69.814,0.15,1H_Melee_Attack_Stab,0,0,-1.705,2.305,8,1.000,65.00,0.000,0.000,,,0.000,0.000,,0.000,-1.00,120,-11.082
418,gap,15,187.425,69.799,180.0,188.603,14.692,69.816,0.15,1H_Melee_Attack_Stab,0,0,-1.738,2.338,8,1.000,65.00,0.000,0.000,,,0.000,0.000,,0.000,-1.00,120,-11.115
419,gap,16,187.425,69.799,180.0,188.604,14.697,69.817,0.16,1H_Melee_Attack_Stab,0,0,-1.772,2.372,8,1.000,65.00,0.000,0.000,,,0.000,0.000,,0.000,-1.00,120,-11.148
420,gap,17,187.425,69.799,180.0,188.605,14.702,69.819,0.15,1H_Melee_Attack_Stab,0,0,-1.805,2.405,8,1.000,65.00,0.000,0.000,,,0.000,0.000,,0.000,-1.00,120,-11.182
421,gap,18,187.425,69.799,180.0,188.606,14.706,69.820,0.13,1H_Melee_Attack_Stab,0,0,-1.838,2.438,8,1.000,65.00,0.000,0.000,,,0.000,0.000,,0.000,-1.00,120,-11.215
422,gap,19,187.425,69.799,180.0,188.606,14.710,69.821,0.11,1H_Melee_Attack_Stab,0,0,-1.872,2.472,8,1.000,65.00,0.000,0.000,,,0.000,0.000,,0.000,-1.00,120,-11.248
423,gap,20,187.425,69.799,180.0,188.606,14.712,69.822,0.08,1H_Melee_Attack_Stab,0,0,-1.905,2.505,8,1.000,65.00,0.000,0.000,,,0.000,0.000,,0.000,-1.00,120,-11.282
424,gap,21,187.425,69.799,180.0,188.606,14.713,69.823,0.05,1H_Melee_Attack_Stab,0,0,-1.938,2.538,8,1.000,65.00,0.000,0.000,,,0.000,0.000,,0.000,-1.00,120,-11.315
425,gap,22,187.425,69.799,180.0,188.606,14.715,69.824,0.05,1H_Melee_Attack_Stab,0,0,-1.972,2.572,8,1.000,65.00,0.000,0.000,,,0.000,0.000,,0.000,-1.00,120,-11.348
426,gap,23,187.425,69.799,180.0,188.606,14.716,69.825,0.05,1H_Melee_Attack_Stab,0,0,-2.005,2.605,8,1.000,65.00,0.000,0.000,,,0.000,0.000,,0.000,-1.00,120,-11.382
427,c03_run_attack,1,187.425,69.799,260.2,187.652,14.716,68.640,45.65,1H_Melee_Attack_Stab,0,0,-2.038,2.638,8,1.000,65.00,0.000,0.000,,,0.000,0.000,,0.000,-1.00,120,-11.415
428,c03_run_attack,2,187.412,69.797,260.2,187.628,14.716,68.636,0.72,1H_Melee_Attack_Stab,0,0,-2.072,2.672,8,1.000,65.00,0.000,0.000,,,0.000,0.000,,0.000,-1.00,120,-11.448
429,c03_run_attack,3,187.382,69.792,260.2,187.570,14.709,68.633,1.75,1H_Melee_Attack_Stab,0,0,-2.105,2.705,8,1.000,65.00,0.000,0.000,,,0.000,0.000,,0.000,-1.00,120,-11.482
430,c03_run_attack,4,187.334,69.783,260.2,187.374,14.669,68.670,6.09,1H_Melee_Attack_Stab,0,0,-2.138,2.738,8,1.000,65.00,0.000,0.000,,,0.000,0.000,,0.000,-1.00,120,-11.515
431,c03_run_attack,5,187.269,69.772,260.2,187.337,14.663,68.670,1.14,1H_Melee_Attack_Stab,0,0,-2.172,2.772,8,1.000,65.00,0.000,0.000,,,0.000,0.000,,0.000,-1.00,120,-11.548
432,c03_run_attack,6,187.187,69.758,260.2,187.332,14.711,68.649,1.57,1H_Melee_Attack_Stab,0,0,-2.205,2.805,8,1.000,65.00,0.000,0.000,,,0.000,0.000,,0.000,-1.00,120,-11.582
433,c03_run_attack,7,187.090,69.742,260.2,187.307,14.768,68.629,1.96,1H_Melee_Attack_Stab,0,0,-2.238,2.838,8,1.000,65.00,0.000,0.000,,,0.000,0.000,,0.000,-1.00,120,-11.615
434,c03_run_attack,8,186.977,69.722,260.2,187.253,14.828,68.610,2.50,1H_Melee_Attack_Stab,0,0,-2.272,2.872,8,1.000,65.00,0.000,0.000,,,0.000,0.000,,0.000,-1.00,120,-11.648
435,c03_run_attack,9,186.849,69.701,260.2,187.167,14.887,68.589,3.18,1H_Melee_Attack_Stab,0,0,-2.305,2.905,8,1.000,65.00,0.000,0.000,,,0.000,0.000,,0.000,-1.00,120,-11.682
436,c03_run_attack,10,186.707,69.676,260.2,187.050,14.939,68.568,3.91,1H_Melee_Attack_Stab,0,0,-2.338,2.938,8,1.000,65.00,0.000,0.000,,,0.000,0.000,,0.000,-1.00,120,-11.715
437,c03_run_attack,11,186.551,69.649,260.2,186.867,14.960,68.526,5.66,1H_Melee_Attack_Stab,0,0,-2.372,2.972,8,1.000,65.00,0.000,0.000,,,0.000,0.000,,0.000,-1.00,120,-11.748
438,c03_run_attack,12,186.381,69.620,260.2,186.578,14.926,68.449,9.03,1H_Melee_Attack_Stab,0,0,-2.405,3.005,8,1.000,65.00,0.000,0.000,,,0.000,0.000,,0.000,-1.00,120,-11.782
439,c03_run_attack,13,186.197,69.589,260.2,186.186,14.856,68.368,12.19,1H_Melee_Attack_Stab,0,0,-2.438,3.038,8,1.000,65.00,0.000,0.000,,,0.000,0.000,,0.000,-1.00,120,-11.815
440,c03_run_attack,14,186.000,69.555,260.2,185.736,14.816,68.330,13.58,1H_Melee_Attack_Stab,0,0,-2.472,3.072,8,1.000,65.00,0.000,0.000,,,0.000,0.000,,0.000,-1.00,120,-11.848
441,c03_run_attack,15,185.790,69.519,260.2,185.290,14.819,68.343,13.40,1H_Melee_Attack_Stab,0,0,-2.505,3.105,8,1.000,65.00,0.000,0.000,,,0.000,0.000,,0.000,-1.00,120,-11.882
442,c03_run_attack,16,185.575,69.482,260.2,184.878,14.859,68.394,12.53,1H_Melee_Attack_Stab,0,0,-2.538,3.138,8,1.000,65.00,0.000,0.000,,,0.000,0.000,,0.000,-1.00,120,-11.915
443,c03_run_attack,17,185.360,69.445,260.2,184.555,14.906,68.427,9.84,1H_Melee_Attack_Stab,0,0,-2.572,3.172,8,1.000,65.00,0.000,0.000,,,0.000,0.000,,0.000,-1.00,120,-11.948
444,c03_run_attack,18,185.146,69.408,260.2,184.278,14.949,68.440,8.40,1H_Melee_Attack_Stab,0,0,-2.605,3.205,8,1.000,65.00,0.000,0.000,,,0.000,0.000,,0.000,-1.00,120,-11.982
445,c03_run_attack,19,184.931,69.371,260.2,184.028,14.979,68.438,7.55,1H_Melee_Attack_Stab,0,0,-2.638,3.238,8,1.000,65.00,0.000,0.000,,,0.000,0.000,,0.000,-1.00,120,-12.015
446,c03_run_attack,20,184.716,69.334,260.2,183.799,14.992,68.422,6.91,1H_Melee_Attack_Stab,0,0,-2.672,3.272,8,1.000,65.00,0.000,0.000,,,0.000,0.000,,0.000,-1.00,120,-12.048
447,c03_run_attack,21,184.502,69.298,260.2,183.584,15.003,68.395,6.49,1H_Melee_Attack_Stab,0,0,-2.705,3.305,8,1.000,65.00,0.000,0.000,,,0.000,0.000,,0.000,-1.00,120,-12.082
448,c03_run_attack,22,184.288,69.261,260.2,183.378,14.998,68.361,6.29,1H_Melee_Attack_Stab,0,0,-2.738,3.338,8,1.000,65.00,0.000,0.000,,,0.000,0.000,,0.000,-1.00,120,-12.115
449,c03_run_attack,23,184.074,69.224,260.2,183.171,14.970,68.323,6.34,1H_Melee_Attack_Stab,0,0,-2.772,3.372,8,1.000,65.00,0.000,0.000,,,0.000,0.000,,0.000,-1.00,120,-12.148
450,c03_run_attack,24,183.860,69.188,260.2,182.979,14.918,68.273,6.18,1H_Melee_Attack_Stab,0,0,-2.805,3.405,8,1.000,65.00,0.000,0.000,,,0.000,0.000,,0.000,-1.00,120,-12.182
451,c03_run_attack,25,183.645,69.151,260.2,182.861,14.898,68.177,4.60,1H_Melee_Attack_Stab,0,0,-2.838,3.438,8,1.000,65.00,0.000,0.000,,,0.000,0.000,,0.000,-1.00,120,-12.215
452,c03_run_attack,26,183.361,69.102,260.2,182.777,14.946,68.060,4.54,1H_Melee_Attack_Chop,0,0,0.387,0.033,9,1.000,65.00,0.000,0.000,,,0.000,0.000,,0.000,-1.00,120,-12.248
453,c03_run_attack,27,183.122,69.061,260.2,182.771,15.041,67.984,3.65,1H_Melee_Attack_Chop,1,0,0.353,0.067,9,1.000,65.00,0.000,0.000,,,0.000,0.000,,0.000,-1.00,120,-12.282
454,c03_run_attack,28,182.929,69.028,260.2,182.754,15.119,67.937,2.78,1H_Melee_Attack_Chop,1,0,0.320,0.100,9,1.000,65.00,0.000,0.000,,,0.000,0.000,,0.000,-1.00,120,-12.315
455,c03_run_attack,29,182.779,69.003,260.2,183.382,14.625,67.879,24.06,1H_Melee_Attack_Chop,1,0,0.287,0.133,9,1.000,65.00,0.000,0.000,,,0.000,0.000,,0.000,-1.00,120,-12.348
456,c03_run_attack,30,182.649,68.981,260.2,183.422,14.186,69.209,42.06,1H_Melee_Attack_Chop,1,0,0.253,0.167,9,1.000,65.00,0.000,0.000,,,0.000,0.000,,0.000,-1.00,120,-12.382
457,c03_run_attack,31,182.532,68.961,260.2,182.329,13.819,68.526,40.22,1H_Melee_Attack_Chop,1,0,0.220,0.200,9,1.000,65.00,0.000,0.000,,,0.000,0.000,,0.000,-1.00,120,-12.415
458,c03_run_attack,32,182.427,68.943,260.2,181.801,14.487,67.737,34.82,1H_Melee_Attack_Chop,1,0,0.187,0.233,9,1.000,65.00,0.000,0.000,,,0.000,0.000,,0.000,-1.00,120,-12.448
459,c03_run_attack,33,182.336,68.927,260.2,181.919,14.809,67.602,11.03,1H_Melee_Attack_Chop,1,0,0.153,0.267,9,1.000,65.00,0.000,0.000,,,0.000,0.000,,0.000,-1.00,120,-12.482
460,c03_run_attack,34,182.248,68.913,260.2,182.097,14.734,67.595,5.81,1H_Melee_Attack_Chop,1,0,0.120,0.300,9,1.000,65.00,0.000,0.000,,,0.000,0.000,,0.000,-1.00,120,-12.515
461,c03_run_attack,35,182.160,68.898,260.2,182.323,14.695,67.678,7.30,1H_Melee_Attack_Chop,0,0,0.087,0.333,9,1.000,65.00,0.000,0.000,,,0.000,0.000,,0.000,-1.00,120,-12.548
462,c03_run_attack,36,182.072,68.883,260.2,182.423,14.624,67.777,4.73,1H_Melee_Attack_Chop,0,0,0.053,0.367,9,1.000,65.00,0.000,0.000,,,0.000,0.000,,0.000,-1.00,120,-12.582
463,c03_run_attack,37,181.984,68.868,260.2,182.346,14.584,67.765,2.64,1H_Melee_Attack_Chop,0,0,0.020,0.400,9,1.000,65.00,0.000,0.000,,,0.000,0.000,,0.000,-1.00,120,-12.615
464,c03_run_attack,38,181.893,68.852,260.2,182.239,14.547,67.742,3.47,1H_Melee_Attack_Chop,0,0,-0.013,0.433,9,1.000,65.00,0.000,0.000,,,0.000,0.000,,0.000,-1.00,120,-12.648
465,c03_run_attack,39,181.787,68.834,260.2,182.078,14.507,67.701,5.14,1H_Melee_Attack_Chop,0,0,-0.047,0.467,9,1.000,65.00,0.000,0.000,,,0.000,0.000,,0.000,-1.00,120,-12.682
466,c03_run_attack,40,181.665,68.814,260.2,181.856,14.473,67.643,6.96,1H_Melee_Attack_Chop,0,0,-0.080,0.500,9,1.000,65.00,0.000,0.000,,,0.000,0.000,,0.000,-1.00,120,-12.715
467,c03_run_attack,41,181.529,68.791,260.2,181.568,14.447,67.583,8.83,1H_Melee_Attack_Chop,0,0,-0.113,0.533,9,1.000,65.00,0.000,0.000,,,0.000,0.000,,0.000,-1.00,120,-12.748
468,c03_run_attack,42,181.318,68.754,260.2,181.204,14.454,67.534,11.04,1H_Melee_Attack_Slice_Diagonal,0,0,0.387,0.033,10,1.000,65.00,0.000,0.000,,,0.000,0.000,,0.000,-1.00,120,-12.782
469,c03_run_attack,43,181.148,68.725,260.2,180.721,14.524,67.547,14.64,1H_Melee_Attack_Slice_Diagonal,1,0,0.353,0.067,10,1.000,65.00,0.000,0.000,,,0.000,0.000,,0.000,-1.00,120,-12.815
470,c03_run_attack,44,180.993,68.699,260.2,180.430,14.568,67.566,8.84,1H_Melee_Attack_Slice_Diagonal,1,0,0.320,0.100,10,1.000,65.00,0.000,0.000,,,0.000,0.000,,0.000,-1.00,120,-12.848
471,c03_run_attack,45,180.851,68.675,260.2,179.768,14.881,67.873,23.82,1H_Melee_Attack_Slice_Diagonal,1,0,0.287,0.133,10,1.000,65.00,0.000,0.000,,,0.000,0.000,,0.000,-1.00,120,-12.882
472,c03_run_attack,46,180.722,68.653,260.2,179.753,15.286,68.630,25.75,1H_Melee_Attack_Slice_Diagonal,1,0,0.253,0.167,10,1.000,65.00,0.000,0.000,,,0.000,0.000,,0.000,-1.00,120,-12.915
473,c03_run_attack,47,180.606,68.633,260.2,180.043,15.502,68.632,10.86,1H_Melee_Attack_Slice_Diagonal,1,0,0.220,0.200,10,1.000,65.00,0.000,0.000,,,0.000,0.000,,0.000,-1.00,120,-12.948
474,c03_run_attack,48,180.503,68.616,260.2,180.613,15.571,67.846,29.20,1H_Melee_Attack_Slice_Diagonal,1,0,0.187,0.233,10,1.000,65.00,0.000,0.000,,,0.000,0.000,,0.000,-1.00,120,-12.982
475,c03_run_attack,49,180.414,68.601,260.2,180.895,15.300,67.671,12.84,1H_Melee_Attack_Slice_Diagonal,1,0,0.153,0.267,10,1.000,65.00,0.000,0.000,,,0.000,0.000,,0.000,-1.00,120,-13.015
476,c03_run_attack,50,180.328,68.586,260.2,180.706,15.075,67.453,10.96,1H_Melee_Attack_Slice_Diagonal,1,0,0.120,0.300,10,1.000,65.00,0.000,0.000,,,0.000,0.000,,0.000,-1.00,120,-13.048
477,c03_run_attack,51,180.241,68.571,260.2,180.365,14.864,67.309,12.81,1H_Melee_Attack_Slice_Diagonal,1,0,0.087,0.333,10,1.000,65.00,0.000,0.000,,,0.000,0.000,,0.000,-1.00,120,-13.082
478,c03_run_attack,52,180.155,68.557,260.2,179.979,14.707,67.285,12.52,1H_Melee_Attack_Slice_Diagonal,1,0,0.053,0.367,10,1.000,65.00,0.000,0.000,,,0.000,0.000,,0.000,-1.00,120,-13.115
479,c03_run_attack,53,180.069,68.542,260.2,179.650,14.611,67.348,10.44,1H_Melee_Attack_Slice_Diagonal,0,0,0.020,0.400,10,1.000,65.00,0.000,0.000,,,0.000,0.000,,0.000,-1.00,120,-13.148
480,c03_run_attack,54,179.979,68.527,260.2,179.512,14.581,67.368,4.28,1H_Melee_Attack_Slice_Diagonal,0,0,-0.013,0.433,10,1.000,65.00,0.000,0.000,,,0.000,0.000,,0.000,-1.00,120,-13.182
481,c03_run_attack,55,179.874,68.509,260.2,179.465,14.584,67.335,1.71,1H_Melee_Attack_Slice_Diagonal,0,0,-0.047,0.467,10,1.000,65.00,0.000,0.000,,,0.000,0.000,,0.000,-1.00,120,-13.215
482,c03_run_attack,56,179.754,68.489,260.2,179.423,14.611,67.302,1.80,1H_Melee_Attack_Slice_Diagonal,0,0,-0.080,0.500,10,1.000,65.00,0.000,0.000,,,0.000,0.000,,0.000,-1.00,120,-13.248
483,c03_run_attack,57,179.619,68.466,260.2,179.385,14.662,67.271,2.12,1H_Melee_Attack_Slice_Diagonal,0,0,-0.113,0.533,10,1.000,65.00,0.000,0.000,,,0.000,0.000,,0.000,-1.00,120,-13.282
484,c03_run_attack,58,179.470,68.440,260.2,179.336,14.722,67.245,2.46,1H_Melee_Attack_Slice_Diagonal,0,0,-0.147,0.567,10,1.000,65.00,0.000,0.000,,,0.000,0.000,,0.000,-1.00,120,-13.315
485,c03_run_attack,59,179.306,68.412,260.2,179.263,14.781,67.223,2.87,1H_Melee_Attack_Slice_Diagonal,0,0,-0.180,0.600,10,1.000,65.00,0.000,0.000,,,0.000,0.000,,0.000,-1.00,120,-13.348
486,c03_run_attack,60,179.129,68.382,260.2,179.166,14.838,67.203,3.44,1H_Melee_Attack_Slice_Diagonal,0,0,-0.213,0.633,10,1.000,65.00,0.000,0.000,,,0.000,0.000,,0.000,-1.00,120,-13.382
487,c03_run_attack,61,178.938,68.349,260.2,179.041,14.891,67.185,4.11,1H_Melee_Attack_Slice_Diagonal,0,0,-0.247,0.667,10,1.000,65.00,0.000,0.000,,,0.000,0.000,,0.000,-1.00,120,-13.415
488,c03_run_attack,62,178.735,68.315,260.2,178.886,14.940,67.169,4.89,1H_Melee_Attack_Slice_Diagonal,0,0,-0.280,0.700,10,1.000,65.00,0.000,0.000,,,0.000,0.000,,0.000,-1.00,120,-13.448
489,c03_run_attack,63,178.522,68.278,260.2,178.707,14.985,67.155,5.55,1H_Melee_Attack_Slice_Diagonal,0,0,-0.313,0.733,10,1.000,65.00,0.000,0.000,,,0.000,0.000,,0.000,-1.00,120,-13.482
490,c03_run_attack,64,178.308,68.242,260.2,178.527,15.010,67.140,5.49,1H_Melee_Attack_Slice_Diagonal,0,0,-0.347,0.767,10,1.000,65.00,0.000,0.000,,,0.000,0.000,,0.000,-1.00,120,-13.515
491,c03_run_attack,65,178.095,68.205,260.2,178.351,14.999,67.123,5.29,1H_Melee_Attack_Slice_Diagonal,0,0,-0.380,0.800,10,1.000,65.00,0.000,0.000,,,0.000,0.000,,0.000,-1.00,120,-13.548
492,c03_run_attack,66,177.880,68.168,260.2,178.163,14.965,67.104,5.78,1H_Melee_Attack_Slice_Diagonal,0,0,-0.413,0.833,10,1.000,65.00,0.000,0.000,,,0.000,0.000,,0.000,-1.00,120,-13.582
493,c03_run_attack,67,177.666,68.131,260.2,177.937,14.879,67.061,7.36,1H_Melee_Attack_Slice_Diagonal,0,0,-0.447,0.867,10,1.000,65.00,0.000,0.000,,,0.000,0.000,,0.000,-1.00,120,-13.615
494,c03_run_attack,68,177.464,68.097,260.2,177.630,14.719,66.963,10.81,1H_Melee_Attack_Slice_Diagonal,0,0,-0.480,0.900,10,1.000,65.00,0.000,0.000,,,0.000,0.000,,0.000,-1.00,120,-13.648
495,c03_run_attack,69,177.278,68.065,260.2,177.221,14.533,66.866,13.79,1H_Melee_Attack_Slice_Diagonal,0,0,-0.513,0.933,10,1.000,65.00,0.000,0.000,,,0.000,0.000,,0.000,-1.00,120,-13.682
496,c03_run_attack,70,177.108,68.036,260.2,176.807,14.415,66.838,12.92,1H_Melee_Attack_Slice_Diagonal,0,0,-0.547,0.967,10,1.000,65.00,0.000,0.000,,,0.000,0.000,,0.000,-1.00,120,-13.715
497,c03_run_attack,71,176.955,68.010,260.2,176.519,14.378,66.839,8.72,1H_Melee_Attack_Slice_Diagonal,0,0,-0.580,1.000,10,1.000,65.00,0.000,0.000,,,0.000,0.000,,0.000,-1.00,120,-13.748
498,c03_run_attack,72,176.819,67.986,260.2,176.322,14.389,66.837,5.91,1H_Melee_Attack_Slice_Diagonal,0,0,-0.613,1.033,10,1.000,65.00,0.000,0.000,,,0.000,0.000,,0.000,-1.00,120,-13.782
499,c03_run_attack,73,176.700,67.966,260.2,176.190,14.412,66.823,4.06,1H_Melee_Attack_Slice_Diagonal,0,0,-0.647,1.067,10,1.000,65.00,0.000,0.000,,,0.000,0.000,,0.000,-1.00,120,-13.815
500,c03_run_attack,74,176.598,67.949,260.2,176.107,14.432,66.800,2.65,1H_Melee_Attack_Slice_Diagonal,0,0,-0.680,1.100,10,1.000,65.00,0.000,0.000,,,0.000,0.000,,0.000,-1.00,120,-13.848
501,c03_run_attack,75,176.512,67.934,260.2,176.062,14.442,66.772,1.61,1H_Melee_Attack_Slice_Diagonal,0,0,-0.713,1.133,10,1.000,65.00,0.000,0.000,,,0.000,0.000,,0.000,-1.00,120,-13.882
502,c03_run_attack,76,176.445,67.923,260.2,176.043,14.437,66.747,0.97,1H_Melee_Attack_Slice_Diagonal,0,0,-0.747,1.167,10,1.000,65.00,0.000,0.000,,,0.000,0.000,,0.000,-1.00,120,-13.915
503,c03_run_attack,77,176.394,67.914,260.2,176.042,14.420,66.727,0.79,1H_Melee_Attack_Slice_Diagonal,0,0,-0.780,1.200,10,1.000,65.00,0.000,0.000,,,0.000,0.000,,0.000,-1.00,120,-13.948
504,c03_run_attack,78,176.361,67.909,260.2,176.051,14.393,66.714,0.92,1H_Melee_Attack_Slice_Diagonal,0,0,-0.813,1.233,10,1.000,65.00,0.000,0.000,,,0.000,0.000,,0.000,-1.00,120,-13.982
505,c03_run_attack,79,176.345,67.906,260.2,176.067,14.358,66.711,1.17,1H_Melee_Attack_Slice_Diagonal,0,0,-0.847,1.267,10,1.000,65.00,0.000,0.000,,,0.000,0.000,,0.000,-1.00,120,-14.015
506,c03_run_attack,80,176.345,67.906,260.2,176.082,14.318,66.714,1.28,1H_Melee_Attack_Slice_Diagonal,0,0,-0.880,1.300,10,1.000,65.00,0.000,0.000,,,0.000,0.000,,0.000,-1.00,120,-14.048
507,c03_run_attack,81,176.345,67.906,260.2,176.063,14.310,66.717,0.63,1H_Melee_Attack_Slice_Diagonal,0,0,-0.913,1.333,10,1.000,65.00,0.000,0.000,,,0.000,0.000,,0.000,-1.00,120,-14.082
508,c03_run_attack,82,176.345,67.906,260.2,176.336,14.286,66.689,8.29,1H_Melee_Attack_Slice_Diagonal,0,0,-0.947,1.367,10,1.000,65.00,0.000,0.000,,,0.000,0.000,,0.000,-1.00,120,-14.115
509,c03_run_attack,83,176.345,67.906,260.2,176.521,14.226,66.729,5.94,1H_Melee_Attack_Slice_Diagonal,0,0,-0.980,1.400,10,1.000,65.00,0.000,0.000,,,0.000,0.000,,0.000,-1.00,120,-14.148
510,c03_run_attack,84,176.345,67.906,260.2,176.560,14.195,66.751,1.65,1H_Melee_Attack_Slice_Diagonal,0,0,-1.013,1.433,10,1.000,65.00,0.000,0.000,,,0.000,0.000,,0.000,-1.00,120,-14.182
511,c03_run_attack,85,176.345,67.906,260.2,176.561,14.186,66.754,0.30,1H_Melee_Attack_Slice_Diagonal,0,0,-1.047,1.467,10,1.000,65.00,0.000,0.000,,,0.000,0.000,,0.000,-1.00,120,-14.215
512,c03_run_attack,86,176.345,67.906,260.2,176.558,14.180,66.755,0.19,1H_Melee_Attack_Slice_Diagonal,0,0,-1.080,1.500,10,1.000,65.00,0.000,0.000,,,0.000,0.000,,0.000,-1.00,120,-14.248
513,c03_run_attack,87,176.345,67.906,260.2,176.555,14.175,66.755,0.17,1H_Melee_Attack_Slice_Diagonal,0,0,-1.113,1.533,10,1.000,65.00,0.000,0.000,,,0.000,0.000,,0.000,-1.00,120,-14.282
514,c03_run_attack,88,176.345,67.906,260.2,176.553,14.170,66.756,0.16,1H_Melee_Attack_Slice_Diagonal,0,0,-1.147,1.567,10,1.000,65.00,0.000,0.000,,,0.000,0.000,,0.000,-1.00,120,-14.315
515,c03_run_attack,89,176.345,67.906,260.2,176.551,14.166,66.757,0.14,1H_Melee_Attack_Slice_Diagonal,0,0,-1.180,1.600,10,1.000,65.00,0.000,0.000,,,0.000,0.000,,0.000,-1.00,120,-14.348
516,c03_run_attack,90,176.345,67.906,260.2,176.550,14.163,66.757,0.11,1H_Melee_Attack_Slice_Diagonal,0,0,-1.213,1.633,10,1.000,65.00,0.000,0.000,,,0.000,0.000,,0.000,-1.00,120,-14.382
517,c03_run_attack,91,176.345,67.906,260.2,176.549,14.160,66.758,0.08,1H_Melee_Attack_Slice_Diagonal,0,0,-1.247,1.667,10,1.000,65.00,0.000,0.000,,,0.000,0.000,,0.000,-1.00,120,-14.415
518,c03_run_attack,92,176.345,67.906,260.2,176.548,14.159,66.758,0.04,1H_Melee_Attack_Slice_Diagonal,0,0,-1.280,1.700,10,1.000,65.00,0.000,0.000,,,0.000,0.000,,0.000,-1.00,120,-14.448
519,c03_run_attack,93,176.345,67.906,260.2,176.548,14.158,66.758,0.02,1H_Melee_Attack_Slice_Diagonal,0,0,-1.313,1.733,10,1.000,65.00,0.000,0.000,,,0.000,0.000,,0.000,-1.00,120,-14.482
520,c03_run_attack,94,176.345,67.906,260.2,176.548,14.158,66.758,0.02,1H_Melee_Attack_Slice_Diagonal,0,0,-1.347,1.767,10,1.000,65.00,0.000,0.000,,,0.000,0.000,,0.000,-1.00,120,-14.515
521,c03_run_attack,95,176.345,67.906,260.2,176.548,14.158,66.758,0.01,1H_Melee_Attack_Slice_Diagonal,0,0,-1.380,1.800,10,1.000,65.00,0.000,0.000,,,0.000,0.000,,0.000,-1.00,120,-14.548
522,c03_run_attack,96,176.345,67.906,260.2,176.549,14.160,66.758,0.06,1H_Melee_Attack_Slice_Diagonal,0,0,-1.413,1.833,10,1.000,65.00,0.000,0.000,,,0.000,0.000,,0.000,-1.00,120,-14.582
523,gap,1,187.425,69.799,180.0,188.591,14.955,69.806,373.41,1H_Melee_Attack_Slice_Diagonal,0,0,-1.447,1.867,10,1.000,65.00,0.000,0.000,,,0.000,0.000,,0.000,-1.00,120,-14.615
524,gap,2,187.425,69.799,180.0,188.592,14.661,69.807,8.81,1H_Melee_Attack_Slice_Diagonal,0,0,-1.480,1.900,10,1.000,65.00,0.000,0.000,,,0.000,0.000,,0.000,-1.00,120,-14.648
525,gap,3,187.425,69.799,180.0,188.592,14.665,69.808,0.13,1H_Melee_Attack_Slice_Diagonal,0,0,-1.513,1.933,10,1.000,65.00,0.000,0.000,,,0.000,0.000,,0.000,-1.00,120,-14.682
526,gap,4,187.425,69.799,180.0,188.593,14.670,69.809,0.14,1H_Melee_Attack_Slice_Diagonal,0,0,-1.547,1.967,10,1.000,65.00,0.000,0.000,,,0.000,0.000,,0.000,-1.00,120,-14.715
527,gap,5,187.425,69.799,180.0,188.594,14.674,69.811,0.15,1H_Melee_Attack_Slice_Diagonal,0,0,-1.580,2.000,10,1.000,65.00,0.000,0.000,,,0.000,0.000,,0.000,-1.00,120,-14.748
528,gap,6,187.425,69.799,180.0,188.594,14.679,69.812,0.15,1H_Melee_Attack_Slice_Diagonal,0,0,-1.613,2.033,10,1.000,65.00,0.000,0.000,,,0.000,0.000,,0.000,-1.00,120,-14.782
529,gap,7,187.425,69.799,180.0,188.595,14.684,69.814,0.15,1H_Melee_Attack_Slice_Diagonal,0,0,-1.647,2.067,10,1.000,65.00,0.000,0.000,,,0.000,0.000,,0.000,-1.00,120,-14.815
530,gap,8,187.425,69.799,180.0,188.596,14.689,69.816,0.16,1H_Melee_Attack_Slice_Diagonal,0,0,-1.680,2.100,10,1.000,65.00,0.000,0.000,,,0.000,0.000,,0.000,-1.00,120,-14.848
531,gap,9,187.425,69.799,180.0,188.596,14.694,69.817,0.17,1H_Melee_Attack_Slice_Diagonal,0,0,-1.713,2.133,10,1.000,65.00,0.000,0.000,,,0.000,0.000,,0.000,-1.00,120,-14.882
532,gap,10,187.425,69.799,180.0,188.597,14.699,69.819,0.16,1H_Melee_Attack_Slice_Diagonal,0,0,-1.747,2.167,10,1.000,65.00,0.000,0.000,,,0.000,0.000,,0.000,-1.00,120,-14.915
533,gap,11,187.425,69.799,180.0,188.597,14.703,69.820,0.15,1H_Melee_Attack_Slice_Diagonal,0,0,-1.780,2.200,10,1.000,65.00,0.000,0.000,,,0.000,0.000,,0.000,-1.00,120,-14.948
534,gap,12,187.425,69.799,180.0,188.598,14.708,69.821,0.13,1H_Melee_Attack_Slice_Diagonal,0,0,-1.813,2.233,10,1.000,65.00,0.000,0.000,,,0.000,0.000,,0.000,-1.00,120,-14.982
535,gap,13,187.425,69.799,180.0,188.598,14.711,69.822,0.12,1H_Melee_Attack_Slice_Diagonal,0,0,-1.847,2.267,10,1.000,65.00,0.000,0.000,,,0.000,0.000,,0.000,-1.00,120,-15.015
536,gap,14,187.425,69.799,180.0,188.598,14.713,69.823,0.05,1H_Melee_Attack_Slice_Diagonal,0,0,-1.880,2.300,10,1.000,65.00,0.000,0.000,,,0.000,0.000,,0.000,-1.00,120,-15.048
537,gap,15,187.425,69.799,180.0,188.598,14.714,69.823,0.04,1H_Melee_Attack_Slice_Diagonal,0,0,-1.913,2.333,10,1.000,65.00,0.000,0.000,,,0.000,0.000,,0.000,-1.00,120,-15.082
538,gap,16,187.425,69.799,180.0,188.598,14.715,69.824,0.03,1H_Melee_Attack_Slice_Diagonal,0,0,-1.947,2.367,10,1.000,65.00,0.000,0.000,,,0.000,0.000,,0.000,-1.00,120,-15.115
539,gap,17,187.425,69.799,180.0,188.598,14.715,69.825,0.03,1H_Melee_Attack_Slice_Diagonal,0,0,-1.980,2.400,10,1.000,65.00,0.000,0.000,,,0.000,0.000,,0.000,-1.00,120,-15.148
540,gap,18,187.425,69.799,180.0,188.598,14.714,69.825,0.03,1H_Melee_Attack_Slice_Diagonal,0,0,-2.013,2.433,10,1.000,65.00,0.000,0.000,,,0.000,0.000,,0.000,-1.00,120,-15.182
541,gap,19,187.425,69.799,180.0,188.597,14.711,69.824,0.08,1H_Melee_Attack_Slice_Diagonal,0,0,-2.047,2.467,10,1.000,65.00,0.000,0.000,,,0.000,0.000,,0.000,-1.00,120,-15.215
542,gap,20,187.425,69.799,180.0,188.597,14.709,69.822,0.10,1H_Melee_Attack_Slice_Diagonal,0,0,-2.080,2.500,10,1.000,65.00,0.000,0.000,,,0.000,0.000,,0.000,-1.00,120,-15.248
543,gap,21,187.425,69.799,180.0,188.596,14.705,69.821,0.12,1H_Melee_Attack_Slice_Diagonal,0,0,-2.113,2.533,10,1.000,65.00,0.000,0.000,@CharacterBody3D@8832,2,0.000,0.000,,0.000,2.20,120,-15.282
544,gap,22,187.425,69.799,180.0,188.595,14.701,69.819,0.13,1H_Melee_Attack_Slice_Diagonal,0,0,-2.147,2.567,10,1.000,65.00,0.000,0.000,@CharacterBody3D@8832,2,0.000,-0.033,walk,0.000,2.18,120,-15.315
545,gap,23,187.425,69.799,180.0,188.595,14.696,69.818,0.14,1H_Melee_Attack_Slice_Diagonal,0,0,-2.180,2.600,10,1.000,65.00,0.000,0.000,@CharacterBody3D@8832,2,0.000,-0.067,walk,0.000,2.14,120,-15.348
546,gap,24,187.425,69.799,180.0,188.594,14.692,69.816,0.15,1H_Melee_Attack_Slice_Diagonal,0,0,-2.213,2.633,10,1.000,65.00,0.000,0.000,@CharacterBody3D@8832,2,0.000,-0.100,walk,0.026,2.08,120,-15.382
547,gap,25,187.425,69.799,180.0,188.593,14.687,69.815,0.15,1H_Melee_Attack_Slice_Diagonal,0,0,-2.247,2.667,10,1.000,65.00,0.000,0.000,@CharacterBody3D@8832,2,0.000,-0.133,walk,0.061,2.01,120,-15.415
548,gap,26,187.425,69.799,180.0,188.593,14.682,69.813,0.15,1H_Melee_Attack_Slice_Diagonal,0,0,-2.280,2.700,10,1.000,65.00,0.000,0.000,@CharacterBody3D@8832,2,0.850,1.450,attack,0.000,1.93,120,-15.448
549,gap,27,187.425,69.799,180.0,188.592,14.677,69.811,0.16,1H_Melee_Attack_Slice_Diagonal,0,0,-2.313,2.733,10,1.000,65.00,0.000,0.000,@CharacterBody3D@8832,2,0.817,1.417,attack,0.000,1.86,120,-15.482
550,gap,28,187.425,69.799,180.0,188.592,14.672,69.809,0.16,1H_Melee_Attack_Slice_Diagonal,0,0,-2.347,2.767,10,1.000,65.00,0.000,0.000,@CharacterBody3D@8832,2,0.783,1.383,attack,0.044,1.81,120,-15.515
551,gap,29,187.425,69.799,180.0,188.592,14.668,69.808,0.15,1H_Melee_Attack_Slice_Diagonal,0,0,-2.380,2.800,10,1.000,65.00,0.000,0.000,@CharacterBody3D@8832,2,0.750,1.350,attack,0.087,1.77,120,-15.548
552,gap,30,187.425,69.799,180.0,188.591,14.664,69.807,0.13,1H_Melee_Attack_Slice_Diagonal,0,0,-2.413,2.833,10,1.000,65.00,0.000,0.000,@CharacterBody3D@8832,2,0.717,1.317,attack,0.131,1.73,120,-15.582
553,c04_parry_riposte_orc,1,187.425,69.799,257.2,187.689,14.660,68.663,43.71,1H_Melee_Attack_Slice_Diagonal,0,0,-2.447,2.867,10,1.000,65.00,0.000,0.000,@CharacterBody3D@8832,2,0.683,1.283,attack,0.174,1.70,120,-15.615
554,c04_parry_riposte_orc,2,187.425,69.799,257.2,187.688,14.657,68.663,0.08,1H_Melee_Attack_Slice_Diagonal,0,0,-2.480,2.900,10,1.000,65.00,0.000,0.000,@CharacterBody3D@8832,2,0.650,1.250,attack,0.218,1.68,120,-15.648
555,c04_parry_riposte_orc,3,187.425,69.799,257.2,187.687,14.656,68.662,0.04,1H_Melee_Attack_Slice_Diagonal,0,0,-2.513,2.933,10,1.000,65.00,0.000,0.000,@CharacterBody3D@8832,2,0.617,1.217,attack,0.261,1.66,120,-15.682
556,c04_parry_riposte_orc,4,187.425,69.799,257.2,187.687,14.656,68.662,0.03,1H_Melee_Attack_Slice_Diagonal,0,0,-2.547,2.967,10,1.000,65.00,0.000,0.000,@CharacterBody3D@8832,2,0.583,1.183,attack,0.305,1.64,120,-15.715
557,c04_parry_riposte_orc,5,187.425,69.799,257.2,187.687,14.655,68.661,0.02,1H_Melee_Attack_Slice_Diagonal,0,0,-2.580,3.000,10,1.000,65.00,0.000,0.000,@CharacterBody3D@8832,2,0.550,1.150,attack,0.348,1.63,120,-15.748
558,c04_parry_riposte_orc,6,187.425,69.799,257.2,187.687,14.655,68.661,0.02,1H_Melee_Attack_Slice_Diagonal,0,0,-2.613,3.033,10,1.000,65.00,0.000,0.000,@CharacterBody3D@8832,2,0.517,1.117,attack,0.392,1.62,120,-15.782
559,c04_parry_riposte_orc,7,187.425,69.799,257.2,187.688,14.656,68.660,0.04,1H_Melee_Attack_Slice_Diagonal,0,0,-2.647,3.067,10,1.000,65.00,0.000,0.000,@CharacterBody3D@8832,2,0.483,1.083,attack,0.435,1.60,120,-15.815
560,c04_parry_riposte_orc,8,187.425,69.799,257.2,187.689,14.659,68.659,0.08,1H_Melee_Attack_Slice_Diagonal,0,0,-2.680,3.100,10,1.000,65.00,0.000,0.000,@CharacterBody3D@8832,2,0.450,1.050,attack,0.479,1.60,120,-15.848
561,c04_parry_riposte_orc,9,187.425,69.799,257.2,187.690,14.661,68.659,0.09,1H_Melee_Attack_Slice_Diagonal,0,0,-2.713,3.133,10,1.000,65.00,0.000,0.000,@CharacterBody3D@8832,2,0.417,1.017,attack,0.522,1.59,120,-15.882
562,c04_parry_riposte_orc,10,187.425,69.799,257.2,187.691,14.665,68.658,0.11,1H_Melee_Attack_Slice_Diagonal,0,0,-2.747,3.167,10,1.000,65.00,0.000,0.000,@CharacterBody3D@8832,2,0.383,0.983,attack,0.566,1.58,120,-15.915
563,c04_parry_riposte_orc,11,187.425,69.799,257.2,187.693,14.669,68.657,0.14,1H_Melee_Attack_Slice_Diagonal,0,0,-2.780,3.200,10,1.000,65.00,0.000,0.000,@CharacterBody3D@8832,2,0.350,0.950,attack,0.609,1.57,120,-15.948
564,c04_parry_riposte_orc,12,187.425,69.799,257.2,187.694,14.674,68.656,0.15,1H_Melee_Attack_Slice_Diagonal,0,0,-2.813,3.233,10,1.000,65.00,0.000,0.000,@CharacterBody3D@8832,2,0.317,0.917,attack,0.653,1.57,120,-15.982
565,c04_parry_riposte_orc,13,187.425,69.799,257.2,187.696,14.678,68.655,0.15,1H_Melee_Attack_Slice_Diagonal,0,0,-2.847,3.267,10,1.000,65.00,0.000,0.000,@CharacterBody3D@8832,2,0.283,0.883,attack,0.696,1.56,120,-16.015
566,c04_parry_riposte_orc,14,187.425,69.799,257.2,187.698,14.683,68.654,0.15,1H_Melee_Attack_Slice_Diagonal,0,0,-2.880,3.300,10,1.000,65.00,0.000,0.000,@CharacterBody3D@8832,2,0.250,0.850,attack,0.740,1.56,120,-16.048
567,c04_parry_riposte_orc,15,187.425,69.799,257.2,187.700,14.688,68.654,0.15,1H_Melee_Attack_Slice_Diagonal,0,0,-2.913,3.333,10,1.000,65.00,0.000,0.000,@CharacterBody3D@8832,2,0.217,0.817,attack,0.784,1.56,120,-16.082
568,c04_parry_riposte_orc,16,187.425,69.799,257.2,187.701,14.692,68.653,0.15,1H_Melee_Attack_Slice_Diagonal,0,0,-2.947,3.367,10,1.000,65.00,0.000,0.000,@CharacterBody3D@8832,2,0.183,0.783,attack,0.827,1.56,120,-16.115
569,c04_parry_riposte_orc,17,187.425,69.799,257.2,187.703,14.697,68.653,0.16,1H_Melee_Attack_Slice_Diagonal,0,0,-2.980,3.400,10,1.000,65.00,0.000,0.000,@CharacterBody3D@8832,2,0.150,0.750,attack,0.871,1.56,120,-16.148
570,c04_parry_riposte_orc,18,187.425,69.799,257.2,187.705,14.702,68.652,0.15,1H_Melee_Attack_Slice_Diagonal,0,0,-3.013,3.433,10,1.000,65.00,0.000,0.000,@CharacterBody3D@8832,2,0.117,0.717,attack,0.914,1.56,120,-16.182
571,c04_parry_riposte_orc,19,187.425,69.799,257.2,187.706,14.706,68.652,0.13,1H_Melee_Attack_Slice_Diagonal,0,0,-3.047,3.467,10,1.000,65.00,0.000,0.000,@CharacterBody3D@8832,2,0.083,0.683,attack,0.958,1.56,120,-16.215
572,c04_parry_riposte_orc,20,187.425,69.799,257.2,187.825,14.713,68.685,3.71,1H_Melee_Attack_Slice_Diagonal,0,0,-3.080,3.500,10,1.000,65.00,0.000,0.000,@CharacterBody3D@8832,2,0.050,0.650,attack,1.001,1.56,120,-16.248
573,c04_parry_riposte_orc,21,187.425,69.799,257.2,187.940,14.719,68.730,3.69,1H_Melee_Attack_Slice_Diagonal,0,0,-3.113,3.533,10,1.000,65.00,0.000,0.000,@CharacterBody3D@8832,2,0.017,0.617,attack,1.045,1.56,120,-16.282
574,c04_parry_riposte_orc,22,187.424,69.850,257.2,188.046,14.722,68.838,4.54,1H_Melee_Attack_Slice_Diagonal,0,0,-3.147,3.567,10,1.000,65.00,0.000,0.000,@CharacterBody3D@8832,2,-0.000,0.583,attack,1.088,1.61,100,-16.315
575,c04_parry_riposte_orc,23,187.423,69.941,257.2,187.815,14.747,68.855,6.99,1H_Melee_Attack_Slice_Diagonal,0,0,-3.180,3.600,10,1.000,65.00,0.000,0.000,@CharacterBody3D@8832,2,-0.000,0.550,attack,1.122,1.70,100,-16.348
576,c04_parry_riposte_orc,24,187.422,70.019,257.2,187.862,14.759,68.957,3.37,1H_Melee_Attack_Slice_Diagonal,0,0,-3.213,3.633,10,1.000,65.00,0.000,0.000,@CharacterBody3D@8832,2,-0.000,0.517,attack,1.155,1.78,100,-16.382
577,c04_parry_riposte_orc,25,187.421,70.084,257.2,187.909,14.747,69.041,2.90,1H_Melee_Attack_Slice_Diagonal,0,0,-3.247,3.667,10,1.000,65.00,0.000,0.000,@CharacterBody3D@8832,2,-0.000,0.483,attack,1.188,1.85,100,-16.415
578,c04_parry_riposte_orc,26,187.420,70.136,257.2,187.954,14.735,69.112,2.56,1H_Melee_Attack_Slice_Diagonal,0,0,-3.280,3.700,10,1.000,65.00,0.000,0.000,@CharacterBody3D@8832,2,-0.000,0.450,attack,1.222,1.90,100,-16.448
579,c04_parry_riposte_orc,27,187.420,70.174,257.2,187.993,14.722,69.169,2.11,1H_Melee_Attack_Slice_Diagonal,0,0,-3.313,3.733,10,1.000,65.00,0.000,0.000,@CharacterBody3D@8832,2,-0.000,0.417,attack,1.255,1.94,100,-16.482
580,c04_parry_riposte_orc,28,187.419,70.199,257.2,187.956,14.738,69.168,1.21,1H_Melee_Attack_Slice_Diagonal,0,0,-3.347,3.767,10,1.000,65.00,0.000,0.000,@CharacterBody3D@8832,2,-0.000,0.383,attack,1.288,1.96,100,-16.515
581,c04_parry_riposte_orc,29,187.421,70.104,179.2,188.588,14.757,70.254,37.70,1H_Melee_Attack_Chop,0,0,0.387,0.033,11,1.000,65.00,0.000,0.000,@CharacterBody3D@8832,2,-0.000,0.350,attack,1.322,1.87,100,-16.548
582,c04_parry_riposte_orc,30,187.422,70.023,179.2,188.605,14.802,69.899,10.74,1H_Melee_Attack_Chop,1,0,0.353,0.067,11,1.000,65.00,0.000,0.000,@CharacterBody3D@8832,2,-0.000,0.317,attack,1.355,1.78,100,-16.582
583,c04_parry_riposte_orc,31,187.423,69.955,179.2,188.577,14.875,69.563,10.37,1H_Melee_Attack_Chop,1,0,0.320,0.100,11,1.000,65.00,0.000,0.000,@CharacterBody3D@8832,2,-0.000,0.283,attack,1.388,1.72,100,-16.615
584,c04_parry_riposte_orc,32,187.424,69.900,179.2,188.613,14.449,69.982,17.95,1H_Melee_Attack_Chop,1,0,0.287,0.133,11,1.000,65.00,0.000,0.000,@CharacterBody3D@8832,2,-0.000,0.250,attack,1.422,1.66,100,-16.648
585,c04_parry_riposte_orc,33,187.425,69.858,179.2,187.336,14.238,70.573,42.69,1H_Melee_Attack_Chop,1,0,0.253,0.167,11,1.000,65.00,0.000,0.000,@CharacterBody3D@8832,2,-0.000,0.217,attack,1.455,1.62,100,-16.682
586,c04_parry_riposte_orc,34,187.425,69.857,179.2,187.795,13.934,69.528,35.46,1H_Melee_Attack_Chop,1,0,0.252,0.168,11,0.050,65.00,0.000,0.000,@CharacterBody3D@8832,2,-0.000,0.298,hit,0.000,1.62,100,-16.683
587,c04_parry_riposte_orc,35,187.425,69.855,179.2,188.217,14.032,69.777,14.98,1H_Melee_Attack_Chop,1,0,0.250,0.170,11,0.050,65.00,0.000,0.000,@CharacterBody3D@8832,2,-0.000,0.297,hit,0.000,1.61,100,-16.685
588,c04_parry_riposte_orc,36,187.425,69.828,179.2,188.249,14.054,69.682,3.09,1H_Melee_Attack_Chop,1,0,0.217,0.203,11,1.000,65.00,0.000,0.000,@CharacterBody3D@8832,2,-0.000,0.263,hit,0.002,1.59,100,-16.718
589,c04_parry_riposte_orc,37,187.426,69.815,179.2,188.309,14.685,68.801,32.54,1H_Melee_Attack_Chop,1,0,0.183,0.237,11,1.000,65.00,0.000,0.000,@CharacterBody3D@8832,2,-0.000,0.230,hit,0.035,1.57,100,-16.752
590,c04_parry_riposte_orc,38,187.426,69.813,179.2,188.465,14.873,68.949,8.58,1H_Melee_Attack_Chop,1,0,0.150,0.270,11,1.000,65.00,0.000,0.000,@CharacterBody3D@8832,2,-0.000,0.197,hit,0.068,1.57,100,-16.785
591,c04_parry_riposte_orc,39,187.426,69.813,179.2,188.544,14.812,69.146,6.64,1H_Melee_Attack_Chop,1,0,0.117,0.303,11,1.000,65.00,0.000,0.000,@CharacterBody3D@8832,2,-0.000,0.163,hit,0.102,1.57,100,-16.818
592,c04_parry_riposte_orc,40,187.426,69.813,179.2,188.648,14.783,69.629,14.83,1H_Melee_Attack_Chop,0,0,0.083,0.337,11,1.000,65.00,0.000,0.000,@CharacterBody3D@8832,2,-0.000,0.130,hit,0.135,1.56,100,-16.852
593,c04_parry_riposte_orc,41,187.426,69.813,179.2,188.597,14.679,69.822,6.76,1H_Melee_Attack_Chop,0,0,0.050,0.370,11,1.000,65.00,0.000,0.000,@CharacterBody3D@8832,2,-0.000,0.097,hit,0.168,1.56,100,-16.885
594,c04_parry_riposte_orc,42,187.426,69.813,179.2,188.595,14.670,69.838,0.55,1H_Melee_Attack_Chop,0,0,0.017,0.403,11,1.000,65.00,0.000,0.000,@CharacterBody3D@8832,2,-0.000,0.063,hit,0.202,1.56,100,-16.918
595,c04_parry_riposte_orc,43,187.426,69.813,179.2,188.594,14.665,69.837,0.15,1H_Melee_Attack_Chop,0,0,-0.017,0.437,11,1.000,65.00,0.000,0.000,@CharacterBody3D@8832,2,-0.000,0.030,hit,0.235,1.56,100,-16.952
596,c04_parry_riposte_orc,44,187.426,69.813,179.2,188.593,14.661,69.836,0.13,1H_Melee_Attack_Chop,0,0,-0.050,0.470,11,1.000,65.00,0.000,0.000,@CharacterBody3D@8832,2,-0.000,-0.003,walk,0.000,1.56,100,-16.985
597,c04_parry_riposte_orc,45,187.426,69.813,179.2,188.593,14.658,69.835,0.11,1H_Melee_Attack_Chop,0,0,-0.083,0.503,11,1.000,65.00,0.000,0.000,@CharacterBody3D@8832,2,-0.000,-0.037,walk,0.000,1.58,100,-17.018
598,c04_parry_riposte_orc,46,187.426,69.813,179.2,188.592,14.655,69.835,0.07,1H_Melee_Attack_Chop,0,0,-0.117,0.537,11,1.000,65.00,0.000,0.000,@CharacterBody3D@8832,2,-0.000,-0.070,walk,0.020,1.61,100,-17.052
599,c04_parry_riposte_orc,47,187.426,69.813,179.2,188.592,14.654,69.834,0.04,1H_Melee_Attack_Chop,0,0,-0.150,0.570,11,1.000,65.00,0.000,0.000,@CharacterBody3D@8832,2,-0.000,-0.103,walk,0.044,1.66,100,-17.085
600,c04_parry_riposte_orc,48,187.426,69.813,179.2,188.592,14.654,69.834,0.02,1H_Melee_Attack_Chop,0,0,-0.183,0.603,11,1.000,65.00,0.000,0.000,@CharacterBody3D@8832,2,-0.000,-0.137,walk,0.076,1.71,100,-17.118
601,c04_parry_riposte_orc,49,187.426,69.813,179.2,188.591,14.653,69.834,0.02,1H_Melee_Attack_Chop,0,0,-0.217,0.637,11,1.000,65.00,0.000,0.000,@CharacterBody3D@8832,2,-0.000,-0.170,walk,0.112,1.77,100,-17.152
602,c04_parry_riposte_orc,50,187.426,69.813,179.2,188.591,14.654,69.835,0.02,1H_Melee_Attack_Chop,0,0,-0.250,0.670,11,1.000,65.00,0.000,0.000,@CharacterBody3D@8832,2,-0.000,-0.203,walk,0.153,1.84,100,-17.185
603,c04_parry_riposte_orc,51,187.426,69.813,179.2,188.591,14.655,69.836,0.06,1H_Melee_Attack_Chop,0,0,-0.283,0.703,11,1.000,65.00,0.000,0.000,@CharacterBody3D@8832,2,-0.000,-0.237,walk,0.197,1.91,100,-17.218
604,c04_parry_riposte_orc,52,187.426,69.813,179.2,188.592,14.658,69.837,0.08,1H_Melee_Attack_Chop,0,0,-0.317,0.737,11,1.000,65.00,0.000,0.000,@CharacterBody3D@8832,2,-0.000,-0.270,walk,0.245,1.99,100,-17.252
605,c04_parry_riposte_orc,53,187.426,69.813,179.2,188.592,14.661,69.838,0.10,1H_Melee_Attack_Chop,0,0,-0.350,0.770,11,1.000,65.00,0.000,0.000,@CharacterBody3D@8832,2,-0.000,-0.303,walk,0.294,2.07,100,-17.285
606,c04_parry_riposte_orc,54,187.426,69.813,179.2,188.593,14.665,69.839,0.13,1H_Melee_Attack_Chop,0,0,-0.383,0.803,11,1.000,65.00,0.000,0.000,@CharacterBody3D@8832,2,-0.000,-0.337,walk,0.346,2.15,100,-17.318
607,c04_parry_riposte_orc,55,187.426,69.813,179.2,188.594,14.669,69.840,0.14,1H_Melee_Attack_Chop,0,0,-0.417,0.837,11,1.000,65.00,0.000,0.000,@CharacterBody3D@8832,2,-0.000,-0.370,walk,0.399,2.23,100,-17.352
608,c04_parry_riposte_orc,56,187.426,69.813,179.2,188.594,14.674,69.842,0.15,1H_Melee_Attack_Chop,0,0,-0.450,0.870,11,1.000,65.00,0.000,0.000,@CharacterBody3D@8832,2,-0.000,-0.403,walk,0.453,2.32,100,-17.385
609,c04_parry_riposte_orc,57,187.426,69.813,179.2,188.595,14.679,69.843,0.15,1H_Melee_Attack_Chop,0,0,-0.483,0.903,11,1.000,65.00,0.000,0.000,@CharacterBody3D@8832,2,-0.000,-0.437,walk,0.509,2.40,100,-17.418
610,c04_parry_riposte_orc,58,187.426,69.813,179.2,188.595,14.683,69.845,0.15,1H_Melee_Attack_Chop,0,0,-0.517,0.937,11,1.000,65.00,0.000,0.000,@CharacterBody3D@8832,2,-0.000,-0.470,walk,0.565,2.49,100,-17.452
611,c04_parry_riposte_orc,59,187.426,69.813,179.2,188.596,14.688,69.847,0.16,1H_Melee_Attack_Chop,0,0,-0.550,0.970,11,1.000,65.00,0.000,0.000,@CharacterBody3D@8832,2,-0.000,-0.503,walk,0.622,2.58,100,-17.485
612,c04_parry_riposte_orc,60,187.426,69.813,179.2,188.597,14.694,69.848,0.17,1H_Melee_Attack_Chop,0,0,-0.583,1.003,11,1.000,65.00,0.000,0.000,@CharacterBody3D@8832,2,-0.000,-0.537,walk,0.679,2.67,100,-17.518
613,c04_parry_riposte_orc,61,187.426,69.813,179.2,188.597,14.699,69.850,0.16,1H_Melee_Attack_Chop,0,0,-0.617,1.037,11,1.000,65.00,0.000,0.000,@CharacterBody3D@8832,2,-0.000,-0.570,walk,0.737,2.77,100,-17.552
614,c04_parry_riposte_orc,62,187.426,69.813,179.2,188.598,14.703,69.851,0.15,1H_Melee_Attack_Chop,0,0,-0.650,1.070,11,1.000,65.00,0.000,0.000,@CharacterBody3D@8832,2,-0.000,-0.603,walk,0.795,2.86,100,-17.585
615,c04_parry_riposte_orc,63,187.426,69.813,179.2,188.598,14.708,69.852,0.13,1H_Melee_Attack_Chop,0,0,-0.683,1.103,11,1.000,65.00,0.000,0.000,@CharacterBody3D@8832,2,-0.000,-0.637,walk,0.853,2.96,100,-17.618
616,c04_parry_riposte_orc,64,187.426,69.813,179.2,188.598,14.711,69.853,0.11,1H_Melee_Attack_Chop,0,0,-0.717,1.137,11,1.000,65.00,0.000,0.000,@CharacterBody3D@8832,2,-0.000,-0.670,walk,0.912,3.05,100,-17.652
617,c04_parry_riposte_orc,65,187.426,69.813,179.2,188.599,14.713,69.853,0.04,1H_Melee_Attack_Chop,0,0,-0.750,1.170,11,1.000,65.00,0.000,0.000,@CharacterBody3D@8832,2,-0.000,-0.703,walk,0.971,3.15,100,-17.685
618,c04_parry_riposte_orc,66,187.426,69.813,179.2,188.598,14.713,69.854,0.04,1H_Melee_Attack_Chop,0,0,-0.783,1.203,11,1.000,65.00,0.000,0.000,@CharacterBody3D@8832,2,-0.000,-0.737,walk,1.030,3.24,100,-17.718
619,c04_parry_riposte_orc,67,187.426,69.813,179.2,188.598,14.714,69.855,0.03,1H_Melee_Attack_Chop,0,0,-0.817,1.237,11,1.000,65.00,0.000,0.000,@CharacterBody3D@8832,2,-0.000,-0.770,walk,0.022,3.33,100,-17.752
620,c04_parry_riposte_orc,68,187.426,69.813,179.2,188.598,14.714,69.856,0.03,1H_Melee_Attack_Chop,0,0,-0.850,1.270,11,1.000,65.00,0.000,0.000,@CharacterBody3D@8832,2,-0.000,-0.803,walk,0.081,3.43,100,-17.785
621,c04_parry_riposte_orc,69,187.426,69.813,179.2,188.598,14.713,69.856,0.04,1H_Melee_Attack_Chop,0,0,-0.883,1.303,11,1.000,65.00,0.000,0.000,@CharacterBody3D@8832,2,-0.000,-0.837,walk,0.141,3.52,100,-17.818
622,gap,1,187.426,69.813,179.2,188.597,14.711,69.855,0.08,1H_Melee_Attack_Chop,0,0,-0.917,1.337,11,1.000,65.00,0.000,0.000,,,0.000,0.000,,0.000,-1.00,100,-17.852
623,gap,2,187.426,69.813,179.2,188.597,14.708,69.853,0.11,1H_Melee_Attack_Chop,0,0,-0.950,1.370,11,1.000,65.00,0.000,0.000,,,0.000,0.000,,0.000,-1.00,100,-17.885
624,gap,3,187.426,69.813,179.2,188.596,14.704,69.851,0.13,1H_Melee_Attack_Chop,0,0,-0.983,1.403,11,1.000,65.00,0.000,0.000,,,0.000,0.000,,0.000,-1.00,100,-17.918
625,gap,4,187.425,69.799,180.0,188.595,14.997,69.819,8.84,1H_Melee_Attack_Chop,0,0,-1.017,1.437,11,1.000,65.00,0.000,0.000,,,0.000,0.000,,0.000,-1.00,100,-17.952
626,gap,5,187.425,69.799,180.0,188.595,14.696,69.818,9.03,1H_Melee_Attack_Chop,0,0,-1.050,1.470,11,1.000,65.00,0.000,0.000,,,0.000,0.000,,0.000,-1.00,100,-17.985
627,gap,6,187.425,69.799,180.0,188.594,14.691,69.816,0.15,1H_Melee_Attack_Chop,0,0,-1.083,1.503,11,1.000,65.00,0.000,0.000,,,0.000,0.000,,0.000,-1.00,100,-18.018
628,gap,7,187.425,69.799,180.0,188.593,14.686,69.814,0.15,1H_Melee_Attack_Chop,0,0,-1.117,1.537,11,1.000,65.00,0.000,0.000,,,0.000,0.000,,0.000,-1.00,100,-18.052
629,gap,8,187.425,69.799,180.0,188.593,14.682,69.813,0.15,1H_Melee_Attack_Chop,0,0,-1.150,1.570,11,1.000,65.00,0.000,0.000,,,0.000,0.000,,0.000,-1.00,100,-18.085
630,gap,9,187.425,69.799,180.0,188.592,14.677,69.811,0.16,1H_Melee_Attack_Chop,0,0,-1.183,1.603,11,1.000,65.00,0.000,0.000,,,0.000,0.000,,0.000,-1.00,100,-18.118
631,gap,10,187.425,69.799,180.0,188.592,14.672,69.809,0.16,1H_Melee_Attack_Chop,0,0,-1.217,1.637,11,1.000,65.00,0.000,0.000,,,0.000,0.000,,0.000,-1.00,100,-18.152
632,gap,11,187.425,69.799,180.0,188.592,14.667,69.808,0.15,1H_Melee_Attack_Chop,0,0,-1.250,1.670,11,1.000,65.00,0.000,0.000,,,0.000,0.000,,0.000,-1.00,100,-18.185
633,gap,12,187.425,69.799,180.0,188.591,14.663,69.806,0.12,1H_Melee_Attack_Chop,0,0,-1.283,1.703,11,1.000,65.00,0.000,0.000,,,0.000,0.000,,0.000,-1.00,100,-18.218
634,gap,13,187.425,69.799,180.0,188.591,14.660,69.805,0.11,1H_Melee_Attack_Chop,0,0,-1.317,1.737,11,1.000,65.00,0.000,0.000,,,0.000,0.000,,0.000,-1.00,100,-18.252
635,gap,14,187.425,69.799,180.0,188.591,14.657,69.805,0.08,1H_Melee_Attack_Chop,0,0,-1.350,1.770,11,1.000,65.00,0.000,0.000,,,0.000,0.000,,0.000,-1.00,100,-18.285
636,gap,15,187.425,69.799,180.0,188.592,14.656,69.804,0.04,1H_Melee_Attack_Chop,0,0,-1.383,1.803,11,1.000,65.00,0.000,0.000,,,0.000,0.000,,0.000,-1.00,100,-18.318
637,gap,16,187.425,69.799,180.0,188.592,14.656,69.804,0.03,1H_Melee_Attack_Chop,0,0,-1.417,1.837,11,1.000,65.00,0.000,0.000,,,0.000,0.000,,0.000,-1.00,100,-18.352
638,gap,17,187.425,69.799,180.0,188.593,14.655,69.804,0.02,1H_Melee_Attack_Chop,0,0,-1.450,1.870,11,1.000,65.00,0.000,0.000,,,0.000,0.000,,0.000,-1.00,100,-18.385
639,gap,18,187.425,69.799,180.0,188.593,14.655,69.804,0.02,1H_Melee_Attack_Chop,0,0,-1.483,1.903,11,1.000,65.00,0.000,0.000,,,0.000,0.000,,0.000,-1.00,100,-18.418
640,gap,19,187.425,69.799,180.0,188.594,14.657,69.804,0.05,1H_Melee_Attack_Chop,0,0,-1.517,1.937,11,1.000,65.00,0.000,0.000,,,0.000,0.000,,0.000,-1.00,100,-18.452
641,gap,20,187.425,69.799,180.0,188.595,14.659,69.805,0.08,1H_Melee_Attack_Chop,0,0,-1.550,1.970,11,1.000,65.00,0.000,0.000,,,0.000,0.000,,0.000,-1.00,100,-18.485
642,gap,21,187.425,69.799,180.0,188.596,14.661,69.806,0.09,1H_Melee_Attack_Chop,0,0,-1.583,2.003,11,1.000,65.00,0.000,0.000,,,0.000,0.000,,0.000,-1.00,100,-18.518
643,gap,22,187.425,69.799,180.0,188.597,14.665,69.807,0.12,1H_Melee_Attack_Chop,0,0,-1.617,2.037,11,1.000,65.00,0.000,0.000,,,0.000,0.000,,0.000,-1.00,100,-18.552
644,gap,23,187.425,69.799,180.0,188.598,14.670,69.808,0.14,1H_Melee_Attack_Chop,0,0,-1.650,2.070,11,1.000,65.00,0.000,0.000,,,0.000,0.000,,0.000,-1.00,100,-18.585
645,gap,24,187.425,69.799,180.0,188.599,14.674,69.809,0.15,1H_Melee_Attack_Chop,0,0,-1.683,2.103,11,1.000,65.00,0.000,0.000,@CharacterBody3D@8846,2,0.000,0.000,,0.000,2.20,120,-18.618
646,gap,25,187.425,69.799,180.0,188.600,14.679,69.811,0.15,1H_Melee_Attack_Chop,0,0,-1.717,2.137,11,1.000,65.00,0.000,0.000,@CharacterBody3D@8846,2,0.000,-0.033,walk,0.000,2.18,120,-18.652
647,gap,26,187.425,69.799,180.0,188.602,14.684,69.812,0.15,1H_Melee_Attack_Chop,0,0,-1.750,2.170,11,1.000,65.00,0.000,0.000,@CharacterBody3D@8846,2,0.000,-0.067,walk,0.000,2.14,120,-18.685
648,gap,27,187.425,69.799,180.0,188.603,14.688,69.814,0.15,1H_Melee_Attack_Chop,0,0,-1.783,2.203,11,1.000,65.00,0.000,0.000,@CharacterBody3D@8846,2,0.000,-0.100,walk,0.026,2.08,120,-18.718
649,gap,28,187.425,69.799,180.0,188.604,14.693,69.816,0.15,1H_Melee_Attack_Chop,0,0,-1.817,2.237,11,1.000,65.00,0.000,0.000,@CharacterBody3D@8846,2,0.000,-0.133,walk,0.061,2.01,120,-18.752
650,gap,29,187.425,69.799,180.0,188.604,14.698,69.817,0.16,1H_Melee_Attack_Chop,0,0,-1.850,2.270,11,1.000,65.00,0.000,0.000,@CharacterBody3D@8846,2,0.850,1.450,attack,0.000,1.93,120,-18.785
651,gap,30,187.425,69.799,180.0,188.605,14.702,69.819,0.15,1H_Melee_Attack_Chop,0,0,-1.883,2.303,11,1.000,65.00,0.000,0.000,@CharacterBody3D@8846,2,0.817,1.417,attack,0.000,1.86,120,-18.818
652,gap,31,187.425,69.799,180.0,188.606,14.706,69.820,0.13,1H_Melee_Attack_Chop,0,0,-1.917,2.337,11,1.000,65.00,0.000,0.000,@CharacterBody3D@8846,2,0.783,1.383,attack,0.044,1.81,120,-18.852
653,gap,32,187.425,69.799,180.0,188.606,14.710,69.821,0.11,1H_Melee_Attack_Chop,0,0,-1.950,2.370,11,1.000,65.00,0.000,0.000,@CharacterBody3D@8846,2,0.750,1.350,attack,0.087,1.77,120,-18.885
654,gap,33,187.425,69.799,180.0,188.606,14.712,69.823,0.07,1H_Melee_Attack_Chop,0,0,-1.983,2.403,11,1.000,65.00,0.000,0.000,@CharacterBody3D@8846,2,0.717,1.317,attack,0.131,1.73,120,-18.918
655,c05_block_orc,1,187.425,69.799,257.2,187.709,14.713,68.653,44.22,1H_Melee_Attack_Chop,0,0,-2.017,2.437,11,1.000,65.00,0.000,0.000,@CharacterBody3D@8846,2,0.683,1.283,attack,0.174,1.70,120,-18.952
656,c05_block_orc,2,187.425,69.799,257.2,187.710,14.715,68.653,0.05,1H_Melee_Attack_Chop,0,0,-2.050,2.470,11,1.000,65.00,0.000,0.000,@CharacterBody3D@8846,2,0.650,1.250,attack,0.218,1.68,120,-18.985
657,c05_block_orc,3,187.425,69.799,257.2,187.825,14.703,68.686,3.60,1H_Melee_Attack_Chop,0,0,-2.083,2.503,11,1.000,65.00,0.000,0.000,@CharacterBody3D@8846,2,0.617,1.217,attack,0.261,1.66,120,-19.018
658,c05_block_orc,4,187.425,69.799,257.2,187.932,14.693,68.731,3.47,1H_Melee_Attack_Chop,0,0,-2.117,2.537,11,1.000,65.00,0.000,0.000,@CharacterBody3D@8846,2,0.583,1.183,attack,0.305,1.64,120,-19.052
659,c05_block_orc,5,187.425,69.799,257.2,188.033,14.688,68.785,3.44,1H_Melee_Attack_Chop,0,0,-2.150,2.570,11,1.000,65.00,0.000,0.000,@CharacterBody3D@8846,2,0.550,1.150,attack,0.348,1.63,120,-19.085
660,c05_block_orc,6,187.425,69.799,257.2,188.128,14.691,68.848,3.44,1H_Melee_Attack_Chop,0,0,-2.183,2.603,11,1.000,65.00,0.000,0.000,@CharacterBody3D@8846,2,0.517,1.117,attack,0.392,1.62,120,-19.118
661,c05_block_orc,7,187.425,69.799,257.2,188.217,14.700,68.919,3.41,1H_Melee_Attack_Chop,0,0,-2.217,2.637,11,1.000,65.00,0.000,0.000,@CharacterBody3D@8846,2,0.483,1.083,attack,0.435,1.60,120,-19.152
662,c05_block_orc,8,187.425,69.799,257.2,188.216,14.699,68.918,0.05,1H_Melee_Attack_Chop,0,0,-2.250,2.670,11,1.000,65.00,0.000,0.000,@CharacterBody3D@8846,2,0.450,1.050,attack,0.479,1.60,120,-19.185
663,c05_block_orc,9,187.425,69.799,257.2,188.215,14.699,68.917,0.04,1H_Melee_Attack_Chop,0,0,-2.283,2.703,11,1.000,65.00,0.000,0.000,@CharacterBody3D@8846,2,0.417,1.017,attack,0.522,1.59,120,-19.218
664,c05_block_orc,10,187.425,69.799,257.2,188.215,14.700,68.916,0.04,1H_Melee_Attack_Chop,0,0,-2.317,2.737,11,1.000,65.00,0.000,0.000,@CharacterBody3D@8846,2,0.383,0.983,attack,0.566,1.58,120,-19.252
665,c05_block_orc,11,187.425,69.799,257.2,188.215,14.701,68.915,0.04,1H_Melee_Attack_Chop,0,0,-2.350,2.770,11,1.000,65.00,0.000,0.000,@CharacterBody3D@8846,2,0.350,0.950,attack,0.609,1.57,120,-19.285
666,c05_block_orc,12,187.425,69.799,257.2,188.214,14.701,68.914,0.03,1H_Melee_Attack_Chop,0,0,-2.383,2.803,11,1.000,65.00,0.000,0.000,@CharacterBody3D@8846,2,0.317,0.917,attack,0.653,1.57,120,-19.318
667,c05_block_orc,13,187.425,69.799,257.2,188.214,14.703,68.913,0.07,1H_Melee_Attack_Chop,0,0,-2.417,2.837,11,1.000,65.00,0.000,0.000,@CharacterBody3D@8846,2,0.283,0.883,attack,0.696,1.56,120,-19.352
668,c05_block_orc,14,187.425,69.799,257.2,188.215,14.705,68.912,0.09,1H_Melee_Attack_Chop,0,0,-2.450,2.870,11,1.000,65.00,0.000,0.000,@CharacterBody3D@8846,2,0.250,0.850,attack,0.740,1.56,120,-19.385
669,c05_block_orc,15,187.425,69.799,257.2,188.216,14.709,68.912,0.10,1H_Melee_Attack_Chop,0,0,-2.483,2.903,11,1.000,65.00,0.000,0.000,@CharacterBody3D@8846,2,0.217,0.817,attack,0.784,1.56,120,-19.418
670,c05_block_orc,16,187.425,69.799,257.2,188.218,14.712,68.912,0.10,1H_Melee_Attack_Chop,0,0,-2.517,2.937,11,1.000,65.00,0.000,0.000,@CharacterBody3D@8846,2,0.183,0.783,attack,0.827,1.56,120,-19.452
671,c05_block_orc,17,187.425,69.799,257.2,188.219,14.715,68.911,0.11,1H_Melee_Attack_Chop,0,0,-2.550,2.970,11,1.000,65.00,0.000,0.000,@CharacterBody3D@8846,2,0.150,0.750,attack,0.871,1.56,120,-19.485
672,c05_block_orc,18,187.425,69.799,257.2,188.220,14.719,68.911,0.12,1H_Melee_Attack_Chop,0,0,-2.583,3.003,11,1.000,65.00,0.000,0.000,@CharacterBody3D@8846,2,0.117,0.717,attack,0.914,1.56,120,-19.518
673,c05_block_orc,19,187.425,69.799,257.2,188.222,14.722,68.911,0.12,1H_Melee_Attack_Chop,0,0,-2.617,3.037,11,1.000,65.00,0.000,0.000,@CharacterBody3D@8846,2,0.083,0.683,attack,0.958,1.56,120,-19.552
674,c05_block_orc,20,187.425,69.799,257.2,188.223,14.726,68.911,0.11,1H_Melee_Attack_Chop,0,0,-2.650,3.070,11,1.000,65.00,0.000,0.000,@CharacterBody3D@8846,2,0.050,0.650,attack,1.001,1.56,120,-19.585
675,c05_block_orc,21,187.425,69.799,257.2,188.225,14.729,68.912,0.12,1H_Melee_Attack_Chop,0,0,-2.683,3.103,11,1.000,65.00,0.000,0.000,@CharacterBody3D@8846,2,0.017,0.617,attack,1.045,1.56,120,-19.618
676,c05_block_orc,22,187.424,69.850,257.2,188.226,14.730,68.963,1.54,1H_Melee_Attack_Chop,0,0,-2.717,3.137,11,1.000,65.00,0.000,0.000,@CharacterBody3D@8846,2,-0.000,0.583,attack,1.088,1.61,100,-19.652
677,c05_block_orc,23,187.423,69.941,257.2,187.934,14.749,68.905,8.95,1H_Melee_Attack_Chop,0,0,-2.750,3.170,11,1.000,65.00,0.000,0.000,@CharacterBody3D@8846,2,-0.000,0.550,attack,1.122,1.70,100,-19.685
678,c05_block_orc,24,187.422,70.019,257.2,187.977,14.741,69.002,3.20,1H_Melee_Attack_Chop,0,0,-2.783,3.203,11,1.000,65.00,0.000,0.000,@CharacterBody3D@8846,2,-0.000,0.517,attack,1.155,1.78,100,-19.718
679,c05_block_orc,25,187.421,70.084,257.2,188.011,14.733,69.083,2.63,1H_Melee_Attack_Chop,0,0,-2.817,3.237,11,1.000,65.00,0.000,0.000,@CharacterBody3D@8846,2,-0.000,0.483,attack,1.188,1.85,100,-19.752
680,c05_block_orc,26,187.420,70.136,257.2,188.030,14.728,69.144,1.92,1H_Melee_Attack_Chop,0,0,-2.850,3.270,11,1.000,65.00,0.000,0.000,@CharacterBody3D@8846,2,-0.000,0.450,attack,1.222,1.90,100,-19.785
681,c05_block_orc,27,187.420,70.174,257.2,188.031,14.729,69.182,1.16,1H_Melee_Attack_Chop,0,0,-2.883,3.303,11,1.000,65.00,0.000,0.000,@CharacterBody3D@8846,2,-0.000,0.417,attack,1.255,1.94,100,-19.818
682,c05_block_orc,28,187.419,70.199,257.2,188.014,14.736,69.198,0.73,1H_Melee_Attack_Chop,0,0,-2.917,3.337,11,1.000,65.00,0.000,0.000,@CharacterBody3D@8846,2,-0.000,0.383,attack,1.288,1.96,100,-19.852
683,c05_block_orc,29,187.419,70.211,257.2,187.985,14.745,69.195,0.93,1H_Melee_Attack_Chop,0,0,-2.950,3.370,11,1.000,65.00,0.000,0.000,@CharacterBody3D@8846,2,-0.000,0.350,attack,1.322,1.97,100,-19.885
684,c05_block_orc,30,187.419,70.211,257.2,187.960,14.752,69.182,0.85,1H_Melee_Attack_Chop,0,0,-2.983,3.403,11,1.000,65.00,0.000,0.000,@CharacterBody3D@8846,2,-0.000,0.317,attack,1.355,1.97,100,-19.918
685,c05_block_orc,31,187.419,70.211,257.2,188.030,14.746,69.214,2.32,1H_Melee_Attack_Chop,0,0,-3.017,3.437,11,1.000,65.00,0.000,0.000,@CharacterBody3D@8846,2,-0.000,0.283,attack,1.388,1.97,100,-19.952
686,c05_block_orc,32,187.419,70.211,257.2,188.112,14.734,69.258,2.82,1H_Melee_Attack_Chop,0,0,-3.050,3.470,11,1.000,65.00,0.000,0.000,@CharacterBody3D@8846,2,-0.000,0.250,attack,1.422,1.97,100,-19.985
687,c05_block_orc,33,187.419,70.211,257.2,188.159,14.724,69.287,1.68,1H_Melee_Attack_Chop,0,0,-3.083,3.503,11,1.000,65.00,0.000,0.000,@CharacterBody3D@8846,2,-0.000,0.217,attack,1.455,1.97,100,-20.018
688,c05_block_orc,34,187.419,70.211,257.2,188.187,14.717,69.305,1.00,1H_Melee_Attack_Chop,0,0,-3.117,3.537,11,1.000,65.00,0.000,0.000,@CharacterBody3D@8846,2,-0.000,0.183,attack,1.488,1.97,100,-20.052
689,c05_block_orc,35,187.419,70.211,257.2,188.202,14.712,69.317,0.59,1H_Melee_Attack_Chop,0,0,-3.150,3.570,11,1.000,65.00,0.000,0.000,@CharacterBody3D@8846,2,-0.000,0.150,attack,1.522,1.97,100,-20.085
690,c05_block_orc,36,187.419,70.211,257.2,188.210,14.707,69.323,0.34,1H_Melee_Attack_Chop,0,0,-3.183,3.603,11,1.000,65.00,0.000,0.000,@CharacterBody3D@8846,2,-0.000,0.117,attack,1.555,1.97,100,-20.118
691,c05_block_orc,37,187.419,70.211,257.2,188.214,14.704,69.328,0.21,1H_Melee_Attack_Chop,0,0,-3.217,3.637,11,1.000,65.00,0.000,0.000,@CharacterBody3D@8846,2,-0.000,0.083,attack,1.588,1.97,100,-20.152
692,c05_block_orc,38,187.419,70.211,257.2,188.215,14.700,69.330,0.15,1H_Melee_Attack_Chop,0,0,-3.250,3.670,11,1.000,65.00,0.000,0.000,@CharacterBody3D@8846,2,-0.000,0.050,attack,1.622,1.97,100,-20.185
693,c05_block_orc,39,187.419,70.211,257.2,188.216,14.696,69.332,0.12,1H_Melee_Attack_Chop,0,0,-3.283,3.703,11,1.000,65.00,0.000,0.000,@CharacterBody3D@8846,2,-0.000,0.017,attack,1.655,1.97,100,-20.218
694,c05_block_orc,40,187.419,70.211,257.2,188.215,14.693,69.332,0.10,1H_Melee_Attack_Chop,0,0,-3.317,3.737,11,1.000,65.00,0.000,0.000,@CharacterBody3D@8846,2,-0.000,-0.017,walk,0.000,1.96,100,-20.252
695,c05_block_orc,41,187.419,70.211,257.2,188.214,14.690,69.333,0.10,1H_Melee_Attack_Chop,0,0,-3.350,3.770,11,1.000,65.00,0.000,0.000,@CharacterBody3D@8846,2,-0.000,-0.050,walk,0.000,1.93,100,-20.285
696,c05_block_orc,42,187.419,70.211,257.2,188.213,14.687,69.333,0.09,1H_Melee_Attack_Chop,0,0,-3.383,3.803,11,1.000,65.00,0.000,0.000,@CharacterBody3D@8846,2,-0.000,-0.083,walk,0.020,1.88,100,-20.318
697,c05_block_orc,43,187.419,70.211,257.2,188.212,14.685,69.333,0.08,1H_Melee_Attack_Chop,0,0,-3.417,3.837,11,1.000,65.00,0.000,0.000,@CharacterBody3D@8846,2,-0.000,-0.117,walk,0.051,1.81,100,-20.352
698,c05_block_orc,44,187.419,70.211,257.2,188.211,14.683,69.333,0.07,1H_Melee_Attack_Chop,0,0,-3.450,3.870,11,1.000,65.00,0.000,0.000,@CharacterBody3D@8846,2,-0.000,-0.150,walk,0.090,1.74,100,-20.385
699,c05_block_orc,45,187.419,70.211,257.2,188.210,14.681,69.333,0.05,1H_Melee_Attack_Chop,0,0,-3.483,3.903,11,1.000,65.00,0.000,0.000,@CharacterBody3D@8846,2,-0.000,-0.183,walk,0.128,1.68,100,-20.418
700,c05_block_orc,46,187.419,70.211,257.2,188.209,14.680,69.333,0.05,1H_Melee_Attack_Chop,0,0,-3.517,3.937,11,1.000,65.00,0.000,0.000,@CharacterBody3D@8846,2,-0.000,-0.217,walk,0.159,1.63,100,-20.452
701,c05_block_orc,47,187.419,70.211,257.2,188.209,14.680,69.333,0.02,1H_Melee_Attack_Chop,0,0,-3.550,3.970,11,1.000,65.00,0.000,0.000,@CharacterBody3D@8846,2,-0.000,-0.250,walk,0.184,1.59,100,-20.485
702,c05_block_orc,48,187.419,70.211,257.2,188.208,14.681,69.332,0.02,1H_Melee_Attack_Chop,0,0,-3.583,4.003,11,1.000,65.00,0.000,0.000,@CharacterBody3D@8846,2,-0.000,-0.283,walk,0.204,1.56,100,-20.518
703,c05_block_orc,49,187.419,70.211,257.2,188.208,14.681,69.332,0.02,1H_Melee_Attack_Chop,0,0,-3.617,4.037,11,1.000,65.00,0.000,0.000,@CharacterBody3D@8846,2,-0.000,-0.317,walk,0.224,1.53,100,-20.552
704,c05_block_orc,50,187.419,70.211,257.2,188.207,14.681,69.331,0.02,1H_Melee_Attack_Chop,0,0,-3.650,4.070,11,1.000,65.00,0.000,0.000,@CharacterBody3D@8846,2,-0.000,-0.350,walk,0.244,1.50,100,-20.585
705,c05_block_orc,51,187.419,70.211,257.2,188.208,14.683,69.332,0.07,1H_Melee_Attack_Chop,0,0,-3.683,4.103,11,1.000,65.00,0.000,0.000,@CharacterBody3D@8846,2,-0.000,-0.383,walk,0.264,1.48,100,-20.618
706,c05_block_orc,52,187.419,70.211,257.2,188.210,14.686,69.332,0.09,1H_Melee_Attack_Chop,0,0,-3.717,4.137,11,1.000,65.00,0.000,0.000,@CharacterBody3D@8846,2,-0.000,-0.417,walk,0.284,1.46,100,-20.652
707,c05_block_orc,53,187.419,70.211,257.2,188.211,14.688,69.332,0.08,1H_Melee_Attack_Chop,0,0,-3.750,4.170,11,1.000,65.00,0.000,0.000,@CharacterBody3D@8846,2,-0.000,-0.450,walk,0.304,1.45,100,-20.685
708,c05_block_orc,54,187.419,70.211,257.2,188.212,14.691,69.332,0.10,1H_Melee_Attack_Chop,0,0,-3.783,4.203,11,1.000,65.00,0.000,0.000,@CharacterBody3D@8846,2,-0.000,-0.483,walk,0.324,1.44,100,-20.718
709,c05_block_orc,55,187.419,70.211,257.2,188.214,14.694,69.332,0.09,1H_Melee_Attack_Chop,0,0,-3.817,4.237,11,1.000,65.00,0.000,0.000,@CharacterBody3D@8846,2,-0.000,-0.517,idle,0.000,1.42,100,-20.752
710,c05_block_orc,56,187.419,70.211,257.2,188.215,14.697,69.332,0.10,1H_Melee_Attack_Chop,0,0,-3.850,4.270,11,1.000,65.00,0.000,0.000,@CharacterBody3D@8846,2,-0.000,-0.550,idle,0.000,1.41,100,-20.785
711,c05_block_orc,57,187.419,70.211,257.2,188.216,14.700,69.332,0.11,1H_Melee_Attack_Chop,0,0,-3.883,4.303,11,1.000,65.00,0.000,0.000,@CharacterBody3D@8846,2,-0.000,-0.583,idle,0.033,1.41,100,-20.818
712,c05_block_orc,58,187.419,70.211,257.2,188.218,14.703,69.332,0.11,1H_Melee_Attack_Chop,0,0,-3.917,4.337,11,1.000,65.00,0.000,0.000,@CharacterBody3D@8846,2,-0.000,-0.617,idle,0.067,1.40,100,-20.852
713,c05_block_orc,59,187.419,70.211,257.2,188.219,14.706,69.332,0.10,1H_Melee_Attack_Chop,0,0,-3.950,4.370,11,1.000,65.00,0.000,0.000,@CharacterBody3D@8846,2,-0.000,-0.650,idle,0.100,1.39,100,-20.885
714,c05_block_orc,60,187.419,70.211,257.2,188.221,14.709,69.332,0.10,1H_Melee_Attack_Chop,0,0,-3.983,4.403,11,1.000,65.00,0.000,0.000,@CharacterBody3D@8846,2,-0.000,-0.683,idle,0.133,1.38,100,-20.918
715,c05_block_orc,61,187.419,70.211,257.2,188.222,14.712,69.332,0.09,1H_Melee_Attack_Chop,0,0,-4.017,4.437,11,1.000,65.00,0.000,0.000,@CharacterBody3D@8846,2,0.833,1.433,attack,0.000,1.38,100,-20.952
716,c05_block_orc,62,187.419,70.211,257.2,188.224,14.715,69.333,0.09,1H_Melee_Attack_Chop,0,0,-4.050,4.470,11,1.000,65.00,0.000,0.000,@CharacterBody3D@8846,2,0.800,1.400,attack,0.000,1.38,100,-20.985
717,c05_block_orc,63,187.419,70.211,257.2,188.225,14.717,69.333,0.08,1H_Melee_Attack_Chop,0,0,-4.083,4.503,11,1.000,65.00,0.000,0.000,@CharacterBody3D@8846,2,0.767,1.367,attack,0.044,1.38,100,-21.018
718,c05_block_orc,64,187.419,70.211,257.2,188.226,14.718,69.333,0.06,1H_Melee_Attack_Chop,0,0,-4.117,4.537,11,1.000,65.00,0.000,0.000,@CharacterBody3D@8846,2,0.733,1.333,attack,0.087,1.38,100,-21.052
719,c05_block_orc,65,187.419,70.211,257.2,188.226,14.720,69.332,0.05,1H_Melee_Attack_Chop,0,0,-4.150,4.570,11,1.000,65.00,0.000,0.000,@CharacterBody3D@8846,2,0.700,1.300,attack,0.131,1.38,100,-21.085
720,c05_block_orc,66,187.419,70.211,257.2,188.227,14.719,69.333,0.03,1H_Melee_Attack_Chop,0,0,-4.183,4.603,11,1.000,65.00,0.000,0.000,@CharacterBody3D@8846,2,0.667,1.267,attack,0.174,1.38,100,-21.118
721,c05_block_orc,67,187.419,70.211,257.2,188.227,14.719,69.333,0.02,1H_Melee_Attack_Chop,0,0,-4.217,4.637,11,1.000,65.00,0.000,0.000,@CharacterBody3D@8846,2,0.633,1.233,attack,0.218,1.38,100,-21.152
722,c05_block_orc,68,187.419,70.211,257.2,188.228,14.719,69.334,0.02,1H_Melee_Attack_Chop,0,0,-4.250,4.670,11,1.000,65.00,0.000,0.000,@CharacterBody3D@8846,2,0.600,1.200,attack,0.261,1.38,100,-21.185
723,c05_block_orc,69,187.419,70.211,257.2,188.228,14.718,69.335,0.04,1H_Melee_Attack_Chop,0,0,-4.283,4.703,11,1.000,65.00,0.000,0.000,@CharacterBody3D@8846,2,0.567,1.167,attack,0.305,1.38,100,-21.218
724,c05_block_orc,70,187.419,70.211,257.2,188.227,14.715,69.334,0.08,1H_Melee_Attack_Chop,0,0,-4.317,4.737,11,1.000,65.00,0.000,0.000,@CharacterBody3D@8846,2,0.533,1.133,attack,0.348,1.38,100,-21.252
725,c05_block_orc,71,187.419,70.211,257.2,188.225,14.713,69.334,0.09,1H_Melee_Attack_Chop,0,0,-4.350,4.770,11,1.000,65.00,0.000,0.000,@CharacterBody3D@8846,2,0.500,1.100,attack,0.392,1.38,100,-21.285
726,c05_block_orc,72,187.419,70.211,257.2,188.225,14.710,69.334,0.09,1H_Melee_Attack_Chop,0,0,-4.383,4.803,11,1.000,65.00,0.000,0.000,@CharacterBody3D@8846,2,0.467,1.067,attack,0.435,1.38,100,-21.318
727,c05_block_orc,73,187.419,70.211,257.2,188.223,14.706,69.333,0.11,1H_Melee_Attack_Chop,0,0,-4.417,4.837,11,1.000,65.00,0.000,0.000,@CharacterBody3D@8846,2,0.433,1.033,attack,0.479,1.38,100,-21.352
728,c05_block_orc,74,187.419,70.211,257.2,188.222,14.703,69.333,0.11,1H_Melee_Attack_Chop,0,0,-4.450,4.870,11,1.000,65.00,0.000,0.000,@CharacterBody3D@8846,2,0.400,1.000,attack,0.522,1.38,100,-21.385
729,c05_block_orc,75,187.419,70.211,257.2,188.221,14.700,69.333,0.11,1H_Melee_Attack_Chop,0,0,-4.483,4.903,11,1.000,65.00,0.000,0.000,@CharacterBody3D@8846,2,0.367,0.967,attack,0.566,1.38,100,-21.418
730,c05_block_orc,76,187.419,70.211,257.2,188.220,14.696,69.332,0.10,1H_Melee_Attack_Chop,0,0,-4.517,4.937,11,1.000,65.00,0.000,0.000,@CharacterBody3D@8846,2,0.333,0.933,attack,0.609,1.38,100,-21.452
731,c05_block_orc,77,187.419,70.211,257.2,188.218,14.693,69.332,0.10,1H_Melee_Attack_Chop,0,0,-4.550,4.970,11,1.000,65.00,0.000,0.000,@CharacterBody3D@8846,2,0.300,0.900,attack,0.653,1.38,100,-21.485
732,c05_block_orc,78,187.419,70.211,257.2,188.217,14.691,69.331,0.09,1H_Melee_Attack_Chop,0,0,-4.583,5.003,11,1.000,65.00,0.000,0.000,@CharacterBody3D@8846,2,0.267,0.867,attack,0.696,1.38,100,-21.518
733,c05_block_orc,79,187.419,70.211,257.2,188.215,14.688,69.331,0.09,1H_Melee_Attack_Chop,0,0,-4.617,5.037,11,1.000,65.00,0.000,0.000,@CharacterBody3D@8846,2,0.233,0.833,attack,0.740,1.38,100,-21.552
734,c05_block_orc,80,187.419,70.211,257.2,188.214,14.686,69.330,0.09,1H_Melee_Attack_Chop,0,0,-4.650,5.070,11,1.000,65.00,0.000,0.000,@CharacterBody3D@8846,2,0.200,0.800,attack,0.784,1.38,100,-21.585
735,c05_block_orc,81,187.419,70.211,257.2,188.213,14.683,69.329,0.07,1H_Melee_Attack_Chop,0,0,-4.683,5.103,11,1.000,65.00,0.000,0.000,@CharacterBody3D@8846,2,0.167,0.767,attack,0.827,1.38,100,-21.618
736,c05_block_orc,82,187.419,70.211,257.2,188.212,14.682,69.329,0.06,1H_Melee_Attack_Chop,0,0,-4.717,5.137,11,1.000,65.00,0.000,0.000,@CharacterBody3D@8846,2,0.133,0.733,attack,0.871,1.38,100,-21.652
737,c05_block_orc,83,187.419,70.211,257.2,188.211,14.681,69.328,0.05,1H_Melee_Attack_Chop,0,0,-4.750,5.170,11,1.000,65.00,0.000,0.000,@CharacterBody3D@8846,2,0.100,0.700,attack,0.914,1.38,100,-21.685
738,c05_block_orc,84,187.419,70.211,257.2,188.211,14.681,69.327,0.04,1H_Melee_Attack_Chop,0,0,-4.783,5.203,11,1.000,65.00,0.000,0.000,@CharacterBody3D@8846,2,0.067,0.667,attack,0.958,1.38,100,-21.718
739,c05_block_orc,85,187.419,70.211,257.2,188.210,14.681,69.326,0.03,1H_Melee_Attack_Chop,0,0,-4.817,5.237,11,1.000,65.00,0.000,0.000,@CharacterBody3D@8846,2,0.033,0.633,attack,1.001,1.38,100,-21.752
740,c05_block_orc,86,187.419,70.211,257.2,188.210,14.682,69.325,0.02,1H_Melee_Attack_Chop,0,0,-4.850,5.270,11,1.000,65.00,0.000,0.000,@CharacterBody3D@8846,2,-0.000,0.600,attack,1.045,1.38,80,-21.785
741,c05_block_orc,87,187.414,70.309,257.2,188.205,14.677,69.423,2.92,1H_Melee_Attack_Chop,0,0,-4.883,5.303,11,1.000,65.00,0.000,0.000,@CharacterBody3D@8846,2,-0.000,0.567,attack,1.078,1.48,80,-21.818
742,c05_block_orc,88,187.410,70.393,257.2,187.900,14.704,69.351,9.43,1H_Melee_Attack_Chop,0,0,-4.917,5.337,11,1.000,65.00,0.000,0.000,@CharacterBody3D@8846,2,-0.000,0.533,attack,1.111,1.56,80,-21.852
743,c05_block_orc,89,187.406,70.465,257.2,187.846,14.701,69.402,2.23,1H_Melee_Attack_Chop,0,0,-4.950,5.370,11,1.000,65.00,0.000,0.000,@CharacterBody3D@8846,2,-0.000,0.500,attack,1.145,1.63,80,-21.885
744,c05_block_orc,90,187.403,70.523,257.2,187.794,14.694,69.442,1.98,1H_Melee_Attack_Chop,0,0,-4.983,5.403,11,1.000,65.00,0.000,0.000,@CharacterBody3D@8846,2,-0.000,0.467,attack,1.178,1.69,80,-21.918
745,c05_block_orc,91,187.400,70.568,257.2,187.749,14.686,69.474,1.67,1H_Melee_Attack_Chop,0,0,-5.017,5.437,11,1.000,65.00,0.000,0.000,@CharacterBody3D@8846,2,-0.000,0.433,attack,1.211,1.73,80,-21.952
746,c05_block_orc,92,187.399,70.599,257.2,187.718,14.681,69.497,1.17,1H_Melee_Attack_Chop,0,0,-5.050,5.470,11,1.000,65.00,0.000,0.000,@CharacterBody3D@8846,2,-0.000,0.400,attack,1.245,1.77,80,-21.985
747,c05_block_orc,93,187.398,70.618,257.2,187.704,14.680,69.511,0.60,1H_Melee_Attack_Chop,0,0,-5.083,5.503,11,1.000,65.00,0.000,0.000,@CharacterBody3D@8846,2,-0.000,0.367,attack,1.278,1.78,80,-22.018
748,c05_block_orc,94,187.397,70.622,257.2,187.730,14.698,69.525,1.01,1H_Melee_Attack_Chop,0,0,-5.117,5.537,11,1.000,65.00,0.000,0.000,@CharacterBody3D@8846,2,-0.000,0.333,attack,1.311,1.79,80,-22.052
749,c05_block_orc,95,187.397,70.622,257.2,187.802,14.708,69.546,2.30,1H_Melee_Attack_Chop,0,0,-5.150,5.570,11,1.000,65.00,0.000,0.000,@CharacterBody3D@8846,2,-0.000,0.300,attack,1.345,1.79,80,-22.085
750,c05_block_orc,96,187.397,70.622,257.2,188.000,14.706,69.622,6.34,1H_Melee_Attack_Chop,0,0,-5.183,5.603,11,1.000,65.00,0.000,0.000,@CharacterBody3D@8846,2,-0.000,0.267,attack,1.378,1.79,80,-22.118
751,c05_block_orc,97,187.397,70.622,257.2,188.099,14.700,69.674,3.36,1H_Melee_Attack_Chop,0,0,-5.217,5.637,11,1.000,65.00,0.000,0.000,@CharacterBody3D@8846,2,-0.000,0.233,attack,1.411,1.79,80,-22.152
752,c05_block_orc,98,187.397,70.622,257.2,188.149,14.697,69.704,1.76,1H_Melee_Attack_Chop,0,0,-5.250,5.670,11,1.000,65.00,0.000,0.000,@CharacterBody3D@8846,2,-0.000,0.200,attack,1.445,1.79,80,-22.185
753,c05_block_orc,99,187.397,70.622,257.2,188.175,14.697,69.720,0.93,1H_Melee_Attack_Chop,0,0,-5.283,5.703,11,1.000,65.00,0.000,0.000,@CharacterBody3D@8846,2,-0.000,0.167,attack,1.478,1.79,80,-22.218
754,c05_block_orc,100,187.397,70.622,257.2,188.189,14.698,69.730,0.49,1H_Melee_Attack_Chop,0,0,-5.317,5.737,11,1.000,65.00,0.000,0.000,@CharacterBody3D@8846,2,-0.000,0.133,attack,1.511,1.79,80,-22.252
755,c05_block_orc,101,187.397,70.622,257.2,188.196,14.699,69.735,0.27,1H_Melee_Attack_Chop,0,0,-5.350,5.770,11,1.000,65.00,0.000,0.000,@CharacterBody3D@8846,2,-0.000,0.100,attack,1.545,1.79,80,-22.285
756,c05_block_orc,102,187.397,70.622,257.2,188.200,14.700,69.738,0.16,1H_Melee_Attack_Chop,0,0,-5.383,5.803,11,1.000,65.00,0.000,0.000,@CharacterBody3D@8846,2,-0.000,0.067,attack,1.578,1.79,80,-22.318
757,c05_block_orc,103,187.397,70.622,257.2,188.202,14.700,69.740,0.09,1H_Melee_Attack_Chop,0,0,-5.417,5.837,11,1.000,65.00,0.000,0.000,@CharacterBody3D@8846,2,-0.000,0.033,attack,1.611,1.79,80,-22.352
758,c05_block_orc,104,187.397,70.622,257.2,188.203,14.700,69.741,0.06,1H_Melee_Attack_Chop,0,0,-5.450,5.870,11,1.000,65.00,0.000,0.000,@CharacterBody3D@8846,2,-0.000,0.000,attack,1.645,1.79,80,-22.385
759,c05_block_orc,105,187.397,70.622,257.2,188.204,14.700,69.743,0.06,1H_Melee_Attack_Chop,0,0,-5.483,5.903,11,1.000,65.00,0.000,0.000,@CharacterBody3D@8846,2,-0.000,-0.033,walk,0.000,1.80,80,-22.418
760,c05_block_orc,106,187.397,70.622,257.2,188.206,14.700,69.744,0.05,1H_Melee_Attack_Chop,0,0,-5.517,5.937,11,1.000,65.00,0.000,0.000,@CharacterBody3D@8846,2,-0.000,-0.067,walk,0.000,1.82,80,-22.452
761,c05_block_orc,107,187.397,70.622,257.2,188.205,14.698,69.745,0.07,1H_Melee_Attack_Chop,0,0,-5.550,5.970,11,1.000,65.00,0.000,0.000,@CharacterBody3D@8846,2,-0.000,-0.100,walk,0.020,1.86,80,-22.485
762,c05_block_orc,108,187.397,70.622,257.2,188.204,14.696,69.745,0.08,1H_Melee_Attack_Chop,0,0,-5.583,6.003,11,1.000,65.00,0.000,0.000,@CharacterBody3D@8846,2,-0.000,-0.133,walk,0.048,1.91,80,-22.518
763,c05_block_orc,109,187.397,70.622,257.2,188.203,14.694,69.745,0.08,1H_Melee_Attack_Chop,0,0,-5.617,6.037,11,1.000,65.00,0.000,0.000,@CharacterBody3D@8846,2,-0.000,-0.167,walk,0.082,1.97,80,-22.552
764,c05_block_orc,110,187.397,70.622,257.2,188.202,14.691,69.746,0.09,1H_Melee_Attack_Chop,0,0,-5.650,6.070,11,1.000,65.00,0.000,0.000,@CharacterBody3D@8846,2,-0.000,-0.200,walk,0.121,2.03,80,-22.585
765,c05_block_orc,111,187.397,70.622,257.2,188.200,14.688,69.746,0.10,1H_Melee_Attack_Chop,0,0,-5.683,6.103,11,1.000,65.00,0.000,0.000,@CharacterBody3D@8846,2,-0.000,-0.233,walk,0.164,2.10,80,-22.618
766,c05_block_orc,112,187.397,70.622,257.2,188.199,14.685,69.746,0.11,1H_Melee_Attack_Chop,0,0,-5.717,6.137,11,1.000,65.00,0.000,0.000,@CharacterBody3D@8846,2,-0.000,-0.267,walk,0.210,2.17,80,-22.652
767,c05_block_orc,113,187.397,70.622,257.2,188.198,14.681,69.747,0.11,1H_Melee_Attack_Chop,0,0,-5.750,6.170,11,1.000,65.00,0.000,0.000,@CharacterBody3D@8846,2,-0.000,-0.300,walk,0.259,2.25,80,-22.685
768,c05_block_orc,114,187.397,70.622,257.2,188.196,14.678,69.747,0.11,1H_Melee_Attack_Chop,0,0,-5.783,6.203,11,1.000,65.00,0.000,0.000,@CharacterBody3D@8846,2,-0.000,-0.333,walk,0.309,2.33,80,-22.718
769,c05_block_orc,115,187.397,70.622,257.2,188.195,14.675,69.747,0.10,1H_Melee_Attack_Chop,0,0,-5.817,6.237,11,1.000,65.00,0.000,0.000,@CharacterBody3D@8846,2,-0.000,-0.367,walk,0.362,2.41,80,-22.752
770,c05_block_orc,116,187.397,70.622,257.2,188.193,14.672,69.747,0.11,1H_Melee_Attack_Chop,0,0,-5.850,6.270,11,1.000,65.00,0.000,0.000,@CharacterBody3D@8846,2,-0.000,-0.400,walk,0.415,2.49,80,-22.785
771,c05_block_orc,117,187.397,70.622,257.2,188.192,14.669,69.747,0.10,1H_Melee_Attack_Chop,0,0,-5.883,6.303,11,1.000,65.00,0.000,0.000,@CharacterBody3D@8846,2,-0.000,-0.433,walk,0.470,2.58,80,-22.818
772,c05_block_orc,118,187.397,70.622,257.2,188.191,14.666,69.746,0.09,1H_Melee_Attack_Chop,0,0,-5.917,6.337,11,1.000,65.00,0.000,0.000,@CharacterBody3D@8846,2,-0.000,-0.467,walk,0.526,2.66,80,-22.852
773,c05_block_orc,119,187.397,70.622,257.2,188.190,14.663,69.746,0.08,1H_Melee_Attack_Chop,0,0,-5.950,6.370,11,1.000,65.00,0.000,0.000,@CharacterBody3D@8846,2,-0.000,-0.500,walk,0.582,2.75,80,-22.885
774,c05_block_orc,120,187.397,70.622,257.2,188.189,14.662,69.746,0.06,1H_Melee_Attack_Chop,0,0,-5.983,6.403,11,1.000,65.00,0.000,0.000,@CharacterBody3D@8846,2,-0.000,-0.533,walk,0.639,2.83,80,-22.918
775,c05_block_orc,121,187.397,70.622,257.2,188.188,14.660,69.746,0.06,1H_Melee_Attack_Chop,0,0,-6.017,6.437,11,1.000,65.00,0.000,0.000,@CharacterBody3D@8846,2,-0.000,-0.567,walk,0.697,2.92,80,-22.952
776,c05_block_orc,122,187.397,70.622,257.2,188.188,14.660,69.745,0.03,1H_Melee_Attack_Chop,0,0,-6.050,6.470,11,1.000,65.00,0.000,0.000,@CharacterBody3D@8846,2,-0.000,-0.600,walk,0.755,3.00,80,-22.985
777,c05_block_orc,123,187.397,70.622,257.2,188.103,14.657,69.673,3.32,1H_Melee_Attack_Chop,0,0,-6.083,6.503,11,1.000,65.00,0.000,0.000,@CharacterBody3D@8846,2,-0.000,-0.633,walk,0.813,3.09,80,-23.018
778,c05_block_orc,124,187.397,70.622,257.2,188.009,14.655,69.609,3.41,1H_Melee_Attack_Chop,0,0,-6.117,6.537,11,1.000,65.00,0.000,0.000,@CharacterBody3D@8846,2,-0.000,-0.667,walk,0.872,3.18,80,-23.052
779,c05_block_orc,125,187.397,70.622,257.2,187.905,14.653,69.555,3.51,1H_Melee_Attack_Chop,0,0,-6.150,6.570,11,1.000,65.00,0.000,0.000,@CharacterBody3D@8846,2,-0.000,-0.700,walk,0.930,3.26,80,-23.085
780,c05_block_orc,126,187.397,70.622,257.2,187.792,14.651,69.511,3.63,1H_Melee_Attack_Chop,0,0,-6.183,6.603,11,1.000,65.00,0.000,0.000,@CharacterBody3D@8846,2,-0.000,-0.733,walk,0.989,3.35,80,-23.118
781,c05_block_orc,127,187.397,70.622,257.2,187.672,14.650,69.480,3.73,1H_Melee_Attack_Chop,0,0,-6.217,6.637,11,1.000,65.00,0.000,0.000,@CharacterBody3D@8846,2,-0.000,-0.767,walk,1.048,3.43,80,-23.152
782,c05_block_orc,128,187.397,70.622,257.2,187.670,14.645,69.481,0.16,1H_Melee_Attack_Chop,0,0,-6.250,6.670,11,1.000,65.00,0.000,0.000,@CharacterBody3D@8846,2,-0.000,-0.800,walk,0.041,3.52,80,-23.185
783,c05_block_orc,129,187.397,70.622,257.2,187.668,14.640,69.482,0.17,1H_Melee_Attack_Chop,0,0,-6.283,6.703,11,1.000,65.00,0.000,0.000,@CharacterBody3D@8846,2,-0.000,-0.833,walk,0.100,3.61,80,-23.218
784,c05_block_orc,130,187.397,70.622,257.2,187.666,14.634,69.482,0.17,1H_Melee_Attack_Chop,0,0,-6.317,6.737,11,1.000,65.00,0.000,0.000,@CharacterBody3D@8846,2,-0.000,-0.867,walk,0.159,3.70,80,-23.252
785,gap,1,187.397,70.622,257.2,187.664,14.629,69.483,0.16,1H_Melee_Attack_Chop,0,0,-6.350,6.770,11,1.000,65.00,0.000,0.000,,,0.000,0.000,,0.000,-1.00,80,-23.285
786,gap,2,187.397,70.622,257.2,187.663,14.625,69.484,0.15,1H_Melee_Attack_Chop,0,0,-6.383,6.803,11,1.000,65.00,0.000,0.000,,,0.000,0.000,,0.000,-1.00,80,-23.318
787,gap,3,187.397,70.622,257.2,187.662,14.621,69.484,0.13,1H_Melee_Attack_Chop,0,0,-6.417,6.837,11,1.000,65.00,0.000,0.000,,,0.000,0.000,,0.000,-1.00,80,-23.352
788,gap,4,187.425,69.799,180.0,188.592,14.955,69.805,31.17,1H_Melee_Attack_Chop,0,0,-6.450,6.870,11,1.000,65.00,0.000,0.000,,,0.000,0.000,,0.000,-1.00,80,-23.385
789,gap,5,187.425,69.799,180.0,188.591,14.656,69.804,8.97,1H_Melee_Attack_Chop,0,0,-6.483,6.903,11,1.000,65.00,0.000,0.000,,,0.000,0.000,,0.000,-1.00,80,-23.418
790,gap,6,187.425,69.799,180.0,188.591,14.655,69.803,0.04,1H_Melee_Attack_Chop,0,0,-6.517,6.937,11,1.000,65.00,0.000,0.000,,,0.000,0.000,,0.000,-1.00,80,-23.452
791,gap,7,187.425,69.799,180.0,188.591,14.654,69.804,0.02,1H_Melee_Attack_Chop,0,0,-6.550,6.970,11,1.000,65.00,0.000,0.000,,,0.000,0.000,,0.000,-1.00,80,-23.485
792,gap,8,187.425,69.799,180.0,188.591,14.654,69.804,0.02,1H_Melee_Attack_Chop,0,0,-6.583,7.003,11,1.000,65.00,0.000,0.000,,,0.000,0.000,,0.000,-1.00,80,-23.518
793,gap,9,187.425,69.799,180.0,188.590,14.654,69.804,0.02,1H_Melee_Attack_Chop,0,0,-6.617,7.037,11,1.000,65.00,0.000,0.000,,,0.000,0.000,,0.000,-1.00,80,-23.552
794,gap,10,187.425,69.799,180.0,188.591,14.656,69.805,0.06,1H_Melee_Attack_Chop,0,0,-6.650,7.070,11,1.000,65.00,0.000,0.000,,,0.000,0.000,,0.000,-1.00,80,-23.585
795,gap,11,187.425,69.799,180.0,188.591,14.658,69.806,0.08,1H_Melee_Attack_Chop,0,0,-6.683,7.103,11,1.000,65.00,0.000,0.000,,,0.000,0.000,,0.000,-1.00,80,-23.618
796,gap,12,187.425,69.799,180.0,188.592,14.661,69.807,0.10,1H_Melee_Attack_Chop,0,0,-6.717,7.137,11,1.000,65.00,0.000,0.000,,,0.000,0.000,,0.000,-1.00,80,-23.652
797,gap,13,187.425,69.799,180.0,188.592,14.665,69.808,0.13,1H_Melee_Attack_Chop,0,0,-6.750,7.170,11,1.000,65.00,0.000,0.000,,,0.000,0.000,,0.000,-1.00,80,-23.685
798,gap,14,187.425,69.799,180.0,188.593,14.670,69.809,0.14,1H_Melee_Attack_Chop,0,0,-6.783,7.203,11,1.000,65.00,0.000,0.000,,,0.000,0.000,,0.000,-1.00,80,-23.718
799,gap,15,187.425,69.799,180.0,188.594,14.675,69.811,0.15,1H_Melee_Attack_Chop,0,0,-6.817,7.237,11,1.000,65.00,0.000,0.000,,,0.000,0.000,,0.000,-1.00,80,-23.752
800,gap,16,187.425,69.799,180.0,188.594,14.679,69.812,0.15,1H_Melee_Attack_Chop,0,0,-6.850,7.270,11,1.000,65.00,0.000,0.000,,,0.000,0.000,,0.000,-1.00,80,-23.785
801,gap,17,187.425,69.799,180.0,188.595,14.684,69.814,0.15,1H_Melee_Attack_Chop,0,0,-6.883,7.303,11,1.000,65.00,0.000,0.000,,,0.000,0.000,,0.000,-1.00,80,-23.818
802,gap,18,187.425,69.799,180.0,188.596,14.689,69.816,0.16,1H_Melee_Attack_Chop,0,0,-6.917,7.337,11,1.000,65.00,0.000,0.000,,,0.000,0.000,,0.000,-1.00,80,-23.852
803,gap,19,187.425,69.799,180.0,188.596,14.694,69.817,0.17,1H_Melee_Attack_Chop,0,0,-6.950,7.370,11,1.000,65.00,0.000,0.000,,,0.000,0.000,,0.000,-1.00,80,-23.885
804,gap,20,187.425,69.799,180.0,188.597,14.699,69.819,0.16,1H_Melee_Attack_Chop,0,0,-6.983,7.403,11,1.000,65.00,0.000,0.000,,,0.000,0.000,,0.000,-1.00,80,-23.918
805,gap,21,187.425,69.799,180.0,188.597,14.704,69.820,0.15,1H_Melee_Attack_Chop,0,0,-7.017,7.437,11,1.000,65.00,0.000,0.000,,,0.000,0.000,,0.000,-1.00,80,-23.952
806,gap,22,187.425,69.799,180.0,188.598,14.708,69.821,0.13,1H_Melee_Attack_Chop,0,0,-7.050,7.470,11,1.000,65.00,0.000,0.000,,,0.000,0.000,,0.000,-1.00,80,-23.985
807,gap,23,187.425,69.799,180.0,188.598,14.712,69.822,0.11,1H_Melee_Attack_Chop,0,0,-7.083,7.503,11,1.000,65.00,0.000,0.000,,,0.000,0.000,,0.000,-1.00,80,-24.018
808,gap,24,187.425,69.799,180.0,188.598,14.713,69.823,0.04,1H_Melee_Attack_Chop,0,0,-7.117,7.537,11,1.000,65.00,0.000,0.000,@CharacterBody3D@8856,2,0.000,0.000,,0.000,2.40,120,-24.052
809,gap,25,187.425,69.799,180.0,188.598,14.714,69.823,0.04,1H_Melee_Attack_Chop,0,0,-7.150,7.570,11,1.000,65.00,0.000,0.000,@CharacterBody3D@8856,2,0.000,-0.033,walk,0.000,2.39,120,-24.085
810,gap,26,187.425,69.799,180.0,188.598,14.715,69.824,0.03,1H_Melee_Attack_Chop,0,0,-7.183,7.603,11,1.000,65.00,0.000,0.000,@CharacterBody3D@8856,2,0.000,-0.067,walk,0.000,2.36,120,-24.118
811,gap,27,187.425,69.799,180.0,188.598,14.715,69.825,0.03,1H_Melee_Attack_Chop,0,0,-7.217,7.637,11,1.000,65.00,0.000,0.000,@CharacterBody3D@8856,2,0.000,-0.100,walk,0.034,2.31,120,-24.152
812,gap,28,187.425,69.799,180.0,188.598,14.714,69.825,0.04,1H_Melee_Attack_Chop,0,0,-7.250,7.670,11,1.000,65.00,0.000,0.000,@CharacterBody3D@8856,2,0.000,-0.133,walk,0.081,2.26,120,-24.185
813,gap,29,187.425,69.799,180.0,188.597,14.711,69.824,0.08,1H_Melee_Attack_Chop,0,0,-7.283,7.703,11,1.000,65.00,0.000,0.000,@CharacterBody3D@8856,2,0.000,-0.167,run,0.000,2.20,120,-24.218
814,gap,30,187.425,69.799,180.0,188.596,14.708,69.822,0.11,1H_Melee_Attack_Chop,0,0,-7.317,7.737,11,1.000,65.00,0.000,0.000,@CharacterBody3D@8856,2,0.000,-0.200,run,0.000,2.14,120,-24.252
815,gap,31,187.425,69.799,180.0,188.596,14.704,69.821,0.13,1H_Melee_Attack_Chop,0,0,-7.350,7.770,11,1.000,65.00,0.000,0.000,@CharacterBody3D@8856,2,0.000,-0.233,run,0.024,2.07,120,-24.285
816,gap,32,187.425,69.799,180.0,188.595,14.700,69.819,0.13,1H_Melee_Attack_Chop,0,0,-7.383,7.803,11,1.000,65.00,0.000,0.000,@CharacterBody3D@8856,2,0.000,-0.267,run,0.049,1.99,120,-24.318
817,gap,33,187.425,69.799,180.0,188.595,14.696,69.818,0.14,1H_Melee_Attack_Chop,0,0,-7.417,7.837,11,1.000,65.00,0.000,0.000,@CharacterBody3D@8856,2,0.000,-0.300,run,0.076,1.92,120,-24.352
818,c06_goblin_attacks,1,187.425,69.799,257.3,187.698,14.691,68.662,43.89,1H_Melee_Attack_Chop,0,0,-7.450,7.870,11,1.000,65.00,0.000,0.000,@CharacterBody3D@8856,2,0.000,-0.333,run,0.104,1.84,120,-24.385
819,c06_goblin_attacks,2,187.425,69.799,257.3,187.696,14.686,68.662,0.15,1H_Melee_Attack_Chop,0,0,-7.483,7.903,11,1.000,65.00,0.000,0.000,@CharacterBody3D@8856,2,0.000,-0.367,run,0.132,1.75,120,-24.418
820,c06_goblin_attacks,3,187.425,69.799,257.3,187.694,14.682,68.662,0.15,1H_Melee_Attack_Chop,0,0,-7.517,7.937,11,1.000,65.00,0.000,0.000,@CharacterBody3D@8856,2,0.000,-0.400,run,0.162,1.67,120,-24.452
821,c06_goblin_attacks,4,187.425,69.799,257.3,187.692,14.677,68.662,0.16,1H_Melee_Attack_Chop,0,0,-7.550,7.970,11,1.000,65.00,0.000,0.000,@CharacterBody3D@8856,2,0.000,-0.433,run,0.192,1.59,120,-24.485
822,c06_goblin_attacks,5,187.425,69.799,257.3,187.690,14.672,68.663,0.16,1H_Melee_Attack_Chop,0,0,-7.583,8.003,11,1.000,65.00,0.000,0.000,@CharacterBody3D@8856,2,0.483,0.933,attack,0.000,1.51,120,-24.518
823,c06_goblin_attacks,6,187.425,69.799,257.3,187.689,14.667,68.663,0.15,1H_Melee_Attack_Chop,0,0,-7.617,8.037,11,1.000,65.00,0.000,0.000,@CharacterBody3D@8856,2,0.450,0.900,attack,0.000,1.45,120,-24.552
824,c06_goblin_attacks,7,187.425,69.799,257.3,187.688,14.663,68.663,0.13,1H_Melee_Attack_Chop,0,0,-7.650,8.070,11,1.000,65.00,0.000,0.000,@CharacterBody3D@8856,2,0.417,0.867,attack,0.037,1.40,120,-24.585
825,c06_goblin_attacks,8,187.425,69.799,257.3,187.686,14.660,68.662,0.11,1H_Melee_Attack_Chop,0,0,-7.683,8.103,11,1.000,65.00,0.000,0.000,@CharacterBody3D@8856,2,0.383,0.833,attack,0.073,1.36,120,-24.618
826,c06_goblin_attacks,9,187.425,69.799,257.3,187.686,14.657,68.662,0.08,1H_Melee_Attack_Chop,0,0,-7.717,8.137,11,1.000,65.00,0.000,0.000,@CharacterBody3D@8856,2,0.350,0.800,attack,0.110,1.33,120,-24.652
827,c06_goblin_attacks,10,187.425,69.799,257.3,187.685,14.656,68.662,0.04,1H_Melee_Attack_Chop,0,0,-7.750,8.170,11,1.000,65.00,0.000,0.000,@CharacterBody3D@8856,2,0.317,0.767,attack,0.147,1.30,120,-24.685
828,c06_goblin_attacks,11,187.425,69.799,257.3,187.685,14.656,68.661,0.03,1H_Melee_Attack_Chop,0,0,-7.783,8.203,11,1.000,65.00,0.000,0.000,@CharacterBody3D@8856,2,0.283,0.733,attack,0.183,1.28,120,-24.718
829,c06_goblin_attacks,12,187.425,69.799,257.3,187.685,14.655,68.661,0.02,1H_Melee_Attack_Chop,0,0,-7.817,8.237,11,1.000,65.00,0.000,0.000,@CharacterBody3D@8856,2,0.250,0.700,attack,0.220,1.26,120,-24.752
830,c06_goblin_attacks,13,187.425,69.799,257.3,187.685,14.655,68.660,0.02,1H_Melee_Attack_Chop,0,0,-7.850,8.270,11,1.000,65.00,0.000,0.000,@CharacterBody3D@8856,2,0.217,0.667,attack,0.257,1.24,120,-24.785
831,c06_goblin_attacks,14,187.425,69.799,257.3,187.686,14.657,68.660,0.05,1H_Melee_Attack_Chop,0,0,-7.883,8.303,11,1.000,65.00,0.000,0.000,@CharacterBody3D@8856,2,0.183,0.633,attack,0.293,1.23,120,-24.818
832,c06_goblin_attacks,15,187.425,69.799,257.3,187.687,14.659,68.659,0.08,1H_Melee_Attack_Chop,0,0,-7.917,8.337,11,1.000,65.00,0.000,0.000,@CharacterBody3D@8856,2,0.150,0.600,attack,0.330,1.21,120,-24.852
833,c06_goblin_attacks,16,187.425,69.799,257.3,187.688,14.661,68.658,0.09,1H_Melee_Attack_Chop,0,0,-7.950,8.370,11,1.000,65.00,0.000,0.000,@CharacterBody3D@8856,2,0.117,0.567,attack,0.367,1.20,120,-24.885
834,c06_goblin_attacks,17,187.425,69.799,257.3,187.689,14.665,68.657,0.12,1H_Melee_Attack_Chop,0,0,-7.983,8.403,11,1.000,65.00,0.000,0.000,@CharacterBody3D@8856,2,0.083,0.533,attack,0.403,1.19,120,-24.918
835,c06_goblin_attacks,18,187.425,69.799,257.3,187.691,14.670,68.656,0.14,1H_Melee_Attack_Chop,0,0,-8.017,8.437,11,1.000,65.00,0.000,0.000,@CharacterBody3D@8856,2,0.050,0.500,attack,0.440,1.18,120,-24.952
836,c06_goblin_attacks,19,187.425,69.799,257.3,187.692,14.674,68.655,0.15,1H_Melee_Attack_Chop,0,0,-8.050,8.470,11,1.000,65.00,0.000,0.000,@CharacterBody3D@8856,2,0.017,0.467,attack,0.477,1.17,120,-24.985
837,c06_goblin_attacks,20,187.425,69.799,257.3,187.694,14.679,68.655,0.15,Hit_A,0,0,-8.083,8.503,11,1.000,65.00,0.000,0.000,@CharacterBody3D@8856,2,-0.017,0.433,attack,0.513,1.17,110,0.180
838,c06_goblin_attacks,21,187.423,69.864,257.3,187.694,14.680,68.719,1.92,Hit_A,1,0,-8.117,8.537,11,1.000,65.00,0.000,0.000,@CharacterBody3D@8856,2,-0.017,0.400,attack,0.547,1.23,110,0.147
839,c06_goblin_attacks,22,187.421,69.915,257.3,187.139,14.800,68.716,17.03,Hit_A,1,0,-8.150,8.570,11,1.000,65.00,0.000,0.000,@CharacterBody3D@8856,2,-0.017,0.367,attack,0.580,1.28,110,0.113
840,c06_goblin_attacks,23,187.420,69.954,257.3,187.155,14.829,68.765,1.78,Hit_A,1,0,-8.183,8.603,11,1.000,65.00,0.000,0.000,@CharacterBody3D@8856,2,-0.017,0.333,attack,0.613,1.32,110,0.080
841,c06_goblin_attacks,24,187.419,69.979,257.3,187.227,14.743,68.806,3.58,Hit_A,1,0,-8.217,8.637,11,1.000,65.00,0.000,0.000,@CharacterBody3D@8856,2,-0.017,0.300,attack,0.647,1.34,110,0.047
842,c06_goblin_attacks,25,187.419,69.990,257.3,187.287,14.697,68.829,2.36,Hit_A,1,0,-8.250,8.670,11,1.000,65.00,0.000,0.000,@CharacterBody3D@8856,2,-0.017,0.267,attack,0.680,1.35,110,0.013
843,c06_goblin_attacks,26,187.419,69.990,257.3,187.186,14.805,68.813,4.46,Hit_A,1,0,-8.283,8.703,11,1.000,65.00,0.000,0.000,@CharacterBody3D@8856,2,-0.017,0.233,attack,0.713,1.35,110,-0.020
844,c06_goblin_attacks,27,187.419,69.990,257.3,187.382,14.781,68.790,5.95,Hit_A,1,0,-8.317,8.737,11,1.000,65.00,0.000,0.000,@CharacterBody3D@8856,2,-0.017,0.200,attack,0.747,1.35,110,-0.053
845,c06_goblin_attacks,28,187.419,69.990,257.3,187.624,14.731,68.816,7.48,Hit_A,0,0,-8.350,8.770,11,1.000,65.00,0.000,0.000,@CharacterBody3D@8856,2,-0.017,0.167,attack,0.780,1.35,110,-0.087
846,c06_goblin_attacks,29,187.419,69.990,257.3,187.692,14.708,68.839,2.26,Hit_A,0,0,-8.383,8.803,11,1.000,65.00,0.000,0.000,@CharacterBody3D@8856,2,-0.017,0.133,attack,0.813,1.35,110,-0.120
847,c06_goblin_attacks,30,187.419,69.990,257.3,187.702,14.705,68.843,0.33,Hit_A,0,0,-8.417,8.837,11,1.000,65.00,0.000,0.000,@CharacterBody3D@8856,2,-0.017,0.100,attack,0.847,1.35,110,-0.153
848,c06_goblin_attacks,31,187.419,69.990,257.3,187.703,14.707,68.844,0.05,Hit_A,0,0,-8.450,8.870,11,1.000,65.00,0.000,0.000,@CharacterBody3D@8856,2,-0.017,0.067,attack,0.880,1.35,110,-0.187
849,c06_goblin_attacks,32,187.419,69.990,257.3,187.703,14.707,68.844,0.01,Hit_A,0,0,-8.483,8.903,11,1.000,65.00,0.000,0.000,@CharacterBody3D@8856,2,-0.017,0.033,attack,0.913,1.35,110,-0.220
850,c06_goblin_attacks,33,187.419,69.990,257.3,187.702,14.705,68.844,0.06,Hit_A,0,0,-8.517,8.937,11,1.000,65.00,0.000,0.000,@CharacterBody3D@8856,2,-0.017,-0.000,walk,0.000,1.35,110,-0.253
851,c06_goblin_attacks,34,187.419,69.990,257.3,187.700,14.703,68.845,0.10,Hit_A,0,0,-8.550,8.970,11,1.000,65.00,0.000,0.000,@CharacterBody3D@8856,2,-0.017,-0.033,walk,0.000,1.36,110,-0.287
852,c06_goblin_attacks,35,187.419,69.990,257.3,187.698,14.699,68.845,0.12,Hit_A,0,0,-8.583,9.003,11,1.000,65.00,0.000,0.000,@CharacterBody3D@8856,2,-0.017,-0.067,walk,0.022,1.39,110,-0.320
853,c06_goblin_attacks,36,187.419,69.990,257.3,187.697,14.695,68.846,0.13,Hit_A,0,0,-8.617,9.037,11,1.000,65.00,0.000,0.000,@CharacterBody3D@8856,2,-0.017,-0.100,walk,0.055,1.41,110,-0.353
854,c06_goblin_attacks,37,187.419,69.990,257.3,187.695,14.691,68.847,0.14,Hit_A,0,0,-8.650,9.070,11,1.000,65.00,0.000,0.000,@CharacterBody3D@8856,2,-0.017,-0.133,walk,0.096,1.45,110,-0.387
855,c06_goblin_attacks,38,187.419,69.990,257.3,187.693,14.686,68.848,0.15,Hit_A,0,0,-8.683,9.103,11,1.000,65.00,0.000,0.000,@CharacterBody3D@8856,2,-0.017,-0.167,walk,0.145,1.49,110,-0.420
856,c06_goblin_attacks,39,187.419,69.990,257.3,187.691,14.681,68.848,0.16,Hit_A,0,0,-8.717,9.137,11,1.000,65.00,0.000,0.000,@CharacterBody3D@8856,2,-0.017,-0.200,walk,0.200,1.54,110,-0.453
857,c06_goblin_attacks,40,187.419,69.990,257.3,187.689,14.677,68.849,0.16,Hit_A,0,0,-8.750,9.170,11,1.000,65.00,0.000,0.000,@CharacterBody3D@8856,2,-0.017,-0.233,run,0.000,1.59,110,-0.487
858,c06_goblin_attacks,41,187.419,69.990,257.3,187.687,14.672,68.850,0.17,Hit_A,0,0,-8.783,9.203,11,1.000,65.00,0.000,0.000,@CharacterBody3D@8856,2,-0.017,-0.267,run,0.000,1.64,110,-0.520
859,c06_goblin_attacks,42,187.419,69.990,257.3,187.685,14.666,68.850,0.17,Hit_A,0,0,-8.817,9.237,11,1.000,65.00,0.000,0.000,@CharacterBody3D@8856,2,-0.017,-0.300,run,0.022,1.69,110,-0.553
860,c06_goblin_attacks,43,187.419,69.990,257.3,187.684,14.661,68.851,0.16,Hit_A,0,0,-8.850,9.270,11,1.000,65.00,0.000,0.000,@CharacterBody3D@8856,2,-0.017,-0.333,run,0.045,1.75,110,-0.587
861,c06_goblin_attacks,44,187.419,69.990,257.3,187.682,14.656,68.852,0.15,Hit_A,0,0,-8.883,9.303,11,1.000,65.00,0.000,0.000,@CharacterBody3D@8856,2,-0.017,-0.367,run,0.068,1.81,110,-0.620
862,c06_goblin_attacks,45,187.419,69.990,257.3,187.681,14.652,68.852,0.13,Hit_A,0,0,-8.917,9.337,11,1.000,65.00,0.000,0.000,@CharacterBody3D@8856,2,-0.017,-0.400,run,0.092,1.87,110,-0.653
863,c06_goblin_attacks,46,187.419,69.990,257.3,187.680,14.649,68.853,0.11,Hit_A,0,0,-8.950,9.370,11,1.000,65.00,0.000,0.000,@CharacterBody3D@8856,2,-0.017,-0.433,run,0.116,1.93,110,-0.687
864,c06_goblin_attacks,47,187.419,69.990,257.3,187.679,14.647,68.853,0.07,Hit_A,0,0,-8.983,9.403,11,1.000,65.00,0.000,0.000,@CharacterBody3D@8856,2,-0.017,-0.467,run,0.141,1.99,110,-0.720
865,c06_goblin_attacks,48,187.419,69.990,257.3,187.678,14.645,68.853,0.04,Hit_A,0,0,-9.017,9.437,11,1.000,65.00,0.000,0.000,@CharacterBody3D@8856,2,-0.017,-0.500,run,0.166,2.05,110,-0.753
866,c06_goblin_attacks,49,187.419,69.990,257.3,187.679,14.645,68.854,0.02,Hit_A,0,0,-9.050,9.470,11,1.000,65.00,0.000,0.000,@CharacterBody3D@8856,2,-0.017,-0.533,run,0.191,2.11,110,-0.787
867,c06_goblin_attacks,50,187.419,69.990,257.3,187.679,14.644,68.854,0.02,Hit_A,0,0,-9.083,9.503,11,1.000,65.00,0.000,0.000,@CharacterBody3D@8856,2,-0.017,-0.567,run,0.217,2.17,110,-0.820
868,c06_goblin_attacks,51,187.419,69.990,257.3,187.679,14.645,68.854,0.02,Hit_A,0,0,-9.117,9.537,11,1.000,65.00,0.000,0.000,@CharacterBody3D@8856,2,-0.017,-0.600,run,0.242,2.23,110,-0.853
869,c06_goblin_attacks,52,187.419,69.990,257.3,187.680,14.647,68.854,0.06,Hit_A,0,0,-9.150,9.570,11,1.000,65.00,0.000,0.000,@CharacterBody3D@8856,2,-0.017,-0.633,run,0.268,2.30,110,-0.887
870,c06_goblin_attacks,53,187.419,69.990,257.3,187.681,14.649,68.854,0.08,Hit_A,0,0,-9.183,9.603,11,1.000,65.00,0.000,0.000,@CharacterBody3D@8856,2,-0.017,-0.667,run,0.294,2.36,110,-0.920
871,c06_goblin_attacks,54,187.419,69.990,257.3,187.682,14.652,68.854,0.10,Hit_A,0,0,-9.217,9.637,11,1.000,65.00,0.000,0.000,@CharacterBody3D@8856,2,-0.017,-0.700,run,0.320,2.42,110,-0.953
872,c06_goblin_attacks,55,187.419,69.990,257.3,187.683,14.656,68.853,0.13,Hit_A,0,0,-9.250,9.670,11,1.000,65.00,0.000,0.000,@CharacterBody3D@8856,2,-0.017,-0.733,run,0.346,2.48,110,-0.987
873,c06_goblin_attacks,56,187.419,69.990,257.3,187.685,14.661,68.853,0.14,Hit_A,0,0,-9.283,9.703,11,1.000,65.00,0.000,0.000,@CharacterBody3D@8856,2,-0.017,-0.767,run,0.372,2.54,110,-1.020
874,c06_goblin_attacks,57,187.419,69.990,257.3,187.686,14.665,68.852,0.15,Hit_A,0,0,-9.317,9.737,11,1.000,65.00,0.000,0.000,@CharacterBody3D@8856,2,-0.017,-0.800,run,0.398,2.60,110,-1.053
875,c06_goblin_attacks,58,187.419,69.990,257.3,187.688,14.670,68.852,0.15,Hit_A,0,0,-9.350,9.770,11,1.000,65.00,0.000,0.000,@CharacterBody3D@8856,2,-0.017,-0.833,run,0.424,2.66,110,-1.087
876,c06_goblin_attacks,59,187.419,69.990,257.3,187.690,14.675,68.852,0.15,Hit_A,0,0,-9.383,9.803,11,1.000,65.00,0.000,0.000,@CharacterBody3D@8856,2,-0.017,-0.867,run,0.450,2.72,110,-1.120
877,c06_goblin_attacks,60,187.419,69.990,257.3,187.692,14.680,68.852,0.16,Hit_A,0,0,-9.417,9.837,11,1.000,65.00,0.000,0.000,@CharacterBody3D@8856,2,-0.017,-0.900,run,0.476,2.78,110,-1.153
878,c06_goblin_attacks,61,187.419,69.990,257.3,187.693,14.685,68.851,0.17,Hit_A,0,0,-9.450,9.870,11,1.000,65.00,0.000,0.000,@CharacterBody3D@8856,2,-0.017,-0.933,run,0.503,2.84,110,-1.187
879,c06_goblin_attacks,62,187.419,69.990,257.3,187.695,14.690,68.851,0.16,Hit_A,0,0,-9.483,9.903,11,1.000,65.00,0.000,0.000,@CharacterBody3D@8856,2,-0.017,-0.967,run,0.529,2.91,110,-1.220
880,c06_goblin_attacks,63,187.419,69.990,257.3,187.696,14.695,68.851,0.15,Hit_A,0,0,-9.517,9.937,11,1.000,65.00,0.000,0.000,@CharacterBody3D@8856,2,-0.017,-1.000,run,0.555,2.97,110,-1.253
881,c06_goblin_attacks,64,187.419,69.990,257.3,187.697,14.699,68.851,0.13,Hit_A,0,0,-9.550,9.970,11,1.000,65.00,0.000,0.000,@CharacterBody3D@8856,2,-0.017,-1.033,run,0.581,3.03,110,-1.287
882,c06_goblin_attacks,65,187.419,69.990,257.3,187.698,14.702,68.851,0.11,Hit_A,0,0,-9.583,10.003,11,1.000,65.00,0.000,0.000,@CharacterBody3D@8856,2,-0.017,-1.067,run,0.607,3.09,110,-1.320
883,c06_goblin_attacks,66,187.419,69.990,257.3,187.699,14.704,68.851,0.04,Hit_A,0,0,-9.617,10.037,11,1.000,65.00,0.000,0.000,@CharacterBody3D@8856,2,-0.017,-1.100,run,0.634,3.15,110,-1.353
884,c06_goblin_attacks,67,187.419,69.990,257.3,187.699,14.705,68.851,0.04,Hit_A,0,0,-9.650,10.070,11,1.000,65.00,0.000,0.000,@CharacterBody3D@8856,2,-0.017,-1.133,run,0.657,3.20,110,-1.387
885,c06_goblin_attacks,68,187.419,69.990,257.3,187.700,14.705,68.851,0.03,Hit_A,0,0,-9.683,10.103,11,1.000,65.00,0.000,0.000,@CharacterBody3D@8856,2,-0.017,-1.167,walk,0.000,3.24,110,-1.420
886,c06_goblin_attacks,69,187.419,69.990,257.3,187.701,14.705,68.851,0.03,Hit_A,0,0,-9.717,10.137,11,1.000,65.00,0.000,0.000,@CharacterBody3D@8856,2,-0.017,-1.200,run,0.000,3.18,110,-1.453
887,c06_goblin_attacks,70,187.419,69.990,257.3,187.701,14.704,68.852,0.04,Hit_A,0,0,-9.750,10.170,11,1.000,65.00,0.000,0.000,@CharacterBody3D@8856,2,-0.017,-1.233,run,0.000,3.12,110,-1.487
888,c06_goblin_attacks,71,187.419,69.990,257.3,187.700,14.702,68.852,0.08,Hit_A,0,0,-9.783,10.203,11,1.000,65.00,0.000,0.000,@CharacterBody3D@8856,2,-0.017,-1.267,run,0.024,3.05,110,-1.520
889,c06_goblin_attacks,72,187.419,69.990,257.3,187.698,14.699,68.852,0.11,Hit_A,0,0,-9.817,10.237,11,1.000,65.00,0.000,0.000,@CharacterBody3D@8856,2,-0.017,-1.300,run,0.050,2.97,110,-1.553
890,c06_goblin_attacks,73,187.419,69.990,257.3,187.696,14.695,68.852,0.13,Hit_A,0,0,-9.850,10.270,11,1.000,65.00,0.000,0.000,@CharacterBody3D@8856,2,-0.017,-1.333,run,0.077,2.89,110,-1.587
891,c06_goblin_attacks,74,187.419,69.990,257.3,187.695,14.691,68.853,0.13,Hit_A,0,0,-9.883,10.303,11,1.000,65.00,0.000,0.000,@CharacterBody3D@8856,2,-0.017,-1.367,run,0.105,2.81,110,-1.620
892,c06_goblin_attacks,75,187.419,69.990,257.3,187.693,14.686,68.853,0.14,Hit_A,0,0,-9.917,10.337,11,1.000,65.00,0.000,0.000,@CharacterBody3D@8856,2,-0.017,-1.400,run,0.134,2.73,110,-1.653
893,c06_goblin_attacks,76,187.419,69.990,257.3,187.692,14.682,68.853,0.15,Hit_A,0,0,-9.950,10.370,11,1.000,65.00,0.000,0.000,@CharacterBody3D@8856,2,-0.017,-1.433,run,0.164,2.64,110,-1.687
894,c06_goblin_attacks,77,187.419,69.990,257.3,187.690,14.677,68.854,0.15,Hit_A,0,0,-9.983,10.403,11,1.000,65.00,0.000,0.000,@CharacterBody3D@8856,2,-0.017,-1.467,run,0.194,2.55,110,-1.720
895,c06_goblin_attacks,78,187.419,69.990,257.3,187.688,14.672,68.854,0.15,Hit_A,0,0,-10.017,10.437,11,1.000,65.00,0.000,0.000,@CharacterBody3D@8856,2,-0.017,-1.500,run,0.225,2.47,110,-1.753
896,c06_goblin_attacks,79,187.419,69.990,257.3,187.686,14.667,68.854,0.16,Hit_A,0,0,-10.050,10.470,11,1.000,65.00,0.000,0.000,@CharacterBody3D@8856,2,-0.017,-1.533,run,0.256,2.38,110,-1.787
897,c06_goblin_attacks,80,187.419,69.990,257.3,187.684,14.662,68.854,0.16,Hit_A,0,0,-10.083,10.503,11,1.000,65.00,0.000,0.000,@CharacterBody3D@8856,2,-0.017,-1.567,run,0.287,2.29,110,-1.820
898,c06_goblin_attacks,81,187.419,69.990,257.3,187.683,14.658,68.854,0.15,Hit_A,0,0,-10.117,10.537,11,1.000,65.00,0.000,0.000,@CharacterBody3D@8856,2,-0.017,-1.600,run,0.319,2.20,110,-1.853
899,c06_goblin_attacks,82,187.419,69.990,257.3,187.681,14.654,68.854,0.13,Hit_A,0,0,-10.150,10.570,11,1.000,65.00,0.000,0.000,@CharacterBody3D@8856,2,-0.017,-1.633,run,0.351,2.10,110,-1.887
900,c06_goblin_attacks,83,187.419,69.990,257.3,187.680,14.650,68.854,0.11,Hit_A,0,0,-10.183,10.603,11,1.000,65.00,0.000,0.000,@CharacterBody3D@8856,2,-0.017,-1.667,run,0.383,2.01,110,-1.920
901,c06_goblin_attacks,84,187.419,69.990,257.3,187.680,14.648,68.853,0.08,Hit_A,0,0,-10.217,10.637,11,1.000,65.00,0.000,0.000,@CharacterBody3D@8856,2,-0.017,-1.700,run,0.415,1.92,110,-1.953
902,c06_goblin_attacks,85,187.419,69.990,257.3,187.679,14.647,68.853,0.04,Hit_A,0,0,-10.250,10.670,11,1.000,65.00,0.000,0.000,@CharacterBody3D@8856,2,-0.017,-1.733,run,0.448,1.83,110,-1.987
903,c06_goblin_attacks,86,187.419,69.990,257.3,187.679,14.646,68.852,0.03,Hit_A,0,0,-10.283,10.703,11,1.000,65.00,0.000,0.000,@CharacterBody3D@8856,2,-0.017,-1.767,run,0.480,1.74,110,-2.020
904,c06_goblin_attacks,87,187.419,69.990,257.3,187.679,14.646,68.852,0.02,Hit_A,0,0,-10.317,10.737,11,1.000,65.00,0.000,0.000,@CharacterBody3D@8856,2,-0.017,-1.800,run,0.513,1.65,110,-2.053
905,c06_goblin_attacks,88,187.419,69.990,257.3,187.679,14.646,68.851,0.02,Hit_A,0,0,-10.350,10.770,11,1.000,65.00,0.000,0.000,@CharacterBody3D@8856,2,-0.017,-1.833,run,0.545,1.55,110,-2.087
906,c06_goblin_attacks,89,187.419,69.990,257.3,187.679,14.647,68.851,0.05,Hit_A,0,0,-10.383,10.803,11,1.000,65.00,0.000,0.000,@CharacterBody3D@8856,2,0.483,0.933,attack,0.000,1.48,110,-2.120
907,c06_goblin_attacks,90,187.419,69.990,257.3,187.681,14.649,68.850,0.08,Hit_A,0,0,-10.417,10.837,11,1.000,65.00,0.000,0.000,@CharacterBody3D@8856,2,0.450,0.900,attack,0.000,1.41,110,-2.153
908,c06_goblin_attacks,91,187.419,69.990,257.3,187.682,14.652,68.849,0.09,Hit_A,0,0,-10.450,10.870,11,1.000,65.00,0.000,0.000,@CharacterBody3D@8856,2,0.417,0.867,attack,0.037,1.36,110,-2.187
909,c06_goblin_attacks,92,187.419,69.990,257.3,187.683,14.656,68.848,0.12,Hit_A,0,0,-10.483,10.903,11,1.000,65.00,0.000,0.000,@CharacterBody3D@8856,2,0.383,0.833,attack,0.073,1.31,110,-2.220
910,c06_goblin_attacks,93,187.419,69.990,257.3,187.684,14.660,68.847,0.14,Hit_A,0,0,-10.517,10.937,11,1.000,65.00,0.000,0.000,@CharacterBody3D@8856,2,0.350,0.800,attack,0.110,1.28,110,-2.253
911,c06_goblin_attacks,94,187.419,69.990,257.3,187.686,14.665,68.847,0.15,Hit_A,0,0,-10.550,10.970,11,1.000,65.00,0.000,0.000,@CharacterBody3D@8856,2,0.317,0.767,attack,0.147,1.25,110,-2.287
912,c06_goblin_attacks,95,187.419,69.990,257.3,187.688,14.669,68.846,0.15,Hit_A,0,0,-10.583,11.003,11,1.000,65.00,0.000,0.000,@CharacterBody3D@8856,2,0.283,0.733,attack,0.183,1.22,110,-2.320
913,c06_goblin_attacks,96,187.419,69.990,257.3,187.690,14.674,68.845,0.15,Hit_A,0,0,-10.617,11.037,11,1.000,65.00,0.000,0.000,@CharacterBody3D@8856,2,0.250,0.700,attack,0.220,1.20,110,-2.353
914,c06_goblin_attacks,97,187.419,69.990,257.3,187.692,14.679,68.844,0.15,Hit_A,0,0,-10.650,11.070,11,1.000,65.00,0.000,0.000,@CharacterBody3D@8856,2,0.217,0.667,attack,0.257,1.18,110,-2.387
915,c06_goblin_attacks,98,187.419,69.990,257.3,187.693,14.684,68.844,0.15,Hit_A,0,0,-10.683,11.103,11,1.000,65.00,0.000,0.000,@CharacterBody3D@8856,2,0.183,0.633,attack,0.293,1.16,110,-2.420
916,c06_goblin_attacks,99,187.419,69.990,257.3,187.695,14.688,68.843,0.16,Hit_A,0,0,-10.717,11.137,11,1.000,65.00,0.000,0.000,@CharacterBody3D@8856,2,0.150,0.600,attack,0.330,1.15,110,-2.453
917,c06_goblin_attacks,100,187.419,69.990,257.3,187.697,14.693,68.843,0.15,Hit_A,0,0,-10.750,11.170,11,1.000,65.00,0.000,0.000,@CharacterBody3D@8856,2,0.117,0.567,attack,0.367,1.14,110,-2.487
918,c06_goblin_attacks,101,187.419,69.990,257.3,187.698,14.697,68.843,0.13,Hit_A,0,0,-10.783,11.203,11,1.000,65.00,0.000,0.000,@CharacterBody3D@8856,2,0.083,0.533,attack,0.403,1.13,110,-2.520
919,c06_goblin_attacks,102,187.419,69.990,257.3,187.699,14.700,68.843,0.11,Hit_A,0,0,-10.817,11.237,11,1.000,65.00,0.000,0.000,@CharacterBody3D@8856,2,0.050,0.500,attack,0.440,1.11,110,-2.553
920,c06_goblin_attacks,103,187.419,69.990,257.3,187.700,14.703,68.843,0.07,Hit_A,0,0,-10.850,11.270,11,1.000,65.00,0.000,0.000,@CharacterBody3D@8856,2,0.017,0.467,attack,0.477,1.11,110,-2.587
921,c06_goblin_attacks,104,187.419,69.990,257.3,187.701,14.704,68.843,0.05,Hit_A,0,0,-10.883,11.303,11,1.000,65.00,0.000,0.000,@CharacterBody3D@8856,2,-0.017,0.433,attack,0.513,1.10,100,0.180
922,c06_goblin_attacks,105,187.427,70.055,257.3,187.710,14.702,68.908,1.96,Hit_A,1,0,-10.917,11.337,11,1.000,65.00,0.000,0.000,@CharacterBody3D@8856,2,-0.017,0.400,attack,0.547,1.15,100,0.147
923,c06_goblin_attacks,106,187.434,70.106,257.3,187.330,14.685,68.956,11.53,Hit_A,1,0,-10.950,11.370,11,1.000,65.00,0.000,0.000,@CharacterBody3D@8856,2,-0.017,0.367,attack,0.580,1.20,100,0.113
924,c06_goblin_attacks,107,187.439,70.144,257.3,187.354,14.713,68.996,1.64,Hit_A,1,0,-10.983,11.403,11,1.000,65.00,0.000,0.000,@CharacterBody3D@8856,2,-0.017,0.333,attack,0.613,1.23,100,0.080
925,c06_goblin_attacks,108,187.442,70.169,257.3,187.333,14.703,69.030,1.23,Hit_A,1,0,-11.017,11.437,11,1.000,65.00,0.000,0.000,@CharacterBody3D@8856,2,-0.017,0.300,attack,0.647,1.26,100,0.047
926,c06_goblin_attacks,109,187.444,70.181,257.3,187.340,14.689,69.047,0.70,Hit_A,1,0,-11.050,11.470,11,1.000,65.00,0.000,0.000,@CharacterBody3D@8856,2,-0.017,0.267,attack,0.680,1.27,100,0.013
927,c06_goblin_attacks,110,187.444,70.181,257.3,187.436,14.687,69.052,2.91,Hit_A,1,0,-11.083,11.503,11,1.000,65.00,0.000,0.000,@CharacterBody3D@8856,2,-0.017,0.233,attack,0.713,1.27,100,-0.020
928,c06_goblin_attacks,111,187.444,70.181,257.3,187.575,14.678,69.044,4.19,Hit_A,1,0,-11.117,11.537,11,1.000,65.00,0.000,0.000,@CharacterBody3D@8856,2,-0.017,0.200,attack,0.747,1.27,100,-0.053
929,c06_goblin_attacks,112,187.444,70.181,257.3,187.693,14.675,69.040,3.52,Hit_A,0,0,-11.150,11.570,11,1.000,65.00,0.000,0.000,@CharacterBody3D@8856,2,-0.017,0.167,attack,0.780,1.27,100,-0.087
930,c06_goblin_attacks,113,187.444,70.181,257.3,187.716,14.674,69.039,0.69,Hit_A,0,0,-11.183,11.603,11,1.000,65.00,0.000,0.000,@CharacterBody3D@8856,2,-0.017,0.133,attack,0.813,1.27,100,-0.120
931,c06_goblin_attacks,114,187.444,70.181,257.3,187.716,14.671,69.039,0.10,Hit_A,0,0,-11.217,11.637,11,1.000,65.00,0.000,0.000,@CharacterBody3D@8856,2,-0.017,0.100,attack,0.847,1.27,100,-0.153
932,c06_goblin_attacks,115,187.444,70.181,257.3,187.714,14.666,69.039,0.16,Hit_A,0,0,-11.250,11.670,11,1.000,65.00,0.000,0.000,@CharacterBody3D@8856,2,-0.017,0.067,attack,0.880,1.27,100,-0.187
933,c06_goblin_attacks,116,187.444,70.181,257.3,187.712,14.661,69.040,0.17,Hit_A,0,0,-11.283,11.703,11,1.000,65.00,0.000,0.000,@CharacterBody3D@8856,2,-0.017,0.033,attack,0.913,1.27,100,-0.220
934,c06_goblin_attacks,117,187.444,70.181,257.3,187.710,14.656,69.041,0.17,Hit_A,0,0,-11.317,11.737,11,1.000,65.00,0.000,0.000,@CharacterBody3D@8856,2,-0.017,-0.000,idle,0.000,1.27,100,-0.253
935,c06_goblin_attacks,118,187.444,70.181,257.3,187.708,14.651,69.041,0.16,Hit_A,0,0,-11.350,11.770,11,1.000,65.00,0.000,0.000,@CharacterBody3D@8856,2,-0.017,-0.033,idle,0.000,1.27,100,-0.287
936,c06_goblin_attacks,119,187.444,70.181,257.3,187.707,14.646,69.042,0.15,Hit_A,0,0,-11.383,11.803,11,1.000,65.00,0.000,0.000,@CharacterBody3D@8856,2,-0.017,-0.067,idle,0.033,1.27,100,-0.320
937,c06_goblin_attacks,120,187.444,70.181,257.3,187.706,14.642,69.043,0.13,Hit_A,0,0,-11.417,11.837,11,1.000,65.00,0.000,0.000,@CharacterBody3D@8856,2,-0.017,-0.100,idle,0.067,1.27,100,-0.353
938,c06_goblin_attacks,121,187.444,70.181,257.3,187.705,14.638,69.043,0.11,Hit_A,0,0,-11.450,11.870,11,1.000,65.00,0.000,0.000,@CharacterBody3D@8856,2,-0.017,-0.133,idle,0.100,1.27,100,-0.387
939,c06_goblin_attacks,122,187.444,70.181,257.3,187.704,14.636,69.043,0.07,Hit_A,0,0,-11.483,11.903,11,1.000,65.00,0.000,0.000,@CharacterBody3D@8856,2,-0.017,-0.167,idle,0.133,1.27,100,-0.420
940,c06_goblin_attacks,123,187.444,70.181,257.3,187.703,14.635,69.044,0.04,Hit_A,0,0,-11.517,11.937,11,1.000,65.00,0.000,0.000,@CharacterBody3D@8856,2,-0.017,-0.200,idle,0.167,1.27,100,-0.453
941,c06_goblin_attacks,124,187.444,70.181,257.3,187.703,14.634,69.044,0.02,Hit_A,0,0,-11.550,11.970,11,1.000,65.00,0.000,0.000,@CharacterBody3D@8856,2,-0.017,-0.233,idle,0.200,1.27,100,-0.487
942,c06_goblin_attacks,125,187.444,70.181,257.3,187.703,14.634,69.044,0.02,Hit_A,0,0,-11.583,12.003,11,1.000,65.00,0.000,0.000,@CharacterBody3D@8856,2,-0.017,-0.267,idle,0.233,1.27,100,-0.520
943,c06_goblin_attacks,126,187.444,70.181,257.3,187.703,14.634,69.044,0.02,Hit_A,0,0,-11.617,12.037,11,1.000,65.00,0.000,0.000,@CharacterBody3D@8856,2,-0.017,-0.300,idle,0.267,1.27,100,-0.553
944,c06_goblin_attacks,127,187.444,70.181,257.3,187.705,14.636,69.044,0.06,Hit_A,0,0,-11.650,12.070,11,1.000,65.00,0.000,0.000,@CharacterBody3D@8856,2,-0.017,-0.333,idle,0.300,1.27,100,-0.587
945,c06_goblin_attacks,128,187.444,70.181,257.3,187.706,14.638,69.044,0.08,Hit_A,0,0,-11.683,12.103,11,1.000,65.00,0.000,0.000,@CharacterBody3D@8856,2,-0.017,-0.367,idle,0.333,1.27,100,-0.620
946,c06_goblin_attacks,129,187.444,70.181,257.3,187.707,14.641,69.044,0.10,Hit_A,0,0,-11.717,12.137,11,1.000,65.00,0.000,0.000,@CharacterBody3D@8856,2,-0.017,-0.400,idle,0.367,1.27,100,-0.653
947,c06_goblin_attacks,130,187.444,70.181,257.3,187.708,14.646,69.044,0.13,Hit_A,0,0,-11.750,12.170,11,1.000,65.00,0.000,0.000,@CharacterBody3D@8856,2,-0.017,-0.433,idle,0.400,1.27,100,-0.687
948,gap,1,187.444,70.181,257.3,187.709,14.650,69.043,0.14,Hit_A,0,0,-11.783,12.203,11,1.000,65.00,0.000,0.000,,,0.000,0.000,,0.000,-1.00,100,-0.720
949,gap,2,187.444,70.181,257.3,187.711,14.655,69.043,0.15,Hit_A,0,0,-11.817,12.237,11,1.000,65.00,0.000,0.000,,,0.000,0.000,,0.000,-1.00,100,-0.753
950,gap,3,187.444,70.181,257.3,187.713,14.659,69.043,0.15,Hit_A,0,0,-11.850,12.270,11,1.000,65.00,0.000,0.000,,,0.000,0.000,,0.000,-1.00,100,-0.787
951,gap,4,187.425,69.799,180.0,188.595,14.981,69.814,36.46,Hit_A,0,0,-11.883,12.303,11,1.000,65.00,0.000,0.000,,,0.000,0.000,,0.000,-1.00,100,-0.820
952,gap,5,187.425,69.799,180.0,188.596,14.689,69.816,8.75,Hit_A,0,0,-11.917,12.337,11,1.000,65.00,0.000,0.000,,,0.000,0.000,,0.000,-1.00,100,-0.853
953,gap,6,187.425,69.799,180.0,188.596,14.694,69.817,0.17,Hit_A,0,0,-11.950,12.370,11,1.000,65.00,0.000,0.000,,,0.000,0.000,,0.000,-1.00,100,-0.887
954,gap,7,187.425,69.799,180.0,188.597,14.699,69.819,0.16,Hit_A,0,0,-11.983,12.403,11,1.000,65.00,0.000,0.000,,,0.000,0.000,,0.000,-1.00,100,-0.920
955,gap,8,187.425,69.799,180.0,188.597,14.704,69.820,0.15,Hit_A,0,0,-12.017,12.437,11,1.000,65.00,0.000,0.000,,,0.000,0.000,,0.000,-1.00,100,-0.953
956,gap,9,187.425,69.799,180.0,188.598,14.708,69.821,0.13,Hit_A,0,0,-12.050,12.470,11,1.000,65.00,0.000,0.000,,,0.000,0.000,,0.000,-1.00,100,-0.987
957,gap,10,187.425,69.799,180.0,188.598,14.712,69.822,0.11,Hit_A,0,0,-12.083,12.503,11,1.000,65.00,0.000,0.000,,,0.000,0.000,,0.000,-1.00,100,-1.020
958,gap,11,187.425,69.799,180.0,188.598,14.713,69.823,0.04,Hit_A,0,0,-12.117,12.537,11,1.000,65.00,0.000,0.000,,,0.000,0.000,,0.000,-1.00,100,-1.053
959,gap,12,187.425,69.799,180.0,188.598,14.714,69.823,0.04,Hit_A,0,0,-12.150,12.570,11,1.000,65.00,0.000,0.000,,,0.000,0.000,,0.000,-1.00,100,-1.087
960,gap,13,187.425,69.799,180.0,188.598,14.715,69.824,0.03,Hit_A,0,0,-12.183,12.603,11,1.000,65.00,0.000,0.000,,,0.000,0.000,,0.000,-1.00,100,-1.120
961,gap,14,187.425,69.799,180.0,188.598,14.715,69.825,0.03,Hit_A,0,0,-12.217,12.637,11,1.000,65.00,0.000,0.000,,,0.000,0.000,,0.000,-1.00,100,-1.153
962,gap,15,187.425,69.799,180.0,188.598,14.714,69.825,0.04,Hit_A,0,0,-12.250,12.670,11,1.000,65.00,0.000,0.000,,,0.000,0.000,,0.000,-1.00,100,-1.187
963,gap,16,187.425,69.799,180.0,188.597,14.711,69.824,0.08,Hit_A,0,0,-12.283,12.703,11,1.000,65.00,0.000,0.000,,,0.000,0.000,,0.000,-1.00,100,-1.220
964,gap,17,187.425,69.799,180.0,188.596,14.708,69.822,0.11,Hit_A,0,0,-12.317,12.737,11,1.000,65.00,0.000,0.000,,,0.000,0.000,,0.000,-1.00,100,-1.253
965,gap,18,187.425,69.799,180.0,188.596,14.704,69.821,0.13,Hit_A,0,0,-12.350,12.770,11,1.000,65.00,0.000,0.000,,,0.000,0.000,,0.000,-1.00,100,-1.287
966,gap,19,187.425,69.799,180.0,188.595,14.700,69.819,0.13,Hit_A,0,0,-12.383,12.803,11,1.000,65.00,0.000,0.000,,,0.000,0.000,,0.000,-1.00,100,-1.320
967,gap,20,187.425,69.799,180.0,188.595,14.696,69.818,0.14,Hit_A,0,0,-12.417,12.837,11,1.000,65.00,0.000,0.000,,,0.000,0.000,,0.000,-1.00,100,-1.353
968,gap,21,187.425,69.799,180.0,188.594,14.691,69.816,0.15,Hit_A,0,0,-12.450,12.870,11,1.000,65.00,0.000,0.000,,,0.000,0.000,,0.000,-1.00,100,-1.387
969,gap,22,187.425,69.799,180.0,188.593,14.686,69.814,0.15,Hit_A,0,0,-12.483,12.903,11,1.000,65.00,0.000,0.000,,,0.000,0.000,,0.000,-1.00,100,-1.420
970,gap,23,187.425,69.799,180.0,188.593,14.682,69.813,0.15,Hit_A,0,0,-12.517,12.937,11,1.000,65.00,0.000,0.000,,,0.000,0.000,,0.000,-1.00,100,-1.453
971,gap,24,187.425,69.799,180.0,188.592,14.677,69.811,0.16,Hit_A,0,0,-12.550,12.970,11,1.000,65.00,0.000,0.000,@CharacterBody3D@8866,2,0.000,0.000,,0.000,2.40,120,-1.487
972,gap,25,187.425,69.799,180.0,188.592,14.672,69.809,0.16,Hit_A,0,0,-12.583,13.003,11,1.000,65.00,0.000,0.000,@CharacterBody3D@8866,2,0.000,-0.033,walk,0.000,2.38,120,-1.520
973,gap,26,187.425,69.799,180.0,188.592,14.667,69.808,0.15,Hit_A,0,0,-12.617,13.037,11,1.000,65.00,0.000,0.000,@CharacterBody3D@8866,2,0.000,-0.067,walk,0.000,2.34,120,-1.553
974,gap,27,187.425,69.799,180.0,188.591,14.663,69.806,0.12,Hit_A,0,0,-12.650,13.070,11,1.000,65.00,0.000,0.000,@CharacterBody3D@8866,2,0.000,-0.100,walk,0.026,2.28,120,-1.587
975,gap,28,187.425,69.799,180.0,188.591,14.660,69.805,0.11,Hit_A,0,0,-12.683,13.103,11,1.000,65.00,0.000,0.000,@CharacterBody3D@8866,2,0.000,-0.133,walk,0.061,2.20,120,-1.620
976,gap,29,187.425,69.799,180.0,188.591,14.657,69.805,0.08,Hit_A,0,0,-12.717,13.137,11,1.000,65.00,0.000,0.000,@CharacterBody3D@8866,2,0.000,-0.167,walk,0.103,2.12,120,-1.653
977,gap,30,187.425,69.799,180.0,188.592,14.656,69.804,0.04,Hit_A,0,0,-12.750,13.170,11,1.000,65.00,0.000,0.000,@CharacterBody3D@8866,2,0.000,-0.200,walk,0.152,2.03,120,-1.687
978,gap,31,187.425,69.799,180.0,188.592,14.656,69.804,0.03,Hit_A,0,0,-12.783,13.203,11,1.000,65.00,0.000,0.000,@CharacterBody3D@8866,2,0.850,1.450,attack,0.000,1.93,120,-1.720
979,gap,32,187.425,69.799,180.0,188.593,14.655,69.804,0.02,Hit_A,0,0,-12.817,13.237,11,1.000,65.00,0.000,0.000,@CharacterBody3D@8866,2,0.817,1.417,attack,0.000,1.85,120,-1.753
980,gap,33,187.425,69.799,180.0,188.593,14.655,69.804,0.02,Hit_A,0,0,-12.850,13.270,11,1.000,65.00,0.000,0.000,@CharacterBody3D@8866,2,0.783,1.383,attack,0.044,1.79,120,-1.787
981,c07_orc_attacks,1,187.425,69.799,257.3,187.686,14.657,68.660,43.79,Hit_A,0,0,-12.883,13.303,11,1.000,65.00,0.000,0.000,@CharacterBody3D@8866,2,0.750,1.350,attack,0.087,1.74,120,-1.820
982,c07_orc_attacks,2,187.425,69.799,257.3,187.688,14.659,68.659,0.08,Hit_A,0,0,-12.917,13.337,11,1.000,65.00,0.000,0.000,@CharacterBody3D@8866,2,0.717,1.317,attack,0.131,1.70,120,-1.853
983,c07_orc_attacks,3,187.425,69.799,257.3,187.689,14.661,68.658,0.09,Hit_A,0,0,-12.950,13.370,11,1.000,65.00,0.000,0.000,@CharacterBody3D@8866,2,0.683,1.283,attack,0.174,1.66,120,-1.887
984,c07_orc_attacks,4,187.425,69.799,257.3,187.690,14.665,68.657,0.12,Hit_A,0,0,-12.983,13.403,11,1.000,65.00,0.000,0.000,@CharacterBody3D@8866,2,0.650,1.250,attack,0.218,1.63,120,-1.920
985,c07_orc_attacks,5,187.425,69.799,257.3,187.691,14.670,68.656,0.14,Hit_A,0,0,-13.017,13.437,11,1.000,65.00,0.000,0.000,@CharacterBody3D@8866,2,0.617,1.217,attack,0.261,1.61,120,-1.953
986,c07_orc_attacks,6,187.425,69.799,257.3,187.693,14.674,68.656,0.15,Hit_A,0,0,-13.050,13.470,11,1.000,65.00,0.000,0.000,@CharacterBody3D@8866,2,0.583,1.183,attack,0.305,1.59,120,-1.987
987,c07_orc_attacks,7,187.425,69.799,257.3,187.695,14.679,68.655,0.15,Hit_A,0,0,-13.083,13.503,11,1.000,65.00,0.000,0.000,@CharacterBody3D@8866,2,0.550,1.150,attack,0.348,1.57,120,-2.020
988,c07_orc_attacks,8,187.425,69.799,257.3,187.697,14.684,68.654,0.15,Hit_A,0,0,-13.117,13.537,11,1.000,65.00,0.000,0.000,@CharacterBody3D@8866,2,0.517,1.117,attack,0.392,1.56,120,-2.053
989,c07_orc_attacks,9,187.425,69.799,257.3,187.698,14.688,68.653,0.15,Hit_A,0,0,-13.150,13.570,11,1.000,65.00,0.000,0.000,@CharacterBody3D@8866,2,0.483,1.083,attack,0.435,1.55,120,-2.087
990,c07_orc_attacks,10,187.425,69.799,257.3,187.700,14.693,68.653,0.15,Hit_A,0,0,-13.183,13.603,11,1.000,65.00,0.000,0.000,@CharacterBody3D@8866,2,0.450,1.050,attack,0.479,1.54,120,-2.120
991,c07_orc_attacks,11,187.425,69.799,257.3,187.702,14.698,68.652,0.16,Hit_A,0,0,-13.217,13.637,11,1.000,65.00,0.000,0.000,@CharacterBody3D@8866,2,0.417,1.017,attack,0.522,1.53,120,-2.153
992,c07_orc_attacks,12,187.425,69.799,257.3,187.704,14.702,68.652,0.15,Hit_A,0,0,-13.250,13.670,11,1.000,65.00,0.000,0.000,@CharacterBody3D@8866,2,0.383,0.983,attack,0.566,1.52,120,-2.187
993,c07_orc_attacks,13,187.425,69.799,257.3,187.705,14.706,68.652,0.13,Hit_A,0,0,-13.283,13.703,11,1.000,65.00,0.000,0.000,@CharacterBody3D@8866,2,0.350,0.950,attack,0.609,1.51,120,-2.220
994,c07_orc_attacks,14,187.425,69.799,257.3,187.706,14.710,68.652,0.11,Hit_A,0,0,-13.317,13.737,11,1.000,65.00,0.000,0.000,@CharacterBody3D@8866,2,0.317,0.917,attack,0.653,1.50,120,-2.253
995,c07_orc_attacks,15,187.425,69.799,257.3,187.707,14.712,68.652,0.07,Hit_A,0,0,-13.350,13.770,11,1.000,65.00,0.000,0.000,@CharacterBody3D@8866,2,0.283,0.883,attack,0.696,1.50,120,-2.287
996,c07_orc_attacks,16,187.425,69.799,257.3,187.708,14.713,68.652,0.05,Hit_A,0,0,-13.383,13.803,11,1.000,65.00,0.000,0.000,@CharacterBody3D@8866,2,0.250,0.850,attack,0.740,1.49,120,-2.320
997,c07_orc_attacks,17,187.425,69.799,257.3,187.709,14.715,68.652,0.05,Hit_A,0,0,-13.417,13.837,11,1.000,65.00,0.000,0.000,@CharacterBody3D@8866,2,0.217,0.817,attack,0.784,1.49,120,-2.353
998,c07_orc_attacks,18,187.425,69.799,257.3,187.710,14.716,68.653,0.05,Hit_A,0,0,-13.450,13.870,11,1.000,65.00,0.000,0.000,@CharacterBody3D@8866,2,0.183,0.783,attack,0.827,1.49,120,-2.387
999,c07_orc_attacks,19,187.425,69.799,257.3,187.710,14.716,68.653,0.01,Hit_A,0,0,-13.483,13.903,11,1.000,65.00,0.000,0.000,@CharacterBody3D@8866,2,0.150,0.750,attack,0.871,1.49,120,-2.420
1000,c07_orc_attacks,20,187.425,69.799,257.3,187.709,14.715,68.653,0.06,Hit_A,0,0,-13.517,13.937,11,1.000,65.00,0.000,0.000,@CharacterBody3D@8866,2,0.117,0.717,attack,0.914,1.49,120,-2.453
1001,c07_orc_attacks,21,187.425,69.799,257.3,187.707,14.712,68.654,0.10,Hit_A,0,0,-13.550,13.970,11,1.000,65.00,0.000,0.000,@CharacterBody3D@8866,2,0.083,0.683,attack,0.958,1.49,120,-2.487
1002,c07_orc_attacks,22,187.425,69.799,257.3,187.705,14.709,68.654,0.12,Hit_A,0,0,-13.583,14.003,11,1.000,65.00,0.000,0.000,@CharacterBody3D@8866,2,0.050,0.650,attack,1.001,1.49,120,-2.520
1003,c07_orc_attacks,23,187.425,69.799,257.3,187.704,14.705,68.655,0.13,Hit_A,0,0,-13.617,14.037,11,1.000,65.00,0.000,0.000,@CharacterBody3D@8866,2,0.017,0.617,attack,1.045,1.49,120,-2.553
1004,c07_orc_attacks,24,187.424,69.850,257.3,187.701,14.698,68.707,1.56,Hit_A,0,0,-13.650,14.070,11,1.000,65.00,0.000,0.000,@CharacterBody3D@8866,2,-0.000,0.583,attack,1.088,1.54,97,0.163
1005,c07_orc_attacks,25,187.422,69.941,257.3,187.621,14.638,68.862,5.53,Hit_A,1,0,-13.683,14.103,11,1.000,65.00,0.000,0.000,@CharacterBody3D@8866,2,-0.000,0.550,attack,1.122,1.63,97,0.130
1006,c07_orc_attacks,26,187.421,70.019,257.3,187.712,14.706,68.932,4.01,Hit_A,1,0,-13.717,14.137,11,1.000,65.00,0.000,0.000,@CharacterBody3D@8866,2,-0.000,0.517,attack,1.155,1.71,97,0.097
1007,c07_orc_attacks,27,187.420,70.084,257.3,187.590,14.691,68.952,3.72,Hit_A,1,0,-13.750,14.170,11,1.000,65.00,0.000,0.000,@CharacterBody3D@8866,2,-0.000,0.483,attack,1.188,1.78,97,0.063
1008,c07_orc_attacks,28,187.419,70.136,257.3,187.404,14.649,68.983,5.81,Hit_A,1,0,-13.783,14.203,11,1.000,65.00,0.000,0.000,@CharacterBody3D@8866,2,-0.000,0.450,attack,1.222,1.83,97,0.030
1009,c07_orc_attacks,29,187.419,70.174,257.3,187.350,14.614,69.021,2.25,Hit_A,1,0,-13.817,14.237,11,1.000,65.00,0.000,0.000,@CharacterBody3D@8866,2,-0.000,0.417,attack,1.255,1.87,97,-0.003
1010,c07_orc_attacks,30,187.418,70.199,257.3,187.582,14.620,69.066,7.10,Hit_A,1,0,-13.850,14.270,11,1.000,65.00,0.000,0.000,@CharacterBody3D@8866,2,-0.000,0.383,attack,1.288,1.89,97,-0.037
1011,c07_orc_attacks,31,187.418,70.211,257.3,187.646,14.599,69.099,2.24,Hit_A,1,0,-13.883,14.303,11,1.000,65.00,0.000,0.000,@CharacterBody3D@8866,2,-0.000,0.350,attack,1.322,1.90,97,-0.070
1012,c07_orc_attacks,32,187.418,70.211,257.3,187.706,14.588,69.121,1.95,Hit_A,0,0,-13.917,14.337,11,1.000,65.00,0.000,0.000,@CharacterBody3D@8866,2,-0.000,0.317,attack,1.355,1.90,97,-0.103
1013,c07_orc_attacks,33,187.418,70.211,257.3,187.732,14.591,69.119,0.79,Hit_A,0,0,-13.950,14.370,11,1.000,65.00,0.000,0.000,@CharacterBody3D@8866,2,-0.000,0.283,attack,1.388,1.90,97,-0.137
1014,c07_orc_attacks,34,187.418,70.211,257.3,187.698,14.618,69.086,1.64,Hit_A,0,0,-13.983,14.403,11,1.000,65.00,0.000,0.000,@CharacterBody3D@8866,2,-0.000,0.250,attack,1.422,1.90,97,-0.170
1015,c07_orc_attacks,35,187.418,70.211,257.3,187.682,14.631,69.076,0.70,Hit_A,0,0,-14.017,14.437,11,1.000,65.00,0.000,0.000,@CharacterBody3D@8866,2,-0.000,0.217,attack,1.455,1.90,97,-0.203
1016,c07_orc_attacks,36,187.418,70.211,257.3,187.679,14.633,69.074,0.13,Hit_A,0,0,-14.050,14.470,11,1.000,65.00,0.000,0.000,@CharacterBody3D@8866,2,-0.000,0.183,attack,1.488,1.90,97,-0.237
1017,c07_orc_attacks,37,187.418,70.211,257.3,187.679,14.633,69.075,0.02,Hit_A,0,0,-14.083,14.503,11,1.000,65.00,0.000,0.000,@CharacterBody3D@8866,2,-0.000,0.150,attack,1.522,1.90,97,-0.270
1018,c07_orc_attacks,38,187.418,70.211,257.3,187.679,14.633,69.075,0.02,Hit_A,0,0,-14.117,14.537,11,1.000,65.00,0.000,0.000,@CharacterBody3D@8866,2,-0.000,0.117,attack,1.555,1.90,97,-0.303
1019,c07_orc_attacks,39,187.418,70.211,257.3,187.680,14.635,69.075,0.06,Hit_A,0,0,-14.150,14.570,11,1.000,65.00,0.000,0.000,@CharacterBody3D@8866,2,-0.000,0.083,attack,1.588,1.90,97,-0.337
1020,c07_orc_attacks,40,187.418,70.211,257.3,187.681,14.638,69.075,0.08,Hit_A,0,0,-14.183,14.603,11,1.000,65.00,0.000,0.000,@CharacterBody3D@8866,2,-0.000,0.050,attack,1.622,1.90,97,-0.370
1021,c07_orc_attacks,41,187.418,70.211,257.3,187.682,14.641,69.074,0.10,Hit_A,0,0,-14.217,14.637,11,1.000,65.00,0.000,0.000,@CharacterBody3D@8866,2,-0.000,0.017,attack,1.655,1.90,97,-0.403
1022,c07_orc_attacks,42,187.418,70.211,257.3,187.683,14.645,69.074,0.13,Hit_A,0,0,-14.250,14.670,11,1.000,65.00,0.000,0.000,@CharacterBody3D@8866,2,-0.000,-0.017,walk,0.000,1.91,97,-0.437
1023,c07_orc_attacks,43,187.418,70.211,257.3,187.685,14.649,69.073,0.14,Hit_A,0,0,-14.283,14.703,11,1.000,65.00,0.000,0.000,@CharacterBody3D@8866,2,-0.000,-0.050,walk,0.000,1.92,97,-0.470
1024,c07_orc_attacks,44,187.418,70.211,257.3,187.686,14.654,69.073,0.15,Hit_A,0,0,-14.317,14.737,11,1.000,65.00,0.000,0.000,@CharacterBody3D@8866,2,-0.000,-0.083,walk,0.020,1.96,97,-0.503
1025,c07_orc_attacks,45,187.418,70.211,257.3,187.688,14.659,69.073,0.15,Hit_A,0,0,-14.350,14.770,11,1.000,65.00,0.000,0.000,@CharacterBody3D@8866,2,-0.000,-0.117,walk,0.044,2.00,97,-0.537
1026,c07_orc_attacks,46,187.418,70.211,257.3,187.690,14.663,69.073,0.15,Hit_A,0,0,-14.383,14.803,11,1.000,65.00,0.000,0.000,@CharacterBody3D@8866,2,-0.000,-0.150,walk,0.076,2.06,97,-0.570
1027,c07_orc_attacks,47,187.418,70.211,257.3,187.692,14.668,69.072,0.16,Hit_A,0,0,-14.417,14.837,11,1.000,65.00,0.000,0.000,@CharacterBody3D@8866,2,-0.000,-0.183,walk,0.112,2.12,97,-0.603
1028,c07_orc_attacks,48,187.418,70.211,257.3,187.693,14.674,69.072,0.17,Hit_A,0,0,-14.450,14.870,11,1.000,65.00,0.000,0.000,@CharacterBody3D@8866,2,-0.000,-0.217,walk,0.153,2.19,97,-0.637
1029,c07_orc_attacks,49,187.418,70.211,257.3,187.695,14.679,69.072,0.16,Hit_A,0,0,-14.483,14.903,11,1.000,65.00,0.000,0.000,@CharacterBody3D@8866,2,-0.000,-0.250,walk,0.197,2.26,97,-0.670
1030,c07_orc_attacks,50,187.418,70.211,257.3,187.696,14.683,69.072,0.15,Hit_A,0,0,-14.517,14.937,11,1.000,65.00,0.000,0.000,@CharacterBody3D@8866,2,-0.000,-0.283,walk,0.245,2.33,97,-0.703
1031,c07_orc_attacks,51,187.418,70.211,257.3,187.697,14.687,69.071,0.13,Hit_A,0,0,-14.550,14.970,11,1.000,65.00,0.000,0.000,@CharacterBody3D@8866,2,-0.000,-0.317,walk,0.294,2.41,97,-0.737
1032,c07_orc_attacks,52,187.418,70.211,257.3,187.699,14.691,69.071,0.11,Hit_A,0,0,-14.583,15.003,11,1.000,65.00,0.000,0.000,@CharacterBody3D@8866,2,-0.000,-0.350,walk,0.346,2.49,97,-0.770
1033,c07_orc_attacks,53,187.418,70.211,257.3,187.699,14.692,69.071,0.04,Hit_A,0,0,-14.617,15.037,11,1.000,65.00,0.000,0.000,@CharacterBody3D@8866,2,-0.000,-0.383,walk,0.399,2.58,97,-0.803
1034,c07_orc_attacks,54,187.418,70.211,257.3,187.699,14.693,69.072,0.04,Hit_A,0,0,-14.650,15.070,11,1.000,65.00,0.000,0.000,@CharacterBody3D@8866,2,-0.000,-0.417,walk,0.453,2.66,97,-0.837
1035,c07_orc_attacks,55,187.418,70.211,257.3,187.700,14.694,69.072,0.03,Hit_A,0,0,-14.683,15.103,11,1.000,65.00,0.000,0.000,@CharacterBody3D@8866,2,-0.000,-0.450,walk,0.509,2.75,97,-0.870
1036,c07_orc_attacks,56,187.418,70.211,257.3,187.701,14.694,69.072,0.03,Hit_A,0,0,-14.717,15.137,11,1.000,65.00,0.000,0.000,@CharacterBody3D@8866,2,-0.000,-0.483,walk,0.565,2.83,97,-0.903
1037,c07_orc_attacks,57,187.418,70.211,257.3,187.701,14.693,69.072,0.04,Hit_A,0,0,-14.750,15.170,11,1.000,65.00,0.000,0.000,@CharacterBody3D@8866,2,-0.000,-0.517,walk,0.622,2.92,97,-0.937
1038,c07_orc_attacks,58,187.418,70.211,257.3,187.700,14.691,69.073,0.08,Hit_A,0,0,-14.783,15.203,11,1.000,65.00,0.000,0.000,@CharacterBody3D@8866,2,-0.000,-0.550,walk,0.679,3.01,97,-0.970
1039,c07_orc_attacks,59,187.418,70.211,257.3,187.698,14.688,69.073,0.11,Hit_A,0,0,-14.817,15.237,11,1.000,65.00,0.000,0.000,@CharacterBody3D@8866,2,-0.000,-0.583,walk,0.737,3.10,97,-1.003
1040,c07_orc_attacks,60,187.418,70.211,257.3,187.696,14.684,69.073,0.13,Hit_A,0,0,-14.850,15.270,11,1.000,65.00,0.000,0.000,@CharacterBody3D@8866,2,-0.000,-0.617,walk,0.795,3.19,97,-1.037
1041,c07_orc_attacks,61,187.418,70.211,257.3,187.695,14.680,69.074,0.13,Hit_A,0,0,-14.883,15.303,11,1.000,65.00,0.000,0.000,@CharacterBody3D@8866,2,-0.000,-0.650,walk,0.853,3.29,97,-1.070
1042,c07_orc_attacks,62,187.418,70.211,257.3,187.693,14.675,69.074,0.14,Hit_A,0,0,-14.917,15.337,11,1.000,65.00,0.000,0.000,@CharacterBody3D@8866,2,-0.000,-0.683,walk,0.912,3.38,97,-1.103
1043,c07_orc_attacks,63,187.418,70.211,257.3,187.692,14.670,69.074,0.15,Hit_A,0,0,-14.950,15.370,11,1.000,65.00,0.000,0.000,@CharacterBody3D@8866,2,-0.000,-0.717,walk,0.971,3.47,97,-1.137
1044,c07_orc_attacks,64,187.418,70.211,257.3,187.690,14.666,69.074,0.15,Hit_A,0,0,-14.983,15.403,11,1.000,65.00,0.000,0.000,@CharacterBody3D@8866,2,-0.000,-0.750,walk,1.030,3.56,97,-1.170
1045,c07_orc_attacks,65,187.418,70.211,257.3,187.688,14.661,69.074,0.15,Hit_A,0,0,-15.017,15.437,11,1.000,65.00,0.000,0.000,@CharacterBody3D@8866,2,-0.000,-0.783,walk,0.022,3.66,97,-1.203
1046,c07_orc_attacks,66,187.418,70.211,257.3,187.686,14.656,69.074,0.16,Hit_A,0,0,-15.050,15.470,11,1.000,65.00,0.000,0.000,@CharacterBody3D@8866,2,-0.000,-0.817,walk,0.081,3.75,97,-1.237
1047,c07_orc_attacks,67,187.418,70.211,257.3,187.684,14.651,69.074,0.16,Hit_A,0,0,-15.083,15.503,11,1.000,65.00,0.000,0.000,@CharacterBody3D@8866,2,-0.000,-0.850,walk,0.141,3.84,97,-1.270
1048,c07_orc_attacks,68,187.418,70.211,257.3,187.683,14.647,69.075,0.15,Hit_A,0,0,-15.117,15.537,11,1.000,65.00,0.000,0.000,@CharacterBody3D@8866,2,-0.000,-0.883,walk,0.200,3.93,97,-1.303
1049,c07_orc_attacks,69,187.418,70.211,257.3,187.681,14.643,69.074,0.12,Hit_A,0,0,-15.150,15.570,11,1.000,65.00,0.000,0.000,@CharacterBody3D@8866,2,-0.000,-0.917,walk,0.259,4.01,97,-1.337
1050,c07_orc_attacks,70,187.418,70.211,257.3,187.680,14.639,69.074,0.11,Hit_A,0,0,-15.183,15.603,11,1.000,65.00,0.000,0.000,@CharacterBody3D@8866,2,-0.000,-0.950,walk,0.319,4.10,97,-1.370
1051,c07_orc_attacks,71,187.418,70.211,257.3,187.680,14.637,69.074,0.08,Hit_A,0,0,-15.217,15.637,11,1.000,65.00,0.000,0.000,@CharacterBody3D@8866,2,-0.000,-0.983,walk,0.378,4.18,97,-1.403
1052,c07_orc_attacks,72,187.418,70.211,257.3,187.679,14.636,69.073,0.04,Hit_A,0,0,-15.250,15.670,11,1.000,65.00,0.000,0.000,@CharacterBody3D@8866,2,-0.000,-1.017,walk,0.438,4.26,97,-1.437
1053,c07_orc_attacks,73,187.418,70.211,257.3,187.679,14.635,69.073,0.03,Hit_A,0,0,-15.283,15.703,11,1.000,65.00,0.000,0.000,@CharacterBody3D@8866,2,-0.000,-1.050,walk,0.492,4.33,97,-1.470
1054,c07_orc_attacks,74,187.418,70.211,257.3,187.679,14.634,69.073,0.02,Hit_A,0,0,-15.317,15.737,11,1.000,65.00,0.000,0.000,@CharacterBody3D@8866,2,-0.000,-1.083,walk,0.543,4.39,97,-1.503
1055,c07_orc_attacks,75,187.418,70.211,257.3,187.679,14.635,69.072,0.02,Hit_A,0,0,-15.350,15.770,11,1.000,65.00,0.000,0.000,@CharacterBody3D@8866,2,-0.000,-1.117,walk,0.590,4.45,97,-1.537
1056,c07_orc_attacks,76,187.418,70.211,257.3,187.679,14.636,69.071,0.05,Hit_A,0,0,-15.383,15.803,11,1.000,65.00,0.000,0.000,@CharacterBody3D@8866,2,-0.000,-1.150,walk,0.634,4.50,97,-1.570
1057,c07_orc_attacks,77,187.418,70.211,257.3,187.681,14.638,69.071,0.08,Hit_A,0,0,-15.417,15.837,11,1.000,65.00,0.000,0.000,@CharacterBody3D@8866,2,-0.000,-1.183,walk,0.676,4.55,97,-1.603
1058,c07_orc_attacks,78,187.418,70.211,257.3,187.682,14.641,69.070,0.09,Hit_A,0,0,-15.450,15.870,11,1.000,65.00,0.000,0.000,@CharacterBody3D@8866,2,-0.000,-1.217,walk,0.717,4.60,97,-1.637
1059,c07_orc_attacks,79,187.418,70.211,257.3,187.683,14.644,69.069,0.12,Hit_A,0,0,-15.483,15.903,11,1.000,65.00,0.000,0.000,@CharacterBody3D@8866,2,-0.000,-1.250,walk,0.756,4.64,97,-1.670
1060,c07_orc_attacks,80,187.418,70.211,257.3,187.684,14.649,69.068,0.14,Hit_A,0,0,-15.517,15.937,11,1.000,65.00,0.000,0.000,@CharacterBody3D@8866,2,-0.000,-1.283,walk,0.794,4.68,97,-1.703
1061,c07_orc_attacks,81,187.418,70.211,257.3,187.686,14.654,69.067,0.15,Hit_A,0,0,-15.550,15.970,11,1.000,65.00,0.000,0.000,@CharacterBody3D@8866,2,-0.000,-1.317,walk,0.831,4.72,97,-1.737
1062,c07_orc_attacks,82,187.418,70.211,257.3,187.688,14.658,69.067,0.15,Hit_A,0,0,-15.583,16.003,11,1.000,65.00,0.000,0.000,@CharacterBody3D@8866,2,-0.000,-1.350,walk,0.868,4.76,97,-1.770
1063,c07_orc_attacks,83,187.418,70.211,257.3,187.690,14.663,69.066,0.15,Hit_A,0,0,-15.617,16.037,11,1.000,65.00,0.000,0.000,@CharacterBody3D@8866,2,-0.000,-1.383,walk,0.903,4.79,97,-1.803
1064,c07_orc_attacks,84,187.418,70.211,257.3,187.692,14.667,69.065,0.15,Hit_A,0,0,-15.650,16.070,11,1.000,65.00,0.000,0.000,@CharacterBody3D@8866,2,-0.000,-1.417,walk,0.939,4.83,97,-1.837
1065,c07_orc_attacks,85,187.418,70.211,257.3,187.693,14.672,69.065,0.15,Hit_A,0,0,-15.683,16.103,11,1.000,65.00,0.000,0.000,@CharacterBody3D@8866,2,-0.000,-1.450,walk,0.973,4.86,97,-1.870
1066,c07_orc_attacks,86,187.418,70.211,257.3,187.695,14.677,69.064,0.16,Hit_A,0,0,-15.717,16.137,11,1.000,65.00,0.000,0.000,@CharacterBody3D@8866,2,-0.000,-1.483,walk,1.008,4.89,97,-1.903
1067,c07_orc_attacks,87,187.418,70.211,257.3,187.697,14.682,69.064,0.15,Hit_A,0,0,-15.750,16.170,11,1.000,65.00,0.000,0.000,@CharacterBody3D@8866,2,-0.000,-1.517,walk,1.042,4.93,97,-1.937
1068,c07_orc_attacks,88,187.418,70.211,257.3,187.698,14.686,69.063,0.13,Hit_A,0,0,-15.783,16.203,11,1.000,65.00,0.000,0.000,@CharacterBody3D@8866,2,-0.000,-1.550,walk,0.010,4.96,97,-1.970
1069,c07_orc_attacks,89,187.418,70.211,257.3,187.699,14.689,69.063,0.11,Hit_A,0,0,-15.817,16.237,11,1.000,65.00,0.000,0.000,@CharacterBody3D@8866,2,-0.000,-1.583,walk,0.044,4.99,97,-2.003
1070,c07_orc_attacks,90,187.418,70.211,257.3,187.700,14.691,69.064,0.07,Hit_A,0,0,-15.850,16.270,11,1.000,65.00,0.000,0.000,@CharacterBody3D@8866,2,-0.000,-1.617,walk,0.077,5.02,97,-2.037
1071,c07_orc_attacks,91,187.418,70.211,257.3,187.701,14.693,69.064,0.05,Hit_A,0,0,-15.883,16.303,11,1.000,65.00,0.000,0.000,@CharacterBody3D@8866,2,-0.000,-1.650,walk,0.111,4.94,97,-2.070
1072,c07_orc_attacks,92,187.418,70.211,257.3,187.702,14.694,69.064,0.05,Hit_A,0,0,-15.917,16.337,11,1.000,65.00,0.000,0.000,@CharacterBody3D@8866,2,-0.000,-1.683,walk,0.152,4.86,97,-2.103
1073,c07_orc_attacks,93,187.418,70.211,257.3,187.703,14.696,69.064,0.05,Hit_A,0,0,-15.950,16.370,11,1.000,65.00,0.000,0.000,@CharacterBody3D@8866,2,-0.000,-1.717,walk,0.200,4.77,97,-2.137
1074,c07_orc_attacks,94,187.418,70.211,257.3,187.703,14.696,69.065,0.01,Hit_A,0,0,-15.983,16.403,11,1.000,65.00,0.000,0.000,@CharacterBody3D@8866,2,-0.000,-1.750,walk,0.253,4.67,97,-2.170
1075,c07_orc_attacks,95,187.418,70.211,257.3,187.702,14.694,69.065,0.06,Hit_A,0,0,-16.017,16.437,11,1.000,65.00,0.000,0.000,@CharacterBody3D@8866,2,-0.000,-1.783,run,0.000,4.57,97,-2.203
1076,c07_orc_attacks,96,187.418,70.211,257.3,187.700,14.692,69.065,0.10,Hit_A,0,0,-16.050,16.470,11,1.000,65.00,0.000,0.000,@CharacterBody3D@8866,2,-0.000,-1.817,run,0.000,4.46,97,-2.237
1077,c07_orc_attacks,97,187.418,70.211,257.3,187.698,14.688,69.066,0.12,Hit_A,0,0,-16.083,16.503,11,1.000,65.00,0.000,0.000,@CharacterBody3D@8866,2,-0.000,-1.850,run,0.021,4.35,97,-2.270
1078,c07_orc_attacks,98,187.418,70.211,257.3,187.697,14.684,69.067,0.13,Hit_A,0,0,-16.117,16.537,11,1.000,65.00,0.000,0.000,@CharacterBody3D@8866,2,-0.000,-1.883,run,0.042,4.23,97,-2.303
1079,c07_orc_attacks,99,187.418,70.211,257.3,187.695,14.680,69.068,0.14,Hit_A,0,0,-16.150,16.570,11,1.000,65.00,0.000,0.000,@CharacterBody3D@8866,2,-0.000,-1.917,run,0.064,4.12,97,-2.337
1080,c07_orc_attacks,100,187.418,70.211,257.3,187.693,14.675,69.068,0.15,Hit_A,0,0,-16.183,16.603,11,1.000,65.00,0.000,0.000,@CharacterBody3D@8866,2,-0.000,-1.950,run,0.086,4.00,97,-2.370
1081,c07_orc_attacks,101,187.418,70.211,257.3,187.691,14.670,69.069,0.16,Hit_A,0,0,-16.217,16.637,11,1.000,65.00,0.000,0.000,@CharacterBody3D@8866,2,-0.000,-1.983,run,0.109,3.88,97,-2.403
1082,c07_orc_attacks,102,187.418,70.211,257.3,187.689,14.665,69.070,0.16,Hit_A,0,0,-16.250,16.670,11,1.000,65.00,0.000,0.000,@CharacterBody3D@8866,2,-0.000,-2.017,run,0.132,3.76,97,-2.437
1083,c07_orc_attacks,103,187.418,70.211,257.3,187.687,14.660,69.070,0.17,Hit_A,0,0,-16.283,16.703,11,1.000,65.00,0.000,0.000,@CharacterBody3D@8866,2,-0.000,-2.050,run,0.155,3.63,97,-2.470
1084,c07_orc_attacks,104,187.418,70.211,257.3,187.685,14.655,69.071,0.17,Hit_A,0,0,-16.317,16.737,11,1.000,65.00,0.000,0.000,@CharacterBody3D@8866,2,-0.000,-2.083,run,0.179,3.51,97,-2.503
1085,c07_orc_attacks,105,187.418,70.211,257.3,187.684,14.650,69.072,0.16,Hit_A,0,0,-16.350,16.770,11,1.000,65.00,0.000,0.000,@CharacterBody3D@8866,2,-0.000,-2.117,run,0.202,3.39,97,-2.537
1086,c07_orc_attacks,106,187.418,70.211,257.3,187.682,14.645,69.072,0.15,Hit_A,0,0,-16.383,16.803,11,1.000,65.00,0.000,0.000,@CharacterBody3D@8866,2,-0.000,-2.150,run,0.226,3.26,97,-2.570
1087,c07_orc_attacks,107,187.418,70.211,257.3,187.681,14.641,69.073,0.13,Hit_A,0,0,-16.417,16.837,11,1.000,65.00,0.000,0.000,@CharacterBody3D@8866,2,-0.000,-2.183,run,0.250,3.14,97,-2.603
1088,c07_orc_attacks,108,187.418,70.211,257.3,187.680,14.638,69.073,0.11,Hit_A,0,0,-16.450,16.870,11,1.000,65.00,0.000,0.000,@CharacterBody3D@8866,2,-0.000,-2.217,run,0.274,3.01,97,-2.637
1089,c07_orc_attacks,109,187.418,70.211,257.3,187.679,14.635,69.074,0.07,Hit_A,0,0,-16.483,16.903,11,1.000,65.00,0.000,0.000,@CharacterBody3D@8866,2,-0.000,-2.250,run,0.298,2.88,97,-2.670
1090,c07_orc_attacks,110,187.418,70.211,257.3,187.678,14.634,69.074,0.04,Hit_A,0,0,-16.517,16.937,11,1.000,65.00,0.000,0.000,@CharacterBody3D@8866,2,-0.000,-2.283,run,0.322,2.75,97,-2.703
1091,c07_orc_attacks,111,187.418,70.211,257.3,187.679,14.634,69.074,0.02,Hit_A,0,0,-16.550,16.970,11,1.000,65.00,0.000,0.000,@CharacterBody3D@8866,2,-0.000,-2.317,run,0.346,2.63,97,-2.737
1092,c07_orc_attacks,112,187.418,70.211,257.3,187.679,14.633,69.075,0.02,Hit_A,0,0,-16.583,17.003,11,1.000,65.00,0.000,0.000,@CharacterBody3D@8866,2,-0.000,-2.350,run,0.371,2.50,97,-2.770
1093,c07_orc_attacks,113,187.418,70.211,257.3,187.679,14.633,69.075,0.02,Hit_A,0,0,-16.617,17.037,11,1.000,65.00,0.000,0.000,@CharacterBody3D@8866,2,-0.000,-2.383,run,0.395,2.37,97,-2.803
1094,c07_orc_attacks,114,187.418,70.211,257.3,187.680,14.635,69.075,0.06,Hit_A,0,0,-16.650,17.070,11,1.000,65.00,0.000,0.000,@CharacterBody3D@8866,2,-0.000,-2.417,run,0.419,2.24,97,-2.837
1095,c07_orc_attacks,115,187.418,70.211,257.3,187.681,14.638,69.075,0.08,Hit_A,0,0,-16.683,17.103,11,1.000,65.00,0.000,0.000,@CharacterBody3D@8866,2,-0.000,-2.450,run,0.443,2.11,97,-2.870
1096,c07_orc_attacks,116,187.418,70.211,257.3,187.682,14.641,69.074,0.10,Hit_A,0,0,-16.717,17.137,11,1.000,65.00,0.000,0.000,@CharacterBody3D@8866,2,-0.000,-2.483,run,0.468,1.98,97,-2.903
1097,c07_orc_attacks,117,187.418,70.211,257.3,187.683,14.645,69.074,0.13,Hit_A,0,0,-16.750,17.170,11,1.000,65.00,0.000,0.000,@CharacterBody3D@8866,2,0.833,1.433,attack,0.000,1.87,97,-2.937
1098,c07_orc_attacks,118,187.418,70.211,257.3,187.685,14.649,69.073,0.14,Hit_A,0,0,-16.783,17.203,11,1.000,65.00,0.000,0.000,@CharacterBody3D@8866,2,0.800,1.400,attack,0.000,1.78,97,-2.970
1099,c07_orc_attacks,119,187.418,70.211,257.3,187.686,14.654,69.073,0.15,Hit_A,0,0,-16.817,17.237,11,1.000,65.00,0.000,0.000,@CharacterBody3D@8866,2,0.767,1.367,attack,0.044,1.71,97,-3.003
1100,c07_orc_attacks,120,187.418,70.211,257.3,187.688,14.659,69.073,0.15,Hit_A,0,0,-16.850,17.270,11,1.000,65.00,0.000,0.000,@CharacterBody3D@8866,2,0.733,1.333,attack,0.087,1.65,97,-3.037
1101,c07_orc_attacks,121,187.418,70.211,257.3,187.690,14.663,69.073,0.15,Hit_A,0,0,-16.883,17.303,11,1.000,65.00,0.000,0.000,@CharacterBody3D@8866,2,0.700,1.300,attack,0.131,1.60,97,-3.070
1102,c07_orc_attacks,122,187.418,70.211,257.3,187.692,14.668,69.072,0.16,Hit_A,0,0,-16.917,17.337,11,1.000,65.00,0.000,0.000,@CharacterBody3D@8866,2,0.667,1.267,attack,0.174,1.56,97,-3.103
1103,c07_orc_attacks,123,187.418,70.211,257.3,187.693,14.674,69.072,0.17,Hit_A,0,0,-16.950,17.370,11,1.000,65.00,0.000,0.000,@CharacterBody3D@8866,2,0.633,1.233,attack,0.218,1.53,97,-3.137
1104,c07_orc_attacks,124,187.418,70.211,257.3,187.695,14.679,69.072,0.16,Hit_A,0,0,-16.983,17.403,11,1.000,65.00,0.000,0.000,@CharacterBody3D@8866,2,0.600,1.200,attack,0.261,1.51,97,-3.170
1105,c07_orc_attacks,125,187.418,70.211,257.3,187.696,14.683,69.072,0.15,Hit_A,0,0,-17.017,17.437,11,1.000,65.00,0.000,0.000,@CharacterBody3D@8866,2,0.567,1.167,attack,0.305,1.48,97,-3.203
1106,c07_orc_attacks,126,187.418,70.211,257.3,187.697,14.687,69.071,0.13,Hit_A,0,0,-17.050,17.470,11,1.000,65.00,0.000,0.000,@CharacterBody3D@8866,2,0.533,1.133,attack,0.348,1.47,97,-3.237
1107,c07_orc_attacks,127,187.418,70.211,257.3,187.699,14.691,69.071,0.11,Hit_A,0,0,-17.083,17.503,11,1.000,65.00,0.000,0.000,@CharacterBody3D@8866,2,0.500,1.100,attack,0.392,1.45,97,-3.270
1108,c07_orc_attacks,128,187.418,70.211,257.3,187.699,14.692,69.071,0.04,Hit_A,0,0,-17.117,17.537,11,1.000,65.00,0.000,0.000,@CharacterBody3D@8866,2,0.467,1.067,attack,0.435,1.44,97,-3.303
1109,c07_orc_attacks,129,187.418,70.211,257.3,187.699,14.693,69.072,0.04,Hit_A,0,0,-17.150,17.570,11,1.000,65.00,0.000,0.000,@CharacterBody3D@8866,2,0.433,1.033,attack,0.479,1.43,97,-3.337
1110,c07_orc_attacks,130,187.418,70.211,257.3,187.700,14.694,69.072,0.03,Hit_A,0,0,-17.183,17.603,11,1.000,65.00,0.000,0.000,@CharacterBody3D@8866,2,0.400,1.000,attack,0.522,1.42,97,-3.370
1111,gap,1,187.418,70.211,257.3,187.701,14.694,69.072,0.03,Hit_A,0,0,-17.217,17.637,11,1.000,65.00,0.000,0.000,,,0.000,0.000,,0.000,-1.00,97,-3.403
1112,gap,2,187.418,70.211,257.3,187.701,14.693,69.072,0.04,Hit_A,0,0,-17.250,17.670,11,1.000,65.00,0.000,0.000,,,0.000,0.000,,0.000,-1.00,97,-3.437
1113,gap,3,187.418,70.211,257.3,187.700,14.691,69.073,0.08,Hit_A,0,0,-17.283,17.703,11,1.000,65.00,0.000,0.000,,,0.000,0.000,,0.000,-1.00,97,-3.470
1114,gap,4,187.425,69.799,180.0,188.596,15.005,69.822,36.31,Hit_A,0,0,-17.317,17.737,11,1.000,65.00,0.000,0.000,,,0.000,0.000,,0.000,-1.00,97,-3.503
1115,gap,5,187.425,69.799,180.0,188.596,14.704,69.821,9.01,Hit_A,0,0,-17.350,17.770,11,1.000,65.00,0.000,0.000,,,0.000,0.000,,0.000,-1.00,97,-3.537
1116,gap,6,187.425,69.799,180.0,188.595,14.700,69.819,0.13,Hit_A,0,0,-17.383,17.803,11,1.000,65.00,0.000,0.000,,,0.000,0.000,,0.000,-1.00,97,-3.570
1117,gap,7,187.425,69.799,180.0,188.595,14.696,69.818,0.14,Hit_A,0,0,-17.417,17.837,11,1.000,65.00,0.000,0.000,,,0.000,0.000,,0.000,-1.00,97,-3.603
1118,gap,8,187.425,69.799,180.0,188.594,14.691,69.816,0.15,Hit_A,0,0,-17.450,17.870,11,1.000,65.00,0.000,0.000,,,0.000,0.000,,0.000,-1.00,97,-3.637
1119,gap,9,187.425,69.799,180.0,188.593,14.686,69.814,0.15,Hit_A,0,0,-17.483,17.903,11,1.000,65.00,0.000,0.000,,,0.000,0.000,,0.000,-1.00,97,-3.670
1120,gap,10,187.425,69.799,180.0,188.593,14.682,69.813,0.15,Hit_A,0,0,-17.517,17.937,11,1.000,65.00,0.000,0.000,,,0.000,0.000,,0.000,-1.00,97,-3.703
1121,gap,11,187.425,69.799,180.0,188.592,14.677,69.811,0.16,Hit_A,0,0,-17.550,17.970,11,1.000,65.00,0.000,0.000,,,0.000,0.000,,0.000,-1.00,97,-3.737
1122,gap,12,187.425,69.799,180.0,188.592,14.672,69.809,0.16,Hit_A,0,0,-17.583,18.003,11,1.000,65.00,0.000,0.000,,,0.000,0.000,,0.000,-1.00,97,-3.770
1123,gap,13,187.425,69.799,180.0,188.592,14.667,69.808,0.15,Hit_A,0,0,-17.617,18.037,11,1.000,65.00,0.000,0.000,,,0.000,0.000,,0.000,-1.00,97,-3.803
1124,gap,14,187.425,69.799,180.0,188.591,14.663,69.806,0.12,Hit_A,0,0,-17.650,18.070,11,1.000,65.00,0.000,0.000,,,0.000,0.000,,0.000,-1.00,97,-3.837
1125,gap,15,187.425,69.799,180.0,188.591,14.660,69.805,0.11,Hit_A,0,0,-17.683,18.103,11,1.000,65.00,0.000,0.000,,,0.000,0.000,,0.000,-1.00,97,-3.870
1126,gap,16,187.425,69.799,180.0,188.591,14.657,69.805,0.08,Hit_A,0,0,-17.717,18.137,11,1.000,65.00,0.000,0.000,,,0.000,0.000,,0.000,-1.00,97,-3.903
1127,gap,17,187.425,69.799,180.0,188.592,14.656,69.804,0.04,Hit_A,0,0,-17.750,18.170,11,1.000,65.00,0.000,0.000,,,0.000,0.000,,0.000,-1.00,97,-3.937
1128,gap,18,187.425,69.799,180.0,188.592,14.656,69.804,0.03,Hit_A,0,0,-17.783,18.203,11,1.000,65.00,0.000,0.000,,,0.000,0.000,,0.000,-1.00,97,-3.970
1129,gap,19,187.425,69.799,180.0,188.593,14.655,69.804,0.02,Hit_A,0,0,-17.817,18.237,11,1.000,65.00,0.000,0.000,,,0.000,0.000,,0.000,-1.00,97,-4.003
1130,gap,20,187.425,69.799,180.0,188.593,14.655,69.804,0.02,Hit_A,0,0,-17.850,18.270,11,1.000,65.00,0.000,0.000,,,0.000,0.000,,0.000,-1.00,97,-4.037
1131,gap,21,187.425,69.799,180.0,188.594,14.657,69.804,0.05,Hit_A,0,0,-17.883,18.303,11,1.000,65.00,0.000,0.000,,,0.000,0.000,,0.000,-1.00,97,-4.070
1132,gap,22,187.425,69.799,180.0,188.595,14.659,69.805,0.08,Hit_A,0,0,-17.917,18.337,11,1.000,65.00,0.000,0.000,,,0.000,0.000,,0.000,-1.00,97,-4.103
1133,gap,23,187.425,69.799,180.0,188.596,14.661,69.806,0.09,Hit_A,0,0,-17.950,18.370,11,1.000,65.00,0.000,0.000,,,0.000,0.000,,0.000,-1.00,97,-4.137
1134,gap,24,187.425,69.799,180.0,188.597,14.665,69.807,0.12,Hit_A,0,0,-17.983,18.403,11,1.000,65.00,0.000,0.000,@CharacterBody3D@8873,2,0.000,0.000,,0.000,3.21,120,-4.170
1135,gap,25,187.425,69.799,180.0,188.598,14.670,69.808,0.14,Hit_A,0,0,-18.017,18.437,11,1.000,65.00,0.000,0.000,@CharacterBody3D@8873,2,0.000,-0.033,walk,0.000,3.19,120,-4.203
1136,gap,26,187.425,69.799,180.0,188.599,14.674,69.809,0.15,Hit_A,0,0,-18.050,18.470,11,1.000,65.00,0.000,0.000,@CharacterBody3D@8873,2,0.000,-0.067,walk,0.000,3.16,120,-4.237
1137,gap,27,187.425,69.799,180.0,188.600,14.679,69.811,0.15,Hit_A,0,0,-18.083,18.503,11,1.000,65.00,0.000,0.000,@CharacterBody3D@8873,2,0.000,-0.100,walk,0.020,3.12,120,-4.270
1138,gap,28,187.425,69.799,180.0,188.602,14.684,69.812,0.15,Hit_A,0,0,-18.117,18.537,11,1.000,65.00,0.000,0.000,@CharacterBody3D@8873,2,0.000,-0.133,walk,0.040,3.06,120,-4.303
1139,gap,29,187.425,69.799,180.0,188.603,14.688,69.814,0.15,Hit_A,0,0,-18.150,18.570,11,1.000,65.00,0.000,0.000,@CharacterBody3D@8873,2,0.000,-0.167,walk,0.062,3.00,120,-4.337
1140,gap,30,187.425,69.799,180.0,188.604,14.693,69.816,0.15,Hit_A,0,0,-18.183,18.603,11,1.000,65.00,0.000,0.000,@CharacterBody3D@8873,2,0.000,-0.200,walk,0.087,2.93,120,-4.370
1141,gap,31,187.425,69.799,180.0,188.604,14.698,69.817,0.16,Hit_A,0,0,-18.217,18.637,11,1.000,65.00,0.000,0.000,@CharacterBody3D@8873,2,0.000,-0.233,walk,0.115,2.85,120,-4.403
1142,gap,32,187.425,69.799,180.0,188.605,14.702,69.819,0.15,Hit_A,0,0,-18.250,18.670,11,1.000,65.00,0.000,0.000,@CharacterBody3D@8873,2,0.000,-0.267,walk,0.145,2.77,120,-4.437
1143,gap,33,187.425,69.799,180.0,188.606,14.706,69.820,0.13,Hit_A,0,0,-18.283,18.703,11,1.000,65.00,0.000,0.000,@CharacterBody3D@8873,2,0.000,-0.300,walk,0.177,2.69,120,-4.470
1144,c08_troll_attacks,1,187.425,69.799,257.3,187.705,14.710,68.651,44.26,Hit_A,0,0,-18.317,18.737,11,1.000,65.00,0.000,0.000,@CharacterBody3D@8873,2,0.000,-0.333,walk,0.210,2.60,120,-4.503
1145,c08_troll_attacks,2,187.425,69.799,257.3,187.706,14.712,68.652,0.07,Hit_A,0,0,-18.350,18.770,11,1.000,65.00,0.000,0.000,@CharacterBody3D@8873,2,1.100,1.900,attack,0.000,2.52,120,-4.537
1146,c08_troll_attacks,3,187.425,69.799,257.3,187.707,14.713,68.652,0.05,Hit_A,0,0,-18.383,18.803,11,1.000,65.00,0.000,0.000,@CharacterBody3D@8873,2,1.067,1.867,attack,0.000,2.45,120,-4.570
1147,c08_troll_attacks,4,187.425,69.799,257.3,187.708,14.715,68.652,0.05,Hit_A,0,0,-18.417,18.837,11,1.000,65.00,0.000,0.000,@CharacterBody3D@8873,2,1.033,1.833,attack,0.048,2.40,120,-4.603
1148,c08_troll_attacks,5,187.425,69.799,257.3,187.709,14.716,68.652,0.05,Hit_A,0,0,-18.450,18.870,11,1.000,65.00,0.000,0.000,@CharacterBody3D@8873,2,1.000,1.800,attack,0.095,2.35,120,-4.637
1149,c08_troll_attacks,6,187.425,69.799,257.3,187.709,14.716,68.653,0.01,Hit_A,0,0,-18.483,18.903,11,1.000,65.00,0.000,0.000,@CharacterBody3D@8873,2,0.967,1.767,attack,0.143,2.31,120,-4.670
1150,c08_troll_attacks,7,187.425,69.799,257.3,187.708,14.715,68.653,0.06,Hit_A,0,0,-18.517,18.937,11,1.000,65.00,0.000,0.000,@CharacterBody3D@8873,2,0.933,1.733,attack,0.190,2.28,120,-4.703
1151,c08_troll_attacks,8,187.425,69.799,257.3,187.706,14.712,68.654,0.10,Hit_A,0,0,-18.550,18.970,11,1.000,65.00,0.000,0.000,@CharacterBody3D@8873,2,0.900,1.700,attack,0.238,2.25,120,-4.737
1152,c08_troll_attacks,9,187.425,69.799,257.3,187.704,14.709,68.654,0.12,Hit_A,0,0,-18.583,19.003,11,1.000,65.00,0.000,0.000,@CharacterBody3D@8873,2,0.867,1.667,attack,0.285,2.23,120,-4.770
1153,c08_troll_attacks,10,187.425,69.799,257.3,187.703,14.705,68.655,0.13,Hit_A,0,0,-18.617,19.037,11,1.000,65.00,0.000,0.000,@CharacterBody3D@8873,2,0.833,1.633,attack,0.333,2.21,120,-4.803
1154,c08_troll_attacks,11,187.425,69.799,257.3,187.701,14.700,68.656,0.14,Hit_A,0,0,-18.650,19.070,11,1.000,65.00,0.000,0.000,@CharacterBody3D@8873,2,0.800,1.600,attack,0.381,2.19,120,-4.837
1155,c08_troll_attacks,12,187.425,69.799,257.3,187.699,14.696,68.656,0.15,Hit_A,0,0,-18.683,19.103,11,1.000,65.00,0.000,0.000,@CharacterBody3D@8873,2,0.767,1.567,attack,0.428,2.18,120,-4.870
1156,c08_troll_attacks,13,187.425,69.799,257.3,187.697,14.691,68.657,0.16,Hit_A,0,0,-18.717,19.137,11,1.000,65.00,0.000,0.000,@CharacterBody3D@8873,2,0.733,1.533,attack,0.476,2.17,120,-4.903
1157,c08_troll_attacks,14,187.425,69.799,257.3,187.695,14.686,68.658,0.16,Hit_A,0,0,-18.750,19.170,11,1.000,65.00,0.000,0.000,@CharacterBody3D@8873,2,0.700,1.500,attack,0.523,2.15,120,-4.937
1158,c08_troll_attacks,15,187.425,69.799,257.3,187.693,14.681,68.658,0.17,Hit_A,0,0,-18.783,19.203,11,1.000,65.00,0.000,0.000,@CharacterBody3D@8873,2,0.667,1.467,attack,0.571,2.14,120,-4.970
1159,c08_troll_attacks,16,187.425,69.799,257.3,187.691,14.676,68.659,0.17,Hit_A,0,0,-18.817,19.237,11,1.000,65.00,0.000,0.000,@CharacterBody3D@8873,2,0.633,1.433,attack,0.618,2.14,120,-5.003
1160,c08_troll_attacks,17,187.425,69.799,257.3,187.690,14.670,68.660,0.16,Hit_A,0,0,-18.850,19.270,11,1.000,65.00,0.000,0.000,@CharacterBody3D@8873,2,0.600,1.400,attack,0.666,2.13,120,-5.037
1161,c08_troll_attacks,18,187.425,69.799,257.3,187.688,14.666,68.660,0.15,Hit_A,0,0,-18.883,19.303,11,1.000,65.00,0.000,0.000,@CharacterBody3D@8873,2,0.567,1.367,attack,0.714,2.12,120,-5.070
1162,c08_troll_attacks,19,187.425,69.799,257.3,187.687,14.662,68.661,0.13,Hit_A,0,0,-18.917,19.337,11,1.000,65.00,0.000,0.000,@CharacterBody3D@8873,2,0.533,1.333,attack,0.761,2.11,120,-5.103
1163,c08_troll_attacks,20,187.425,69.799,257.3,187.686,14.658,68.662,0.11,Hit_A,0,0,-18.950,19.370,11,1.000,65.00,0.000,0.000,@CharacterBody3D@8873,2,0.500,1.300,attack,0.809,2.11,120,-5.137
1164,c08_troll_attacks,21,187.425,69.799,257.3,187.685,14.656,68.662,0.07,Hit_A,0,0,-18.983,19.403,11,1.000,65.00,0.000,0.000,@CharacterBody3D@8873,2,0.467,1.267,attack,0.856,2.11,120,-5.170
1165,c08_troll_attacks,22,187.425,69.799,257.3,187.685,14.655,68.662,0.04,Hit_A,0,0,-19.017,19.437,11,1.000,65.00,0.000,0.000,@CharacterBody3D@8873,2,0.433,1.233,attack,0.904,2.11,120,-5.203
1166,c08_troll_attacks,23,187.425,69.799,257.3,187.685,14.654,68.662,0.02,Hit_A,0,0,-19.050,19.470,11,1.000,65.00,0.000,0.000,@CharacterBody3D@8873,2,0.400,1.200,attack,0.952,2.11,120,-5.237
1167,c08_troll_attacks,24,187.425,69.799,257.3,187.685,14.654,68.663,0.02,Hit_A,0,0,-19.083,19.503,11,1.000,65.00,0.000,0.000,@CharacterBody3D@8873,2,0.367,1.167,attack,0.999,2.11,120,-5.270
1168,c08_troll_attacks,25,187.425,69.799,257.3,187.685,14.654,68.663,0.02,Hit_A,0,0,-19.117,19.537,11,1.000,65.00,0.000,0.000,@CharacterBody3D@8873,2,0.333,1.133,attack,1.047,2.11,120,-5.303
1169,c08_troll_attacks,26,187.425,69.799,257.3,187.686,14.656,68.663,0.06,Hit_A,0,0,-19.150,19.570,11,1.000,65.00,0.000,0.000,@CharacterBody3D@8873,2,0.300,1.100,attack,1.094,2.11,120,-5.337
1170,c08_troll_attacks,27,187.425,69.799,257.3,187.687,14.658,68.663,0.08,Hit_A,0,0,-19.183,19.603,11,1.000,65.00,0.000,0.000,@CharacterBody3D@8873,2,0.267,1.067,attack,1.142,2.11,120,-5.370
1171,c08_troll_attacks,28,187.425,69.799,257.3,187.688,14.661,68.662,0.10,Hit_A,0,0,-19.217,19.637,11,1.000,65.00,0.000,0.000,@CharacterBody3D@8873,2,0.233,1.033,attack,1.189,2.11,120,-5.403
1172,c08_troll_attacks,29,187.425,69.799,257.3,187.689,14.665,68.662,0.13,Hit_A,0,0,-19.250,19.670,11,1.000,65.00,0.000,0.000,@CharacterBody3D@8873,2,0.200,1.000,attack,1.237,2.11,120,-5.437
1173,c08_troll_attacks,30,187.425,69.799,257.3,187.691,14.670,68.662,0.14,Hit_A,0,0,-19.283,19.703,11,1.000,65.00,0.000,0.000,@CharacterBody3D@8873,2,0.167,0.967,attack,1.285,2.11,120,-5.470
1174,c08_troll_attacks,31,187.425,69.799,257.3,187.692,14.675,68.661,0.15,Hit_A,0,0,-19.317,19.737,11,1.000,65.00,0.000,0.000,@CharacterBody3D@8873,2,0.133,0.933,attack,1.332,2.11,120,-5.503
1175,c08_troll_attacks,32,187.425,69.799,257.3,187.694,14.679,68.661,0.15,Hit_A,0,0,-19.350,19.770,11,1.000,65.00,0.000,0.000,@CharacterBody3D@8873,2,0.100,0.900,attack,1.380,2.11,120,-5.537
1176,c08_troll_attacks,33,187.425,69.799,257.3,187.696,14.684,68.661,0.15,Hit_A,0,0,-19.383,19.803,11,1.000,65.00,0.000,0.000,@CharacterBody3D@8873,2,0.067,0.867,attack,1.427,2.11,120,-5.570
1177,c08_troll_attacks,34,187.425,69.799,257.3,187.698,14.689,68.660,0.16,Hit_A,0,0,-19.417,19.837,11,1.000,65.00,0.000,0.000,@CharacterBody3D@8873,2,0.033,0.833,attack,1.475,2.11,120,-5.603
1178,c08_troll_attacks,35,187.425,69.799,257.3,187.699,14.694,68.660,0.17,Hit_A,0,0,-19.450,19.870,11,1.000,65.00,0.000,0.000,@CharacterBody3D@8873,2,-0.000,0.800,attack,1.522,2.11,86,0.180
1179,c08_troll_attacks,36,187.425,69.997,257.3,187.701,14.689,68.858,5.93,Hit_A,1,0,-19.483,19.903,11,1.000,65.00,0.000,0.000,@CharacterBody3D@8873,2,-0.000,0.767,attack,1.556,2.31,86,0.147
1180,c08_troll_attacks,37,187.425,70.181,257.3,187.061,14.889,68.977,20.43,Hit_A,1,0,-19.517,19.937,11,1.000,65.00,0.000,0.000,@CharacterBody3D@8873,2,-0.000,0.733,attack,1.589,2.49,86,0.113
1181,c08_troll_attacks,38,187.425,70.353,257.3,186.972,14.941,69.196,7.25,Hit_A,1,0,-19.550,19.970,11,1.000,65.00,0.000,0.000,@CharacterBody3D@8873,2,-0.000,0.700,attack,1.622,2.66,86,0.080
1182,c08_troll_attacks,39,187.425,70.511,257.3,187.159,14.695,69.329,10.10,Hit_A,1,0,-19.583,20.003,11,1.000,65.00,0.000,0.000,@CharacterBody3D@8873,2,-0.000,0.667,attack,1.656,2.82,86,0.047
1183,c08_troll_attacks,40,187.425,70.655,257.3,187.322,14.500,69.493,9.08,Hit_A,1,0,-19.617,20.037,11,1.000,65.00,0.000,0.000,@CharacterBody3D@8873,2,-0.000,0.633,attack,1.689,2.97,86,0.013
1184,c08_troll_attacks,41,187.426,70.787,257.3,186.919,14.839,69.660,16.57,Hit_A,1,0,-19.650,20.070,11,1.000,65.00,0.000,0.000,@CharacterBody3D@8873,2,-0.000,0.600,attack,1.722,3.10,86,-0.020
1185,c08_troll_attacks,42,187.426,70.906,257.3,186.949,14.887,69.776,3.87,Hit_A,1,0,-19.683,20.103,11,1.000,65.00,0.000,0.000,@CharacterBody3D@8873,2,-0.000,0.567,attack,1.756,3.22,86,-0.053
1186,c08_troll_attacks,43,187.426,71.011,257.3,187.068,14.905,69.847,4.21,Hit_A,0,0,-19.717,20.137,11,1.000,65.00,0.000,0.000,@CharacterBody3D@8873,2,-0.000,0.533,attack,1.789,3.32,86,-0.087
1187,c08_troll_attacks,44,187.426,71.103,257.3,187.211,14.905,69.911,4.68,Hit_A,0,0,-19.750,20.170,11,1.000,65.00,0.000,0.000,@CharacterBody3D@8873,2,-0.000,0.500,attack,1.822,3.41,86,-0.120
1188,c08_troll_attacks,45,187.426,71.182,257.3,187.323,14.882,69.982,4.06,Hit_A,0,0,-19.783,20.203,11,1.000,65.00,0.000,0.000,@CharacterBody3D@8873,2,-0.000,0.467,attack,1.856,3.49,86,-0.153
1189,c08_troll_attacks,46,187.426,71.248,257.3,187.413,14.834,70.052,3.71,Hit_A,0,0,-19.817,20.237,11,1.000,65.00,0.000,0.000,@CharacterBody3D@8873,2,-0.000,0.433,,0.000,3.56,86,-0.187
1190,c08_troll_attacks,47,187.427,71.300,257.3,187.482,14.774,70.120,3.41,Hit_A,0,0,-19.850,20.270,11,1.000,65.00,0.000,0.000,@CharacterBody3D@8873,2,-0.000,0.400,,0.000,3.61,86,-0.220
1191,c08_troll_attacks,48,187.427,71.340,257.3,187.530,14.712,70.182,3.00,Hit_A,0,0,-19.883,20.303,11,1.000,65.00,0.000,0.000,@CharacterBody3D@8873,2,-0.000,0.367,,0.000,3.65,86,-0.253
1192,c08_troll_attacks,49,187.427,71.366,257.3,187.558,14.650,70.233,2.55,Hit_A,0,0,-19.917,20.337,11,1.000,65.00,0.000,0.000,@CharacterBody3D@8873,2,-0.000,0.333,,0.000,3.68,86,-0.287
1193,c08_troll_attacks,50,187.427,71.378,257.3,187.570,14.590,70.271,2.15,Hit_A,0,0,-19.950,20.370,11,1.000,65.00,0.000,0.000,@CharacterBody3D@8873,2,-0.000,0.300,,0.000,3.69,86,-0.320
1194,c08_troll_attacks,51,187.427,71.378,257.3,187.579,14.552,70.287,1.27,Hit_A,0,0,-19.983,20.403,11,1.000,65.00,0.000,0.000,@CharacterBody3D@8873,2,-0.000,0.267,,0.000,3.69,86,-0.353
1195,c08_troll_attacks,52,187.427,71.378,257.3,187.616,14.546,70.283,1.11,Hit_A,0,0,-20.017,20.437,11,1.000,65.00,0.000,0.000,@CharacterBody3D@8873,2,-0.000,0.233,,0.000,3.69,86,-0.387
1196,c08_troll_attacks,53,187.427,71.378,257.3,187.678,14.556,70.256,2.06,Hit_A,0,0,-20.050,20.470,11,1.000,65.00,0.000,0.000,@CharacterBody3D@8873,2,-0.000,0.200,,0.000,3.69,86,-0.420
1197,c08_troll_attacks,54,187.427,71.378,257.3,187.691,14.563,70.245,0.56,Hit_A,0,0,-20.083,20.503,11,1.000,65.00,0.000,0.000,@CharacterBody3D@8873,2,-0.000,0.167,,0.000,3.69,86,-0.453
1198,c08_troll_attacks,55,187.427,71.378,257.3,187.691,14.561,70.242,0.10,Hit_A,0,0,-20.117,20.537,11,1.000,65.00,0.000,0.000,@CharacterBody3D@8873,2,-0.000,0.133,,0.000,3.69,86,-0.487
1199,c08_troll_attacks,56,187.427,71.378,257.3,187.690,14.558,70.242,0.12,Hit_A,0,0,-20.150,20.570,11,1.000,65.00,0.000,0.000,@CharacterBody3D@8873,2,-0.000,0.100,,0.000,3.69,86,-0.520
1200,c08_troll_attacks,57,187.427,71.378,257.3,187.689,14.554,70.242,0.11,Hit_A,0,0,-20.183,20.603,11,1.000,65.00,0.000,0.000,@CharacterBody3D@8873,2,-0.000,0.067,,0.000,3.69,86,-0.553
1201,c08_troll_attacks,58,187.427,71.378,257.3,187.688,14.552,70.241,0.08,Hit_A,0,0,-20.217,20.637,11,1.000,65.00,0.000,0.000,@CharacterBody3D@8873,2,-0.000,0.033,,0.000,3.69,86,-0.587
1202,c08_troll_attacks,59,187.427,71.378,257.3,187.687,14.551,70.241,0.04,Hit_A,0,0,-20.250,20.670,11,1.000,65.00,0.000,0.000,@CharacterBody3D@8873,2,-0.000,0.000,,0.000,3.69,86,-0.620
1203,c08_troll_attacks,60,187.427,71.378,257.3,187.687,14.550,70.241,0.03,Hit_A,0,0,-20.283,20.703,11,1.000,65.00,0.000,0.000,@CharacterBody3D@8873,2,-0.000,-0.033,walk,0.000,3.70,86,-0.653
1204,c08_troll_attacks,61,187.427,71.378,257.3,187.687,14.550,70.240,0.02,Hit_A,0,0,-20.317,20.737,11,1.000,65.00,0.000,0.000,@CharacterBody3D@8873,2,-0.000,-0.067,walk,0.000,3.71,86,-0.687
1205,c08_troll_attacks,62,187.427,71.378,257.3,187.687,14.550,70.240,0.02,Hit_A,0,0,-20.350,20.770,11,1.000,65.00,0.000,0.000,@CharacterBody3D@8873,2,-0.000,-0.100,walk,0.020,3.74,86,-0.720
1206,c08_troll_attacks,63,187.427,71.378,257.3,187.688,14.551,70.239,0.05,Hit_A,0,0,-20.383,20.803,11,1.000,65.00,0.000,0.000,@CharacterBody3D@8873,2,-0.000,-0.133,walk,0.040,3.77,86,-0.753
1207,c08_troll_attacks,64,187.427,71.378,257.3,187.689,14.553,70.238,0.08,Hit_A,0,0,-20.417,20.837,11,1.000,65.00,0.000,0.000,@CharacterBody3D@8873,2,-0.000,-0.167,walk,0.060,3.81,86,-0.787
1208,c08_troll_attacks,65,187.427,71.378,257.3,187.690,14.556,70.237,0.09,Hit_A,0,0,-20.450,20.870,11,1.000,65.00,0.000,0.000,@CharacterBody3D@8873,2,-0.000,-0.200,walk,0.080,3.85,86,-0.820
1209,c08_troll_attacks,66,187.427,71.378,257.3,187.691,14.559,70.236,0.12,Hit_A,0,0,-20.483,20.903,11,1.000,65.00,0.000,0.000,@CharacterBody3D@8873,2,-0.000,-0.233,walk,0.103,3.90,86,-0.853
1210,c08_troll_attacks,67,187.427,71.378,257.3,187.693,14.564,70.236,0.14,Hit_A,0,0,-20.517,20.937,11,1.000,65.00,0.000,0.000,@CharacterBody3D@8873,2,-0.000,-0.267,walk,0.127,3.95,86,-0.887
1211,c08_troll_attacks,68,187.427,71.378,257.3,187.694,14.569,70.235,0.15,Hit_A,0,0,-20.550,20.970,11,1.000,65.00,0.000,0.000,@CharacterBody3D@8873,2,-0.000,-0.300,walk,0.152,4.00,86,-0.920
1212,c08_troll_attacks,69,187.427,71.378,257.3,187.696,14.573,70.234,0.15,Hit_A,0,0,-20.583,21.003,11,1.000,65.00,0.000,0.000,@CharacterBody3D@8873,2,-0.000,-0.333,walk,0.178,4.06,86,-0.953
1213,c08_troll_attacks,70,187.427,71.378,257.3,187.698,14.578,70.233,0.15,Hit_A,0,0,-20.617,21.037,11,1.000,65.00,0.000,0.000,@CharacterBody3D@8873,2,-0.000,-0.367,walk,0.206,4.11,86,-0.987
1214,c08_troll_attacks,71,187.427,71.378,257.3,187.700,14.583,70.233,0.15,Hit_A,0,0,-20.650,21.070,11,1.000,65.00,0.000,0.000,@CharacterBody3D@8873,2,-0.000,-0.400,walk,0.234,4.17,86,-1.020
1215,c08_troll_attacks,72,187.427,71.378,257.3,187.702,14.587,70.232,0.15,Hit_A,0,0,-20.683,21.103,11,1.000,65.00,0.000,0.000,@CharacterBody3D@8873,2,-0.000,-0.433,walk,0.262,4.22,86,-1.053
1216,c08_troll_attacks,73,187.427,71.378,257.3,187.703,14.592,70.232,0.16,Hit_A,0,0,-20.717,21.137,11,1.000,65.00,0.000,0.000,@CharacterBody3D@8873,2,-0.000,-0.467,walk,0.291,4.28,86,-1.087
1217,c08_troll_attacks,74,187.427,71.378,257.3,187.705,14.597,70.231,0.15,Hit_A,0,0,-20.750,21.170,11,1.000,65.00,0.000,0.000,@CharacterBody3D@8873,2,-0.000,-0.500,walk,0.321,4.34,86,-1.120
1218,c08_troll_attacks,75,187.427,71.378,257.3,187.706,14.601,70.231,0.13,Hit_A,0,0,-20.783,21.203,11,1.000,65.00,0.000,0.000,@CharacterBody3D@8873,2,-0.000,-0.533,walk,0.351,4.40,86,-1.153
1219,c08_troll_attacks,76,187.427,71.378,257.3,187.708,14.604,70.231,0.11,Hit_A,0,0,-20.817,21.237,11,1.000,65.00,0.000,0.000,@CharacterBody3D@8873,2,-0.000,-0.567,walk,0.381,4.46,86,-1.187
1220,c08_troll_attacks,77,187.427,71.378,257.3,187.709,14.606,70.231,0.07,Hit_A,0,0,-20.850,21.270,11,1.000,65.00,0.000,0.000,@CharacterBody3D@8873,2,-0.000,-0.600,walk,0.411,4.52,86,-1.220
1221,c08_troll_attacks,78,187.427,71.378,257.3,187.709,14.608,70.231,0.05,Hit_A,0,0,-20.883,21.303,11,1.000,65.00,0.000,0.000,@CharacterBody3D@8873,2,-0.000,-0.633,walk,0.441,4.58,86,-1.253
1222,c08_troll_attacks,79,187.427,71.378,257.3,187.710,14.609,70.232,0.05,Hit_A,0,0,-20.917,21.337,11,1.000,65.00,0.000,0.000,@CharacterBody3D@8873,2,-0.000,-0.667,walk,0.472,4.64,86,-1.287
1223,c08_troll_attacks,80,187.427,71.378,257.3,187.711,14.611,70.232,0.05,Hit_A,0,0,-20.950,21.370,11,1.000,65.00,0.000,0.000,@CharacterBody3D@8873,2,-0.000,-0.700,walk,0.503,4.70,86,-1.320
1224,c08_troll_attacks,81,187.427,71.378,257.3,187.711,14.611,70.232,0.01,Hit_A,0,0,-20.983,21.403,11,1.000,65.00,0.000,0.000,@CharacterBody3D@8873,2,-0.000,-0.733,walk,0.533,4.76,86,-1.353
1225,c08_troll_attacks,82,187.427,71.378,257.3,187.710,14.609,70.233,0.06,Hit_A,0,0,-21.017,21.437,11,1.000,65.00,0.000,0.000,@CharacterBody3D@8873,2,-0.000,-0.767,walk,0.564,4.82,86,-1.387
1226,c08_troll_attacks,83,187.427,71.378,257.3,187.708,14.607,70.233,0.10,Hit_A,0,0,-21.050,21.470,11,1.000,65.00,0.000,0.000,@CharacterBody3D@8873,2,-0.000,-0.800,walk,0.595,4.88,86,-1.420
1227,c08_troll_attacks,84,187.427,71.378,257.3,187.706,14.603,70.234,0.12,Hit_A,0,0,-21.083,21.503,11,1.000,65.00,0.000,0.000,@CharacterBody3D@8873,2,-0.000,-0.833,walk,0.626,4.95,86,-1.453
1228,c08_troll_attacks,85,187.427,71.378,257.3,187.705,14.599,70.234,0.13,Hit_A,0,0,-21.117,21.537,11,1.000,65.00,0.000,0.000,@CharacterBody3D@8873,2,-0.000,-0.867,walk,0.657,5.01,86,-1.487
1229,c08_troll_attacks,86,187.427,71.378,257.3,187.703,14.595,70.235,0.14,Hit_A,0,0,-21.150,21.570,11,1.000,65.00,0.000,0.000,@CharacterBody3D@8873,2,-0.000,-0.900,walk,0.688,5.07,86,-1.520
1230,c08_troll_attacks,87,187.427,71.378,257.3,187.701,14.590,70.236,0.15,Hit_A,0,0,-21.183,21.603,11,1.000,65.00,0.000,0.000,@CharacterBody3D@8873,2,-0.000,-0.933,walk,0.719,5.13,86,-1.553
1231,c08_troll_attacks,88,187.427,71.378,257.3,187.699,14.585,70.236,0.16,Hit_A,0,0,-21.217,21.637,11,1.000,65.00,0.000,0.000,@CharacterBody3D@8873,2,-0.000,-0.967,walk,0.750,5.19,86,-1.587
1232,c08_troll_attacks,89,187.427,71.378,257.3,187.697,14.580,70.237,0.16,Hit_A,0,0,-21.250,21.670,11,1.000,65.00,0.000,0.000,@CharacterBody3D@8873,2,-0.000,-1.000,walk,0.781,5.25,86,-1.620
1233,c08_troll_attacks,90,187.427,71.378,257.3,187.695,14.575,70.238,0.17,Hit_A,0,0,-21.283,21.703,11,1.000,65.00,0.000,0.000,@CharacterBody3D@8873,2,-0.000,-1.033,walk,0.812,5.30,86,-1.653
1234,c08_troll_attacks,91,187.427,71.378,257.3,187.693,14.570,70.238,0.17,Hit_A,0,0,-21.317,21.737,11,1.000,65.00,0.000,0.000,@CharacterBody3D@8873,2,-0.000,-1.067,walk,0.843,5.36,86,-1.687
1235,c08_troll_attacks,92,187.427,71.378,257.3,187.692,14.565,70.239,0.16,Hit_A,0,0,-21.350,21.770,11,1.000,65.00,0.000,0.000,@CharacterBody3D@8873,2,-0.000,-1.100,walk,0.874,5.42,86,-1.720
1236,c08_troll_attacks,93,187.427,71.378,257.3,187.690,14.560,70.240,0.15,Hit_A,0,0,-21.383,21.803,11,1.000,65.00,0.000,0.000,@CharacterBody3D@8873,2,-0.000,-1.133,walk,0.905,5.47,86,-1.753
1237,c08_troll_attacks,94,187.427,71.378,257.3,187.689,14.556,70.240,0.13,Hit_A,0,0,-21.417,21.837,11,1.000,65.00,0.000,0.000,@CharacterBody3D@8873,2,-0.000,-1.167,walk,0.936,5.53,86,-1.787
1238,c08_troll_attacks,95,187.427,71.378,257.3,187.688,14.553,70.241,0.11,Hit_A,0,0,-21.450,21.870,11,1.000,65.00,0.000,0.000,@CharacterBody3D@8873,2,-0.000,-1.200,walk,0.967,5.58,86,-1.820
1239,c08_troll_attacks,96,187.427,71.378,257.3,187.687,14.550,70.241,0.07,Hit_A,0,0,-21.483,21.903,11,1.000,65.00,0.000,0.000,@CharacterBody3D@8873,2,-0.000,-1.233,walk,0.999,5.64,86,-1.853
1240,c08_troll_attacks,97,187.427,71.378,257.3,187.687,14.549,70.241,0.04,Hit_A,0,0,-21.517,21.937,11,1.000,65.00,0.000,0.000,@CharacterBody3D@8873,2,-0.000,-1.267,walk,1.030,5.70,86,-1.887
1241,c08_troll_attacks,98,187.427,71.378,257.3,187.687,14.549,70.242,0.02,Hit_A,0,0,-21.550,21.970,11,1.000,65.00,0.000,0.000,@CharacterBody3D@8873,2,-0.000,-1.300,walk,1.061,5.75,86,-1.920
1242,c08_troll_attacks,99,187.427,71.378,257.3,187.687,14.548,70.242,0.02,Hit_A,0,0,-21.583,22.003,11,1.000,65.00,0.000,0.000,@CharacterBody3D@8873,2,-0.000,-1.333,walk,0.025,5.81,86,-1.953
1243,c08_troll_attacks,100,187.427,71.378,257.3,187.687,14.549,70.242,0.02,Hit_A,0,0,-21.617,22.037,11,1.000,65.00,0.000,0.000,@CharacterBody3D@8873,2,-0.000,-1.367,walk,0.056,5.86,86,-1.987
1244,c08_troll_attacks,101,187.427,71.378,257.3,187.688,14.550,70.242,0.06,Hit_A,0,0,-21.650,22.070,11,1.000,65.00,0.000,0.000,@CharacterBody3D@8873,2,-0.000,-1.400,walk,0.087,5.92,86,-2.020
1245,c08_troll_attacks,102,187.427,71.378,257.3,187.689,14.553,70.242,0.08,Hit_A,0,0,-21.683,22.103,11,1.000,65.00,0.000,0.000,@CharacterBody3D@8873,2,-0.000,-1.433,walk,0.118,5.97,86,-2.053
1246,c08_troll_attacks,103,187.427,71.378,257.3,187.690,14.556,70.242,0.10,Hit_A,0,0,-21.717,22.137,11,1.000,65.00,0.000,0.000,@CharacterBody3D@8873,2,-0.000,-1.467,walk,0.146,6.01,86,-2.087
1247,c08_troll_attacks,104,187.427,71.378,257.3,187.691,14.560,70.241,0.13,Hit_A,0,0,-21.750,22.170,11,1.000,65.00,0.000,0.000,@CharacterBody3D@8873,2,-0.000,-1.500,walk,0.173,6.05,86,-2.120
1248,c08_troll_attacks,105,187.427,71.378,257.3,187.693,14.564,70.241,0.14,Hit_A,0,0,-21.783,22.203,11,1.000,65.00,0.000,0.000,@CharacterBody3D@8873,2,-0.000,-1.533,walk,0.200,6.10,86,-2.153
1249,c08_troll_attacks,106,187.427,71.378,257.3,187.695,14.569,70.241,0.15,Hit_A,0,0,-21.817,22.237,11,1.000,65.00,0.000,0.000,@CharacterBody3D@8873,2,-0.000,-1.567,walk,0.225,6.13,86,-2.187
1250,c08_troll_attacks,107,187.427,71.378,257.3,187.696,14.574,70.240,0.15,Hit_A,0,0,-21.850,22.270,11,1.000,65.00,0.000,0.000,@CharacterBody3D@8873,2,-0.000,-1.600,walk,0.249,6.17,86,-2.220
1251,c08_troll_attacks,108,187.427,71.378,257.3,187.698,14.578,70.240,0.15,Hit_A,0,0,-21.883,22.303,11,1.000,65.00,0.000,0.000,@CharacterBody3D@8873,2,-0.000,-1.633,walk,0.274,6.21,86,-2.253
1252,c08_troll_attacks,109,187.427,71.378,257.3,187.700,14.583,70.240,0.16,Hit_A,0,0,-21.917,22.337,11,1.000,65.00,0.000,0.000,@CharacterBody3D@8873,2,-0.000,-1.667,walk,0.297,6.24,86,-2.287
1253,c08_troll_attacks,110,187.427,71.378,257.3,187.701,14.589,70.240,0.17,Hit_A,0,0,-21.950,22.370,11,1.000,65.00,0.000,0.000,@CharacterBody3D@8873,2,-0.000,-1.700,walk,0.320,6.28,86,-2.320
1254,c08_troll_attacks,111,187.427,71.378,257.3,187.703,14.594,70.239,0.16,Hit_A,0,0,-21.983,22.403,11,1.000,65.00,0.000,0.000,@CharacterBody3D@8873,2,-0.000,-1.733,walk,0.343,6.31,86,-2.353
1255,c08_troll_attacks,112,187.427,71.378,257.3,187.704,14.598,70.239,0.15,Hit_A,0,0,-22.017,22.437,11,1.000,65.00,0.000,0.000,@CharacterBody3D@8873,2,-0.000,-1.767,walk,0.366,6.34,86,-2.387
1256,c08_troll_attacks,113,187.427,71.378,257.3,187.706,14.602,70.239,0.13,Hit_A,0,0,-22.050,22.470,11,1.000,65.00,0.000,0.000,@CharacterBody3D@8873,2,-0.000,-1.800,walk,0.389,6.28,86,-2.420
1257,c08_troll_attacks,114,187.427,71.378,257.3,187.707,14.606,70.239,0.11,Hit_A,0,0,-22.083,22.503,11,1.000,65.00,0.000,0.000,@CharacterBody3D@8873,2,-0.000,-1.833,walk,0.414,6.22,86,-2.453
1258,c08_troll_attacks,115,187.427,71.378,257.3,187.707,14.607,70.239,0.04,Hit_A,0,0,-22.117,22.537,11,1.000,65.00,0.000,0.000,@CharacterBody3D@8873,2,-0.000,-1.867,walk,0.442,6.15,86,-2.487
1259,c08_troll_attacks,116,187.427,71.378,257.3,187.708,14.608,70.239,0.04,Hit_A,0,0,-22.150,22.570,11,1.000,65.00,0.000,0.000,@CharacterBody3D@8873,2,-0.000,-1.900,walk,0.472,6.08,86,-2.520
1260,c08_troll_attacks,117,187.427,71.378,257.3,187.709,14.609,70.239,0.03,Hit_A,0,0,-22.183,22.603,11,1.000,65.00,0.000,0.000,@CharacterBody3D@8873,2,-0.000,-1.933,walk,0.504,6.00,86,-2.553
1261,c08_troll_attacks,118,187.427,71.378,257.3,187.709,14.609,70.240,0.03,Hit_A,0,0,-22.217,22.637,11,1.000,65.00,0.000,0.000,@CharacterBody3D@8873,2,-0.000,-1.967,walk,0.537,5.92,86,-2.587
1262,c08_troll_attacks,119,187.427,71.378,257.3,187.709,14.608,70.240,0.04,Hit_A,0,0,-22.250,22.670,11,1.000,65.00,0.000,0.000,@CharacterBody3D@8873,2,-0.000,-2.000,walk,0.572,5.84,86,-2.620
1263,c08_troll_attacks,120,187.427,71.378,257.3,187.708,14.606,70.240,0.08,Hit_A,0,0,-22.283,22.703,11,1.000,65.00,0.000,0.000,@CharacterBody3D@8873,2,-0.000,-2.033,walk,0.607,5.75,86,-2.653
1264,c08_troll_attacks,121,187.427,71.378,257.3,187.706,14.603,70.240,0.11,Hit_A,0,0,-22.317,22.737,11,1.000,65.00,0.000,0.000,@CharacterBody3D@8873,2,-0.000,-2.067,walk,0.643,5.66,86,-2.687
1265,c08_troll_attacks,122,187.427,71.378,257.3,187.704,14.599,70.241,0.13,Hit_A,0,0,-22.350,22.770,11,1.000,65.00,0.000,0.000,@CharacterBody3D@8873,2,-0.000,-2.100,walk,0.679,5.58,86,-2.720
1266,c08_troll_attacks,123,187.427,71.378,257.3,187.703,14.595,70.241,0.13,Hit_A,0,0,-22.383,22.803,11,1.000,65.00,0.000,0.000,@CharacterBody3D@8873,2,-0.000,-2.133,walk,0.716,5.49,86,-2.753
1267,c08_troll_attacks,124,187.427,71.378,257.3,187.702,14.590,70.241,0.14,Hit_A,0,0,-22.417,22.837,11,1.000,65.00,0.000,0.000,@CharacterBody3D@8873,2,-0.000,-2.167,walk,0.753,5.40,86,-2.787
1268,c08_troll_attacks,125,187.427,71.378,257.3,187.700,14.586,70.242,0.15,Hit_A,0,0,-22.450,22.870,11,1.000,65.00,0.000,0.000,@CharacterBody3D@8873,2,-0.000,-2.200,walk,0.791,5.31,86,-2.820
1269,c08_troll_attacks,126,187.427,71.378,257.3,187.698,14.581,70.242,0.15,Hit_A,0,0,-22.483,22.903,11,1.000,65.00,0.000,0.000,@CharacterBody3D@8873,2,-0.000,-2.233,walk,0.829,5.21,86,-2.853
1270,c08_troll_attacks,127,187.427,71.378,257.3,187.696,14.576,70.242,0.15,Hit_A,0,0,-22.517,22.937,11,1.000,65.00,0.000,0.000,@CharacterBody3D@8873,2,-0.000,-2.267,walk,0.867,5.12,86,-2.887
1271,c08_troll_attacks,128,187.427,71.378,257.3,187.694,14.571,70.242,0.16,Hit_A,0,0,-22.550,22.970,11,1.000,65.00,0.000,0.000,@CharacterBody3D@8873,2,-0.000,-2.300,walk,0.905,5.03,86,-2.920
1272,c08_troll_attacks,129,187.427,71.378,257.3,187.692,14.566,70.242,0.16,Hit_A,0,0,-22.583,23.003,11,1.000,65.00,0.000,0.000,@CharacterBody3D@8873,2,-0.000,-2.333,walk,0.943,4.93,86,-2.953
1273,c08_troll_attacks,130,187.427,71.378,257.3,187.691,14.562,70.242,0.15,Hit_A,0,0,-22.617,23.037,11,1.000,65.00,0.000,0.000,@CharacterBody3D@8873,2,-0.000,-2.367,walk,0.982,4.84,86,-2.987
1274,gap,1,187.427,71.378,257.3,187.690,14.558,70.242,0.13,Hit_A,0,0,-22.650,23.070,11,1.000,65.00,0.000,0.000,,,0.000,0.000,,0.000,-1.00,86,-3.020
1275,gap,2,187.427,71.378,257.3,187.689,14.554,70.242,0.11,Hit_A,0,0,-22.683,23.103,11,1.000,65.00,0.000,0.000,,,0.000,0.000,,0.000,-1.00,86,-3.053
1276,gap,3,187.427,71.378,257.3,187.688,14.552,70.241,0.08,Hit_A,0,0,-22.717,23.137,11,1.000,65.00,0.000,0.000,,,0.000,0.000,,0.000,-1.00,86,-3.087
1277,gap,4,187.425,69.799,180.0,188.592,14.953,69.804,32.44,Hit_A,0,0,-22.750,23.170,11,1.000,65.00,0.000,0.000,,,0.000,0.000,,0.000,-1.00,86,-3.120
1278,gap,5,187.425,69.799,180.0,188.592,14.656,69.804,8.92,Hit_A,0,0,-22.783,23.203,11,1.000,65.00,0.000,0.000,,,0.000,0.000,,0.000,-1.00,86,-3.153
1279,gap,6,187.425,69.799,180.0,188.593,14.655,69.804,0.02,Hit_A,0,0,-22.817,23.237,11,1.000,65.00,0.000,0.000,,,0.000,0.000,,0.000,-1.00,86,-3.187
1280,gap,7,187.425,69.799,180.0,188.593,14.655,69.804,0.02,Hit_A,0,0,-22.850,23.270,11,1.000,65.00,0.000,0.000,,,0.000,0.000,,0.000,-1.00,86,-3.220
1281,gap,8,187.425,69.799,180.0,188.594,14.657,69.804,0.05,Hit_A,0,0,-22.883,23.303,11,1.000,65.00,0.000,0.000,,,0.000,0.000,,0.000,-1.00,86,-3.253
1282,gap,9,187.425,69.799,180.0,188.595,14.659,69.805,0.08,Hit_A,0,0,-22.917,23.337,11,1.000,65.00,0.000,0.000,,,0.000,0.000,,0.000,-1.00,86,-3.287
1283,gap,10,187.425,69.799,180.0,188.596,14.661,69.806,0.09,Hit_A,0,0,-22.950,23.370,11,1.000,65.00,0.000,0.000,,,0.000,0.000,,0.000,-1.00,86,-3.320
1284,gap,11,187.425,69.799,180.0,188.597,14.665,69.807,0.12,Hit_A,0,0,-22.983,23.403,11,1.000,65.00,0.000,0.000,,,0.000,0.000,,0.000,-1.00,86,-3.353
1285,gap,12,187.425,69.799,180.0,188.598,14.670,69.808,0.14,Hit_A,0,0,-23.017,23.437,11,1.000,65.00,0.000,0.000,,,0.000,0.000,,0.000,-1.00,86,-3.387
1286,gap,13,187.425,69.799,180.0,188.599,14.674,69.809,0.15,Hit_A,0,0,-23.050,23.470,11,1.000,65.00,0.000,0.000,,,0.000,0.000,,0.000,-1.00,86,-3.420
1287,gap,14,187.425,69.799,180.0,188.600,14.679,69.811,0.15,Hit_A,0,0,-23.083,23.503,11,1.000,65.00,0.000,0.000,,,0.000,0.000,,0.000,-1.00,86,-3.453
1288,gap,15,187.425,69.799,180.0,188.602,14.684,69.812,0.15,Hit_A,0,0,-23.117,23.537,11,1.000,65.00,0.000,0.000,,,0.000,0.000,,0.000,-1.00,86,-3.487
1289,gap,16,187.425,69.799,180.0,188.603,14.688,69.814,0.15,Hit_A,0,0,-23.150,23.570,11,1.000,65.00,0.000,0.000,,,0.000,0.000,,0.000,-1.00,86,-3.520
1290,gap,17,187.425,69.799,180.0,188.604,14.693,69.816,0.15,Hit_A,0,0,-23.183,23.603,11,1.000,65.00,0.000,0.000,,,0.000,0.000,,0.000,-1.00,86,-3.553
1291,gap,18,187.425,69.799,180.0,188.604,14.698,69.817,0.16,Hit_A,0,0,-23.217,23.637,11,1.000,65.00,0.000,0.000,,,0.000,0.000,,0.000,-1.00,86,-3.587
1292,gap,19,187.425,69.799,180.0,188.605,14.702,69.819,0.15,Hit_A,0,0,-23.250,23.670,11,1.000,65.00,0.000,0.000,,,0.000,0.000,,0.000,-1.00,86,-3.620
1293,gap,20,187.425,69.799,180.0,188.606,14.706,69.820,0.13,Hit_A,0,0,-23.283,23.703,11,1.000,65.00,0.000,0.000,,,0.000,0.000,,0.000,-1.00,86,-3.653
1294,gap,21,187.425,69.799,180.0,188.606,14.710,69.821,0.11,Hit_A,0,0,-23.317,23.737,11,1.000,65.00,0.000,0.000,,,0.000,0.000,,0.000,-1.00,86,-3.687
1295,gap,22,187.425,69.799,180.0,188.606,14.712,69.823,0.07,Hit_A,0,0,-23.350,23.770,11,1.000,65.00,0.000,0.000,,,0.000,0.000,,0.000,-1.00,86,-3.720
1296,gap,23,187.425,69.799,180.0,188.606,14.713,69.823,0.05,Hit_A,0,0,-23.383,23.803,11,1.000,65.00,0.000,0.000,,,0.000,0.000,,0.000,-1.00,86,-3.753
1297,gap,24,187.425,69.799,180.0,188.606,14.715,69.824,0.05,Hit_A,0,0,-23.417,23.837,11,1.000,65.00,0.000,0.000,@CharacterBody3D@8880,0,0.000,0.000,,0.000,6.01,120,-3.787
1298,gap,25,187.425,69.799,180.0,188.606,14.716,69.825,0.05,Hit_A,0,0,-23.450,23.870,11,1.000,65.00,0.000,0.000,@CharacterBody3D@8880,2,0.000,-0.033,walk,0.000,5.99,120,-3.820
1299,gap,26,187.425,69.799,180.0,188.606,14.716,69.825,0.01,Hit_A,0,0,-23.483,23.903,11,1.000,65.00,0.000,0.000,@CharacterBody3D@8880,2,0.000,-0.067,run,0.000,5.94,120,-3.853
1300,gap,27,187.425,69.799,180.0,188.605,14.715,69.824,0.06,Hit_A,0,0,-23.517,23.937,11,1.000,65.00,0.000,0.000,@CharacterBody3D@8880,2,0.000,-0.100,run,0.000,5.88,120,-3.887
1301,gap,28,187.425,69.799,180.0,188.604,14.712,69.823,0.10,Hit_A,0,0,-23.550,23.970,11,1.000,65.00,0.000,0.000,@CharacterBody3D@8880,2,0.000,-0.133,run,0.027,5.79,120,-3.920
1302,gap,29,187.425,69.799,180.0,188.603,14.709,69.821,0.12,Hit_A,0,0,-23.583,24.003,11,1.000,65.00,0.000,0.000,@CharacterBody3D@8880,2,0.000,-0.167,run,0.060,5.70,120,-3.953
1303,gap,30,187.425,69.799,180.0,188.602,14.705,69.820,0.13,Hit_A,0,0,-23.617,24.037,11,1.000,65.00,0.000,0.000,@CharacterBody3D@8880,2,0.000,-0.200,run,0.097,5.59,120,-3.987
1304,gap,31,187.425,69.799,180.0,188.601,14.700,69.818,0.14,Hit_A,0,0,-23.650,24.070,11,1.000,65.00,0.000,0.000,@CharacterBody3D@8880,2,0.000,-0.233,run,0.139,5.48,120,-4.020
1305,gap,32,187.425,69.799,180.0,188.600,14.696,69.817,0.15,Hit_A,0,0,-23.683,24.103,11,1.000,65.00,0.000,0.000,@CharacterBody3D@8880,2,0.000,-0.267,run,0.183,5.36,120,-4.053
1306,gap,33,187.425,69.799,180.0,188.599,14.691,69.815,0.16,Hit_A,0,0,-23.717,24.137,11,1.000,65.00,0.000,0.000,@CharacterBody3D@8880,2,0.000,-0.300,run,0.230,5.23,120,-4.087
1307,c09_wolf_bite,1,187.425,69.799,248.8,187.863,14.686,68.711,39.80,Hit_A,0,0,-23.750,24.170,11,1.000,65.00,0.000,0.000,@CharacterBody3D@8880,2,0.000,-0.333,run,0.279,5.10,120,-4.120
1308,c09_wolf_bite,2,187.425,69.799,248.8,187.861,14.681,68.711,0.17,Hit_A,0,0,-23.783,24.203,11,1.000,65.00,0.000,0.000,@CharacterBody3D@8880,2,0.000,-0.367,run,0.330,4.96,120,-4.153
1309,c09_wolf_bite,3,187.425,69.799,248.8,187.859,14.676,68.712,0.17,Hit_A,0,0,-23.817,24.237,11,1.000,65.00,0.000,0.000,@CharacterBody3D@8880,2,0.000,-0.400,run,0.382,4.82,120,-4.187
1310,c09_wolf_bite,4,187.425,69.799,248.8,187.857,14.670,68.712,0.16,Hit_A,0,0,-23.850,24.270,11,1.000,65.00,0.000,0.000,@CharacterBody3D@8880,2,0.000,-0.433,run,0.435,4.68,120,-4.220
1311,c09_wolf_bite,5,187.425,69.799,248.8,187.855,14.666,68.713,0.15,Hit_A,0,0,-23.883,24.303,11,1.000,65.00,0.000,0.000,@CharacterBody3D@8880,2,0.000,-0.467,run,0.489,4.54,120,-4.253
1312,c09_wolf_bite,6,187.425,69.799,248.8,187.854,14.662,68.713,0.13,Hit_A,0,0,-23.917,24.337,11,1.000,65.00,0.000,0.000,@CharacterBody3D@8880,2,0.000,-0.500,run,0.544,4.39,120,-4.287
1313,c09_wolf_bite,7,187.425,69.799,248.8,187.853,14.658,68.713,0.11,Hit_A,0,0,-23.950,24.370,11,1.000,65.00,0.000,0.000,@CharacterBody3D@8880,2,0.000,-0.533,run,0.032,4.25,120,-4.320
1314,c09_wolf_bite,8,187.425,69.799,248.8,187.852,14.656,68.714,0.07,Hit_A,0,0,-23.983,24.403,11,1.000,65.00,0.000,0.000,@CharacterBody3D@8880,2,0.000,-0.567,run,0.088,4.10,120,-4.353
1315,c09_wolf_bite,9,187.425,69.799,248.8,187.852,14.655,68.714,0.04,Hit_A,0,0,-24.017,24.437,11,1.000,65.00,0.000,0.000,@CharacterBody3D@8880,2,0.000,-0.600,run,0.144,3.96,120,-4.387
1316,c09_wolf_bite,10,187.425,69.799,248.8,187.852,14.654,68.714,0.02,Hit_A,0,0,-24.050,24.470,11,1.000,65.00,0.000,0.000,@CharacterBody3D@8880,2,0.000,-0.633,run,0.201,3.81,120,-4.420
1317,c09_wolf_bite,11,187.425,69.799,248.8,187.852,14.654,68.714,0.02,Hit_A,0,0,-24.083,24.503,11,1.000,65.00,0.000,0.000,@CharacterBody3D@8880,2,0.000,-0.667,run,0.257,3.66,120,-4.453
1318,c09_wolf_bite,12,187.425,69.799,248.8,187.852,14.654,68.714,0.02,Hit_A,0,0,-24.117,24.537,11,1.000,65.00,0.000,0.000,@CharacterBody3D@8880,2,0.000,-0.700,run,0.314,3.51,120,-4.487
1319,c09_wolf_bite,13,187.425,69.799,248.8,187.853,14.656,68.715,0.06,Hit_A,0,0,-24.150,24.570,11,1.000,65.00,0.000,0.000,@CharacterBody3D@8880,2,0.000,-0.733,run,0.371,3.36,120,-4.520
1320,c09_wolf_bite,14,187.425,69.799,248.8,187.854,14.658,68.715,0.08,Hit_A,0,0,-24.183,24.603,11,1.000,65.00,0.000,0.000,@CharacterBody3D@8880,2,0.000,-0.767,run,0.428,3.21,120,-4.553
1321,c09_wolf_bite,15,187.425,69.799,248.8,187.855,14.661,68.714,0.10,Hit_A,0,0,-24.217,24.637,11,1.000,65.00,0.000,0.000,@CharacterBody3D@8880,2,0.000,-0.800,run,0.485,3.06,120,-4.587
1322,c09_wolf_bite,16,187.425,69.799,248.8,187.856,14.665,68.714,0.13,Hit_A,0,0,-24.250,24.670,11,1.000,65.00,0.000,0.000,@CharacterBody3D@8880,2,0.000,-0.833,run,0.543,2.90,120,-4.620
1323,c09_wolf_bite,17,187.425,69.799,248.8,187.858,14.670,68.714,0.14,Hit_A,0,0,-24.283,24.703,11,1.000,65.00,0.000,0.000,@CharacterBody3D@8880,2,0.000,-0.867,run,0.033,2.75,120,-4.653
1324,c09_wolf_bite,18,187.425,69.799,248.8,187.859,14.675,68.714,0.15,Hit_A,0,0,-24.317,24.737,11,1.000,65.00,0.000,0.000,@CharacterBody3D@8880,2,0.000,-0.900,run,0.091,2.60,120,-4.687
1325,c09_wolf_bite,19,187.425,69.799,248.8,187.861,14.679,68.714,0.15,Hit_A,0,0,-24.350,24.770,11,1.000,65.00,0.000,0.000,@CharacterBody3D@8880,2,0.000,-0.933,run,0.148,2.44,120,-4.720
1326,c09_wolf_bite,20,187.425,69.799,248.8,187.863,14.684,68.714,0.15,Hit_A,0,0,-24.383,24.803,11,1.000,65.00,0.000,0.000,@CharacterBody3D@8880,2,0.000,-0.967,run,0.206,2.29,120,-4.753
1327,c09_wolf_bite,21,187.425,69.799,248.8,187.865,14.689,68.714,0.16,Hit_A,0,0,-24.417,24.837,11,1.000,65.00,0.000,0.000,@CharacterBody3D@8880,2,0.000,-1.000,run,0.264,2.13,120,-4.787
1328,c09_wolf_bite,22,187.425,69.799,248.8,187.866,14.694,68.714,0.17,Hit_A,0,0,-24.450,24.870,11,1.000,65.00,0.000,0.000,@CharacterBody3D@8880,2,0.000,-1.033,run,0.321,1.98,120,-4.820
1329,c09_wolf_bite,23,187.425,69.799,248.8,187.868,14.699,68.714,0.16,Hit_A,0,0,-24.483,24.903,11,1.000,65.00,0.000,0.000,@CharacterBody3D@8880,2,0.000,-1.067,run,0.379,1.82,120,-4.853
1330,c09_wolf_bite,24,187.425,69.799,248.8,187.869,14.704,68.714,0.15,Hit_A,0,0,-24.517,24.937,11,1.000,65.00,0.000,0.000,@CharacterBody3D@8880,2,0.483,0.933,attack,0.000,1.69,120,-4.887
1331,c09_wolf_bite,25,187.425,69.799,248.8,187.871,14.708,68.714,0.13,Hit_A,0,0,-24.550,24.970,11,1.000,65.00,0.000,0.000,@CharacterBody3D@8880,2,0.450,0.900,attack,0.000,1.58,120,-4.920
1332,c09_wolf_bite,26,187.425,69.799,248.8,187.872,14.712,68.714,0.11,Hit_A,0,0,-24.583,25.003,11,1.000,65.00,0.000,0.000,@CharacterBody3D@8880,2,0.417,0.867,attack,0.018,1.50,120,-4.953
1333,c09_wolf_bite,27,187.425,69.799,248.8,187.872,14.713,68.714,0.04,Hit_A,0,0,-24.617,25.037,11,1.000,65.00,0.000,0.000,@CharacterBody3D@8880,2,0.383,0.833,attack,0.036,1.42,120,-4.987
1334,c09_wolf_bite,28,187.425,69.799,248.8,187.873,14.714,68.714,0.04,Hit_A,0,0,-24.650,25.070,11,1.000,65.00,0.000,0.000,@CharacterBody3D@8880,2,0.350,0.800,attack,0.054,1.37,120,-5.020
1335,c09_wolf_bite,29,187.425,69.799,248.8,187.873,14.715,68.715,0.03,Hit_A,0,0,-24.683,25.103,11,1.000,65.00,0.000,0.000,@CharacterBody3D@8880,2,0.317,0.767,attack,0.072,1.32,120,-5.053
1336,c09_wolf_bite,30,187.425,69.799,248.8,187.874,14.715,68.715,0.03,Hit_A,0,0,-24.717,25.137,11,1.000,65.00,0.000,0.000,@CharacterBody3D@8880,2,0.283,0.733,attack,0.090,1.28,120,-5.087
1337,c09_wolf_bite,31,187.425,69.799,248.8,187.874,14.714,68.715,0.04,Hit_A,0,0,-24.750,25.170,11,1.000,65.00,0.000,0.000,@CharacterBody3D@8880,2,0.250,0.700,attack,0.108,1.24,120,-5.120
1338,c09_wolf_bite,32,187.425,69.799,248.8,187.873,14.711,68.715,0.08,Hit_A,0,0,-24.783,25.203,11,1.000,65.00,0.000,0.000,@CharacterBody3D@8880,2,0.217,0.667,attack,0.126,1.21,120,-5.153
1339,c09_wolf_bite,33,187.425,69.799,248.8,187.871,14.708,68.715,0.11,Hit_A,0,0,-24.817,25.237,11,1.000,65.00,0.000,0.000,@CharacterBody3D@8880,2,0.183,0.633,attack,0.144,1.19,120,-5.187
1340,c09_wolf_bite,34,187.425,69.799,248.8,187.869,14.704,68.716,0.13,Hit_A,0,0,-24.850,25.270,11,1.000,65.00,0.000,0.000,@CharacterBody3D@8880,2,0.150,0.600,attack,0.162,1.17,120,-5.220
1341,c09_wolf_bite,35,187.425,69.799,248.8,187.868,14.700,68.716,0.13,Hit_A,0,0,-24.883,25.303,11,1.000,65.00,0.000,0.000,@CharacterBody3D@8880,2,0.117,0.567,attack,0.180,1.15,120,-5.253
1342,c09_wolf_bite,36,187.425,69.799,248.8,187.866,14.696,68.716,0.14,Hit_A,0,0,-24.917,25.337,11,1.000,65.00,0.000,0.000,@CharacterBody3D@8880,2,0.083,0.533,attack,0.198,1.14,120,-5.287
1343,c09_wolf_bite,37,187.425,69.799,248.8,187.864,14.691,68.716,0.15,Hit_A,0,0,-24.950,25.370,11,1.000,65.00,0.000,0.000,@CharacterBody3D@8880,2,0.050,0.500,attack,0.216,1.12,120,-5.320
1344,c09_wolf_bite,38,187.425,69.799,248.8,187.863,14.686,68.716,0.15,Hit_A,0,0,-24.983,25.403,11,1.000,65.00,0.000,0.000,@CharacterBody3D@8880,2,0.017,0.467,attack,0.234,1.11,120,-5.353
1345,c09_wolf_bite,39,187.425,69.799,248.8,187.861,14.682,68.715,0.15,Hit_A,0,0,-25.017,25.437,11,1.000,65.00,0.000,0.000,@CharacterBody3D@8880,2,-0.017,0.433,attack,0.252,1.10,111,0.180
1346,c09_wolf_bite,40,187.423,69.847,248.8,187.857,14.675,68.763,1.46,Hit_A,1,0,-25.050,25.470,11,1.000,65.00,0.000,0.000,@CharacterBody3D@8880,2,-0.017,0.400,attack,0.285,1.14,111,0.147
1347,c09_wolf_bite,41,187.422,69.882,248.8,187.858,14.611,68.874,3.82,Hit_A,1,0,-25.083,25.503,11,1.000,65.00,0.000,0.000,@CharacterBody3D@8880,2,-0.017,0.367,attack,0.319,1.17,111,0.113
1348,c09_wolf_bite,42,187.422,69.904,248.8,187.729,14.605,68.825,4.13,Hit_A,1,0,-25.117,25.537,11,1.000,65.00,0.000,0.000,@CharacterBody3D@8880,2,-0.017,0.333,attack,0.352,1.18,111,0.080
1349,c09_wolf_bite,43,187.422,69.912,248.8,187.576,14.618,68.778,4.82,Hit_A,1,0,-25.150,25.570,11,1.000,65.00,0.000,0.000,@CharacterBody3D@8880,2,-0.017,0.300,attack,0.385,1.18,111,0.047
1350,c09_wolf_bite,44,187.422,69.912,248.8,187.553,14.621,68.767,0.77,Hit_A,1,0,-25.183,25.603,11,1.000,65.00,0.000,0.000,@CharacterBody3D@8880,2,-0.017,0.267,attack,0.419,1.18,111,0.013
1351,c09_wolf_bite,45,187.422,69.912,248.8,187.808,14.642,68.822,7.87,Hit_A,1,0,-25.217,25.637,11,1.000,65.00,0.000,0.000,@CharacterBody3D@8880,2,-0.017,0.233,attack,0.452,1.18,111,-0.020
1352,c09_wolf_bite,46,187.422,69.912,248.8,187.848,14.653,68.827,1.25,Hit_A,1,0,-25.250,25.670,11,1.000,65.00,0.000,0.000,@CharacterBody3D@8880,2,-0.017,0.200,attack,0.485,1.18,111,-0.053
1353,c09_wolf_bite,47,187.422,69.912,248.8,187.850,14.653,68.826,0.05,Hit_A,0,0,-25.283,25.703,11,1.000,65.00,0.000,0.000,@CharacterBody3D@8880,2,-0.017,0.167,attack,0.519,1.18,111,-0.087
1354,c09_wolf_bite,48,187.422,69.912,248.8,187.849,14.650,68.826,0.10,Hit_A,0,0,-25.317,25.737,11,1.000,65.00,0.000,0.000,@CharacterBody3D@8880,2,-0.017,0.133,attack,0.552,1.18,111,-0.120
1355,c09_wolf_bite,49,187.422,69.912,248.8,187.849,14.650,68.825,0.02,Hit_A,0,0,-25.350,25.770,11,1.000,65.00,0.000,0.000,@CharacterBody3D@8880,2,-0.017,0.100,attack,0.585,1.18,111,-0.153
1356,c09_wolf_bite,50,187.422,69.912,248.8,187.850,14.651,68.824,0.05,Hit_A,0,0,-25.383,25.803,11,1.000,65.00,0.000,0.000,@CharacterBody3D@8880,2,-0.017,0.067,attack,0.619,1.18,111,-0.187
1357,c09_wolf_bite,51,187.422,69.912,248.8,187.851,14.653,68.824,0.08,Hit_A,0,0,-25.417,25.837,11,1.000,65.00,0.000,0.000,@CharacterBody3D@8880,2,-0.017,0.033,attack,0.652,1.18,111,-0.220
1358,c09_wolf_bite,52,187.422,69.912,248.8,187.852,14.656,68.823,0.09,Hit_A,0,0,-25.450,25.870,11,1.000,65.00,0.000,0.000,@CharacterBody3D@8880,2,-0.017,-0.000,idle,0.000,1.18,111,-0.253
1359,c09_wolf_bite,53,187.422,69.912,248.8,187.854,14.660,68.823,0.12,Hit_A,0,0,-25.483,25.903,11,1.000,65.00,0.000,0.000,@CharacterBody3D@8880,2,-0.017,-0.033,idle,0.000,1.18,111,-0.287
1360,c09_wolf_bite,54,187.422,69.912,248.8,187.855,14.664,68.822,0.14,Hit_A,0,0,-25.517,25.937,11,1.000,65.00,0.000,0.000,@CharacterBody3D@8880,2,-0.017,-0.067,idle,0.033,1.18,111,-0.320
1361,c09_wolf_bite,55,187.422,69.912,248.8,187.857,14.669,68.821,0.15,Hit_A,0,0,-25.550,25.970,11,1.000,65.00,0.000,0.000,@CharacterBody3D@8880,2,-0.017,-0.100,idle,0.067,1.18,111,-0.353
1362,c09_wolf_bite,56,187.422,69.912,248.8,187.858,14.673,68.821,0.15,Hit_A,0,0,-25.583,26.003,11,1.000,65.00,0.000,0.000,@CharacterBody3D@8880,2,-0.017,-0.133,idle,0.100,1.18,111,-0.387
1363,c09_wolf_bite,57,187.422,69.912,248.8,187.860,14.678,68.820,0.15,Hit_A,0,0,-25.617,26.037,11,1.000,65.00,0.000,0.000,@CharacterBody3D@8880,2,-0.017,-0.167,idle,0.133,1.18,111,-0.420
1364,c09_wolf_bite,58,187.422,69.912,248.8,187.862,14.683,68.820,0.15,Hit_A,0,0,-25.650,26.070,11,1.000,65.00,0.000,0.000,@CharacterBody3D@8880,2,-0.017,-0.200,idle,0.167,1.18,111,-0.453
1365,c09_wolf_bite,59,187.422,69.912,248.8,187.864,14.687,68.820,0.15,Hit_A,0,0,-25.683,26.103,11,1.000,65.00,0.000,0.000,@CharacterBody3D@8880,2,-0.017,-0.233,idle,0.200,1.18,111,-0.487
1366,c09_wolf_bite,60,187.422,69.912,248.8,187.866,14.692,68.819,0.16,Hit_A,0,0,-25.717,26.137,11,1.000,65.00,0.000,0.000,@CharacterBody3D@8880,2,-0.017,-0.267,idle,0.233,1.18,111,-0.520
1367,c09_wolf_bite,61,187.422,69.912,248.8,187.868,14.697,68.819,0.15,Hit_A,0,0,-25.750,26.170,11,1.000,65.00,0.000,0.000,@CharacterBody3D@8880,2,-0.017,-0.300,idle,0.267,1.18,111,-0.553
1368,c09_wolf_bite,62,187.422,69.912,248.8,187.869,14.701,68.819,0.13,Hit_A,0,0,-25.783,26.203,11,1.000,65.00,0.000,0.000,@CharacterBody3D@8880,2,-0.017,-0.333,idle,0.300,1.18,111,-0.587
1369,c09_wolf_bite,63,187.422,69.912,248.8,187.870,14.704,68.819,0.11,Hit_A,0,0,-25.817,26.237,11,1.000,65.00,0.000,0.000,@CharacterBody3D@8880,2,-0.017,-0.367,idle,0.333,1.18,111,-0.620
1370,c09_wolf_bite,64,187.422,69.912,248.8,187.871,14.707,68.820,0.07,Hit_A,0,0,-25.850,26.270,11,1.000,65.00,0.000,0.000,@CharacterBody3D@8880,2,-0.017,-0.400,idle,0.367,1.18,111,-0.653
1371,c09_wolf_bite,65,187.422,69.912,248.8,187.872,14.708,68.820,0.05,Hit_A,0,0,-25.883,26.303,11,1.000,65.00,0.000,0.000,@CharacterBody3D@8880,2,-0.017,-0.433,idle,0.400,1.18,111,-0.687
1372,c09_wolf_bite,66,187.422,69.912,248.8,187.873,14.709,68.821,0.05,Hit_A,0,0,-25.917,26.337,11,1.000,65.00,0.000,0.000,@CharacterBody3D@8880,2,-0.017,-0.467,idle,0.433,1.18,111,-0.720
1373,c09_wolf_bite,67,187.422,69.912,248.8,187.874,14.711,68.821,0.05,Hit_A,0,0,-25.950,26.370,11,1.000,65.00,0.000,0.000,@CharacterBody3D@8880,2,-0.017,-0.500,idle,0.467,1.18,111,-0.753
1374,c09_wolf_bite,68,187.422,69.912,248.8,187.874,14.711,68.821,0.01,Hit_A,0,0,-25.983,26.403,11,1.000,65.00,0.000,0.000,@CharacterBody3D@8880,2,-0.017,-0.533,idle,0.500,1.18,111,-0.787
1375,c09_wolf_bite,69,187.422,69.912,248.8,187.873,14.709,68.821,0.06,Hit_A,0,0,-26.017,26.437,11,1.000,65.00,0.000,0.000,@CharacterBody3D@8880,2,-0.017,-0.567,idle,0.533,1.18,111,-0.820
1376,c09_wolf_bite,70,187.422,69.912,248.8,187.871,14.707,68.822,0.10,Hit_A,0,0,-26.050,26.470,11,1.000,65.00,0.000,0.000,@CharacterBody3D@8880,2,0.500,0.950,attack,0.000,1.18,111,-0.853
1377,c09_wolf_bite,71,187.422,69.912,248.8,187.869,14.703,68.822,0.12,Hit_A,0,0,-26.083,26.503,11,1.000,65.00,0.000,0.000,@CharacterBody3D@8880,2,0.467,0.917,attack,0.000,1.18,111,-0.887
1378,c09_wolf_bite,72,187.422,69.912,248.8,187.867,14.699,68.822,0.13,Hit_A,0,0,-26.117,26.537,11,1.000,65.00,0.000,0.000,@CharacterBody3D@8880,2,0.433,0.883,attack,0.018,1.18,111,-0.920
1379,c09_wolf_bite,73,187.422,69.912,177.4,188.596,14.695,69.985,41.16,1H_Melee_Attack_Chop,0,0,0.387,0.033,12,1.000,65.00,0.000,0.000,@CharacterBody3D@8880,2,0.400,0.850,attack,0.036,1.18,111,-0.953
1380,c09_wolf_bite,74,187.422,69.912,177.4,188.595,14.690,69.983,0.15,1H_Melee_Attack_Chop,1,0,0.353,0.067,12,1.000,65.00,0.000,0.000,@CharacterBody3D@8880,2,0.367,0.817,attack,0.054,1.18,111,-0.987
1381,c09_wolf_bite,75,187.422,69.912,177.4,188.594,14.685,69.981,0.16,1H_Melee_Attack_Chop,1,0,0.320,0.100,12,1.000,65.00,0.000,0.000,@CharacterBody3D@8880,2,0.333,0.783,attack,0.072,1.18,111,-1.020
1382,c09_wolf_bite,76,187.422,69.912,177.4,188.370,14.452,70.627,21.66,1H_Melee_Attack_Chop,1,0,0.287,0.133,12,1.000,65.00,0.000,0.000,@CharacterBody3D@8880,2,0.300,0.750,attack,0.090,1.18,111,-1.053
1383,c09_wolf_bite,77,187.422,69.912,177.4,187.075,14.295,70.605,39.14,1H_Melee_Attack_Chop,1,0,0.253,0.167,12,1.000,65.00,0.000,0.000,@CharacterBody3D@8880,2,0.267,0.717,attack,0.108,1.18,111,-1.087
1384,c09_wolf_bite,78,187.422,69.912,177.4,187.889,13.978,69.688,37.98,1H_Melee_Attack_Chop,1,0,0.252,0.168,12,0.050,65.00,0.000,0.000,@CharacterBody3D@8880,2,0.000,0.298,hit,0.000,1.17,111,-1.088
1385,c09_wolf_bite,79,187.422,69.912,177.4,188.176,14.114,70.321,21.25,1H_Melee_Attack_Chop,1,0,0.250,0.170,12,0.050,65.00,0.000,0.000,@CharacterBody3D@8880,2,0.000,0.297,hit,0.000,1.17,111,-1.090
1386,c09_wolf_bite,80,187.422,69.912,177.4,188.238,14.135,70.279,2.32,1H_Melee_Attack_Chop,1,0,0.217,0.203,12,1.000,65.00,0.000,0.000,@CharacterBody3D@8880,2,0.000,0.263,hit,0.002,1.17,111,-1.123
1387,c09_wolf_bite,81,187.422,69.912,177.4,188.699,14.845,69.473,35.08,1H_Melee_Attack_Chop,1,0,0.183,0.237,12,1.000,65.00,0.000,0.000,@CharacterBody3D@8880,2,0.000,0.230,hit,0.035,1.17,111,-1.157
1388,c09_wolf_bite,82,187.422,69.912,177.4,188.744,15.045,69.626,7.67,1H_Melee_Attack_Chop,1,0,0.150,0.270,12,1.000,65.00,0.000,0.000,@CharacterBody3D@8880,2,0.000,0.197,hit,0.068,1.16,111,-1.190
1389,c09_wolf_bite,83,187.422,69.912,177.4,188.724,14.904,69.712,4.97,1H_Melee_Attack_Chop,1,0,0.117,0.303,12,1.000,65.00,0.000,0.000,@CharacterBody3D@8880,2,0.000,0.163,hit,0.102,1.16,111,-1.223
1390,c09_wolf_bite,84,187.422,69.912,177.4,188.656,14.752,69.882,7.15,1H_Melee_Attack_Chop,0,0,0.083,0.337,12,1.000,65.00,0.000,0.000,@CharacterBody3D@8880,2,0.000,0.130,hit,0.135,1.16,111,-1.257
1391,c09_wolf_bite,85,187.422,69.912,177.4,188.587,14.650,69.970,4.54,1H_Melee_Attack_Chop,0,0,0.050,0.370,12,1.000,65.00,0.000,0.000,@CharacterBody3D@8880,2,0.000,0.097,hit,0.168,1.16,111,-1.290
1392,c09_wolf_bite,86,187.422,69.912,177.4,188.586,14.649,69.970,0.04,1H_Melee_Attack_Chop,0,0,0.017,0.403,12,1.000,65.00,0.000,0.000,@CharacterBody3D@8880,2,0.000,0.063,hit,0.202,1.16,111,-1.323
1393,c09_wolf_bite,87,187.422,69.912,177.4,188.586,14.649,69.970,0.02,1H_Melee_Attack_Chop,0,0,-0.017,0.437,12,1.000,65.00,0.000,0.000,@CharacterBody3D@8880,2,0.000,0.030,hit,0.235,1.15,111,-1.357
1394,c09_wolf_bite,88,187.422,69.912,177.4,188.586,14.648,69.970,0.02,1H_Melee_Attack_Chop,0,0,-0.050,0.470,12,1.000,65.00,0.000,0.000,@CharacterBody3D@8880,2,0.000,-0.003,walk,0.000,1.15,111,-1.390
1395,c09_wolf_bite,89,187.422,69.912,177.4,188.586,14.649,69.970,0.02,1H_Melee_Attack_Chop,0,0,-0.083,0.503,12,1.000,65.00,0.000,0.000,@CharacterBody3D@8880,2,0.000,-0.037,walk,0.000,1.17,111,-1.423
1396,c09_wolf_bite,90,187.422,69.912,177.4,188.586,14.651,69.971,0.06,1H_Melee_Attack_Chop,0,0,-0.117,0.537,12,1.000,65.00,0.000,0.000,@CharacterBody3D@8880,2,0.000,-0.070,walk,0.033,1.20,111,-1.457
1397,c09_wolf_bite,91,187.422,69.912,177.4,188.586,14.653,69.972,0.08,1H_Melee_Attack_Chop,0,0,-0.150,0.570,12,1.000,65.00,0.000,0.000,@CharacterBody3D@8880,2,0.000,-0.103,run,0.000,1.25,111,-1.490
1398,c09_wolf_bite,92,187.422,69.912,177.4,188.587,14.656,69.973,0.10,1H_Melee_Attack_Chop,0,0,-0.183,0.603,12,1.000,65.00,0.000,0.000,@CharacterBody3D@8880,2,0.000,-0.137,run,0.000,1.30,111,-1.523
1399,c09_wolf_bite,93,187.422,69.912,177.4,188.587,14.660,69.975,0.13,1H_Melee_Attack_Chop,0,0,-0.217,0.637,12,1.000,65.00,0.000,0.000,@CharacterBody3D@8880,2,0.000,-0.170,run,0.025,1.37,111,-1.557
1400,c09_wolf_bite,94,187.422,69.912,177.4,188.588,14.665,69.976,0.14,1H_Melee_Attack_Chop,0,0,-0.250,0.670,12,1.000,65.00,0.000,0.000,@CharacterBody3D@8880,2,0.000,-0.203,run,0.052,1.44,111,-1.590
1401,c09_wolf_bite,95,187.422,69.912,177.4,188.589,14.670,69.977,0.15,1H_Melee_Attack_Chop,0,0,-0.283,0.703,12,1.000,65.00,0.000,0.000,@CharacterBody3D@8880,2,0.000,-0.237,run,0.083,1.52,111,-1.623
1402,c09_wolf_bite,96,187.422,69.912,177.4,188.589,14.674,69.979,0.15,1H_Melee_Attack_Chop,0,0,-0.317,0.737,12,1.000,65.00,0.000,0.000,@CharacterBody3D@8880,2,0.000,-0.270,run,0.115,1.60,111,-1.657
1403,c09_wolf_bite,97,187.422,69.912,177.4,188.590,14.679,69.981,0.15,1H_Melee_Attack_Chop,0,0,-0.350,0.770,12,1.000,65.00,0.000,0.000,@CharacterBody3D@8880,2,0.000,-0.303,run,0.148,1.69,111,-1.690
1404,c09_wolf_bite,98,187.422,69.912,177.4,188.590,14.684,69.982,0.16,1H_Melee_Attack_Chop,0,0,-0.383,0.803,12,1.000,65.00,0.000,0.000,@CharacterBody3D@8880,2,0.000,-0.337,run,0.183,1.78,111,-1.723
1405,c09_wolf_bite,99,187.422,69.912,177.4,188.591,14.689,69.984,0.16,1H_Melee_Attack_Chop,0,0,-0.417,0.837,12,1.000,65.00,0.000,0.000,@CharacterBody3D@8880,2,0.000,-0.370,run,0.219,1.87,111,-1.757
1406,c09_wolf_bite,100,187.422,69.912,177.4,188.591,14.694,69.985,0.16,1H_Melee_Attack_Chop,0,0,-0.450,0.870,12,1.000,65.00,0.000,0.000,@CharacterBody3D@8880,2,0.000,-0.403,run,0.256,1.96,111,-1.790
1407,c09_wolf_bite,101,187.422,69.912,177.4,188.592,14.699,69.987,0.15,1H_Melee_Attack_Chop,0,0,-0.483,0.903,12,1.000,65.00,0.000,0.000,@CharacterBody3D@8880,2,0.000,-0.437,run,0.293,2.05,111,-1.823
1408,c09_wolf_bite,102,187.422,69.912,177.4,188.592,14.703,69.988,0.13,1H_Melee_Attack_Chop,0,0,-0.517,0.937,12,1.000,65.00,0.000,0.000,@CharacterBody3D@8880,2,0.000,-0.470,run,0.332,2.15,111,-1.857
1409,c09_wolf_bite,103,187.422,69.912,177.4,188.593,14.707,69.989,0.11,1H_Melee_Attack_Chop,0,0,-0.550,0.970,12,1.000,65.00,0.000,0.000,@CharacterBody3D@8880,2,0.000,-0.503,run,0.370,2.25,111,-1.890
1410,c09_wolf_bite,104,187.422,69.912,177.4,188.593,14.708,69.989,0.03,1H_Melee_Attack_Chop,0,0,-0.583,1.003,12,1.000,65.00,0.000,0.000,@CharacterBody3D@8880,2,0.000,-0.537,run,0.409,2.34,111,-1.923
1411,c09_wolf_bite,105,187.422,69.912,177.4,188.592,14.709,69.990,0.03,1H_Melee_Attack_Chop,0,0,-0.617,1.037,12,1.000,65.00,0.000,0.000,@CharacterBody3D@8880,2,0.000,-0.570,run,0.448,2.44,111,-1.957
1412,c09_wolf_bite,106,187.422,69.912,177.4,188.592,14.709,69.991,0.03,1H_Melee_Attack_Chop,0,0,-0.650,1.070,12,1.000,65.00,0.000,0.000,@CharacterBody3D@8880,2,0.000,-0.603,run,0.487,2.54,111,-1.990
1413,c09_wolf_bite,107,187.422,69.912,177.4,188.592,14.709,69.992,0.03,1H_Melee_Attack_Chop,0,0,-0.683,1.103,12,1.000,65.00,0.000,0.000,@CharacterBody3D@8880,2,0.000,-0.637,run,0.527,2.53,111,-2.023
1414,c09_wolf_bite,108,187.422,69.912,177.4,188.592,14.708,69.991,0.05,1H_Melee_Attack_Chop,0,0,-0.717,1.137,12,1.000,65.00,0.000,0.000,@CharacterBody3D@8880,2,0.000,-0.670,run,0.002,2.41,111,-2.057
1415,c09_wolf_bite,109,187.422,69.912,177.4,188.591,14.705,69.990,0.08,1H_Melee_Attack_Chop,0,0,-0.750,1.170,12,1.000,65.00,0.000,0.000,@CharacterBody3D@8880,2,0.000,-0.703,run,0.046,2.28,111,-2.090
1416,c09_wolf_bite,110,187.422,69.912,177.4,188.591,14.702,69.989,0.11,1H_Melee_Attack_Chop,0,0,-0.783,1.203,12,1.000,65.00,0.000,0.000,@CharacterBody3D@8880,2,0.000,-0.737,run,0.093,2.15,111,-2.123
1417,c09_wolf_bite,111,187.422,69.912,177.4,188.590,14.699,69.987,0.13,1H_Melee_Attack_Chop,0,0,-0.817,1.237,12,1.000,65.00,0.000,0.000,@CharacterBody3D@8880,2,0.000,-0.770,run,0.142,2.02,111,-2.157
1418,c09_wolf_bite,112,187.422,69.912,177.4,188.590,14.694,69.986,0.13,1H_Melee_Attack_Chop,0,0,-0.850,1.270,12,1.000,65.00,0.000,0.000,@CharacterBody3D@8880,2,0.000,-0.803,run,0.193,1.88,111,-2.190
1419,c09_wolf_bite,113,187.422,69.912,177.4,188.589,14.690,69.984,0.14,1H_Melee_Attack_Chop,0,0,-0.883,1.303,12,1.000,65.00,0.000,0.000,@CharacterBody3D@8880,2,0.000,-0.837,run,0.245,1.74,111,-2.223
1420,c09_wolf_bite,114,187.422,69.912,177.4,188.589,14.685,69.982,0.15,1H_Melee_Attack_Chop,0,0,-0.917,1.337,12,1.000,65.00,0.000,0.000,@CharacterBody3D@8880,2,0.000,-0.870,run,0.298,1.60,111,-2.257
1421,c09_wolf_bite,115,187.422,69.912,177.4,188.588,14.680,69.981,0.15,1H_Melee_Attack_Chop,0,0,-0.950,1.370,12,1.000,65.00,0.000,0.000,@CharacterBody3D@8880,2,0.000,-0.903,run,0.346,1.49,111,-2.290
1422,c09_wolf_bite,116,187.422,69.912,177.4,188.588,14.676,69.979,0.15,1H_Melee_Attack_Chop,0,0,-0.983,1.403,12,1.000,65.00,0.000,0.000,@CharacterBody3D@8880,2,0.000,-0.937,run,0.385,1.40,111,-2.323
1423,c09_wolf_bite,117,187.422,69.912,177.4,188.587,14.671,69.977,0.16,1H_Melee_Attack_Chop,0,0,-1.017,1.437,12,1.000,65.00,0.000,0.000,@CharacterBody3D@8880,2,0.000,-0.970,run,0.417,1.32,111,-2.357
1424,c09_wolf_bite,118,187.422,69.912,177.4,188.587,14.666,69.975,0.16,1H_Melee_Attack_Chop,0,0,-1.050,1.470,12,1.000,65.00,0.000,0.000,@CharacterBody3D@8880,2,0.000,-1.003,run,0.443,1.26,111,-2.390
1425,c09_wolf_bite,119,187.422,69.912,177.4,188.587,14.661,69.974,0.15,1H_Melee_Attack_Chop,0,0,-1.083,1.503,12,1.000,65.00,0.000,0.000,@CharacterBody3D@8880,2,0.000,-1.037,walk,0.000,1.21,111,-2.423
1426,c09_wolf_bite,120,187.422,69.912,177.4,188.587,14.657,69.973,0.12,1H_Melee_Attack_Chop,0,0,-1.117,1.537,12,1.000,65.00,0.000,0.000,@CharacterBody3D@8880,2,0.483,0.933,attack,0.000,1.17,111,-2.457
1427,c09_wolf_bite,121,187.422,69.912,177.4,188.586,14.654,69.972,0.11,1H_Melee_Attack_Chop,0,0,-1.150,1.570,12,1.000,65.00,0.000,0.000,@CharacterBody3D@8880,2,0.450,0.900,attack,0.000,1.13,111,-2.490
1428,c09_wolf_bite,122,187.422,69.912,177.4,188.587,14.652,69.971,0.07,1H_Melee_Attack_Chop,0,0,-1.183,1.603,12,1.000,65.00,0.000,0.000,@CharacterBody3D@8880,2,0.417,0.867,attack,0.018,1.10,111,-2.523
1429,gap,1,187.422,69.912,177.4,188.587,14.651,69.970,0.04,1H_Melee_Attack_Chop,0,0,-1.217,1.637,12,1.000,65.00,0.000,0.000,,,0.000,0.000,,0.000,-1.00,111,-2.557
1430,gap,2,187.422,69.912,177.4,188.587,14.650,69.970,0.03,1H_Melee_Attack_Chop,0,0,-1.250,1.670,12,1.000,65.00,0.000,0.000,,,0.000,0.000,,0.000,-1.00,111,-2.590
1431,gap,3,187.422,69.912,177.4,188.588,14.650,69.970,0.02,1H_Melee_Attack_Chop,0,0,-1.283,1.703,12,1.000,65.00,0.000,0.000,,,0.000,0.000,,0.000,-1.00,111,-2.623
1432,gap,4,187.425,69.799,180.0,188.593,14.952,69.804,10.36,1H_Melee_Attack_Chop,0,0,-1.317,1.737,12,1.000,65.00,0.000,0.000,,,0.000,0.000,,0.000,-1.00,111,-2.657
1433,gap,5,187.425,69.799,180.0,188.594,14.657,69.804,8.86,1H_Melee_Attack_Chop,0,0,-1.350,1.770,12,1.000,65.00,0.000,0.000,,,0.000,0.000,,0.000,-1.00,111,-2.690
1434,gap,6,187.425,69.799,180.0,188.595,14.659,69.805,0.08,1H_Melee_Attack_Chop,0,0,-1.383,1.803,12,1.000,65.00,0.000,0.000,,,0.000,0.000,,0.000,-1.00,111,-2.723
1435,gap,7,187.425,69.799,180.0,188.596,14.662,69.806,0.09,1H_Melee_Attack_Chop,0,0,-1.417,1.837,12,1.000,65.00,0.000,0.000,,,0.000,0.000,,0.000,-1.00,111,-2.757
1436,gap,8,187.425,69.799,180.0,188.597,14.666,69.807,0.12,1H_Melee_Attack_Chop,0,0,-1.450,1.870,12,1.000,65.00,0.000,0.000,,,0.000,0.000,,0.000,-1.00,111,-2.790
1437,gap,9,187.425,69.799,180.0,188.598,14.670,69.808,0.14,1H_Melee_Attack_Chop,0,0,-1.483,1.903,12,1.000,65.00,0.000,0.000,,,0.000,0.000,,0.000,-1.00,111,-2.823
1438,gap,10,187.425,69.799,180.0,188.599,14.675,69.809,0.15,1H_Melee_Attack_Chop,0,0,-1.517,1.937,12,1.000,65.00,0.000,0.000,,,0.000,0.000,,0.000,-1.00,111,-2.857
1439,gap,11,187.425,69.799,180.0,188.601,14.679,69.811,0.15,1H_Melee_Attack_Chop,0,0,-1.550,1.970,12,1.000,65.00,0.000,0.000,,,0.000,0.000,,0.000,-1.00,111,-2.890
1440,gap,12,187.425,69.799,180.0,188.602,14.684,69.813,0.15,1H_Melee_Attack_Chop,0,0,-1.583,2.003,12,1.000,65.00,0.000,0.000,,,0.000,0.000,,0.000,-1.00,111,-2.923
1441,gap,13,187.425,69.799,180.0,188.603,14.689,69.814,0.15,1H_Melee_Attack_Chop,0,0,-1.617,2.037,12,1.000,65.00,0.000,0.000,,,0.000,0.000,,0.000,-1.00,111,-2.957
1442,gap,14,187.425,69.799,180.0,188.604,14.693,69.816,0.16,1H_Melee_Attack_Chop,0,0,-1.650,2.070,12,1.000,65.00,0.000,0.000,,,0.000,0.000,,0.000,-1.00,111,-2.990
1443,gap,15,187.425,69.799,180.0,188.604,14.698,69.818,0.15,1H_Melee_Attack_Chop,0,0,-1.683,2.103,12,1.000,65.00,0.000,0.000,,,0.000,0.000,,0.000,-1.00,111,-3.023
1444,gap,16,187.425,69.799,180.0,188.605,14.703,69.819,0.15,1H_Melee_Attack_Chop,0,0,-1.717,2.137,12,1.000,65.00,0.000,0.000,,,0.000,0.000,,0.000,-1.00,111,-3.057
1445,gap,17,187.425,69.799,180.0,188.606,14.707,69.820,0.13,1H_Melee_Attack_Chop,0,0,-1.750,2.170,12,1.000,65.00,0.000,0.000,,,0.000,0.000,,0.000,-1.00,111,-3.090
1446,gap,18,187.425,69.799,180.0,188.606,14.710,69.822,0.11,1H_Melee_Attack_Chop,0,0,-1.783,2.203,12,1.000,65.00,0.000,0.000,,,0.000,0.000,,0.000,-1.00,111,-3.123
1447,gap,19,187.425,69.799,180.0,188.606,14.712,69.823,0.07,1H_Melee_Attack_Chop,0,0,-1.817,2.237,12,1.000,65.00,0.000,0.000,,,0.000,0.000,,0.000,-1.00,111,-3.157
1448,gap,20,187.425,69.799,180.0,188.606,14.713,69.823,0.05,1H_Melee_Attack_Chop,0,0,-1.850,2.270,12,1.000,65.00,0.000,0.000,,,0.000,0.000,,0.000,-1.00,111,-3.190
1449,gap,21,187.425,69.799,180.0,188.606,14.715,69.824,0.05,1H_Melee_Attack_Chop,0,0,-1.883,2.303,12,1.000,65.00,0.000,0.000,,,0.000,0.000,,0.000,-1.00,111,-3.223
1450,gap,22,187.425,69.799,180.0,188.606,14.716,69.826,0.05,1H_Melee_Attack_Chop,0,0,-1.917,2.337,12,1.000,65.00,0.000,0.000,,,0.000,0.000,,0.000,-1.00,111,-3.257
1451,gap,23,187.425,69.799,180.0,188.606,14.716,69.825,0.01,1H_Melee_Attack_Chop,0,0,-1.950,2.370,12,1.000,65.00,0.000,0.000,,,0.000,0.000,,0.000,-1.00,111,-3.290
1452,gap,24,187.425,69.799,180.0,188.605,14.715,69.824,0.06,1H_Melee_Attack_Chop,0,0,-1.983,2.403,12,1.000,65.00,0.000,0.000,@CharacterBody3D@8890,<null>,0.000,0.000,,0.000,3.01,120,-3.323
1453,gap,25,187.425,69.799,180.0,188.604,14.712,69.822,0.10,1H_Melee_Attack_Chop,0,0,-2.017,2.437,12,1.000,65.00,0.000,0.000,@CharacterBody3D@8890,<null>,0.000,-0.033,,0.000,3.02,120,-3.357
1454,gap,26,187.425,69.799,180.0,188.603,14.708,69.821,0.12,1H_Melee_Attack_Chop,0,0,-2.050,2.470,12,1.000,65.00,0.000,0.000,@CharacterBody3D@8890,<null>,0.000,-0.067,,0.000,3.05,120,-3.390
1455,gap,27,187.425,69.799,180.0,188.602,14.704,69.820,0.13,1H_Melee_Attack_Chop,0,0,-2.083,2.503,12,1.000,65.00,0.000,0.000,@CharacterBody3D@8890,<null>,0.000,-0.100,,0.000,3.09,120,-3.423
1456,gap,28,187.425,69.799,180.0,188.601,14.700,69.818,0.14,1H_Melee_Attack_Chop,0,0,-2.117,2.537,12,1.000,65.00,0.000,0.000,@CharacterBody3D@8890,<null>,0.000,-0.133,,0.000,3.14,120,-3.457
1457,gap,29,187.425,69.799,180.0,188.600,14.695,69.816,0.15,1H_Melee_Attack_Chop,0,0,-2.150,2.570,12,1.000,65.00,0.000,0.000,@CharacterBody3D@8890,<null>,0.000,-0.167,,0.000,3.20,120,-3.490
1458,gap,30,187.425,69.799,180.0,188.599,14.690,69.815,0.16,1H_Melee_Attack_Chop,0,0,-2.183,2.603,12,1.000,65.00,0.000,0.000,@CharacterBody3D@8890,<null>,0.000,-0.200,,0.000,3.28,120,-3.523
1459,gap,31,187.425,69.799,180.0,188.598,14.686,69.813,0.16,1H_Melee_Attack_Chop,0,0,-2.217,2.637,12,1.000,65.00,0.000,0.000,@CharacterBody3D@8890,<null>,0.000,-0.233,,0.000,3.37,120,-3.557
1460,gap,32,187.425,69.799,180.0,188.597,14.680,69.811,0.17,1H_Melee_Attack_Chop,0,0,-2.250,2.670,12,1.000,65.00,0.000,0.000,@CharacterBody3D@8890,<null>,0.000,-0.267,,0.000,3.44,120,-3.590
1461,gap,33,187.425,69.799,180.0,188.595,14.675,69.809,0.17,1H_Melee_Attack_Chop,0,0,-2.283,2.703,12,1.000,65.00,0.000,0.000,@CharacterBody3D@8890,<null>,0.000,-0.300,,0.000,3.45,120,-3.623
1462,c10_bandit_duel,1,187.425,69.799,275.6,187.320,14.670,68.634,52.03,1H_Melee_Attack_Chop,0,0,-2.317,2.737,12,1.000,65.00,0.000,0.000,@CharacterBody3D@8890,<null>,0.000,-0.333,,0.000,3.42,120,-3.657
1463,c10_bandit_duel,2,187.425,69.799,275.6,187.319,14.665,68.635,0.15,1H_Melee_Attack_Chop,0,0,-2.350,2.770,12,1.000,65.00,0.000,0.000,@CharacterBody3D@8890,<null>,0.000,-0.367,,0.000,3.34,120,-3.690
1464,c10_bandit_duel,3,187.425,69.799,275.6,187.318,14.661,68.636,0.13,1H_Melee_Attack_Chop,0,0,-2.383,2.803,12,1.000,65.00,0.000,0.000,@CharacterBody3D@8890,<null>,0.000,-0.400,,0.000,3.24,120,-3.723
1465,c10_bandit_duel,4,187.425,69.799,275.6,187.317,14.658,68.637,0.11,1H_Melee_Attack_Chop,0,0,-2.417,2.837,12,1.000,65.00,0.000,0.000,@CharacterBody3D@8890,<null>,0.000,-0.433,,0.000,3.11,120,-3.757
1466,c10_bandit_duel,5,187.425,69.799,275.6,187.316,14.656,68.638,0.07,1H_Melee_Attack_Chop,0,0,-2.450,2.870,12,1.000,65.00,0.000,0.000,@CharacterBody3D@8890,<null>,0.000,-0.467,,0.000,2.97,120,-3.790
1467,c10_bandit_duel,6,187.425,69.799,275.6,187.316,14.655,68.638,0.04,1H_Melee_Attack_Chop,0,0,-2.483,2.903,12,1.000,65.00,0.000,0.000,@CharacterBody3D@8890,<null>,0.000,-0.500,,0.000,2.81,120,-3.823
1468,c10_bandit_duel,7,187.425,69.799,275.6,187.316,14.654,68.638,0.02,1H_Melee_Attack_Chop,0,0,-2.517,2.937,12,1.000,65.00,0.000,0.000,@CharacterBody3D@8890,<null>,0.000,-0.533,,0.000,2.64,120,-3.857
1469,c10_bandit_duel,8,187.425,69.799,275.6,187.316,14.654,68.639,0.02,1H_Melee_Attack_Chop,0,0,-2.550,2.970,12,1.000,65.00,0.000,0.000,@CharacterBody3D@8890,<null>,0.000,-0.567,,0.000,2.47,120,-3.890
1470,c10_bandit_duel,9,187.425,69.799,275.6,187.317,14.654,68.638,0.02,1H_Melee_Attack_Chop,0,0,-2.583,3.003,12,1.000,65.00,0.000,0.000,@CharacterBody3D@8890,<null>,0.000,-0.600,,0.000,2.29,120,-3.923
1471,c10_bandit_duel,10,187.425,69.799,275.6,187.318,14.656,68.638,0.06,1H_Melee_Attack_Chop,0,0,-2.617,3.037,12,1.000,65.00,0.000,0.000,@CharacterBody3D@8890,<null>,0.000,-0.633,,0.000,2.10,120,-3.957
1472,c10_bandit_duel,11,187.425,69.799,275.6,187.319,14.658,68.638,0.08,1H_Melee_Attack_Chop,0,0,-2.650,3.070,12,1.000,65.00,0.000,0.000,@CharacterBody3D@8890,<null>,0.000,-0.667,,0.000,1.91,120,-3.990
1473,c10_bandit_duel,12,187.425,69.799,275.6,187.319,14.662,68.637,0.10,1H_Melee_Attack_Chop,0,0,-2.683,3.103,12,1.000,65.00,0.000,0.000,@CharacterBody3D@8890,<null>,0.000,-0.700,,0.000,1.72,120,-4.023
1474,c10_bandit_duel,13,187.425,69.799,275.6,187.320,14.666,68.636,0.13,1H_Melee_Attack_Chop,0,0,-2.717,3.137,12,1.000,65.00,0.000,0.000,@CharacterBody3D@8890,<null>,0.000,0.500,,0.000,1.60,120,-4.057
1475,c10_bandit_duel,14,187.425,69.799,275.6,187.322,14.670,68.635,0.14,1H_Melee_Attack_Chop,0,0,-2.750,3.170,12,1.000,65.00,0.000,0.000,@CharacterBody3D@8890,<null>,0.000,0.467,,0.000,1.58,120,-4.090
1476,c10_bandit_duel,15,187.425,69.799,275.6,187.323,14.675,68.635,0.15,1H_Melee_Attack_Chop,0,0,-2.783,3.203,12,1.000,65.00,0.000,0.000,@CharacterBody3D@8890,<null>,0.000,0.433,,0.000,1.57,120,-4.123
1477,c10_bandit_duel,16,187.393,69.726,-156.7,188.473,14.685,69.276,39.51,1H_Melee_Attack_Chop,0,0,0.387,0.033,13,1.000,65.00,0.000,0.000,@CharacterBody3D@8890,<null>,0.000,0.400,,0.000,1.49,120,-4.157
1478,c10_bandit_duel,17,187.367,69.665,-156.7,188.282,14.702,68.994,10.25,1H_Melee_Attack_Chop,1,0,0.353,0.067,13,1.000,65.00,0.000,0.000,@CharacterBody3D@8890,<null>,0.000,0.367,,0.000,1.42,120,-4.190
1479,c10_bandit_duel,18,187.346,69.617,-156.7,188.315,14.750,69.017,1.88,1H_Melee_Attack_Chop,1,0,0.320,0.100,13,1.000,65.00,0.000,0.000,@CharacterBody3D@8890,<null>,0.000,0.333,,0.000,1.36,120,-4.223
1480,c10_bandit_duel,19,187.331,69.580,-156.7,188.440,14.554,69.618,19.33,1H_Melee_Attack_Chop,1,0,0.287,0.133,13,1.000,65.00,0.000,0.000,@CharacterBody3D@8890,<null>,0.000,0.300,,0.000,1.32,120,-4.257
1481,c10_bandit_duel,20,187.320,69.556,-156.7,187.398,14.413,70.314,37.85,1H_Melee_Attack_Chop,1,0,0.253,0.167,13,1.000,65.00,0.000,0.000,@CharacterBody3D@8890,<null>,0.000,0.267,,0.000,1.29,120,-4.290
1482,c10_bandit_duel,21,187.320,69.555,-156.7,187.481,13.999,69.129,37.74,1H_Melee_Attack_Chop,1,0,0.252,0.168,13,0.050,65.00,0.000,0.000,@CharacterBody3D@8890,<null>,0.000,0.348,,0.000,1.29,120,-4.292
1483,c10_bandit_duel,22,187.320,69.554,-156.7,188.052,14.130,69.449,20.00,1H_Melee_Attack_Chop,1,0,0.250,0.170,13,0.050,65.00,0.000,0.000,@CharacterBody3D@8890,<null>,0.000,0.347,,0.000,1.28,120,-4.293
1484,c10_bandit_duel,23,187.315,69.544,-156.7,188.070,14.144,69.369,2.47,1H_Melee_Attack_Chop,1,0,0.217,0.203,13,1.000,65.00,0.000,0.000,@CharacterBody3D@8890,<null>,0.000,0.313,,0.000,1.33,120,-4.327
1485,c10_bandit_duel,24,187.315,69.543,-156.7,188.001,14.734,68.431,33.32,Hit_A,1,0,0.183,0.237,13,1.000,65.00,0.000,0.000,@CharacterBody3D@8890,<null>,0.000,0.280,,0.000,1.36,112,0.147
1486,c10_bandit_duel,25,187.315,69.543,-156.7,188.343,14.671,69.094,22.47,Hit_A,1,0,0.150,0.270,13,1.000,65.00,0.000,0.000,@CharacterBody3D@8890,<null>,0.000,0.247,,0.000,1.36,112,0.113
1487,c10_bandit_duel,26,187.315,69.543,-156.7,188.390,14.710,69.106,1.87,Hit_A,1,0,0.117,0.303,13,1.000,65.00,0.000,0.000,@CharacterBody3D@8890,<null>,0.000,0.213,,0.000,1.36,112,0.080
1488,c10_bandit_duel,27,187.315,69.543,-156.7,188.394,14.730,69.074,1.13,Hit_A,1,0,0.083,0.337,13,1.000,65.00,0.000,0.000,@CharacterBody3D@8890,<null>,0.000,0.180,,0.000,1.35,112,0.047
1489,c10_bandit_duel,28,187.315,69.543,-156.7,188.381,14.735,69.046,0.96,Hit_A,1,0,0.050,0.370,13,1.000,65.00,0.000,0.000,@CharacterBody3D@8890,<null>,0.000,0.147,,0.000,1.35,112,0.013
1490,c10_bandit_duel,29,187.315,69.543,-156.7,188.381,14.729,69.053,0.27,Hit_A,1,0,0.017,0.403,13,1.000,65.00,0.000,0.000,@CharacterBody3D@8890,<null>,0.000,0.113,,0.000,1.35,112,-0.020
1491,c10_bandit_duel,30,187.315,69.543,-156.7,188.400,14.725,69.094,1.37,Hit_A,1,0,-0.017,0.437,13,1.000,65.00,0.000,0.000,@CharacterBody3D@8890,<null>,0.000,0.080,,0.000,1.34,112,-0.053
1492,c10_bandit_duel,31,187.315,69.543,-156.7,188.402,14.724,69.102,0.24,Hit_A,1,0,-0.050,0.470,13,1.000,65.00,0.000,0.000,@CharacterBody3D@8890,<null>,0.000,0.047,,0.000,1.34,112,-0.087
1493,c10_bandit_duel,32,187.304,69.518,-156.9,188.391,14.725,69.080,0.71,1H_Melee_Attack_Slice_Diagonal,0,0,0.387,0.033,14,1.000,65.00,0.000,0.000,@CharacterBody3D@8890,<null>,0.000,0.013,,0.000,1.31,112,-0.120
1494,c10_bandit_duel,33,187.299,69.507,-156.9,188.368,14.657,69.113,2.38,1H_Melee_Attack_Slice_Diagonal,1,0,0.353,0.067,14,1.000,65.00,0.000,0.000,@CharacterBody3D@8890,<null>,0.000,-0.020,,0.000,1.29,112,-0.153
1495,c10_bandit_duel,34,187.299,69.505,-156.9,188.368,14.651,69.116,0.19,1H_Melee_Attack_Slice_Diagonal,1,0,0.320,0.100,14,1.000,65.00,0.000,0.000,@CharacterBody3D@8890,<null>,0.000,-0.053,,0.000,1.29,112,-0.187
1496,c10_bandit_duel,35,187.299,69.505,-156.9,187.966,15.326,68.442,31.06,1H_Melee_Attack_Slice_Diagonal,1,0,0.287,0.133,14,1.000,65.00,0.000,0.000,@CharacterBody3D@8890,<null>,0.000,-0.087,,0.000,1.28,112,-0.220
1497,c10_bandit_duel,36,187.299,69.505,-156.9,186.954,15.638,68.743,33.02,1H_Melee_Attack_Slice_Diagonal,1,0,0.253,0.167,14,1.000,65.00,0.000,0.000,@CharacterBody3D@8890,<null>,0.000,-0.120,,0.000,1.28,112,-0.253
1498,c10_bandit_duel,37,187.299,69.505,-156.9,187.118,15.820,69.184,15.14,1H_Melee_Attack_Slice_Diagonal,1,0,0.252,0.168,14,0.050,65.00,0.000,0.000,@CharacterBody3D@8890,<null>,0.000,0.348,,0.000,1.28,112,-0.255
1499,c10_bandit_duel,38,187.299,69.505,-156.9,187.147,15.834,69.201,1.09,1H_Melee_Attack_Slice_Diagonal,1,0,0.250,0.170,14,0.050,65.00,0.000,0.000,@CharacterBody3D@8890,<null>,0.000,0.347,,0.000,1.28,112,-0.257
1500,c10_bandit_duel,39,187.299,69.505,-156.9,187.173,15.849,69.213,0.96,1H_Melee_Attack_Slice_Diagonal,1,0,0.217,0.203,14,1.000,65.00,0.000,0.000,@CharacterBody3D@8890,<null>,0.000,0.313,,0.000,1.34,112,-0.290
1501,c10_bandit_duel,40,187.299,69.505,-156.9,188.118,15.807,69.646,31.20,1H_Melee_Attack_Slice_Diagonal,1,0,0.183,0.237,14,1.000,65.00,0.000,0.000,@CharacterBody3D@8890,<null>,0.000,0.280,,0.000,1.37,112,-0.323
1502,c10_bandit_duel,41,187.299,69.505,-156.9,188.296,15.569,69.920,12.14,1H_Melee_Attack_Slice_Diagonal,1,0,0.150,0.270,14,1.000,65.00,0.000,0.000,@CharacterBody3D@8890,<null>,0.000,0.247,,0.000,1.37,112,-0.357
1503,c10_bandit_duel,42,187.299,69.505,-156.9,188.468,15.351,69.844,8.63,1H_Melee_Attack_Slice_Diagonal,1,0,0.117,0.303,14,1.000,65.00,0.000,0.000,@CharacterBody3D@8890,<null>,0.000,0.213,,0.000,1.36,112,-0.390
1504,c10_bandit_duel,43,187.299,69.505,-156.9,188.571,15.100,69.639,10.22,1H_Melee_Attack_Slice_Diagonal,1,0,0.083,0.337,14,1.000,65.00,0.000,0.000,@CharacterBody3D@8890,<null>,0.000,0.180,,0.000,1.36,112,-0.423
1505,c10_bandit_duel,44,187.299,69.505,-156.9,188.554,14.872,69.384,10.28,1H_Melee_Attack_Slice_Diagonal,1,0,0.050,0.370,14,1.000,65.00,0.000,0.000,@CharacterBody3D@8890,<null>,0.000,0.147,,0.000,1.36,112,-0.457
1506,c10_bandit_duel,45,187.299,69.505,-156.9,188.430,14.710,69.129,9.79,1H_Melee_Attack_Slice_Diagonal,0,0,0.017,0.403,14,1.000,65.00,0.000,0.000,@CharacterBody3D@8890,<null>,0.000,0.113,,0.000,1.35,112,-0.490
1507,c10_bandit_duel,46,187.299,69.505,-156.9,188.374,14.676,69.052,3.02,1H_Melee_Attack_Slice_Diagonal,0,0,-0.017,0.437,14,1.000,65.00,0.000,0.000,@CharacterBody3D@8890,<null>,0.000,0.080,,0.000,1.35,112,-0.523
1508,c10_bandit_duel,47,187.299,69.505,-156.9,188.374,14.675,69.052,0.03,1H_Melee_Attack_Slice_Diagonal,0,0,-0.050,0.470,14,1.000,65.00,0.000,0.000,@CharacterBody3D@8890,<null>,0.000,0.047,,0.000,1.35,112,-0.557
1509,c10_bandit_duel,48,187.287,69.478,-157.1,188.364,14.676,69.028,0.78,1H_Melee_Attack_Slice_Horizontal,0,0,0.467,0.033,15,1.000,65.00,0.000,0.000,@CharacterBody3D@8890,<null>,0.000,0.013,,0.000,1.31,112,-0.590
1510,c10_bandit_duel,49,187.281,69.464,-157.1,188.350,14.680,68.994,1.12,1H_Melee_Attack_Slice_Horizontal,1,0,0.433,0.067,15,1.000,65.00,0.000,0.000,@CharacterBody3D@8890,<null>,0.000,-0.020,,0.000,1.29,112,-0.623
1511,c10_bandit_duel,50,187.280,69.461,-157.1,188.344,14.689,68.970,0.78,1H_Melee_Attack_Slice_Horizontal,1,0,0.400,0.100,15,1.000,65.00,0.000,0.000,@CharacterBody3D@8890,<null>,0.000,-0.053,,0.000,1.29,112,-0.657
1512,c10_bandit_duel,51,187.280,69.461,-157.1,188.537,14.768,69.247,10.42,1H_Melee_Attack_Slice_Horizontal,1,0,0.367,0.133,15,1.000,65.00,0.000,0.000,@CharacterBody3D@8890,<null>,0.000,-0.087,,0.000,1.28,112,-0.690
1513,c10_bandit_duel,52,187.280,69.461,-157.1,188.196,14.670,70.115,28.12,1H_Melee_Attack_Slice_Horizontal,1,0,0.333,0.167,15,1.000,65.00,0.000,0.000,@CharacterBody3D@8890,<null>,0.000,-0.120,,0.000,1.28,112,-0.723
1514,c10_bandit_duel,53,187.280,69.461,-157.1,187.944,14.221,69.823,17.74,1H_Melee_Attack_Slice_Horizontal,1,0,0.300,0.200,15,1.000,65.00,0.000,0.000,@CharacterBody3D@8890,<null>,0.000,-0.153,,0.000,1.28,112,-0.757
1515,c10_bandit_duel,54,187.280,69.461,-157.1,188.075,14.314,69.877,5.09,1H_Melee_Attack_Slice_Horizontal,1,0,0.267,0.233,15,1.000,65.00,0.000,0.000,@CharacterBody3D@8890,<null>,0.000,0.483,,0.000,1.27,112,-0.790
1516,c10_bandit_duel,55,187.280,69.461,-157.1,188.262,14.503,69.962,8.37,1H_Melee_Attack_Slice_Horizontal,1,0,0.233,0.267,15,1.000,65.00,0.000,0.000,@CharacterBody3D@8890,<null>,0.000,0.450,,0.000,1.27,112,-0.823
1517,c10_bandit_duel,56,187.280,69.461,-157.1,188.349,14.633,70.010,4.90,1H_Melee_Attack_Slice_Horizontal,1,0,0.200,0.300,15,1.000,65.00,0.000,0.000,@CharacterBody3D@8890,<null>,0.000,0.417,,0.000,1.26,112,-0.857
1518,c10_bandit_duel,57,187.280,69.461,-157.1,188.190,14.532,69.933,6.11,1H_Melee_Attack_Slice_Horizontal,1,0,0.198,0.302,15,0.050,65.00,0.000,0.000,,,0.000,0.000,,0.000,-1.00,112,-0.858
1519,c10_bandit_duel,58,187.280,69.461,-157.1,188.188,14.533,69.906,0.83,1H_Melee_Attack_Slice_Horizontal,1,0,0.197,0.303,15,0.050,65.00,0.000,0.000,,,0.000,0.000,,0.000,-1.00,112,-0.860
1520,c10_bandit_duel,59,187.280,69.461,-157.1,188.185,14.535,69.878,0.84,1H_Melee_Attack_Slice_Horizontal,1,0,0.163,0.337,15,1.000,65.00,0.000,0.000,,,0.000,0.000,,0.000,-1.00,112,-0.893
1521,c10_bandit_duel,60,187.280,69.461,-157.1,187.910,14.268,68.604,39.90,1H_Melee_Attack_Slice_Horizontal,1,0,0.130,0.370,15,1.000,65.00,0.000,0.000,,,0.000,0.000,,0.000,-1.00,112,-0.927
1522,c10_bandit_duel,61,187.280,69.461,-157.1,187.350,14.109,68.594,17.46,1H_Melee_Attack_Slice_Horizontal,1,0,0.097,0.403,15,1.000,65.00,0.000,0.000,,,0.000,0.000,,0.000,-1.00,112,-0.960
1523,c10_bandit_duel,62,187.280,69.461,-157.1,187.295,14.362,68.468,8.64,1H_Melee_Attack_Slice_Horizontal,1,0,0.063,0.437,15,1.000,65.00,0.000,0.000,,,0.000,0.000,,0.000,-1.00,112,-0.993
1524,c10_bandit_duel,63,187.280,69.461,-157.1,187.340,14.417,68.479,2.16,1H_Melee_Attack_Slice_Horizontal,1,0,0.030,0.470,15,1.000,65.00,0.000,0.000,,,0.000,0.000,,0.000,-1.00,112,-1.027
1525,c10_bandit_duel,64,187.243,69.374,-157.1,187.401,14.435,68.423,2.54,1H_Melee_Attack_Stab,1,0,0.567,0.033,16,1.000,65.00,0.000,0.000,,,0.000,0.000,,0.000,-1.00,112,-1.060
1526,c10_bandit_duel,65,187.212,69.299,-157.1,188.251,15.366,69.155,43.73,1H_Melee_Attack_Stab,1,0,0.533,0.067,16,1.000,65.00,0.000,0.000,,,0.000,0.000,,0.000,-1.00,112,-1.093
1527,c10_bandit_duel,66,187.186,69.237,-157.1,188.174,15.464,69.106,4.03,1H_Melee_Attack_Stab,1,0,0.500,0.100,16,1.000,65.00,0.000,0.000,,,0.000,0.000,,0.000,-1.00,112,-1.127
1528,c10_bandit_duel,67,187.164,69.187,-157.1,188.020,15.650,69.105,7.23,1H_Melee_Attack_Stab,1,0,0.467,0.133,16,1.000,65.00,0.000,0.000,,,0.000,0.000,,0.000,-1.00,112,-1.160
1529,c10_bandit_duel,68,187.148,69.149,-157.1,187.813,15.841,69.018,8.86,1H_Melee_Attack_Stab,1,0,0.433,0.167,16,1.000,65.00,0.000,0.000,,,0.000,0.000,,0.000,-1.00,112,-1.193
1530,c10_bandit_duel,69,187.137,69.123,-157.1,187.570,15.985,68.926,8.91,1H_Melee_Attack_Stab,1,0,0.400,0.200,16,1.000,65.00,0.000,0.000,,,0.000,0.000,,0.000,-1.00,112,-1.227
1531,c10_bandit_duel,70,187.132,69.109,-157.1,187.467,16.051,69.057,5.35,1H_Melee_Attack_Stab,1,0,0.367,0.233,16,1.000,65.00,0.000,0.000,,,0.000,0.000,,0.000,-1.00,112,-1.260
1532,c10_bandit_duel,71,187.131,69.107,-157.1,187.298,16.007,69.424,12.20,1H_Melee_Attack_Stab,1,0,0.333,0.267,16,1.000,65.00,0.000,0.000,,,0.000,0.000,,0.000,-1.00,112,-1.293
1533,c10_bandit_duel,72,187.131,69.107,-157.1,186.801,15.490,69.723,23.32,1H_Melee_Attack_Stab,1,0,0.300,0.300,16,1.000,65.00,0.000,0.000,,,0.000,0.000,,0.000,-1.00,112,-1.327
1534,c10_bandit_duel,73,187.131,69.107,-157.1,187.437,14.953,69.794,25.06,1H_Melee_Attack_Stab,1,0,0.267,0.333,16,1.000,65.00,0.000,0.000,,,0.000,0.000,,0.000,-1.00,112,-1.360
1535,c10_bandit_duel,74,187.131,69.107,-157.1,188.185,14.650,68.791,38.64,1H_Melee_Attack_Stab,1,0,0.233,0.367,16,1.000,65.00,0.000,0.000,,,0.000,0.000,,0.000,-1.00,112,-1.393
1536,c10_bandit_duel,75,187.131,69.107,-157.1,187.844,14.401,68.236,20.93,1H_Melee_Attack_Stab,1,0,0.200,0.400,16,1.000,65.00,0.000,0.000,,,0.000,0.000,,0.000,-1.00,112,-1.427
1537,c10_bandit_duel,76,187.131,69.107,-157.1,187.508,14.202,68.092,12.49,1H_Melee_Attack_Stab,1,0,0.167,0.433,16,1.000,65.00,0.000,0.000,,,0.000,0.000,,0.000,-1.00,112,-1.460
1538,c10_bandit_duel,77,187.131,69.107,-157.1,187.473,14.235,68.059,1.74,1H_Melee_Attack_Stab,1,0,0.133,0.467,16,1.000,65.00,0.000,0.000,,,0.000,0.000,,0.000,-1.00,112,-1.493
1539,c10_bandit_duel,78,187.131,69.107,-157.1,187.482,14.296,68.028,2.07,1H_Melee_Attack_Stab,1,0,0.100,0.500,16,1.000,65.00,0.000,0.000,,,0.000,0.000,,0.000,-1.00,112,-1.527
1540,c10_bandit_duel,79,187.131,69.107,-157.1,187.517,14.368,68.004,2.50,1H_Melee_Attack_Stab,1,0,0.067,0.533,16,1.000,65.00,0.000,0.000,,,0.000,0.000,,0.000,-1.00,112,-1.560
1541,c10_bandit_duel,80,187.131,69.107,-157.1,187.568,14.434,67.996,2.52,1H_Melee_Attack_Stab,1,0,0.033,0.567,16,1.000,65.00,0.000,0.000,,,0.000,0.000,,0.000,-1.00,112,-1.593
1542,c10_bandit_duel,81,187.112,69.062,-157.1,187.617,14.474,67.966,2.10,1H_Melee_Attack_Chop,1,0,0.420,0.000,17,1.000,65.00,0.000,0.000,,,0.000,0.000,,0.000,-1.00,112,-1.627
1543,c10_bandit_duel,82,187.078,68.981,-157.1,187.969,14.770,68.268,16.52,1H_Melee_Attack_Chop,1,0,0.387,0.033,17,1.000,65.00,0.000,0.000,,,0.000,0.000,,0.000,-1.00,112,-1.660
1544,c10_bandit_duel,83,187.049,68.912,-157.1,188.183,14.726,68.679,13.97,1H_Melee_Attack_Chop,1,0,0.353,0.067,17,1.000,65.00,0.000,0.000,,,0.000,0.000,,0.000,-1.00,112,-1.693
1545,c10_bandit_duel,84,187.025,68.856,-157.1,187.736,14.711,69.626,31.42,1H_Melee_Attack_Chop,1,0,0.320,0.100,17,1.000,65.00,0.000,0.000,,,0.000,0.000,,0.000,-1.00,112,-1.727
1546,c10_bandit_duel,85,187.006,68.811,-157.1,186.840,14.356,69.395,29.74,1H_Melee_Attack_Chop,1,0,0.287,0.133,17,1.000,65.00,0.000,0.000,,,0.000,0.000,,0.000,-1.00,112,-1.760
1547,c10_bandit_duel,86,186.992,68.779,-157.1,187.431,14.064,68.550,32.15,1H_Melee_Attack_Chop,1,0,0.253,0.167,17,1.000,65.00,0.000,0.000,,,0.000,0.000,,0.000,-1.00,112,-1.793
1548,c10_bandit_duel,87,186.984,68.759,-157.1,187.641,14.698,67.652,33.57,1H_Melee_Attack_Chop,1,0,0.220,0.200,17,1.000,65.00,0.000,0.000,,,0.000,0.000,,0.000,-1.00,112,-1.827
1549,c10_bandit_duel,88,186.980,68.751,-157.1,187.869,14.992,67.775,11.75,1H_Melee_Attack_Chop,1,0,0.187,0.233,17,1.000,65.00,0.000,0.000,,,0.000,0.000,,0.000,-1.00,112,-1.860
1550,c10_bandit_duel,89,186.980,68.751,-157.1,187.951,14.884,67.934,6.26,1H_Melee_Attack_Chop,1,0,0.153,0.267,17,1.000,65.00,0.000,0.000,,,0.000,0.000,,0.000,-1.00,112,-1.893
1551,c10_bandit_duel,90,186.980,68.751,-157.1,188.040,14.797,68.174,8.13,1H_Melee_Attack_Chop,0,0,0.120,0.300,17,1.000,65.00,0.000,0.000,,,0.000,0.000,,0.000,-1.00,112,-1.927
1552,c10_bandit_duel,91,186.980,68.751,-157.1,188.050,14.711,68.314,4.92,1H_Melee_Attack_Chop,0,0,0.087,0.333,17,1.000,65.00,0.000,0.000,,,0.000,0.000,,0.000,-1.00,112,-1.960
1553,c10_bandit_duel,92,186.980,68.751,-157.1,188.057,14.722,68.306,0.46,1H_Melee_Attack_Chop,0,0,0.053,0.367,17,1.000,65.00,0.000,0.000,,,0.000,0.000,,0.000,-1.00,112,-1.993
1554,c10_bandit_duel,93,186.980,68.751,-157.1,188.059,14.727,68.304,0.17,1H_Melee_Attack_Chop,0,0,0.020,0.400,17,1.000,65.00,0.000,0.000,,,0.000,0.000,,0.000,-1.00,112,-2.027
1555,c10_bandit_duel,94,186.980,68.751,-157.1,188.060,14.732,68.305,0.14,1H_Melee_Attack_Chop,0,0,-0.013,0.433,17,1.000,65.00,0.000,0.000,,,0.000,0.000,,0.000,-1.00,112,-2.060
1556,c10_bandit_duel,95,186.980,68.751,-157.1,188.061,14.736,68.306,0.14,1H_Melee_Attack_Chop,0,0,-0.047,0.467,17,1.000,65.00,0.000,0.000,,,0.000,0.000,,0.000,-1.00,112,-2.093
1557,c10_bandit_duel,96,186.943,68.663,-157.1,188.025,14.745,68.220,2.81,1H_Melee_Attack_Slice_Diagonal,0,0,0.387,0.033,18,1.000,65.00,0.000,0.000,,,0.000,0.000,,0.000,-1.00,112,-2.127
1558,c10_bandit_duel,97,186.912,68.588,-157.1,187.982,14.698,68.243,2.04,1H_Melee_Attack_Slice_Diagonal,1,0,0.353,0.067,18,1.000,65.00,0.000,0.000,,,0.000,0.000,,0.000,-1.00,112,-2.160
1559,c10_bandit_duel,98,186.885,68.525,-157.1,187.974,14.737,68.156,2.86,1H_Melee_Attack_Slice_Diagonal,1,0,0.320,0.100,18,1.000,65.00,0.000,0.000,,,0.000,0.000,,0.000,-1.00,112,-2.193
1560,c10_bandit_duel,99,186.864,68.474,-157.1,187.437,15.265,67.295,34.31,1H_Melee_Attack_Slice_Diagonal,1,0,0.287,0.133,18,1.000,65.00,0.000,0.000,,,0.000,0.000,,0.000,-1.00,112,-2.227
1561,c10_bandit_duel,100,186.847,68.436,-157.1,186.370,15.601,67.594,34.73,1H_Melee_Attack_Slice_Diagonal,1,0,0.253,0.167,18,1.000,65.00,0.000,0.000,,,0.000,0.000,,0.000,-1.00,112,-2.260
1562,c10_bandit_duel,101,186.836,68.410,-157.1,186.550,15.836,67.983,14.68,1H_Melee_Attack_Slice_Diagonal,1,0,0.220,0.200,18,1.000,65.00,0.000,0.000,,,0.000,0.000,,0.000,-1.00,112,-2.293
1563,c10_bandit_duel,102,186.830,68.396,-157.1,187.554,15.923,68.152,30.65,1H_Melee_Attack_Slice_Diagonal,1,0,0.187,0.233,18,1.000,65.00,0.000,0.000,,,0.000,0.000,,0.000,-1.00,112,-2.327
1564,c10_bandit_duel,103,186.829,68.393,-157.1,187.821,15.702,68.508,14.90,1H_Melee_Attack_Slice_Diagonal,1,0,0.153,0.267,18,1.000,65.00,0.000,0.000,,,0.000,0.000,,0.000,-1.00,112,-2.360
1565,c10_bandit_duel,104,186.829,68.393,-157.1,187.973,15.500,68.483,7.64,1H_Melee_Attack_Slice_Diagonal,1,0,0.120,0.300,18,1.000,65.00,0.000,0.000,,,0.000,0.000,,0.000,-1.00,112,-2.393
1566,c10_bandit_duel,105,186.829,68.393,-157.1,188.086,15.239,68.470,8.54,1H_Melee_Attack_Slice_Diagonal,1,0,0.087,0.333,18,1.000,65.00,0.000,0.000,,,0.000,0.000,,0.000,-1.00,112,-2.427
1567,c10_bandit_duel,106,186.829,68.393,-157.1,188.093,15.006,68.298,8.67,1H_Melee_Attack_Slice_Diagonal,1,0,0.053,0.367,18,1.000,65.00,0.000,0.000,,,0.000,0.000,,0.000,-1.00,112,-2.460
1568,c10_bandit_duel,107,186.829,68.393,-157.1,187.989,14.840,68.060,9.23,1H_Melee_Attack_Slice_Diagonal,0,0,0.020,0.400,18,1.000,65.00,0.000,0.000,,,0.000,0.000,,0.000,-1.00,112,-2.493
1569,c10_bandit_duel,108,186.829,68.393,-157.1,187.920,14.796,67.961,3.87,1H_Melee_Attack_Slice_Diagonal,0,0,-0.013,0.433,18,1.000,65.00,0.000,0.000,,,0.000,0.000,,0.000,-1.00,112,-2.527
1570,c10_bandit_duel,109,186.829,68.393,-157.1,187.919,14.794,67.960,0.07,1H_Melee_Attack_Slice_Diagonal,0,0,-0.047,0.467,18,1.000,65.00,0.000,0.000,,,0.000,0.000,,0.000,-1.00,112,-2.560
1571,c10_bandit_duel,110,186.829,68.393,-157.1,187.918,14.792,67.960,0.08,1H_Melee_Attack_Slice_Diagonal,0,0,-0.080,0.500,18,1.000,65.00,0.000,0.000,,,0.000,0.000,,0.000,-1.00,112,-2.593
1572,c10_bandit_duel,111,186.829,68.393,-157.1,187.917,14.789,67.958,0.12,1H_Melee_Attack_Slice_Diagonal,0,0,-0.113,0.533,18,1.000,65.00,0.000,0.000,,,0.000,0.000,,0.000,-1.00,112,-2.627
1573,c10_bandit_duel,112,186.792,68.306,-157.1,187.879,14.789,67.870,2.88,1H_Melee_Attack_Slice_Horizontal,0,0,0.467,0.033,19,1.000,65.00,0.000,0.000,,,0.000,0.000,,0.000,-1.00,112,-2.660
1574,c10_bandit_duel,113,186.761,68.231,-157.1,187.696,14.874,67.441,14.22,1H_Melee_Attack_Slice_Horizontal,1,0,0.433,0.067,19,1.000,65.00,0.000,0.000,,,0.000,0.000,,0.000,-1.00,112,-2.693
1575,c10_bandit_duel,114,186.734,68.168,-157.1,187.600,14.932,67.278,5.94,1H_Melee_Attack_Slice_Horizontal,1,0,0.400,0.100,19,1.000,65.00,0.000,0.000,,,0.000,0.000,,0.000,-1.00,112,-2.727
1576,c10_bandit_duel,115,186.713,68.117,-157.1,187.792,14.912,67.382,6.59,1H_Melee_Attack_Slice_Horizontal,1,0,0.367,0.133,19,1.000,65.00,0.000,0.000,,,0.000,0.000,,0.000,-1.00,112,-2.760
1577,c10_bandit_duel,116,186.696,68.078,-157.1,187.760,14.773,68.343,29.17,1H_Melee_Attack_Slice_Horizontal,1,0,0.333,0.167,19,1.000,65.00,0.000,0.000,,,0.000,0.000,,0.000,-1.00,112,-2.793
1578,c10_bandit_duel,117,186.685,68.052,-157.1,187.421,14.349,68.220,16.71,1H_Melee_Attack_Slice_Horizontal,1,0,0.300,0.200,19,1.000,65.00,0.000,0.000,,,0.000,0.000,,0.000,-1.00,112,-2.827
1579,c10_bandit_duel,118,186.679,68.038,-157.1,187.550,14.448,68.215,4.90,1H_Melee_Attack_Slice_Horizontal,1,0,0.267,0.233,19,1.000,65.00,0.000,0.000,,,0.000,0.000,,0.000,-1.00,112,-2.860
1580,c10_bandit_duel,119,186.678,68.036,-157.1,187.737,14.653,68.233,8.32,1H_Melee_Attack_Slice_Horizontal,1,0,0.233,0.267,19,1.000,65.00,0.000,0.000,,,0.000,0.000,,0.000,-1.00,112,-2.893
1581,c10_bandit_duel,120,186.678,68.036,-157.1,187.818,14.783,68.280,4.81,1H_Melee_Attack_Slice_Horizontal,1,0,0.200,0.300,19,1.000,65.00,0.000,0.000,,,0.000,0.000,,0.000,-1.00,112,-2.927
1582,c10_bandit_duel,121,186.678,68.036,-157.1,187.616,14.633,68.412,8.53,1H_Melee_Attack_Slice_Horizontal,1,0,0.167,0.333,19,1.000,65.00,0.000,0.000,,,0.000,0.000,,0.000,-1.00,112,-2.960
1583,c10_bandit_duel,122,186.678,68.036,-157.1,187.433,14.368,67.318,34.23,1H_Melee_Attack_Slice_Horizontal,1,0,0.133,0.367,19,1.000,65.00,0.000,0.000,,,0.000,0.000,,0.000,-1.00,112,-2.993
1584,c10_bandit_duel,123,186.678,68.036,-157.1,186.756,14.145,67.194,21.70,1H_Melee_Attack_Slice_Horizontal,1,0,0.100,0.400,19,1.000,65.00,0.000,0.000,,,0.000,0.000,,0.000,-1.00,112,-3.027
1585,c10_bandit_duel,124,186.678,68.036,-157.1,186.687,14.400,67.053,9.01,1H_Melee_Attack_Slice_Horizontal,1,0,0.067,0.433,19,1.000,65.00,0.000,0.000,,,0.000,0.000,,0.000,-1.00,112,-3.060
1586,c10_bandit_duel,125,186.678,68.036,-157.1,186.729,14.467,67.057,2.37,1H_Melee_Attack_Slice_Horizontal,1,0,0.033,0.467,19,1.000,65.00,0.000,0.000,,,0.000,0.000,,0.000,-1.00,112,-3.093
1587,c10_bandit_duel,126,186.678,68.036,-157.1,186.823,14.479,67.087,3.00,1H_Melee_Attack_Slice_Horizontal,1,0,0.000,0.500,19,1.000,65.00,0.000,0.000,,,0.000,0.000,,0.000,-1.00,112,-3.127
1588,c10_bandit_duel,127,186.678,68.036,-157.1,186.938,14.489,67.123,3.64,1H_Melee_Attack_Slice_Horizontal,1,0,-0.033,0.533,19,1.000,65.00,0.000,0.000,,,0.000,0.000,,0.000,-1.00,112,-3.160
1589,c10_bandit_duel,128,186.642,67.949,-157.1,187.014,14.514,67.065,2.95,1H_Melee_Attack_Stab,1,0,0.567,0.033,20,1.000,65.00,0.000,0.000,,,0.000,0.000,,0.000,-1.00,112,-3.193
1590,c10_bandit_duel,129,186.610,67.875,-157.1,187.616,15.421,67.752,38.59,1H_Melee_Attack_Stab,1,0,0.533,0.067,20,1.000,65.00,0.000,0.000,,,0.000,0.000,,0.000,-1.00,112,-3.227
1591,c10_bandit_duel,130,186.584,67.814,-157.1,187.541,15.538,67.709,4.35,1H_Melee_Attack_Stab,1,0,0.500,0.100,20,1.000,65.00,0.000,0.000,,,0.000,0.000,,0.000,-1.00,112,-3.260
1592,c10_bandit_duel,131,186.564,67.764,-157.1,187.392,15.750,67.710,7.80,1H_Melee_Attack_Stab,1,0,0.467,0.133,20,1.000,65.00,0.000,0.000,,,0.000,0.000,,0.000,-1.00,112,-3.293
1593,c10_bandit_duel,132,186.548,67.727,-157.1,187.197,15.963,67.621,9.05,1H_Melee_Attack_Stab,1,0,0.433,0.167,20,1.000,65.00,0.000,0.000,,,0.000,0.000,,0.000,-1.00,112,-3.327
1594,c10_bandit_duel,133,186.537,67.702,-157.1,186.977,16.117,67.519,8.63,1H_Melee_Attack_Stab,1,0,0.400,0.200,20,1.000,65.00,0.000,0.000,,,0.000,0.000,,0.000,-1.00,112,-3.360
1595,c10_bandit_duel,134,186.532,67.690,-157.1,186.895,16.178,67.640,4.76,1H_Melee_Attack_Stab,1,0,0.367,0.233,20,1.000,65.00,0.000,0.000,,,0.000,0.000,,0.000,-1.00,112,-3.393
1596,c10_bandit_duel,135,186.531,67.688,-157.1,186.723,16.139,67.996,11.91,1H_Melee_Attack_Stab,1,0,0.333,0.267,20,1.000,65.00,0.000,0.000,,,0.000,0.000,,0.000,-1.00,112,-3.427
1597,c10_bandit_duel,136,186.531,67.688,-157.1,186.189,15.643,68.286,23.54,1H_Melee_Attack_Stab,1,0,0.300,0.300,20,1.000,65.00,0.000,0.000,,,0.000,0.000,,0.000,-1.00,112,-3.460
1598,c10_bandit_duel,137,186.531,67.688,-157.1,186.821,15.052,68.383,26.12,1H_Melee_Attack_Stab,1,0,0.267,0.333,20,1.000,65.00,0.000,0.000,,,0.000,0.000,,0.000,-1.00,112,-3.493
1599,c10_bandit_duel,138,186.531,67.688,-157.1,187.586,14.732,67.377,39.09,1H_Melee_Attack_Stab,1,0,0.233,0.367,20,1.000,65.00,0.000,0.000,,,0.000,0.000,,0.000,-1.00,112,-3.527
1600,c10_bandit_duel,139,186.531,67.688,-157.1,187.246,14.483,66.818,21.01,1H_Melee_Attack_Stab,1,0,0.200,0.400,20,1.000,65.00,0.000,0.000,,,0.000,0.000,,0.000,-1.00,112,-3.560
1601,c10_bandit_duel,140,186.531,67.688,-157.1,186.910,14.288,66.673,12.45,1H_Melee_Attack_Stab,1,0,0.167,0.433,20,1.000,65.00,0.000,0.000,,,0.000,0.000,,0.000,-1.00,112,-3.593
1602,c10_bandit_duel,141,186.531,67.688,-157.1,186.875,14.325,66.639,1.85,1H_Melee_Attack_Stab,1,0,0.133,0.467,20,1.000,65.00,0.000,0.000,,,0.000,0.000,,0.000,-1.00,112,-3.627
1603,c10_bandit_duel,142,186.531,67.688,-157.1,186.884,14.391,66.606,2.22,1H_Melee_Attack_Stab,1,0,0.100,0.500,20,1.000,65.00,0.000,0.000,,,0.000,0.000,,0.000,-1.00,112,-3.660
1604,c10_bandit_duel,143,186.531,67.688,-157.1,186.918,14.468,66.582,2.65,1H_Melee_Attack_Stab,1,0,0.067,0.533,20,1.000,65.00,0.000,0.000,,,0.000,0.000,,0.000,-1.00,112,-3.693
1605,c10_bandit_duel,144,186.531,67.688,-157.1,186.970,14.539,66.573,2.63,1H_Melee_Attack_Stab,1,0,0.033,0.567,20,1.000,65.00,0.000,0.000,,,0.000,0.000,,0.000,-1.00,112,-3.727
1606,c10_bandit_duel,145,186.531,67.688,-157.1,187.038,14.580,66.587,2.42,1H_Melee_Attack_Stab,1,0,-0.000,0.600,20,1.000,65.00,0.000,0.000,,,0.000,0.000,,0.000,-1.00,112,-3.760
1607,c10_bandit_duel,146,186.531,67.688,-157.1,187.152,14.601,66.634,3.76,1H_Melee_Attack_Stab,1,0,-0.033,0.633,20,1.000,65.00,0.000,0.000,,,0.000,0.000,,0.000,-1.00,112,-3.793
1608,c10_bandit_duel,147,186.531,67.688,-157.1,187.413,14.748,66.795,10.21,1H_Melee_Attack_Stab,1,0,-0.067,0.667,20,1.000,65.00,0.000,0.000,,,0.000,0.000,,0.000,-1.00,112,-3.827
1609,c10_bandit_duel,148,186.531,67.688,-157.1,187.595,15.184,67.110,17.05,1H_Melee_Attack_Stab,1,0,-0.100,0.700,20,1.000,65.00,0.000,0.000,,,0.000,0.000,,0.000,-1.00,112,-3.860
1610,c10_bandit_duel,149,186.531,67.688,-157.1,187.392,15.619,67.120,14.40,1H_Melee_Attack_Stab,1,0,-0.133,0.733,20,1.000,65.00,0.000,0.000,,,0.000,0.000,,0.000,-1.00,112,-3.893
1611,c10_bandit_duel,150,186.531,67.688,-157.1,187.217,15.565,66.796,11.16,1H_Melee_Attack_Stab,1,0,-0.167,0.767,20,1.000,65.00,0.000,0.000,,,0.000,0.000,,0.000,-1.00,112,-3.927
1612,c10_bandit_duel,151,186.531,67.688,-157.1,187.291,15.284,66.694,9.22,1H_Melee_Attack_Stab,1,0,-0.200,0.800,20,1.000,65.00,0.000,0.000,,,0.000,0.000,,0.000,-1.00,112,-3.960
1613,c10_bandit_duel,152,186.531,67.688,-157.1,187.491,15.115,66.855,9.21,1H_Melee_Attack_Stab,1,0,-0.233,0.833,20,1.000,65.00,0.000,0.000,,,0.000,0.000,,0.000,-1.00,112,-3.993
1614,c10_bandit_duel,153,186.531,67.688,-157.1,187.651,15.144,67.146,10.01,1H_Melee_Attack_Stab,1,0,-0.267,0.867,20,1.000,65.00,0.000,0.000,,,0.000,0.000,,0.000,-1.00,112,-4.027
1615,c10_bandit_duel,154,186.531,67.688,-157.1,187.699,15.280,67.461,10.40,1H_Melee_Attack_Stab,1,0,-0.300,0.900,20,1.000,65.00,0.000,0.000,,,0.000,0.000,,0.000,-1.00,112,-4.060
1616,c10_bandit_duel,155,186.531,67.688,-157.1,187.672,15.381,67.665,6.88,1H_Melee_Attack_Stab,1,0,-0.333,0.933,20,1.000,65.00,0.000,0.000,,,0.000,0.000,,0.000,-1.00,112,-4.093
1617,c10_bandit_duel,156,186.531,67.688,-157.1,187.638,15.427,67.778,3.78,1H_Melee_Attack_Stab,1,0,-0.367,0.967,20,1.000,65.00,0.000,0.000,,,0.000,0.000,,0.000,-1.00,112,-4.127
1618,c10_bandit_duel,157,186.531,67.688,-157.1,187.612,15.441,67.850,2.33,1H_Melee_Attack_Stab,1,0,-0.400,1.000,20,1.000,65.00,0.000,0.000,,,0.000,0.000,,0.000,-1.00,112,-4.160
1619,c10_bandit_duel,158,186.531,67.688,-157.1,187.645,15.350,67.873,2.98,1H_Melee_Attack_Stab,1,0,-0.433,1.033,20,1.000,65.00,0.000,0.000,,,0.000,0.000,,0.000,-1.00,112,-4.193
1620,c10_bandit_duel,159,186.531,67.688,-157.1,187.705,15.180,67.814,5.67,1H_Melee_Attack_Stab,1,0,-0.467,1.067,20,1.000,65.00,0.000,0.000,,,0.000,0.000,,0.000,-1.00,112,-4.227
1621,c10_bandit_duel,160,186.531,67.688,-157.1,187.733,15.027,67.697,5.85,1H_Melee_Attack_Stab,1,0,-0.500,1.100,20,1.000,65.00,0.000,0.000,,,0.000,0.000,,0.000,-1.00,112,-4.260
1622,c10_bandit_duel,161,186.531,67.688,-157.1,187.724,14.907,67.546,5.79,1H_Melee_Attack_Stab,1,0,-0.533,1.133,20,1.000,65.00,0.000,0.000,,,0.000,0.000,,0.000,-1.00,112,-4.293
1623,c10_bandit_duel,162,186.531,67.688,-157.1,187.677,14.824,67.382,5.70,1H_Melee_Attack_Stab,0,0,-0.567,1.167,20,1.000,65.00,0.000,0.000,,,0.000,0.000,,0.000,-1.00,112,-4.327
1624,c10_bandit_duel,163,186.531,67.688,-157.1,187.607,14.783,67.239,4.94,1H_Melee_Attack_Stab,0,0,-0.600,1.200,20,1.000,65.00,0.000,0.000,,,0.000,0.000,,0.000,-1.00,112,-4.360
1625,c10_bandit_duel,164,186.531,67.688,-157.1,187.606,14.783,67.238,0.03,1H_Melee_Attack_Stab,0,0,-0.633,1.233,20,1.000,65.00,0.000,0.000,,,0.000,0.000,,0.000,-1.00,112,-4.393
1626,c10_bandit_duel,165,186.531,67.688,-157.1,187.607,14.784,67.239,0.05,1H_Melee_Attack_Stab,0,0,-0.667,1.267,20,1.000,65.00,0.000,0.000,,,0.000,0.000,,0.000,-1.00,112,-4.427
1627,c10_bandit_duel,166,186.531,67.688,-157.1,187.608,14.786,67.240,0.07,1H_Melee_Attack_Stab,0,0,-0.700,1.300,20,1.000,65.00,0.000,0.000,,,0.000,0.000,,0.000,-1.00,112,-4.460
1628,c10_bandit_duel,167,186.531,67.688,-157.1,187.608,14.788,67.240,0.08,1H_Melee_Attack_Stab,0,0,-0.733,1.333,20,1.000,65.00,0.000,0.000,,,0.000,0.000,,0.000,-1.00,112,-4.493
1629,c10_bandit_duel,168,186.531,67.688,-157.1,187.609,14.792,67.241,0.11,1H_Melee_Attack_Stab,0,0,-0.767,1.367,20,1.000,65.00,0.000,0.000,,,0.000,0.000,,0.000,-1.00,112,-4.527
1630,gap,1,186.531,67.688,-157.1,187.610,14.796,67.242,0.14,1H_Melee_Attack_Stab,0,0,-0.800,1.400,20,1.000,65.00,0.000,0.000,,,0.000,0.000,,0.000,-1.00,112,-4.560
1631,gap,2,186.531,67.688,-157.1,187.612,14.801,67.243,0.14,1H_Melee_Attack_Stab,0,0,-0.833,1.433,20,1.000,65.00,0.000,0.000,,,0.000,0.000,,0.000,-1.00,112,-4.593
1632,gap,3,186.531,67.688,-157.1,187.613,14.806,67.244,0.15,1H_Melee_Attack_Stab,0,0,-0.867,1.467,20,1.000,65.00,0.000,0.000,,,0.000,0.000,,0.000,-1.00,112,-4.627
1633,gap,4,187.425,69.799,180.0,188.595,14.978,69.813,82.67,1H_Melee_Attack_Stab,0,0,-0.900,1.500,20,1.000,65.00,0.000,0.000,,,0.000,0.000,,0.000,-1.00,112,-4.660
1634,gap,5,187.425,69.799,180.0,188.595,14.686,69.815,8.76,1H_Melee_Attack_Stab,0,0,-0.933,1.533,20,1.000,65.00,0.000,0.000,,,0.000,0.000,,0.000,-1.00,112,-4.693
1635,gap,6,187.425,69.799,180.0,188.616,14.754,69.570,7.64,1H_Melee_Attack_Stab,0,0,-0.967,1.567,20,1.000,65.00,0.000,0.000,,,0.000,0.000,,0.000,-1.00,112,-4.727
1636,gap,7,187.425,69.799,180.0,188.603,14.767,69.482,2.72,1H_Melee_Attack_Stab,0,0,-1.000,1.600,20,1.000,65.00,0.000,0.000,,,0.000,0.000,,0.000,-1.00,112,-4.760
1637,gap,8,187.425,69.799,180.0,188.612,14.769,69.521,1.21,1H_Melee_Attack_Stab,0,0,-1.033,1.633,20,1.000,65.00,0.000,0.000,,,0.000,0.000,,0.000,-1.00,112,-4.793
1638,gap,9,187.425,69.799,180.0,188.624,14.765,69.623,3.09,1H_Melee_Attack_Stab,0,0,-1.067,1.667,20,1.000,65.00,0.000,0.000,,,0.000,0.000,,0.000,-1.00,112,-4.827
1639,gap,10,187.425,69.799,180.0,188.621,14.751,69.722,3.02,1H_Melee_Attack_Stab,0,0,-1.100,1.700,20,1.000,65.00,0.000,0.000,,,0.000,0.000,,0.000,-1.00,112,-4.860
1640,gap,11,187.425,69.799,180.0,188.611,14.734,69.783,1.93,1H_Melee_Attack_Stab,0,0,-1.133,1.733,20,1.000,65.00,0.000,0.000,,,0.000,0.000,,0.000,-1.00,112,-4.893
1641,gap,12,187.425,69.799,180.0,188.602,14.720,69.812,0.97,1H_Melee_Attack_Stab,0,0,-1.167,1.767,20,1.000,65.00,0.000,0.000,,,0.000,0.000,,0.000,-1.00,112,-4.927
1642,gap,13,187.425,69.799,180.0,188.599,14.715,69.822,0.37,1H_Melee_Attack_Stab,0,0,-1.200,1.800,20,1.000,65.00,0.000,0.000,,,0.000,0.000,,0.000,-1.00,112,-4.960
1643,gap,14,187.425,69.799,180.0,188.598,14.715,69.825,0.07,1H_Melee_Attack_Stab,0,0,-1.233,1.833,20,1.000,65.00,0.000,0.000,,,0.000,0.000,,0.000,-1.00,112,-4.993
1644,gap,15,187.425,69.799,180.0,188.598,14.715,69.825,0.03,1H_Melee_Attack_Stab,0,0,-1.267,1.867,20,1.000,65.00,0.000,0.000,,,0.000,0.000,,0.000,-1.00,112,-5.027
1645,gap,16,187.425,69.799,180.0,188.597,14.713,69.825,0.07,1H_Melee_Attack_Stab,0,0,-1.300,1.900,20,1.000,65.00,0.000,0.000,,,0.000,0.000,,0.000,-1.00,112,-5.060
1646,gap,17,187.425,69.799,180.0,188.597,14.710,69.823,0.08,1H_Melee_Attack_Stab,0,0,-1.333,1.933,20,1.000,65.00,0.000,0.000,,,0.000,0.000,,0.000,-1.00,112,-5.093
1647,gap,18,187.425,69.799,180.0,188.596,14.707,69.821,0.12,1H_Melee_Attack_Stab,0,0,-1.367,1.967,20,1.000,65.00,0.000,0.000,,,0.000,0.000,,0.000,-1.00,112,-5.127
1648,gap,19,187.425,69.799,180.0,188.596,14.703,69.820,0.13,1H_Melee_Attack_Stab,0,0,-1.400,2.000,20,1.000,65.00,0.000,0.000,,,0.000,0.000,,0.000,-1.00,112,-5.160
1649,gap,20,187.425,69.799,180.0,188.595,14.699,69.819,0.13,1H_Melee_Attack_Stab,0,0,-1.433,2.033,20,1.000,65.00,0.000,0.000,,,0.000,0.000,,0.000,-1.00,112,-5.193
1650,gap,21,187.425,69.799,180.0,188.594,14.694,69.817,0.15,1H_Melee_Attack_Stab,0,0,-1.467,2.067,20,1.000,65.00,0.000,0.000,,,0.000,0.000,,0.000,-1.00,112,-5.227
1651,gap,22,187.425,69.799,180.0,188.594,14.689,69.815,0.15,1H_Melee_Attack_Stab,0,0,-1.500,2.100,20,1.000,65.00,0.000,0.000,,,0.000,0.000,,0.000,-1.00,112,-5.260
1652,gap,23,187.425,69.799,180.0,188.593,14.684,69.814,0.15,1H_Melee_Attack_Stab,0,0,-1.533,2.133,20,1.000,65.00,0.000,0.000,,,0.000,0.000,,0.000,-1.00,112,-5.293
1653,gap,24,187.425,69.799,180.0,188.593,14.680,69.812,0.15,1H_Melee_Attack_Stab,0,0,-1.567,2.167,20,1.000,65.00,0.000,0.000,@CharacterBody3D@8955,0,0.000,0.000,,0.000,2.30,120,-5.327
1654,gap,25,187.425,69.799,180.0,188.592,14.675,69.810,0.16,1H_Melee_Attack_Stab,0,0,-1.600,2.200,20,1.000,65.00,0.000,0.000,@CharacterBody3D@8955,2,0.000,-0.033,walk,0.000,2.29,120,-5.360
1655,gap,26,187.425,69.799,180.0,188.592,14.670,69.809,0.15,1H_Melee_Attack_Stab,0,0,-1.633,2.233,20,1.000,65.00,0.000,0.000,@CharacterBody3D@8955,2,0.000,-0.067,walk,0.000,2.26,120,-5.393
1656,gap,27,187.425,69.799,180.0,188.591,14.665,69.807,0.14,1H_Melee_Attack_Stab,0,0,-1.667,2.267,20,1.000,65.00,0.000,0.000,@CharacterBody3D@8955,2,0.000,-0.100,walk,0.034,2.21,120,-5.427
1657,gap,28,187.425,69.799,180.0,188.591,14.662,69.806,0.11,1H_Melee_Attack_Stab,0,0,-1.700,2.300,20,1.000,65.00,0.000,0.000,@CharacterBody3D@8955,2,0.000,-0.133,walk,0.081,2.16,120,-5.460
1658,gap,29,187.425,69.799,180.0,188.591,14.658,69.805,0.11,1H_Melee_Attack_Stab,0,0,-1.733,2.333,20,1.000,65.00,0.000,0.000,@CharacterBody3D@8955,2,0.000,-0.167,run,0.000,2.10,120,-5.493
1659,gap,30,187.425,69.799,180.0,188.592,14.657,69.804,0.06,1H_Melee_Attack_Stab,0,0,-1.767,2.367,20,1.000,65.00,0.000,0.000,@CharacterBody3D@8955,2,0.000,-0.200,run,0.000,2.04,120,-5.527
1660,gap,31,187.425,69.799,180.0,188.592,14.656,69.804,0.03,1H_Melee_Attack_Stab,0,0,-1.800,2.400,20,1.000,65.00,0.000,0.000,@CharacterBody3D@8955,2,0.000,-0.233,run,0.024,1.97,120,-5.560
1661,gap,32,187.425,69.799,180.0,188.592,14.655,69.803,0.03,1H_Melee_Attack_Stab,0,0,-1.833,2.433,20,1.000,65.00,0.000,0.000,@CharacterBody3D@8955,2,0.000,-0.267,run,0.049,1.89,120,-5.593
1662,gap,33,187.425,69.799,180.0,188.593,14.655,69.804,0.03,1H_Melee_Attack_Stab,0,0,-1.867,2.467,20,1.000,65.00,0.000,0.000,@CharacterBody3D@8955,2,0.000,-0.300,run,0.076,1.82,120,-5.627
1663,c11_kill_goblin_death,1,187.425,69.799,257.3,187.685,14.656,68.660,43.81,1H_Melee_Attack_Stab,0,0,-1.900,2.500,20,1.000,65.00,0.000,0.000,@CharacterBody3D@8955,2,0.000,-0.333,run,0.104,1.74,120,-5.660
1664,c11_kill_goblin_death,2,187.425,69.704,180.0,188.594,14.662,69.710,41.67,1H_Melee_Attack_Chop,0,0,0.387,0.033,21,1.000,65.00,0.000,0.000,@CharacterBody3D@8955,2,0.000,-0.367,run,0.132,1.56,120,-5.693
1665,c11_kill_goblin_death,3,187.425,69.623,180.0,188.540,14.715,69.485,7.12,1H_Melee_Attack_Chop,1,0,0.353,0.067,21,1.000,65.00,0.000,0.000,@CharacterBody3D@8955,2,0.483,0.933,attack,0.000,1.41,120,-5.727
1666,c11_kill_goblin_death,4,187.425,69.555,180.0,188.562,14.777,69.507,2.08,1H_Melee_Attack_Chop,1,0,0.320,0.100,21,1.000,65.00,0.000,0.000,@CharacterBody3D@8955,2,0.450,0.900,attack,0.000,1.28,120,-5.760
1667,c11_kill_goblin_death,5,187.425,69.500,180.0,188.409,14.592,70.046,17.70,1H_Melee_Attack_Chop,1,0,0.287,0.133,21,1.000,65.00,0.000,0.000,@CharacterBody3D@8955,2,0.417,0.867,attack,0.037,1.18,120,-5.793
1668,c11_kill_goblin_death,6,187.425,69.458,180.0,187.190,14.417,70.189,37.20,1H_Melee_Attack_Chop,1,0,0.253,0.167,21,1.000,65.00,0.000,0.000,@CharacterBody3D@8955,2,0.383,0.833,attack,0.073,1.10,120,-5.827
1669,c11_kill_goblin_death,7,187.425,69.457,180.0,187.752,13.981,69.138,38.07,1H_Melee_Attack_Chop,1,0,0.252,0.168,21,0.050,65.00,0.000,0.000,@CharacterBody3D@8955,2,0.000,0.298,hit,0.000,1.09,120,-5.828
1670,c11_kill_goblin_death,8,187.425,69.455,180.0,188.150,14.137,69.697,21.10,1H_Melee_Attack_Chop,1,0,0.250,0.170,21,0.050,65.00,0.000,0.000,@CharacterBody3D@8955,2,0.000,0.297,hit,0.000,1.09,120,-5.830
1671,c11_kill_goblin_death,9,187.426,69.428,180.0,188.200,14.151,69.619,2.81,1H_Melee_Attack_Chop,1,0,0.217,0.203,21,1.000,65.00,0.000,0.000,@CharacterBody3D@8955,2,0.000,0.263,hit,0.002,1.08,120,-5.863
1672,c11_kill_goblin_death,10,187.426,69.415,180.0,188.537,14.721,68.720,33.48,1H_Melee_Attack_Chop,1,0,0.183,0.237,21,1.000,65.00,0.000,0.000,@CharacterBody3D@8955,2,0.000,0.230,hit,0.035,1.09,120,-5.897
1673,c11_kill_goblin_death,11,187.426,69.413,180.0,188.657,14.924,68.947,9.83,1H_Melee_Attack_Chop,1,0,0.150,0.270,21,1.000,65.00,0.000,0.000,@CharacterBody3D@8955,2,0.000,0.197,hit,0.068,1.10,120,-5.930
1674,c11_kill_goblin_death,12,187.426,69.413,180.0,188.668,14.837,69.124,5.92,1H_Melee_Attack_Chop,1,0,0.117,0.303,21,1.000,65.00,0.000,0.000,@CharacterBody3D@8955,2,0.000,0.163,hit,0.102,1.11,120,-5.963
1675,c11_kill_goblin_death,13,187.426,69.413,180.0,188.652,14.781,69.347,6.90,1H_Melee_Attack_Chop,0,0,0.083,0.337,21,1.000,65.00,0.000,0.000,@CharacterBody3D@8955,2,0.000,0.130,hit,0.135,1.12,120,-5.997
1676,c11_kill_goblin_death,14,187.426,69.413,180.0,188.602,14.713,69.438,3.73,1H_Melee_Attack_Chop,0,0,0.050,0.370,21,1.000,65.00,0.000,0.000,@CharacterBody3D@8955,2,0.000,0.097,hit,0.168,1.12,120,-6.030
1677,c11_kill_goblin_death,15,187.426,69.413,180.0,188.606,14.724,69.434,0.36,1H_Melee_Attack_Chop,0,0,0.017,0.403,21,1.000,65.00,0.000,0.000,@CharacterBody3D@8955,2,0.000,0.063,hit,0.202,1.12,120,-6.063
1678,c11_kill_goblin_death,16,187.426,69.413,178.3,188.605,14.728,69.470,1.09,1H_Melee_Attack_Slice_Diagonal,0,0,0.387,0.033,22,1.000,65.00,0.000,0.000,@CharacterBody3D@8955,2,0.000,0.030,hit,0.235,1.12,120,-6.097
1679,c11_kill_goblin_death,17,187.426,69.413,178.3,188.606,14.731,69.471,0.10,1H_Melee_Attack_Slice_Diagonal,1,0,0.353,0.067,22,1.000,65.00,0.000,0.000,@CharacterBody3D@8955,2,0.000,-0.003,walk,0.000,1.13,120,-6.130
1680,c11_kill_goblin_death,18,187.426,69.413,178.3,188.606,14.733,69.472,0.05,1H_Melee_Attack_Slice_Diagonal,1,0,0.320,0.100,22,1.000,65.00,0.000,0.000,@CharacterBody3D@8955,2,0.000,-0.037,walk,0.000,1.14,120,-6.163
1681,c11_kill_goblin_death,19,187.426,69.413,178.3,188.478,15.343,68.732,29.06,1H_Melee_Attack_Slice_Diagonal,1,0,0.287,0.133,22,1.000,65.00,0.000,0.000,@CharacterBody3D@8955,2,0.000,-0.070,walk,0.026,1.17,120,-6.197
1682,c11_kill_goblin_death,20,187.426,69.413,178.3,187.434,15.645,68.582,32.92,1H_Melee_Attack_Slice_Diagonal,1,0,0.253,0.167,22,1.000,65.00,0.000,0.000,@CharacterBody3D@8955,2,0.000,-0.103,walk,0.063,1.20,120,-6.230
1683,c11_kill_goblin_death,21,187.426,69.413,178.3,187.399,15.830,69.058,15.34,1H_Melee_Attack_Slice_Diagonal,1,0,0.252,0.168,22,0.050,65.00,0.000,0.000,@CharacterBody3D@8955,2,0.000,0.298,hit,0.000,1.20,120,-6.232
1684,c11_kill_goblin_death,22,187.426,69.413,178.3,187.418,15.844,69.085,1.09,1H_Melee_Attack_Slice_Diagonal,1,0,0.250,0.170,22,0.050,65.00,0.000,0.000,@CharacterBody3D@8955,2,0.000,0.297,hit,0.000,1.20,120,-6.233
1685,c11_kill_goblin_death,23,187.426,69.413,178.3,187.436,15.858,69.108,0.96,1H_Melee_Attack_Slice_Diagonal,1,0,0.217,0.203,22,1.000,65.00,0.000,0.000,@CharacterBody3D@8955,2,0.000,0.263,hit,0.002,1.22,120,-6.267
1686,c11_kill_goblin_death,24,187.426,69.413,178.3,188.111,15.811,69.900,31.25,1H_Melee_Attack_Slice_Diagonal,1,0,0.183,0.237,22,1.000,65.00,0.000,0.000,@CharacterBody3D@8955,2,0.000,0.230,hit,0.035,1.25,120,-6.300
1687,c11_kill_goblin_death,25,187.426,69.413,178.3,188.157,15.578,70.218,11.91,1H_Melee_Attack_Slice_Diagonal,1,0,0.150,0.270,22,1.000,65.00,0.000,0.000,@CharacterBody3D@8955,2,0.000,0.197,hit,0.068,1.26,120,-6.333
1688,c11_kill_goblin_death,26,187.426,69.413,178.3,188.344,15.368,70.220,8.43,1H_Melee_Attack_Slice_Diagonal,1,0,0.117,0.303,22,1.000,65.00,0.000,0.000,@CharacterBody3D@8955,2,0.000,0.163,hit,0.102,1.28,120,-6.367
1689,c11_kill_goblin_death,27,187.426,69.413,178.3,188.525,15.125,70.080,10.02,1H_Melee_Attack_Slice_Diagonal,1,0,0.083,0.337,22,1.000,65.00,0.000,0.000,@CharacterBody3D@8955,2,0.000,0.130,hit,0.135,1.29,120,-6.400
1690,c11_kill_goblin_death,28,187.426,69.413,178.3,188.620,14.904,69.843,10.12,1H_Melee_Attack_Slice_Diagonal,1,0,0.050,0.370,22,1.000,65.00,0.000,0.000,@CharacterBody3D@8955,2,0.000,0.097,hit,0.168,1.30,120,-6.433
1691,c11_kill_goblin_death,29,187.426,69.413,178.3,188.618,14.747,69.559,9.73,1H_Melee_Attack_Slice_Diagonal,0,0,0.017,0.403,22,1.000,65.00,0.000,0.000,@CharacterBody3D@8955,2,0.000,0.063,hit,0.202,1.30,120,-6.467
1692,c11_kill_goblin_death,30,187.426,69.409,177.2,188.598,14.713,69.482,2.61,1H_Melee_Attack_Slice_Horizontal,0,0,0.467,0.033,23,1.000,65.00,0.000,0.000,@CharacterBody3D@8955,2,0.000,0.030,hit,0.235,1.30,120,-6.500
1693,c11_kill_goblin_death,31,187.426,69.409,177.2,188.597,14.708,69.480,0.16,1H_Melee_Attack_Slice_Horizontal,1,0,0.433,0.067,23,1.000,65.00,0.000,0.000,@CharacterBody3D@8955,2,0.000,-0.003,walk,0.000,1.31,120,-6.533
1694,c11_kill_goblin_death,32,187.426,69.409,177.2,188.596,14.703,69.478,0.16,1H_Melee_Attack_Slice_Horizontal,1,0,0.400,0.100,23,1.000,65.00,0.000,0.000,@CharacterBody3D@8955,2,0.000,-0.037,walk,0.000,1.33,120,-6.567
1695,c11_kill_goblin_death,33,187.426,69.409,177.2,188.642,14.756,69.828,10.72,1H_Melee_Attack_Slice_Horizontal,1,0,0.367,0.133,23,1.000,65.00,0.000,0.000,@CharacterBody3D@8955,2,0.000,-0.070,walk,0.027,1.36,120,-6.600
1696,c11_kill_goblin_death,34,187.426,69.409,177.2,187.953,14.652,70.407,27.17,1H_Melee_Attack_Slice_Horizontal,1,0,0.333,0.167,23,1.000,65.00,0.000,0.000,@CharacterBody3D@8955,2,0.000,-0.103,walk,0.064,1.40,120,-6.633
1697,c11_kill_goblin_death,35,187.426,69.409,177.2,187.867,14.215,70.021,17.69,1H_Melee_Attack_Slice_Horizontal,1,0,0.300,0.200,23,1.000,65.00,0.000,0.000,@CharacterBody3D@8955,2,0.000,-0.137,walk,0.109,1.44,120,-6.667
1698,c11_kill_goblin_death,36,187.426,69.409,177.2,187.960,14.309,70.128,5.11,1H_Melee_Attack_Slice_Horizontal,1,0,0.267,0.233,23,1.000,65.00,0.000,0.000,@CharacterBody3D@8955,2,0.000,-0.170,walk,0.161,1.48,120,-6.700
1699,c11_kill_goblin_death,37,187.426,69.409,177.2,188.092,14.499,70.286,8.40,1H_Melee_Attack_Slice_Horizontal,1,0,0.233,0.267,23,1.000,65.00,0.000,0.000,@CharacterBody3D@8955,2,0.000,-0.203,run,0.000,1.53,120,-6.733
1700,c11_kill_goblin_death,38,187.426,69.409,177.2,188.149,14.630,70.367,4.93,1H_Melee_Attack_Slice_Horizontal,1,0,0.200,0.300,23,1.000,65.00,0.000,0.000,@CharacterBody3D@8955,2,0.000,-0.237,run,0.000,1.58,120,-6.767
1701,c11_kill_goblin_death,39,187.426,69.409,177.2,188.037,14.530,70.230,6.10,1H_Melee_Attack_Slice_Horizontal,1,0,0.198,0.302,23,0.050,65.00,0.000,0.000,,,0.000,0.000,,0.000,-1.00,120,-6.768
1702,c11_kill_goblin_death,40,187.426,69.409,177.2,188.048,14.531,70.204,0.83,1H_Melee_Attack_Slice_Horizontal,1,0,0.197,0.303,23,0.050,65.00,0.000,0.000,,,0.000,0.000,,0.000,-1.00,120,-6.770
1703,c11_kill_goblin_death,41,187.426,69.409,177.2,188.057,14.533,70.177,0.84,1H_Melee_Attack_Slice_Horizontal,1,0,0.163,0.337,23,1.000,65.00,0.000,0.000,,,0.000,0.000,,0.000,-1.00,120,-6.803
1704,c11_kill_goblin_death,42,187.426,69.409,177.2,188.360,14.251,68.914,39.88,1H_Melee_Attack_Slice_Horizontal,1,0,0.130,0.370,23,1.000,65.00,0.000,0.000,,,0.000,0.000,,0.000,-1.00,120,-6.837
1705,c11_kill_goblin_death,43,187.426,69.409,177.2,187.858,14.089,68.665,17.49,1H_Melee_Attack_Slice_Horizontal,1,0,0.097,0.403,23,1.000,65.00,0.000,0.000,,,0.000,0.000,,0.000,-1.00,120,-6.870
1706,c11_kill_goblin_death,44,187.431,69.314,177.2,187.868,14.343,68.430,10.39,1H_Melee_Attack_Stab,1,0,0.567,0.033,24,1.000,65.00,0.000,0.000,,,0.000,0.000,,0.000,-1.00,120,-6.903
1707,c11_kill_goblin_death,45,187.435,69.233,177.2,188.435,15.363,69.554,48.63,1H_Melee_Attack_Stab,1,0,0.533,0.067,24,1.000,65.00,0.000,0.000,,,0.000,0.000,,0.000,-1.00,120,-6.937
1708,c11_kill_goblin_death,46,187.438,69.165,177.2,188.386,15.462,69.476,4.05,1H_Melee_Attack_Stab,1,0,0.500,0.100,24,1.000,65.00,0.000,0.000,,,0.000,0.000,,0.000,-1.00,120,-6.970
1709,c11_kill_goblin_death,47,187.441,69.110,177.2,188.248,15.647,69.407,7.23,1H_Melee_Attack_Stab,1,0,0.467,0.133,24,1.000,65.00,0.000,0.000,,,0.000,0.000,,0.000,-1.00,120,-7.003
1710,c11_kill_goblin_death,48,187.443,69.068,177.2,188.099,15.839,69.238,8.86,1H_Melee_Attack_Stab,1,0,0.433,0.167,24,1.000,65.00,0.000,0.000,,,0.000,0.000,,0.000,-1.00,120,-7.037
1711,c11_kill_goblin_death,49,187.444,69.040,177.2,187.920,15.982,69.050,8.91,1H_Melee_Attack_Stab,1,0,0.400,0.200,24,1.000,65.00,0.000,0.000,,,0.000,0.000,,0.000,-1.00,120,-7.070
1712,c11_kill_goblin_death,50,187.445,69.025,177.2,187.771,16.046,69.123,5.33,1H_Melee_Attack_Stab,1,0,0.367,0.233,24,1.000,65.00,0.000,0.000,,,0.000,0.000,,0.000,-1.00,120,-7.103
1713,c11_kill_goblin_death,51,187.445,69.022,177.2,187.459,16.002,69.380,12.22,1H_Melee_Attack_Stab,1,0,0.333,0.267,24,1.000,65.00,0.000,0.000,,,0.000,0.000,,0.000,-1.00,120,-7.137
1714,c11_kill_goblin_death,52,187.445,69.022,177.2,186.883,15.484,69.434,23.30,1H_Melee_Attack_Stab,1,0,0.300,0.300,24,1.000,65.00,0.000,0.000,,,0.000,0.000,,0.000,-1.00,120,-7.170
1715,c11_kill_goblin_death,53,187.445,69.022,177.2,187.422,14.954,69.770,24.82,1H_Melee_Attack_Stab,1,0,0.267,0.333,24,1.000,65.00,0.000,0.000,,,0.000,0.000,,0.000,-1.00,120,-7.203
1716,c11_kill_goblin_death,54,187.445,69.022,177.2,188.526,14.643,69.193,38.53,1H_Melee_Attack_Stab,1,0,0.233,0.367,24,1.000,65.00,0.000,0.000,,,0.000,0.000,,0.000,-1.00,120,-7.237
1717,c11_kill_goblin_death,55,187.445,69.022,177.2,188.458,14.389,68.548,20.88,1H_Melee_Attack_Stab,1,0,0.200,0.400,24,1.000,65.00,0.000,0.000,,,0.000,0.000,,0.000,-1.00,120,-7.270
1718,c11_kill_goblin_death,56,187.445,69.022,177.2,188.217,14.194,68.273,12.44,1H_Melee_Attack_Stab,1,0,0.167,0.433,24,1.000,65.00,0.000,0.000,,,0.000,0.000,,0.000,-1.00,120,-7.303
1719,c11_kill_goblin_death,57,187.445,69.022,177.2,188.201,14.232,68.227,1.87,1H_Melee_Attack_Stab,1,0,0.133,0.467,24,1.000,65.00,0.000,0.000,,,0.000,0.000,,0.000,-1.00,120,-7.337
1720,c11_kill_goblin_death,58,187.445,69.022,177.2,188.223,14.298,68.200,2.24,1H_Melee_Attack_Stab,1,0,0.100,0.500,24,1.000,65.00,0.000,0.000,,,0.000,0.000,,0.000,-1.00,120,-7.370
1721,c11_kill_goblin_death,59,187.445,69.022,177.2,188.265,14.378,68.193,2.71,1H_Melee_Attack_Stab,1,0,0.067,0.533,24,1.000,65.00,0.000,0.000,,,0.000,0.000,,0.000,-1.00,120,-7.403
1722,c11_kill_goblin_death,60,187.445,69.022,177.2,188.315,14.449,68.207,2.64,1H_Melee_Attack_Stab,1,0,0.033,0.567,24,1.000,65.00,0.000,0.000,,,0.000,0.000,,0.000,-1.00,120,-7.437
1723,c11_kill_goblin_death,61,187.445,69.022,177.2,188.371,14.490,68.250,2.42,1H_Melee_Attack_Stab,1,0,-0.000,0.600,24,1.000,65.00,0.000,0.000,,,0.000,0.000,,0.000,-1.00,120,-7.470
1724,c11_kill_goblin_death,62,187.445,69.022,177.2,188.453,14.510,68.342,3.75,1H_Melee_Attack_Stab,1,0,-0.033,0.633,24,1.000,65.00,0.000,0.000,,,0.000,0.000,,0.000,-1.00,120,-7.503
1725,c11_kill_goblin_death,63,187.445,69.022,177.2,188.619,14.657,68.600,10.21,1H_Melee_Attack_Stab,1,0,-0.067,0.667,24,1.000,65.00,0.000,0.000,,,0.000,0.000,,0.000,-1.00,120,-7.537
1726,c11_kill_goblin_death,64,187.445,69.022,177.2,188.648,15.094,68.962,17.06,1H_Melee_Attack_Stab,1,0,-0.100,0.700,24,1.000,65.00,0.000,0.000,,,0.000,0.000,,0.000,-1.00,120,-7.570
1727,c11_kill_goblin_death,65,187.445,69.022,177.2,188.460,15.529,68.882,14.40,1H_Melee_Attack_Stab,1,0,-0.133,0.733,24,1.000,65.00,0.000,0.000,,,0.000,0.000,,0.000,-1.00,120,-7.603
1728,c11_kill_goblin_death,66,187.445,69.022,177.2,188.444,15.474,68.515,11.16,1H_Melee_Attack_Stab,1,0,-0.167,0.767,24,1.000,65.00,0.000,0.000,,,0.000,0.000,,0.000,-1.00,120,-7.637
1729,c11_kill_goblin_death,67,187.445,69.022,177.2,188.554,15.195,68.456,9.18,1H_Melee_Attack_Stab,1,0,-0.200,0.800,24,1.000,65.00,0.000,0.000,,,0.000,0.000,,0.000,-1.00,120,-7.670
1730,c11_kill_goblin_death,68,187.445,69.022,177.2,188.666,15.027,68.688,9.21,1H_Melee_Attack_Stab,1,0,-0.233,0.833,24,1.000,65.00,0.000,0.000,,,0.000,0.000,,0.000,-1.00,120,-7.703
1731,c11_kill_goblin_death,69,187.445,69.022,177.2,188.684,15.056,69.020,10.02,1H_Melee_Attack_Stab,1,0,-0.267,0.867,24,1.000,65.00,0.000,0.000,,,0.000,0.000,,0.000,-1.00,120,-7.737
1732,c11_kill_goblin_death,70,187.445,69.022,177.2,188.591,15.190,69.325,10.40,1H_Melee_Attack_Stab,1,0,-0.300,0.900,24,1.000,65.00,0.000,0.000,,,0.000,0.000,,0.000,-1.00,120,-7.770
1733,c11_kill_goblin_death,71,187.445,69.022,177.2,188.479,15.291,69.497,6.88,1H_Melee_Attack_Stab,1,0,-0.333,0.933,24,1.000,65.00,0.000,0.000,,,0.000,0.000,,0.000,-1.00,120,-7.803
1734,c11_kill_goblin_death,72,187.445,69.022,177.2,188.400,15.337,69.584,3.77,1H_Melee_Attack_Stab,1,0,-0.367,0.967,24,1.000,65.00,0.000,0.000,,,0.000,0.000,,0.000,-1.00,120,-7.837
1735,c11_kill_goblin_death,73,187.445,69.022,177.2,188.346,15.351,69.638,2.32,1H_Melee_Attack_Stab,1,0,-0.400,1.000,24,1.000,65.00,0.000,0.000,,,0.000,0.000,,0.000,-1.00,120,-7.870
1736,c11_kill_goblin_death,74,187.445,69.022,177.2,188.366,15.260,69.673,2.98,1H_Melee_Attack_Stab,1,0,-0.433,1.033,24,1.000,65.00,0.000,0.000,,,0.000,0.000,,0.000,-1.00,120,-7.903
1737,c11_kill_goblin_death,75,187.445,69.022,177.2,188.446,15.091,69.647,5.66,1H_Melee_Attack_Stab,1,0,-0.467,1.067,24,1.000,65.00,0.000,0.000,,,0.000,0.000,,0.000,-1.00,120,-7.937
1738,c11_kill_goblin_death,76,187.445,69.022,177.2,188.523,14.938,69.553,5.85,1H_Melee_Attack_Stab,1,0,-0.500,1.100,24,1.000,65.00,0.000,0.000,,,0.000,0.000,,0.000,-1.00,120,-7.970
1739,c11_kill_goblin_death,77,187.445,69.022,177.2,188.581,14.818,69.413,5.80,1H_Melee_Attack_Stab,1,0,-0.533,1.133,24,1.000,65.00,0.000,0.000,,,0.000,0.000,,0.000,-1.00,120,-8.003
1740,c11_kill_goblin_death,78,187.445,69.022,177.2,188.610,14.735,69.244,5.71,1H_Melee_Attack_Stab,0,0,-0.567,1.167,24,1.000,65.00,0.000,0.000,,,0.000,0.000,,0.000,-1.00,120,-8.037
1741,c11_kill_goblin_death,79,187.445,69.022,177.2,188.611,14.695,69.083,4.98,1H_Melee_Attack_Stab,0,0,-0.600,1.200,24,1.000,65.00,0.000,0.000,,,0.000,0.000,,0.000,-1.00,120,-8.070
1742,c11_kill_goblin_death,80,187.445,69.022,177.2,188.611,14.694,69.083,0.02,1H_Melee_Attack_Stab,0,0,-0.633,1.233,24,1.000,65.00,0.000,0.000,,,0.000,0.000,,0.000,-1.00,120,-8.103
1743,c11_kill_goblin_death,81,187.445,69.022,177.2,188.611,14.694,69.084,0.02,1H_Melee_Attack_Stab,0,0,-0.667,1.267,24,1.000,65.00,0.000,0.000,,,0.000,0.000,,0.000,-1.00,120,-8.137
1744,c11_kill_goblin_death,82,187.445,69.022,177.2,188.612,14.695,69.083,0.04,1H_Melee_Attack_Stab,0,0,-0.700,1.300,24,1.000,65.00,0.000,0.000,,,0.000,0.000,,0.000,-1.00,120,-8.170
1745,c11_kill_goblin_death,83,187.445,69.022,177.2,188.613,14.697,69.084,0.07,1H_Melee_Attack_Stab,0,0,-0.733,1.333,24,1.000,65.00,0.000,0.000,,,0.000,0.000,,0.000,-1.00,120,-8.203
1746,c11_kill_goblin_death,84,187.445,69.022,177.2,188.614,14.700,69.085,0.09,1H_Melee_Attack_Stab,0,0,-0.767,1.367,24,1.000,65.00,0.000,0.000,,,0.000,0.000,,0.000,-1.00,120,-8.237
1747,c11_kill_goblin_death,85,187.445,69.022,177.2,188.615,14.703,69.086,0.10,1H_Melee_Attack_Stab,0,0,-0.800,1.400,24,1.000,65.00,0.000,0.000,,,0.000,0.000,,0.000,-1.00,120,-8.270
1748,c11_kill_goblin_death,86,187.445,69.022,177.2,188.616,14.707,69.088,0.14,1H_Melee_Attack_Stab,0,0,-0.833,1.433,24,1.000,65.00,0.000,0.000,,,0.000,0.000,,0.000,-1.00,120,-8.303
1749,c11_kill_goblin_death,87,187.445,69.022,177.2,188.617,14.712,69.089,0.15,1H_Melee_Attack_Stab,0,0,-0.867,1.467,24,1.000,65.00,0.000,0.000,,,0.000,0.000,,0.000,-1.00,120,-8.337
1750,c11_kill_goblin_death,88,187.445,69.022,177.2,188.618,14.717,69.090,0.15,1H_Melee_Attack_Stab,0,0,-0.900,1.500,24,1.000,65.00,0.000,0.000,,,0.000,0.000,,0.000,-1.00,120,-8.370
1751,c11_kill_goblin_death,89,187.445,69.022,177.2,188.619,14.721,69.092,0.15,1H_Melee_Attack_Stab,0,0,-0.933,1.533,24,1.000,65.00,0.000,0.000,,,0.000,0.000,,0.000,-1.00,120,-8.403
1752,c11_kill_goblin_death,90,187.445,69.022,177.2,188.620,14.726,69.094,0.15,1H_Melee_Attack_Stab,0,0,-0.967,1.567,24,1.000,65.00,0.000,0.000,,,0.000,0.000,,0.000,-1.00,120,-8.437
1753,c11_kill_goblin_death,91,187.445,69.022,177.2,188.621,14.730,69.096,0.15,1H_Melee_Attack_Stab,0,0,-1.000,1.600,24,1.000,65.00,0.000,0.000,,,0.000,0.000,,0.000,-1.00,120,-8.470
1754,c11_kill_goblin_death,92,187.445,69.022,177.2,188.622,14.735,69.097,0.16,1H_Melee_Attack_Stab,0,0,-1.033,1.633,24,1.000,65.00,0.000,0.000,,,0.000,0.000,,0.000,-1.00,120,-8.503
1755,c11_kill_goblin_death,93,187.445,69.022,177.2,188.623,14.740,69.099,0.15,1H_Melee_Attack_Stab,0,0,-1.067,1.667,24,1.000,65.00,0.000,0.000,,,0.000,0.000,,0.000,-1.00,120,-8.537
1756,c11_kill_goblin_death,94,187.445,69.022,177.2,188.623,14.744,69.100,0.14,1H_Melee_Attack_Stab,0,0,-1.100,1.700,24,1.000,65.00,0.000,0.000,,,0.000,0.000,,0.000,-1.00,120,-8.570
1757,c11_kill_goblin_death,95,187.445,69.022,177.2,188.624,14.748,69.101,0.12,1H_Melee_Attack_Stab,0,0,-1.133,1.733,24,1.000,65.00,0.000,0.000,,,0.000,0.000,,0.000,-1.00,120,-8.603
1758,c11_kill_goblin_death,96,187.445,69.022,177.2,188.624,14.751,69.103,0.09,1H_Melee_Attack_Stab,0,0,-1.167,1.767,24,1.000,65.00,0.000,0.000,,,0.000,0.000,,0.000,-1.00,120,-8.637
1759,c11_kill_goblin_death,97,187.445,69.022,177.2,188.624,14.752,69.103,0.05,1H_Melee_Attack_Stab,0,0,-1.200,1.800,24,1.000,65.00,0.000,0.000,,,0.000,0.000,,0.000,-1.00,120,-8.670
1760,c11_kill_goblin_death,98,187.445,69.022,177.2,188.623,14.753,69.104,0.05,1H_Melee_Attack_Stab,0,0,-1.233,1.833,24,1.000,65.00,0.000,0.000,,,0.000,0.000,,0.000,-1.00,120,-8.703
1761,c11_kill_goblin_death,99,187.445,69.022,177.2,188.623,14.755,69.105,0.06,1H_Melee_Attack_Stab,0,0,-1.267,1.867,24,1.000,65.00,0.000,0.000,,,0.000,0.000,,0.000,-1.00,120,-8.737
1762,c11_kill_goblin_death,100,187.445,69.022,177.2,188.623,14.756,69.106,0.03,1H_Melee_Attack_Stab,0,0,-1.300,1.900,24,1.000,65.00,0.000,0.000,,,0.000,0.000,,0.000,-1.00,120,-8.770
1763,c11_kill_goblin_death,101,187.445,69.022,177.2,188.623,14.755,69.105,0.05,1H_Melee_Attack_Stab,0,0,-1.333,1.933,24,1.000,65.00,0.000,0.000,,,0.000,0.000,,0.000,-1.00,120,-8.803
1764,c11_kill_goblin_death,102,187.445,69.022,177.2,188.622,14.752,69.104,0.08,1H_Melee_Attack_Stab,0,0,-1.367,1.967,24,1.000,65.00,0.000,0.000,,,0.000,0.000,,0.000,-1.00,120,-8.837
1765,c11_kill_goblin_death,103,187.445,69.022,177.2,188.621,14.749,69.101,0.12,1H_Melee_Attack_Stab,0,0,-1.400,2.000,24,1.000,65.00,0.000,0.000,,,0.000,0.000,,0.000,-1.00,120,-8.870
1766,c11_kill_goblin_death,104,187.445,69.022,177.2,188.620,14.745,69.100,0.13,1H_Melee_Attack_Stab,0,0,-1.433,2.033,24,1.000,65.00,0.000,0.000,,,0.000,0.000,,0.000,-1.00,120,-8.903
1767,c11_kill_goblin_death,105,187.445,69.022,177.2,188.619,14.741,69.099,0.14,1H_Melee_Attack_Stab,0,0,-1.467,2.067,24,1.000,65.00,0.000,0.000,,,0.000,0.000,,0.000,-1.00,120,-8.937
1768,c11_kill_goblin_death,106,187.445,69.022,177.2,188.618,14.736,69.097,0.15,1H_Melee_Attack_Stab,0,0,-1.500,2.100,24,1.000,65.00,0.000,0.000,,,0.000,0.000,,0.000,-1.00,120,-8.970
1769,c11_kill_goblin_death,107,187.445,69.022,177.2,188.617,14.731,69.095,0.16,1H_Melee_Attack_Stab,0,0,-1.533,2.133,24,1.000,65.00,0.000,0.000,,,0.000,0.000,,0.000,-1.00,120,-9.003
1770,c11_kill_goblin_death,108,187.445,69.022,177.2,188.616,14.727,69.093,0.16,1H_Melee_Attack_Stab,0,0,-1.567,2.167,24,1.000,65.00,0.000,0.000,,,0.000,0.000,,0.000,-1.00,120,-9.037
1771,c11_kill_goblin_death,109,187.445,69.022,177.2,188.615,14.722,69.091,0.16,1H_Melee_Attack_Stab,0,0,-1.600,2.200,24,1.000,65.00,0.000,0.000,,,0.000,0.000,,0.000,-1.00,120,-9.070
1772,c11_kill_goblin_death,110,187.445,69.022,177.2,188.614,14.716,69.090,0.17,1H_Melee_Attack_Stab,0,0,-1.633,2.233,24,1.000,65.00,0.000,0.000,,,0.000,0.000,,0.000,-1.00,120,-9.103
1773,c11_kill_goblin_death,111,187.445,69.022,177.2,188.613,14.711,69.088,0.16,1H_Melee_Attack_Stab,0,0,-1.667,2.267,24,1.000,65.00,0.000,0.000,,,0.000,0.000,,0.000,-1.00,120,-9.137
1774,c11_kill_goblin_death,112,187.445,69.022,177.2,188.612,14.706,69.087,0.15,1H_Melee_Attack_Stab,0,0,-1.700,2.300,24,1.000,65.00,0.000,0.000,,,0.000,0.000,,0.000,-1.00,120,-9.170
1775,c11_kill_goblin_death,113,187.445,69.022,177.2,188.611,14.702,69.085,0.14,1H_Melee_Attack_Stab,0,0,-1.733,2.333,24,1.000,65.00,0.000,0.000,,,0.000,0.000,,0.000,-1.00,120,-9.203
1776,c11_kill_goblin_death,114,187.445,69.022,177.2,188.611,14.698,69.085,0.11,1H_Melee_Attack_Stab,0,0,-1.767,2.367,24,1.000,65.00,0.000,0.000,,,0.000,0.000,,0.000,-1.00,120,-9.237
1777,c11_kill_goblin_death,115,187.445,69.022,177.2,188.610,14.696,69.084,0.09,1H_Melee_Attack_Stab,0,0,-1.800,2.400,24,1.000,65.00,0.000,0.000,,,0.000,0.000,,0.000,-1.00,120,-9.270
1778,c11_kill_goblin_death,116,187.445,69.022,177.2,188.610,14.694,69.083,0.05,1H_Melee_Attack_Stab,0,0,-1.833,2.433,24,1.000,65.00,0.000,0.000,,,0.000,0.000,,0.000,-1.00,120,-9.303
1779,c11_kill_goblin_death,117,187.445,69.022,177.2,188.609,14.693,69.083,0.02,1H_Melee_Attack_Stab,0,0,-1.867,2.467,24,1.000,65.00,0.000,0.000,,,0.000,0.000,,0.000,-1.00,120,-9.337
1780,c11_kill_goblin_death,118,187.445,69.022,177.2,188.609,14.693,69.084,0.02,1H_Melee_Attack_Stab,0,0,-1.900,2.500,24,1.000,65.00,0.000,0.000,,,0.000,0.000,,0.000,-1.00,120,-9.370
1781,c11_kill_goblin_death,119,187.445,69.022,177.2,188.609,14.693,69.083,0.02,1H_Melee_Attack_Stab,0,0,-1.933,2.533,24,1.000,65.00,0.000,0.000,,,0.000,0.000,,0.000,-1.00,120,-9.403
1782,c11_kill_goblin_death,120,187.445,69.022,177.2,188.609,14.694,69.084,0.06,1H_Melee_Attack_Stab,0,0,-1.967,2.567,24,1.000,65.00,0.000,0.000,,,0.000,0.000,,0.000,-1.00,120,-9.437
1783,c11_kill_goblin_death,121,187.445,69.022,177.2,188.609,14.697,69.085,0.07,1H_Melee_Attack_Stab,0,0,-2.000,2.600,24,1.000,65.00,0.000,0.000,,,0.000,0.000,,0.000,-1.00,120,-9.470
1784,c11_kill_goblin_death,122,187.445,69.022,177.2,188.610,14.699,69.086,0.09,1H_Melee_Attack_Stab,0,0,-2.033,2.633,24,1.000,65.00,0.000,0.000,,,0.000,0.000,,0.000,-1.00,120,-9.503
1785,c11_kill_goblin_death,123,187.445,69.022,177.2,188.610,14.703,69.087,0.12,1H_Melee_Attack_Stab,0,0,-2.067,2.667,24,1.000,65.00,0.000,0.000,,,0.000,0.000,,0.000,-1.00,120,-9.537
1786,c11_kill_goblin_death,124,187.445,69.022,177.2,188.611,14.708,69.089,0.14,1H_Melee_Attack_Stab,0,0,-2.100,2.700,24,1.000,65.00,0.000,0.000,,,0.000,0.000,,0.000,-1.00,120,-9.570
1787,c11_kill_goblin_death,125,187.445,69.022,177.2,188.612,14.712,69.090,0.15,1H_Melee_Attack_Stab,0,0,-2.133,2.733,24,1.000,65.00,0.000,0.000,,,0.000,0.000,,0.000,-1.00,120,-9.603
1788,c11_kill_goblin_death,126,187.445,69.022,177.2,188.612,14.717,69.092,0.15,1H_Melee_Attack_Stab,0,0,-2.167,2.767,24,1.000,65.00,0.000,0.000,,,0.000,0.000,,0.000,-1.00,120,-9.637
1789,gap,1,187.445,69.022,177.2,188.613,14.722,69.093,0.15,1H_Melee_Attack_Stab,0,0,-2.200,2.800,24,1.000,65.00,0.000,0.000,,,0.000,0.000,,0.000,-1.00,120,-9.670
1790,gap,2,187.445,69.022,177.2,188.613,14.727,69.095,0.16,1H_Melee_Attack_Stab,0,0,-2.233,2.833,24,1.000,65.00,0.000,0.000,,,0.000,0.000,,0.000,-1.00,120,-9.703
1791,gap,3,187.445,69.022,177.2,188.614,14.732,69.097,0.17,1H_Melee_Attack_Stab,0,0,-2.267,2.867,24,1.000,65.00,0.000,0.000,,,0.000,0.000,,0.000,-1.00,120,-9.737
1792,gap,4,187.425,69.799,180.0,188.597,14.994,69.818,23.04,1H_Melee_Attack_Stab,0,0,-2.300,2.900,24,1.000,65.00,0.000,0.000,,,0.000,0.000,,0.000,-1.00,120,-9.770
1793,gap,5,187.425,69.799,180.0,188.597,14.703,69.820,8.76,1H_Melee_Attack_Stab,0,0,-2.333,2.933,24,1.000,65.00,0.000,0.000,,,0.000,0.000,,0.000,-1.00,120,-9.803
1794,gap,6,187.425,69.799,180.0,188.598,14.707,69.821,0.14,1H_Melee_Attack_Stab,0,0,-2.367,2.967,24,1.000,65.00,0.000,0.000,,,0.000,0.000,,0.000,-1.00,120,-9.837
1795,gap,7,187.425,69.799,180.0,188.598,14.711,69.822,0.12,1H_Melee_Attack_Stab,0,0,-2.400,3.000,24,1.000,65.00,0.000,0.000,,,0.000,0.000,,0.000,-1.00,120,-9.870
1796,gap,8,187.425,69.799,180.0,188.598,14.713,69.822,0.06,1H_Melee_Attack_Stab,0,0,-2.433,3.033,24,1.000,65.00,0.000,0.000,,,0.000,0.000,,0.000,-1.00,120,-9.903
1797,gap,9,187.425,69.799,180.0,188.598,14.714,69.823,0.04,1H_Melee_Attack_Stab,0,0,-2.467,3.067,24,1.000,65.00,0.000,0.000,,,0.000,0.000,,0.000,-1.00,120,-9.937
1798,gap,10,187.425,69.799,180.0,188.598,14.714,69.824,0.03,1H_Melee_Attack_Stab,0,0,-2.500,3.100,24,1.000,65.00,0.000,0.000,,,0.000,0.000,,0.000,-1.00,120,-9.970
1799,gap,11,187.425,69.799,180.0,188.598,14.715,69.825,0.03,1H_Melee_Attack_Stab,0,0,-2.533,3.133,24,1.000,65.00,0.000,0.000,,,0.000,0.000,,0.000,-1.00,120,-10.003
1800,gap,12,187.425,69.799,180.0,188.598,14.714,69.825,0.03,1H_Melee_Attack_Stab,0,0,-2.567,3.167,24,1.000,65.00,0.000,0.000,,,0.000,0.000,,0.000,-1.00,120,-10.037
1801,gap,13,187.425,69.799,180.0,188.597,14.712,69.824,0.07,1H_Melee_Attack_Stab,0,0,-2.600,3.200,24,1.000,65.00,0.000,0.000,,,0.000,0.000,,0.000,-1.00,120,-10.070
1802,gap,14,187.425,69.799,180.0,188.597,14.709,69.823,0.10,1H_Melee_Attack_Stab,0,0,-2.633,3.233,24,1.000,65.00,0.000,0.000,,,0.000,0.000,,0.000,-1.00,120,-10.103
1803,gap,15,187.425,69.799,180.0,188.596,14.706,69.821,0.12,1H_Melee_Attack_Stab,0,0,-2.667,3.267,24,1.000,65.00,0.000,0.000,,,0.000,0.000,,0.000,-1.00,120,-10.137
1804,gap,16,187.425,69.799,180.0,188.595,14.702,69.820,0.13,1H_Melee_Attack_Stab,0,0,-2.700,3.300,24,1.000,65.00,0.000,0.000,,,0.000,0.000,,0.000,-1.00,120,-10.170
1805,gap,17,187.425,69.799,180.0,188.595,14.697,69.818,0.14,1H_Melee_Attack_Stab,0,0,-2.733,3.333,24,1.000,65.00,0.000,0.000,,,0.000,0.000,,0.000,-1.00,120,-10.203
1806,gap,18,187.425,69.799,180.0,188.594,14.693,69.817,0.15,1H_Melee_Attack_Stab,0,0,-2.767,3.367,24,1.000,65.00,0.000,0.000,,,0.000,0.000,,0.000,-1.00,120,-10.237
1807,gap,19,187.425,69.799,180.0,188.594,14.688,69.815,0.15,1H_Melee_Attack_Stab,0,0,-2.800,3.400,24,1.000,65.00,0.000,0.000,,,0.000,0.000,,0.000,-1.00,120,-10.270
1808,gap,20,187.425,69.799,180.0,188.593,14.683,69.813,0.15,1H_Melee_Attack_Stab,0,0,-2.833,3.433,24,1.000,65.00,0.000,0.000,,,0.000,0.000,,0.000,-1.00,120,-10.303
1809,gap,21,187.425,69.799,180.0,188.593,14.678,69.811,0.15,1H_Melee_Attack_Stab,0,0,-2.867,3.467,24,1.000,65.00,0.000,0.000,,,0.000,0.000,,0.000,-1.00,120,-10.337
1810,gap,22,187.425,69.799,180.0,188.592,14.673,69.810,0.16,1H_Melee_Attack_Stab,0,0,-2.900,3.500,24,1.000,65.00,0.000,0.000,,,0.000,0.000,,0.000,-1.00,120,-10.370
1811,gap,23,187.425,69.799,180.0,188.592,14.669,69.808,0.15,1H_Melee_Attack_Stab,0,0,-2.933,3.533,24,1.000,65.00,0.000,0.000,,,0.000,0.000,,0.000,-1.00,120,-10.403
1812,c12_dodge,1,187.425,69.799,260.2,187.631,14.664,68.651,45.13,1H_Melee_Attack_Stab,0,0,-2.967,3.567,24,1.000,65.00,0.000,0.000,,,0.000,0.000,,0.000,-1.00,120,-10.437
1813,c12_dodge,2,187.649,69.838,260.2,187.854,14.652,68.690,6.79,1H_Melee_Attack_Stab,0,0,-0.033,3.600,24,1.000,65.00,0.000,0.000,,,0.000,0.000,,0.000,-1.00,120,-10.470
1814,c12_dodge,3,187.864,69.875,260.2,188.067,14.640,68.727,6.52,1H_Melee_Attack_Stab,0,1,-0.067,3.633,24,1.000,65.00,0.000,0.000,,,0.000,0.000,,0.000,-1.00,120,-10.503
1815,c12_dodge,4,188.069,69.911,260.2,188.272,14.634,68.762,6.24,1H_Melee_Attack_Stab,0,1,-0.100,3.667,24,1.000,65.00,0.000,0.000,,,0.000,0.000,,0.000,-1.00,120,-10.537
1816,c12_dodge,5,188.264,69.944,260.2,188.168,15.441,68.784,24.41,1H_Melee_Attack_Stab,0,1,-0.133,3.700,24,1.000,65.00,0.000,0.000,,,0.000,0.000,,0.000,-1.00,120,-10.570
1817,c12_dodge,6,188.450,69.977,260.2,187.947,15.018,68.744,14.38,1H_Melee_Attack_Stab,0,1,-0.167,3.733,24,1.000,65.00,0.000,0.000,,,0.000,0.000,,0.000,-1.00,120,-10.603
1818,c12_dodge,7,188.627,70.007,260.2,188.205,14.864,68.807,9.21,1H_Melee_Attack_Stab,0,1,-0.200,3.767,24,1.000,65.00,0.000,0.000,,,0.000,0.000,,0.000,-1.00,120,-10.637
1819,c12_dodge,8,188.794,70.037,260.2,188.410,14.718,68.868,7.76,1H_Melee_Attack_Stab,0,1,-0.233,3.800,24,1.000,65.00,0.000,0.000,,,0.000,0.000,,0.000,-1.00,120,-10.670
1820,c12_dodge,9,188.953,70.064,260.2,188.630,14.210,68.900,16.65,1H_Melee_Attack_Stab,0,1,-0.267,3.833,24,1.000,65.00,0.000,0.000,,,0.000,0.000,,0.000,-1.00,120,-10.703
1821,c12_dodge,10,189.102,70.090,260.2,189.185,13.635,68.997,24.15,1H_Melee_Attack_Stab,0,1,-0.300,3.867,24,1.000,65.00,0.000,0.000,,,0.000,0.000,,0.000,-1.00,120,-10.737
1822,c12_dodge,11,189.242,70.115,260.2,189.921,13.609,69.141,22.51,1H_Melee_Attack_Stab,0,1,-0.333,3.900,24,1.000,65.00,0.000,0.000,,,0.000,0.000,,0.000,-1.00,120,-10.770
1823,c12_dodge,12,189.373,70.137,260.2,190.415,13.911,69.298,18.02,1H_Melee_Attack_Stab,0,1,-0.367,3.933,24,1.000,65.00,0.000,0.000,,,0.000,0.000,,0.000,-1.00,120,-10.803
1824,c12_dodge,13,189.494,70.159,260.2,190.577,14.023,69.342,6.05,1H_Melee_Attack_Stab,0,1,-0.400,3.967,24,1.000,65.00,0.000,0.000,,,0.000,0.000,,0.000,-1.00,120,-10.837
1825,c12_dodge,14,189.606,70.178,260.2,190.447,14.308,69.280,9.59,1H_Melee_Attack_Stab,0,1,-0.433,4.000,24,1.000,65.00,0.000,0.000,,,0.000,0.000,,0.000,-1.00,120,-10.870
1826,c12_dodge,15,189.707,70.196,260.2,190.010,14.586,69.165,15.90,1H_Melee_Attack_Stab,0,1,-0.467,4.033,24,1.000,65.00,0.000,0.000,,,0.000,0.000,,0.000,-1.00,120,-10.903
1827,c12_dodge,16,189.791,70.210,260.2,189.778,14.480,69.059,8.31,1H_Melee_Attack_Stab,0,1,-0.500,4.067,24,1.000,65.00,0.000,0.000,,,0.000,0.000,,0.000,-1.00,120,-10.937
1828,c12_dodge,17,189.858,70.222,260.2,189.889,14.313,69.015,6.16,1H_Melee_Attack_Stab,0,1,-0.533,4.100,24,1.000,65.00,0.000,0.000,,,0.000,0.000,,0.000,-1.00,120,-10.970
1829,c12_dodge,18,189.907,70.231,260.2,189.987,14.276,69.011,3.14,1H_Melee_Attack_Stab,0,1,-0.567,4.133,24,1.000,65.00,0.000,0.000,,,0.000,0.000,,0.000,-1.00,120,-11.003
1830,c12_dodge,19,189.939,70.237,260.2,189.978,14.316,69.010,1.26,1H_Melee_Attack_Stab,0,1,-0.600,4.167,24,1.000,65.00,0.000,0.000,,,0.000,0.000,,0.000,-1.00,120,-11.037
1831,c12_dodge,20,189.954,70.239,260.2,190.006,14.385,69.019,2.25,1H_Melee_Attack_Stab,0,1,-0.633,4.200,24,1.000,65.00,0.000,0.000,,,0.000,0.000,,0.000,-1.00,120,-11.070
1832,c12_dodge,21,189.954,70.239,260.2,190.034,14.461,69.029,2.43,1H_Melee_Attack_Stab,0,1,-0.667,4.233,24,1.000,65.00,0.000,0.000,,,0.000,0.000,,0.000,-1.00,120,-11.103
1833,c12_dodge,22,189.954,70.239,260.2,190.034,14.542,69.034,2.45,1H_Melee_Attack_Stab,0,1,-0.700,4.267,24,1.000,65.00,0.000,0.000,,,0.000,0.000,,0.000,-1.00,120,-11.137
1834,c12_dodge,23,189.954,70.239,260.2,190.024,14.629,69.037,2.63,1H_Melee_Attack_Stab,0,1,-0.733,4.300,24,1.000,65.00,0.000,0.000,,,0.000,0.000,,0.000,-1.00,120,-11.170
1835,c12_dodge,24,189.954,70.239,260.2,190.024,14.709,69.038,2.41,1H_Melee_Attack_Stab,0,1,-0.767,4.333,24,1.000,65.00,0.000,0.000,,,0.000,0.000,,0.000,-1.00,120,-11.203
1836,c12_dodge,25,189.954,70.239,260.2,190.054,14.744,69.045,1.37,1H_Melee_Attack_Stab,0,1,-0.800,4.367,24,1.000,65.00,0.000,0.000,,,0.000,0.000,,0.000,-1.00,120,-11.237
1837,c12_dodge,26,189.954,70.239,260.2,190.084,14.728,69.053,1.06,1H_Melee_Attack_Stab,0,1,-0.833,4.400,24,1.000,65.00,0.000,0.000,,,0.000,0.000,,0.000,-1.00,120,-11.270
1838,c12_dodge,27,189.954,70.239,260.2,190.116,14.692,69.065,1.48,1H_Melee_Attack_Stab,0,1,-0.867,4.433,24,1.000,65.00,0.000,0.000,,,0.000,0.000,,0.000,-1.00,120,-11.303
1839,c12_dodge,28,189.954,70.239,260.2,190.147,14.648,69.079,1.68,1H_Melee_Attack_Stab,0,0,-0.900,4.467,24,1.000,65.00,0.000,0.000,,,0.000,0.000,,0.000,-1.00,120,-11.337
1840,c12_dodge,29,189.954,70.239,260.2,190.162,14.629,69.086,0.74,1H_Melee_Attack_Stab,0,0,-0.933,4.500,24,1.000,65.00,0.000,0.000,,,0.000,0.000,,0.000,-1.00,120,-11.370
1841,c12_dodge,30,189.955,70.235,233.7,190.653,14.634,69.292,15.97,1H_Melee_Attack_Stab,0,0,-0.967,4.533,24,1.000,65.00,0.000,0.000,,,0.000,0.000,,0.000,-1.00,120,-11.403
1842,c12_dodge,31,189.958,70.218,208.8,190.987,14.591,69.708,16.05,1H_Melee_Attack_Stab,0,0,-1.000,4.567,24,1.000,65.00,0.000,0.000,,,0.000,0.000,,0.000,-1.00,120,-11.437
1843,c12_dodge,32,189.995,70.000,170.2,191.101,14.605,70.251,16.67,1H_Melee_Attack_Stab,0,0,-0.033,4.600,24,1.000,65.00,0.000,0.000,,,0.000,0.000,,0.000,-1.00,120,-11.470
1844,c12_dodge,33,190.032,69.790,170.2,191.149,14.630,70.023,7.04,1H_Melee_Attack_Stab,0,1,-0.067,4.633,24,1.000,65.00,0.000,0.000,,,0.000,0.000,,0.000,-1.00,120,-11.503
1845,c12_dodge,34,190.067,69.588,170.2,191.202,14.660,69.789,7.25,1H_Melee_Attack_Stab,0,1,-0.100,4.667,24,1.000,65.00,0.000,0.000,,,0.000,0.000,,0.000,-1.00,120,-11.537
1846,c12_dodge,35,190.100,69.395,170.2,191.235,15.483,69.291,28.86,1H_Melee_Attack_Stab,0,1,-0.133,4.700,24,1.000,65.00,0.000,0.000,,,0.000,0.000,,0.000,-1.00,120,-11.570
1847,c12_dodge,36,190.132,69.212,170.2,191.365,15.077,68.706,21.71,1H_Melee_Attack_Stab,0,1,-0.167,4.733,24,1.000,65.00,0.000,0.000,,,0.000,0.000,,0.000,-1.00,120,-11.603
1848,c12_dodge,37,190.162,69.038,170.2,191.363,14.936,68.615,5.06,1H_Melee_Attack_Stab,0,1,-0.200,4.767,24,1.000,65.00,0.000,0.000,,,0.000,0.000,,0.000,-1.00,120,-11.637
1849,c12_dodge,38,190.190,68.873,170.2,191.360,14.801,68.488,5.54,1H_Melee_Attack_Stab,0,1,-0.233,4.800,24,1.000,65.00,0.000,0.000,,,0.000,0.000,,0.000,-1.00,120,-11.670
1850,c12_dodge,39,190.217,68.718,170.2,191.382,14.304,68.394,15.19,1H_Melee_Attack_Stab,0,1,-0.267,4.833,24,1.000,65.00,0.000,0.000,,,0.000,0.000,,0.000,-1.00,120,-11.703
1851,c12_dodge,40,190.242,68.571,170.2,191.335,13.740,68.654,18.69,1H_Melee_Attack_Stab,0,1,-0.300,4.867,24,1.000,65.00,0.000,0.000,,,0.000,0.000,,0.000,-1.00,120,-11.737
1852,c12_dodge,41,190.266,68.434,170.2,191.240,13.723,69.113,14.07,1H_Melee_Attack_Stab,0,1,-0.333,4.900,24,1.000,65.00,0.000,0.000,,,0.000,0.000,,0.000,-1.00,120,-11.770
1853,c12_dodge,42,190.288,68.306,170.2,191.128,14.034,69.349,12.19,1H_Melee_Attack_Stab,0,1,-0.367,4.933,24,1.000,65.00,0.000,0.000,,,0.000,0.000,,0.000,-1.00,120,-11.803
1854,c12_dodge,43,190.309,68.187,170.2,191.126,14.154,69.270,4.30,1H_Melee_Attack_Stab,0,1,-0.400,4.967,24,1.000,65.00,0.000,0.000,,,0.000,0.000,,0.000,-1.00,120,-11.837
1855,c12_dodge,44,190.328,68.078,170.2,191.226,14.447,68.918,14.07,1H_Melee_Attack_Stab,0,1,-0.433,5.000,24,1.000,65.00,0.000,0.000,,,0.000,0.000,,0.000,-1.00,120,-11.870
1856,c12_dodge,45,190.345,67.980,170.2,191.375,14.734,68.283,21.37,1H_Melee_Attack_Stab,0,1,-0.467,5.033,24,1.000,65.00,0.000,0.000,,,0.000,0.000,,0.000,-1.00,120,-11.903
1857,c12_dodge,46,190.359,67.901,170.2,191.510,14.637,67.888,12.86,1H_Melee_Attack_Stab,0,1,-0.500,5.067,24,1.000,65.00,0.000,0.000,,,0.000,0.000,,0.000,-1.00,120,-11.937
1858,c12_dodge,47,190.369,67.839,170.2,191.576,14.478,67.871,5.19,1H_Melee_Attack_Stab,0,1,-0.533,5.100,24,1.000,65.00,0.000,0.000,,,0.000,0.000,,0.000,-1.00,120,-11.970
1859,c12_dodge,48,190.377,67.795,170.2,191.597,14.447,67.875,1.12,1H_Melee_Attack_Stab,0,1,-0.567,5.133,24,1.000,65.00,0.000,0.000,,,0.000,0.000,,0.000,-1.00,120,-12.003
1860,c12_dodge,49,190.382,67.768,170.2,191.608,14.492,67.807,2.48,1H_Melee_Attack_Stab,0,1,-0.600,5.167,24,1.000,65.00,0.000,0.000,,,0.000,0.000,,0.000,-1.00,120,-12.037
1861,c12_dodge,50,190.383,67.758,170.2,191.603,14.562,67.810,2.12,1H_Melee_Attack_Stab,0,1,-0.633,5.200,24,1.000,65.00,0.000,0.000,,,0.000,0.000,,0.000,-1.00,120,-12.070
1862,c12_dodge,51,190.383,67.758,170.2,191.594,14.638,67.838,2.43,1H_Melee_Attack_Stab,0,1,-0.667,5.233,24,1.000,65.00,0.000,0.000,,,0.000,0.000,,0.000,-1.00,120,-12.103
1863,c12_dodge,52,190.383,67.758,170.2,191.588,14.719,67.838,2.45,1H_Melee_Attack_Stab,0,1,-0.700,5.267,24,1.000,65.00,0.000,0.000,,,0.000,0.000,,0.000,-1.00,120,-12.137
1864,c12_dodge,53,190.383,67.758,170.2,191.585,14.806,67.828,2.63,1H_Melee_Attack_Stab,0,1,-0.733,5.300,24,1.000,65.00,0.000,0.000,,,0.000,0.000,,0.000,-1.00,120,-12.170
1865,c12_dodge,54,190.383,67.758,170.2,191.584,14.887,67.829,2.42,1H_Melee_Attack_Stab,0,1,-0.767,5.333,24,1.000,65.00,0.000,0.000,,,0.000,0.000,,0.000,-1.00,120,-12.203
1866,c12_dodge,55,190.383,67.758,170.2,191.580,14.931,67.864,1.70,1H_Melee_Attack_Stab,0,1,-0.800,5.367,24,1.000,65.00,0.000,0.000,,,0.000,0.000,,0.000,-1.00,120,-12.237
1867,c12_dodge,56,190.383,67.758,170.2,191.573,14.927,67.900,1.13,1H_Melee_Attack_Stab,0,1,-0.833,5.400,24,1.000,65.00,0.000,0.000,,,0.000,0.000,,0.000,-1.00,120,-12.270
1868,c12_dodge,57,190.383,67.758,170.2,191.563,14.903,67.936,1.33,1H_Melee_Attack_Stab,0,1,-0.867,5.433,24,1.000,65.00,0.000,0.000,,,0.000,0.000,,0.000,-1.00,120,-12.303
1869,c12_dodge,58,190.383,67.758,170.2,191.550,14.871,67.970,1.45,1H_Melee_Attack_Stab,0,0,-0.900,5.467,24,1.000,65.00,0.000,0.000,,,0.000,0.000,,0.000,-1.00,120,-12.337
1870,c12_dodge,59,190.383,67.758,170.2,191.543,14.856,67.984,0.65,1H_Melee_Attack_Stab,0,0,-0.933,5.500,24,1.000,65.00,0.000,0.000,,,0.000,0.000,,0.000,-1.00,120,-12.370
1871,c12_dodge,60,190.383,67.758,170.2,191.543,14.857,67.984,0.04,1H_Melee_Attack_Stab,0,0,-0.967,5.533,24,1.000,65.00,0.000,0.000,,,0.000,0.000,,0.000,-1.00,120,-12.403
1872,c12_dodge,61,190.383,67.758,170.2,191.543,14.858,67.985,0.05,1H_Melee_Attack_Stab,0,0,-1.000,5.567,24,1.000,65.00,0.000,0.000,,,0.000,0.000,,0.000,-1.00,120,-12.437
1873,c12_dodge,62,190.383,67.758,170.2,191.543,14.859,67.986,0.03,1H_Melee_Attack_Stab,0,0,-1.033,5.600,24,1.000,65.00,0.000,0.000,,,0.000,0.000,,0.000,-1.00,120,-12.470
1874,c12_dodge,63,190.383,67.758,170.2,191.542,14.858,67.984,0.05,1H_Melee_Attack_Stab,0,0,-1.067,5.633,24,1.000,65.00,0.000,0.000,,,0.000,0.000,,0.000,-1.00,120,-12.503
1875,c12_dodge,64,190.383,67.758,170.2,191.542,14.856,67.983,0.09,1H_Melee_Attack_Stab,0,0,-1.100,5.667,24,1.000,65.00,0.000,0.000,,,0.000,0.000,,0.000,-1.00,120,-12.537
1876,c12_dodge,65,190.383,67.758,170.2,191.541,14.852,67.980,0.12,1H_Melee_Attack_Stab,0,0,-1.133,5.700,24,1.000,65.00,0.000,0.000,,,0.000,0.000,,0.000,-1.00,120,-12.570
1877,c12_dodge,66,190.383,67.758,170.2,191.540,14.848,67.979,0.13,1H_Melee_Attack_Stab,0,0,-1.167,5.733,24,1.000,65.00,0.000,0.000,,,0.000,0.000,,0.000,-1.00,120,-12.603
1878,c12_dodge,67,190.383,67.758,170.2,191.540,14.844,67.977,0.14,1H_Melee_Attack_Stab,0,0,-1.200,5.767,24,1.000,65.00,0.000,0.000,,,0.000,0.000,,0.000,-1.00,120,-12.637
1879,c12_dodge,68,190.376,67.757,196.8,191.505,14.840,67.430,16.46,1H_Melee_Attack_Stab,0,0,-1.233,5.800,24,1.000,65.00,0.000,0.000,,,0.000,0.000,,0.000,-1.00,120,-12.670
1880,c12_dodge,69,190.356,67.753,221.7,191.077,14.908,66.773,23.60,1H_Melee_Attack_Stab,0,0,-1.267,5.833,24,1.000,65.00,0.000,0.000,,,0.000,0.000,,0.000,-1.00,120,-12.703
1881,c12_dodge,70,190.133,67.715,-99.8,189.887,14.921,66.512,36.56,1H_Melee_Attack_Stab,0,0,-0.033,5.867,24,1.000,65.00,0.000,0.000,,,0.000,0.000,,0.000,-1.00,120,-12.737
1882,c12_dodge,71,189.918,67.678,-99.8,189.637,14.916,66.480,7.54,1H_Melee_Attack_Stab,0,1,-0.067,5.900,24,1.000,65.00,0.000,0.000,,,0.000,0.000,,0.000,-1.00,120,-12.770
1883,c12_dodge,72,189.713,67.643,-99.8,189.393,14.923,66.451,7.37,1H_Melee_Attack_Stab,0,1,-0.100,5.933,24,1.000,65.00,0.000,0.000,,,0.000,0.000,,0.000,-1.00,120,-12.803
1884,c12_dodge,73,189.517,67.609,-99.8,189.303,15.434,66.413,15.60,1H_Melee_Attack_Stab,0,1,-0.133,5.967,24,1.000,65.00,0.000,0.000,,,0.000,0.000,,0.000,-1.00,120,-12.837
1885,c12_dodge,74,189.331,67.577,-99.8,188.825,15.153,66.345,16.76,1H_Melee_Attack_Stab,0,1,-0.167,6.000,24,1.000,65.00,0.000,0.000,,,0.000,0.000,,0.000,-1.00,120,-12.870
1886,c12_dodge,75,189.153,67.547,-99.8,188.730,14.997,66.346,5.48,1H_Melee_Attack_Stab,0,1,-0.200,6.033,24,1.000,65.00,0.000,0.000,,,0.000,0.000,,0.000,-1.00,120,-12.903
1887,c12_dodge,76,188.985,67.518,-99.8,188.600,14.849,66.349,5.92,1H_Melee_Attack_Stab,0,1,-0.233,6.067,24,1.000,65.00,0.000,0.000,,,0.000,0.000,,0.000,-1.00,120,-12.937
1888,c12_dodge,77,188.827,67.490,-99.8,188.503,14.339,66.326,15.59,1H_Melee_Attack_Stab,0,1,-0.267,6.100,24,1.000,65.00,0.000,0.000,,,0.000,0.000,,0.000,-1.00,120,-12.970
1889,c12_dodge,78,188.677,67.465,-99.8,188.759,13.762,66.372,18.99,1H_Melee_Attack_Stab,0,1,-0.300,6.133,24,1.000,65.00,0.000,0.000,,,0.000,0.000,,0.000,-1.00,120,-13.003
1890,c12_dodge,79,188.537,67.441,-99.8,189.215,13.736,66.467,13.99,1H_Melee_Attack_Stab,0,1,-0.333,6.167,24,1.000,65.00,0.000,0.000,,,0.000,0.000,,0.000,-1.00,120,-13.037
1891,c12_dodge,80,188.330,67.405,-99.8,189.378,14.033,66.567,10.60,1H_Melee_Attack_Chop,0,1,0.387,0.033,25,1.000,65.00,0.000,0.000,,,0.000,0.000,,0.000,-1.00,120,-13.070
1892,c12_dodge,81,188.170,67.378,-99.8,189.265,14.141,66.563,4.69,1H_Melee_Attack_Chop,1,1,0.353,0.067,25,1.000,65.00,0.000,0.000,,,0.000,0.000,,0.000,-1.00,120,-13.103
1893,c12_dodge,82,188.056,67.358,-99.8,188.687,14.843,66.401,27.70,1H_Melee_Attack_Chop,1,1,0.320,0.100,25,1.000,65.00,0.000,0.000,,,0.000,0.000,,0.000,-1.00,120,-13.137
1894,c12_dodge,83,187.970,67.344,-99.8,188.077,14.756,66.100,20.59,1H_Melee_Attack_Chop,1,1,0.287,0.133,25,1.000,65.00,0.000,0.000,,,0.000,0.000,,0.000,-1.00,120,-13.170
1895,c12_dodge,84,187.897,67.331,-99.8,188.786,14.175,66.719,33.20,1H_Melee_Attack_Chop,1,1,0.253,0.167,25,1.000,65.00,0.000,0.000,,,0.000,0.000,,0.000,-1.00,120,-13.203
1896,c12_dodge,85,187.837,67.321,-99.8,187.890,14.002,66.710,27.37,1H_Melee_Attack_Chop,1,1,0.220,0.200,25,1.000,65.00,0.000,0.000,,,0.000,0.000,,0.000,-1.00,120,-13.237
1897,c12_dodge,86,187.790,67.313,-99.8,186.938,14.710,66.294,37.72,1H_Melee_Attack_Chop,1,0,0.187,0.233,25,1.000,65.00,0.000,0.000,,,0.000,0.000,,0.000,-1.00,120,-13.270
1898,c12_dodge,87,187.756,67.308,-99.8,187.093,15.029,66.113,11.94,1H_Melee_Attack_Chop,1,0,0.153,0.267,25,1.000,65.00,0.000,0.000,,,0.000,0.000,,0.000,-1.00,120,-13.303
1899,c12_dodge,88,187.725,67.302,-99.8,187.260,14.956,66.085,5.52,1H_Melee_Attack_Chop,1,0,0.120,0.300,25,1.000,65.00,0.000,0.000,,,0.000,0.000,,0.000,-1.00,120,-13.337
1900,c12_dodge,89,187.695,67.297,-99.8,187.502,14.901,66.104,7.47,1H_Melee_Attack_Chop,0,0,0.087,0.333,25,1.000,65.00,0.000,0.000,,,0.000,0.000,,0.000,-1.00,120,-13.370
1901,c12_dodge,90,187.664,67.292,-99.8,187.655,14.829,66.167,5.41,1H_Melee_Attack_Chop,0,0,0.053,0.367,25,1.000,65.00,0.000,0.000,,,0.000,0.000,,0.000,-1.00,120,-13.403
1902,c12_dodge,91,187.634,67.287,-99.8,187.662,14.814,66.174,0.54,1H_Melee_Attack_Chop,0,0,0.020,0.400,25,1.000,65.00,0.000,0.000,,,0.000,0.000,,0.000,-1.00,120,-13.437
1903,c12_dodge,92,187.599,67.281,-99.8,187.661,14.804,66.177,0.31,1H_Melee_Attack_Chop,0,0,-0.013,0.433,25,1.000,65.00,0.000,0.000,,,0.000,0.000,,0.000,-1.00,120,-13.470
1904,c12_dodge,93,187.547,67.272,-99.8,187.642,14.800,66.173,0.58,1H_Melee_Attack_Chop,0,0,-0.047,0.467,25,1.000,65.00,0.000,0.000,,,0.000,0.000,,0.000,-1.00,120,-13.503
1905,c12_dodge,94,187.478,67.260,-99.8,187.630,14.824,66.159,0.93,1H_Melee_Attack_Chop,0,0,-0.080,0.500,25,1.000,65.00,0.000,0.000,,,0.000,0.000,,0.000,-1.00,120,-13.537
1906,c12_dodge,95,187.400,67.247,-99.8,187.620,14.864,66.144,1.31,1H_Melee_Attack_Chop,0,0,-0.113,0.533,25,1.000,65.00,0.000,0.000,,,0.000,0.000,,0.000,-1.00,120,-13.570
1907,c12_dodge,96,187.322,67.234,-99.8,187.598,14.897,66.131,1.24,1H_Melee_Attack_Chop,0,0,-0.147,0.567,25,1.000,65.00,0.000,0.000,,,0.000,0.000,,0.000,-1.00,120,-13.603
1908,c12_dodge,97,187.244,67.221,-99.8,187.556,14.909,66.120,1.35,1H_Melee_Attack_Chop,0,0,-0.180,0.600,25,1.000,65.00,0.000,0.000,,,0.000,0.000,,0.000,-1.00,120,-13.637
1909,c12_dodge,98,187.167,67.207,-99.8,187.500,14.910,66.108,1.72,1H_Melee_Attack_Chop,0,0,-0.213,0.633,25,1.000,65.00,0.000,0.000,,,0.000,0.000,,0.000,-1.00,120,-13.670
1910,c12_dodge,99,187.089,67.194,-99.8,187.416,14.896,66.087,2.61,1H_Melee_Attack_Chop,0,0,-0.247,0.667,25,1.000,65.00,0.000,0.000,,,0.000,0.000,,0.000,-1.00,120,-13.703
1911,c12_dodge,100,187.011,67.181,-99.8,187.297,14.872,66.054,3.80,1H_Melee_Attack_Chop,0,0,-0.280,0.700,25,1.000,65.00,0.000,0.000,,,0.000,0.000,,0.000,-1.00,120,-13.737
1912,c12_dodge,101,186.934,67.168,-99.8,187.152,14.848,66.016,4.55,1H_Melee_Attack_Chop,0,0,-0.313,0.733,25,1.000,65.00,0.000,0.000,,,0.000,0.000,,0.000,-1.00,120,-13.770
1913,c12_dodge,102,186.869,67.157,-99.8,187.017,14.839,65.984,4.17,1H_Melee_Attack_Chop,0,0,-0.347,0.767,25,1.000,65.00,0.000,0.000,,,0.000,0.000,,0.000,-1.00,120,-13.803
1914,c12_dodge,103,186.821,67.149,-99.8,186.921,14.844,65.968,2.91,1H_Melee_Attack_Chop,0,0,-0.380,0.800,25,1.000,65.00,0.000,0.000,,,0.000,0.000,,0.000,-1.00,120,-13.837
1915,c12_dodge,104,186.791,67.144,-99.8,186.879,14.857,65.962,1.34,1H_Melee_Attack_Chop,0,0,-0.413,0.833,25,1.000,65.00,0.000,0.000,,,0.000,0.000,,0.000,-1.00,120,-13.870
1916,c12_dodge,105,186.778,67.141,-99.8,186.880,14.864,65.964,0.24,1H_Melee_Attack_Chop,0,0,-0.447,0.867,25,1.000,65.00,0.000,0.000,,,0.000,0.000,,0.000,-1.00,120,-13.903
1917,c12_dodge,106,186.778,67.141,-99.8,186.899,14.862,65.971,0.61,1H_Melee_Attack_Chop,0,0,-0.480,0.900,25,1.000,65.00,0.000,0.000,,,0.000,0.000,,0.000,-1.00,120,-13.937
1918,c12_dodge,107,186.778,67.141,-99.8,186.880,14.871,65.963,0.68,1H_Melee_Attack_Chop,0,0,-0.513,0.933,25,1.000,65.00,0.000,0.000,,,0.000,0.000,,0.000,-1.00,120,-13.970
1919,c12_dodge,108,186.778,67.141,-99.8,186.964,14.884,65.970,2.57,1H_Melee_Attack_Chop,0,0,-0.547,0.967,25,1.000,65.00,0.000,0.000,,,0.000,0.000,,0.000,-1.00,120,-14.003
1920,c12_dodge,109,186.778,67.141,-99.8,187.000,14.881,65.985,1.18,1H_Melee_Attack_Chop,0,0,-0.580,1.000,25,1.000,65.00,0.000,0.000,,,0.000,0.000,,0.000,-1.00,120,-14.037
1921,c12_dodge,110,186.778,67.141,-99.8,187.005,14.874,65.991,0.29,1H_Melee_Attack_Chop,0,0,-0.613,1.033,25,1.000,65.00,0.000,0.000,,,0.000,0.000,,0.000,-1.00,120,-14.070
1922,c12_dodge,111,186.778,67.141,-99.8,187.002,14.870,65.992,0.15,1H_Melee_Attack_Chop,0,0,-0.647,1.067,25,1.000,65.00,0.000,0.000,,,0.000,0.000,,0.000,-1.00,120,-14.103
1923,c12_dodge,112,186.778,67.141,-99.8,187.000,14.866,65.992,0.14,1H_Melee_Attack_Chop,0,0,-0.680,1.100,25,1.000,65.00,0.000,0.000,,,0.000,0.000,,0.000,-1.00,120,-14.137
1924,c12_dodge,113,186.778,67.141,-99.8,186.998,14.862,65.992,0.14,1H_Melee_Attack_Chop,0,0,-0.713,1.133,25,1.000,65.00,0.000,0.000,,,0.000,0.000,,0.000,-1.00,120,-14.170
1925,c12_dodge,114,186.778,67.141,-99.8,186.995,14.857,65.992,0.16,1H_Melee_Attack_Chop,0,0,-0.747,1.167,25,1.000,65.00,0.000,0.000,,,0.000,0.000,,0.000,-1.00,120,-14.203
1926,c12_dodge,115,186.778,67.141,-99.8,186.993,14.853,65.993,0.16,1H_Melee_Attack_Chop,0,0,-0.780,1.200,25,1.000,65.00,0.000,0.000,,,0.000,0.000,,0.000,-1.00,120,-14.237
1927,c12_dodge,116,186.778,67.141,-99.8,186.991,14.848,65.993,0.16,1H_Melee_Attack_Chop,0,0,-0.813,1.233,25,1.000,65.00,0.000,0.000,,,0.000,0.000,,0.000,-1.00,120,-14.270
1928,c12_dodge,117,186.778,67.141,-99.8,186.989,14.843,65.993,0.16,1H_Melee_Attack_Chop,0,0,-0.847,1.267,25,1.000,65.00,0.000,0.000,,,0.000,0.000,,0.000,-1.00,120,-14.303
1929,c12_dodge,118,186.778,67.141,-99.8,186.987,14.838,65.993,0.16,1H_Melee_Attack_Chop,0,0,-0.880,1.300,25,1.000,65.00,0.000,0.000,,,0.000,0.000,,0.000,-1.00,120,-14.337
1930,c12_dodge,119,186.778,67.141,-99.8,186.985,14.833,65.993,0.15,1H_Melee_Attack_Chop,0,0,-0.913,1.333,25,1.000,65.00,0.000,0.000,,,0.000,0.000,,0.000,-1.00,120,-14.370
1931,c12_dodge,120,186.778,67.141,-99.8,186.984,14.829,65.993,0.13,1H_Melee_Attack_Chop,0,0,-0.947,1.367,25,1.000,65.00,0.000,0.000,,,0.000,0.000,,0.000,-1.00,120,-14.403
1932,c12_dodge,121,186.778,67.141,-99.8,186.982,14.826,65.993,0.11,1H_Melee_Attack_Chop,0,0,-0.980,1.400,25,1.000,65.00,0.000,0.000,,,0.000,0.000,,0.000,-1.00,120,-14.437
1933,c12_dodge,122,186.778,67.141,-99.8,186.981,14.823,65.993,0.09,1H_Melee_Attack_Chop,0,0,-1.013,1.433,25,1.000,65.00,0.000,0.000,,,0.000,0.000,,0.000,-1.00,120,-14.470
1934,c12_dodge,123,186.778,67.141,-99.8,186.981,14.821,65.992,0.05,1H_Melee_Attack_Chop,0,0,-1.047,1.467,25,1.000,65.00,0.000,0.000,,,0.000,0.000,,0.000,-1.00,120,-14.503
1935,c12_dodge,124,186.778,67.141,-99.8,186.980,14.821,65.992,0.03,1H_Melee_Attack_Chop,0,0,-1.080,1.500,25,1.000,65.00,0.000,0.000,,,0.000,0.000,,0.000,-1.00,120,-14.537
1936,gap,1,186.778,67.141,-99.8,186.980,14.820,65.992,0.02,1H_Melee_Attack_Chop,0,0,-1.113,1.533,25,1.000,65.00,0.000,0.000,,,0.000,0.000,,0.000,-1.00,120,-14.570
